X,Y,track_fid,track_seg_id,track_seg_point_id,ele,time,magvar,geoidheight,name,cmt,desc,src,link1_href,link1_text,link1_type,link2_href,link2_text,link2_type,sym,type,fix,sat,hdop,vdop,pdop,ageofdgpsdata,dgpsid
2633945.55262779,1244607.44600858,"0","0","0",446.8,2026/05/24 16:16:58+00,,,,,,,,,,,,,,,,,,,,,
2633944.73040058,1244605.88474408,"0","0","1",446.5,2026/05/24 16:16:59+00,,,,,,,,,,,,,,,,,,,,,
2633943.83261587,1244604.32304767,"0","0","2",446.3,2026/05/24 16:17:00+00,,,,,,,,,,,,,,,,,,,,,
2633943.01038777,1244602.76178342,"0","0","3",446,2026/05/24 16:17:01+00,,,,,,,,,,,,,,,,,,,,,
2633938.36652682,1244595.6195169,"0","0","4",444.8,2026/05/24 16:17:02+00,,,,,,,,,,,,,,,,,,,,,
2633935.59379097,1244591.60107581,"0","0","5",444.4,2026/05/24 16:17:03+00,,,,,,,,,,,,,,,,,,,,,
2633932.96390444,1244589.02883244,"0","0","6",444.2,2026/05/24 16:17:04+00,,,,,,,,,,,,,,,,,,,,,
2633930.56195841,1244586.23552694,"0","0","7",444,2026/05/24 16:17:05+00,,,,,,,,,,,,,,,,,,,,,
2633928.53461969,1244584.0002787,"0","0","8",443.9,2026/05/24 16:17:06+00,,,,,,,,,,,,,,,,,,,,,
2633926.13330487,1244581.0957956,"0","0","9",443.7,2026/05/24 16:17:07+00,,,,,,,,,,,,,,,,,,,,,
2633925.30662137,1244580.31278991,"0","0","10",443.6,2026/05/24 16:17:08+00,,,,,,,,,,,,,,,,,,,,,
2633924.64312383,1244577.41823873,"0","0","11",443.4,2026/05/24 16:17:09+00,,,,,,,,,,,,,,,,,,,,,
2633924.42661696,1244575.63807254,"0","0","12",443.4,2026/05/24 16:17:11+00,,,,,,,,,,,,,,,,,,,,,
2633924.1345525,1244573.85747461,"0","0","13",443.3,2026/05/24 16:17:12+00,,,,,,,,,,,,,,,,,,,,,
2633923.91804533,1244572.07730846,"0","0","14",443.2,2026/05/24 16:17:13+00,,,,,,,,,,,,,,,,,,,,,
2633923.5605881,1244568.51740797,"0","0","15",443.1,2026/05/24 16:17:14+00,,,,,,,,,,,,,,,,,,,,,
2633924.26538366,1244564.18529625,"0","0","16",443,2026/05/24 16:17:15+00,,,,,,,,,,,,,,,,,,,,,
2633924.27300762,1244562.85114315,"0","0","17",442.9,2026/05/24 16:17:16+00,,,,,,,,,,,,,,,,,,,,,
2633924.75113138,1244558.51773624,"0","0","18",442.9,2026/05/24 16:17:17+00,,,,,,,,,,,,,,,,,,,,,
2633924.91114146,1244556.96208787,"0","0","19",442.9,2026/05/24 16:17:18+00,,,,,,,,,,,,,,,,,,,,,
2633924.77972161,1244553.51466222,"0","0","20",442.9,2026/05/24 16:17:19+00,,,,,,,,,,,,,,,,,,,,,
2633923.97082308,1244549.61863297,"0","0","21",443,2026/05/24 16:17:20+00,,,,,,,,,,,,,,,,,,,,,
2633923.91305432,1244546.50517743,"0","0","22",443,2026/05/24 16:17:21+00,,,,,,,,,,,,,,,,,,,,,
2633923.48194346,1244542.61130716,"0","0","23",443.2,2026/05/24 16:17:22+00,,,,,,,,,,,,,,,,,,,,,
2633922.60447286,1244537.49187286,"0","0","24",443.4,2026/05/24 16:17:23+00,,,,,,,,,,,,,,,,,,,,,
2633921.41460438,1244534.14958249,"0","0","25",443.6,2026/05/24 16:17:24+00,,,,,,,,,,,,,,,,,,,,,
2633919.62090577,1244530.69265923,"0","0","26",443.9,2026/05/24 16:17:25+00,,,,,,,,,,,,,,,,,,,,,
2633918.27610684,1244528.01658262,"0","0","27",444.1,2026/05/24 16:17:26+00,,,,,,,,,,,,,,,,,,,,,
2633916.78209609,1244525.00610472,"0","0","28",444.4,2026/05/24 16:17:27+00,,,,,,,,,,,,,,,,,,,,,
2633915.44491647,1244520.99587582,"0","0","29",444.7,2026/05/24 16:17:28+00,,,,,,,,,,,,,,,,,,,,,
2633910.6199925,1244519.07820165,"0","0","30",445.1,2026/05/24 16:17:29+00,,,,,,,,,,,,,,,,,,,,,
2633909.72980603,1244516.18235782,"0","0","31",445.3,2026/05/24 16:17:30+00,,,,,,,,,,,,,,,,,,,,,
2633908.69104236,1244512.84093336,"0","0","32",445.6,2026/05/24 16:17:31+00,,,,,,,,,,,,,,,,,,,,,
2633907.42433265,1244509.72057326,"0","0","33",445.8,2026/05/24 16:17:32+00,,,,,,,,,,,,,,,,,,,,,
2633905.78300492,1244506.04215871,"0","0","34",446,2026/05/24 16:17:33+00,,,,,,,,,,,,,,,,,,,,,
2633904.88392463,1244504.70282745,"0","0","35",446.1,2026/05/24 16:17:34+00,,,,,,,,,,,,,,,,,,,,,
2633903.54101782,1244501.69321613,"0","0","36",446.3,2026/05/24 16:17:35+00,,,,,,,,,,,,,,,,,,,,,
2633902.72765344,1244498.57544617,"0","0","37",446.6,2026/05/24 16:17:36+00,,,,,,,,,,,,,,,,,,,,,
2633903.41148874,1244497.91225323,"0","0","38",446.6,2026/05/24 16:17:37+00,,,,,,,,,,,,,,,,,,,,,
2633901.83936463,1244495.34606547,"0","0","39",446.8,2026/05/24 16:17:38+00,,,,,,,,,,,,,,,,,,,,,
2633898.83416726,1244492.32696287,"0","0","40",447.1,2026/05/24 16:17:39+00,,,,,,,,,,,,,,,,,,,,,
2633897.55538627,1244491.31901376,"0","0","41",447.2,2026/05/24 16:17:40+00,,,,,,,,,,,,,,,,,,,,,
2633893.3355353,1244489.29362588,"0","0","42",447.6,2026/05/24 16:17:41+00,,,,,,,,,,,,,,,,,,,,,
2633889.27060654,1244486.60202723,"0","0","43",447.9,2026/05/24 16:17:42+00,,,,,,,,,,,,,,,,,,,,,
2633887.76641623,1244485.37042748,"0","0","44",448.1,2026/05/24 16:17:43+00,,,,,,,,,,,,,,,,,,,,,
2633886.19555118,1244482.58188514,"0","0","45",448.3,2026/05/24 16:17:44+00,,,,,,,,,,,,,,,,,,,,,
2633883.41764986,1244479.45290492,"0","0","46",448.6,2026/05/24 16:17:45+00,,,,,,,,,,,,,,,,,,,,,
2633880.86451817,1244476.65875788,"0","0","47",448.9,2026/05/24 16:17:46+00,,,,,,,,,,,,,,,,,,,,,
2633878.61235005,1244474.08869552,"0","0","48",449.2,2026/05/24 16:17:47+00,,,,,,,,,,,,,,,,,,,,,
2633875.90302094,1244472.18312351,"0","0","49",449.4,2026/05/24 16:17:48+00,,,,,,,,,,,,,,,,,,,,,
2633872.81653058,1244470.16421776,"0","0","50",449.7,2026/05/24 16:17:49+00,,,,,,,,,,,,,,,,,,,,,
2633871.38535413,1244469.37777094,"0","0","51",449.9,2026/05/24 16:17:50+00,,,,,,,,,,,,,,,,,,,,,
2633868.7503108,1244467.69499213,"0","0","52",450.1,2026/05/24 16:17:51+00,,,,,,,,,,,,,,,,,,,,,
2633867.39215503,1244467.35369495,"0","0","53",450.2,2026/05/24 16:17:52+00,,,,,,,,,,,,,,,,,,,,,
2633864.30819603,1244464.89007605,"0","0","54",450.4,2026/05/24 16:17:53+00,,,,,,,,,,,,,,,,,,,,,
2633860.15372791,1244464.64401339,"0","0","55",450.7,2026/05/24 16:17:54+00,,,,,,,,,,,,,,,,,,,,,
2633858.64128282,1244464.85775334,"0","0","56",450.8,2026/05/24 16:17:55+00,,,,,,,,,,,,,,,,,,,,,
2633854.70841889,1244465.50242253,"0","0","57",451.1,2026/05/24 16:17:56+00,,,,,,,,,,,,,,,,,,,,,
2633852.9699317,1244465.60369187,"0","0","58",451.2,2026/05/24 16:17:57+00,,,,,,,,,,,,,,,,,,,,,
2633848.58434985,1244466.13460057,"0","0","59",451.5,2026/05/24 16:17:58+00,,,,,,,,,,,,,,,,,,,,,
2633846.84396137,1244466.56940993,"0","0","60",451.6,2026/05/24 16:17:59+00,,,,,,,,,,,,,,,,,,,,,
2633842.98285595,1244467.88159411,"0","0","61",451.9,2026/05/24 16:18:00+00,,,,,,,,,,,,,,,,,,,,,
2633841.69645496,1244468.20781,"0","0","62",451.9,2026/05/24 16:18:01+00,,,,,,,,,,,,,,,,,,,,,
2633838.44932766,1244467.85575182,"0","0","63",452.1,2026/05/24 16:18:02+00,,,,,,,,,,,,,,,,,,,,,
2633833.68848933,1244467.93980056,"0","0","64",452.4,2026/05/24 16:18:03+00,,,,,,,,,,,,,,,,,,,,,
2633831.87444445,1244468.04064549,"0","0","65",452.5,2026/05/24 16:18:04+00,,,,,,,,,,,,,,,,,,,,,
2633828.01334336,1244469.35283943,"0","0","66",452.7,2026/05/24 16:18:05+00,,,,,,,,,,,,,,,,,,,,,
2633826.19739858,1244469.78722432,"0","0","67",452.8,2026/05/24 16:18:06+00,,,,,,,,,,,,,,,,,,,,,
2633822.11215722,1244470.65341293,"0","0","68",453,2026/05/24 16:18:07+00,,,,,,,,,,,,,,,,,,,,,
2633820.82449125,1244471.20199217,"0","0","69",453.1,2026/05/24 16:18:08+00,,,,,,,,,,,,,,,,,,,,,
2633817.19133756,1244472.29312572,"0","0","70",453.4,2026/05/24 16:18:09+00,,,,,,,,,,,,,,,,,,,,,
2633815.9036724,1244472.84170603,"0","0","71",453.5,2026/05/24 16:18:10+00,,,,,,,,,,,,,,,,,,,,,
2633811.66541761,1244474.04057931,"0","0","72",453.7,2026/05/24 16:18:11+00,,,,,,,,,,,,,,,,,,,,,
2633810.22916863,1244474.14358255,"0","0","73",453.8,2026/05/24 16:18:12+00,,,,,,,,,,,,,,,,,,,,,
2633806.90458474,1244474.12464958,"0","0","74",454,2026/05/24 16:18:13+00,,,,,,,,,,,,,,,,,,,,,
2633803.66442236,1244472.54963695,"0","0","75",454.1,2026/05/24 16:18:14+00,,,,,,,,,,,,,,,,,,,,,
2633800.72142931,1244471.86578215,"0","0","76",454.2,2026/05/24 16:18:15+00,,,,,,,,,,,,,,,,,,,,,
2633797.10093846,1244470.73333981,"0","0","77",454.3,2026/05/24 16:18:16+00,,,,,,,,,,,,,,,,,,,,,
2633793.78394711,1244469.38026127,"0","0","78",454.4,2026/05/24 16:18:17+00,,,,,,,,,,,,,,,,,,,,,
2633792.12545087,1244468.7037227,"0","0","79",454.4,2026/05/24 16:18:18+00,,,,,,,,,,,,,,,,,,,,,
2633789.26370848,1244467.01968899,"0","0","80",454.5,2026/05/24 16:18:19+00,,,,,,,,,,,,,,,,,,,,,
2633785.26731649,1244465.55156542,"0","0","81",454.6,2026/05/24 16:18:20+00,,,,,,,,,,,,,,,,,,,,,
2633783.91042089,1244464.98792857,"0","0","82",454.6,2026/05/24 16:18:21+00,,,,,,,,,,,,,,,,,,,,,
2633781.04045018,1244464.74923119,"0","0","83",454.7,2026/05/24 16:18:22+00,,,,,,,,,,,,,,,,,,,,,
2633779.60546474,1244464.62988302,"0","0","84",454.8,2026/05/24 16:18:23+00,,,,,,,,,,,,,,,,,,,,,
2633776.50502186,1244465.05697455,"0","0","85",454.9,2026/05/24 16:18:24+00,,,,,,,,,,,,,,,,,,,,,
2633773.39382715,1244467.3741177,"0","0","86",455.1,2026/05/24 16:18:25+00,,,,,,,,,,,,,,,,,,,,,
2633772.03060624,1244467.9222777,"0","0","87",455.2,2026/05/24 16:18:26+00,,,,,,,,,,,,,,,,,,,,,
2633768.3225333,1244468.90183197,"0","0","88",455.4,2026/05/24 16:18:27+00,,,,,,,,,,,,,,,,,,,,,
2633765.08299024,1244467.21566105,"0","0","89",455.6,2026/05/24 16:18:28+00,,,,,,,,,,,,,,,,,,,,,
2633761.6897986,1244465.97335016,"0","0","90",455.8,2026/05/24 16:18:29+00,,,,,,,,,,,,,,,,,,,,,
2633760.48401857,1244465.41057807,"0","0","91",455.9,2026/05/24 16:18:30+00,,,,,,,,,,,,,,,,,,,,,
2633756.94476467,1244463.27797524,"0","0","92",456.1,2026/05/24 16:18:31+00,,,,,,,,,,,,,,,,,,,,,
2633755.28879115,1244462.15672934,"0","0","93",456.2,2026/05/24 16:18:32+00,,,,,,,,,,,,,,,,,,,,,
2633753.11085794,1244459.80950322,"0","0","94",456.3,2026/05/24 16:18:33+00,,,,,,,,,,,,,,,,,,,,,
2633751.76976003,1244456.46638843,"0","0","95",456.4,2026/05/24 16:18:34+00,,,,,,,,,,,,,,,,,,,,,
2633751.85416814,1244454.91030624,"0","0","96",456.4,2026/05/24 16:18:35+00,,,,,,,,,,,,,,,,,,,,,
2633752.92906048,1244451.91447623,"0","0","97",456.2,2026/05/24 16:18:36+00,,,,,,,,,,,,,,,,,,,,,
2633752.64957992,1244447.91029914,"0","0","98",456,2026/05/24 16:18:37+00,,,,,,,,,,,,,,,,,,,,,
2633752.05269247,1244446.5727096,"0","0","99",456,2026/05/24 16:18:38+00,,,,,,,,,,,,,,,,,,,,,
2633752.14847832,1244443.0153981,"0","0","100",455.8,2026/05/24 16:18:39+00,,,,,,,,,,,,,,,,,,,,,
2633752.15732753,1244441.45888639,"0","0","101",455.7,2026/05/24 16:18:40+00,,,,,,,,,,,,,,,,,,,,,
2633752.10452345,1244437.45599816,"0","0","102",455.4,2026/05/24 16:18:41+00,,,,,,,,,,,,,,,,,,,,,
2633752.04034177,1244435.45433928,"0","0","103",455.3,2026/05/24 16:18:42+00,,,,,,,,,,,,,,,,,,,,,
2633752.05804012,1244432.34131593,"0","0","104",455.1,2026/05/24 16:18:43+00,,,,,,,,,,,,,,,,,,,,,
2633752.22685706,1244429.22915176,"0","0","105",455,2026/05/24 16:18:44+00,,,,,,,,,,,,,,,,,,,,,
2633753.0788687,1244425.56495684,"0","0","106",454.7,2026/05/24 16:18:45+00,,,,,,,,,,,,,,,,,,,,,
2633753.47815714,1244421.78700511,"0","0","107",454.4,2026/05/24 16:18:46+00,,,,,,,,,,,,,,,,,,,,,
2633754.40825852,1244417.67852245,"0","0","108",454.1,2026/05/24 16:18:47+00,,,,,,,,,,,,,,,,,,,,,
2633754.71808188,1244416.34608807,"0","0","109",453.9,2026/05/24 16:18:48+00,,,,,,,,,,,,,,,,,,,,,
2633754.28937792,1244412.00751387,"0","0","110",453.5,2026/05/24 16:18:49+00,,,,,,,,,,,,,,,,,,,,,
2633754.68550729,1244408.78545935,"0","0","111",453.1,2026/05/24 16:18:50+00,,,,,,,,,,,,,,,,,,,,,
2633756.96556967,1244406.46358067,"0","0","112",452.7,2026/05/24 16:18:51+00,,,,,,,,,,,,,,,,,,,,,
2633759.31992902,1244404.36449133,"0","0","113",452.3,2026/05/24 16:18:52+00,,,,,,,,,,,,,,,,,,,,,
2633762.27434125,1244403.04709632,"0","0","114",451.8,2026/05/24 16:18:53+00,,,,,,,,,,,,,,,,,,,,,
2633765.15762144,1244400.95101728,"0","0","115",451.2,2026/05/24 16:18:54+00,,,,,,,,,,,,,,,,,,,,,
2633768.492997,1244399.07987713,"0","0","116",450.7,2026/05/24 16:18:55+00,,,,,,,,,,,,,,,,,,,,,
2633771.4600628,1244395.53889886,"0","0","117",449.9,2026/05/24 16:18:56+00,,,,,,,,,,,,,,,,,,,,,
2633772.30070669,1244393.87593608,"0","0","118",449.6,2026/05/24 16:18:57+00,,,,,,,,,,,,,,,,,,,,,
2633774.58331169,1244391.10934671,"0","0","119",449.1,2026/05/24 16:18:58+00,,,,,,,,,,,,,,,,,,,,,
2633776.41382497,1244388.11782014,"0","0","120",448.6,2026/05/24 16:18:59+00,,,,,,,,,,,,,,,,,,,,,
2633778.8443909,1244385.90798917,"0","0","121",448.2,2026/05/24 16:19:00+00,,,,,,,,,,,,,,,,,,,,,
2633780.14788651,1244382.57991624,"0","0","122",447.7,2026/05/24 16:19:01+00,,,,,,,,,,,,,,,,,,,,,
2633782.96005164,1244379.70516034,"0","0","123",447.3,2026/05/24 16:19:02+00,,,,,,,,,,,,,,,,,,,,,
2633783.65021373,1244377.93015992,"0","0","124",447.1,2026/05/24 16:19:03+00,,,,,,,,,,,,,,,,,,,,,
2633786.1639391,1244374.38660938,"0","0","125",446.6,2026/05/24 16:19:04+00,,,,,,,,,,,,,,,,,,,,,
2633787.0052228,1244372.61246939,"0","0","126",446.4,2026/05/24 16:19:05+00,,,,,,,,,,,,,,,,,,,,,
2633787.62868529,1244369.2805281,"0","0","127",446.2,2026/05/24 16:19:06+00,,,,,,,,,,,,,,,,,,,,,
2633789.85726144,1244362.73341581,"0","0","128",445.6,2026/05/24 16:19:07+00,,,,,,,,,,,,,,,,,,,,,
2633792.29417102,1244359.41179671,"0","0","129",445.3,2026/05/24 16:19:08+00,,,,,,,,,,,,,,,,,,,,,
2633792.76461881,1244356.41253403,"0","0","130",445.1,2026/05/24 16:19:09+00,,,,,,,,,,,,,,,,,,,,,
2633793.61476695,1244353.08188379,"0","0","131",444.8,2026/05/24 16:19:10+00,,,,,,,,,,,,,,,,,,,,,
2633793.77348179,1244351.74859148,"0","0","132",444.7,2026/05/24 16:19:11+00,,,,,,,,,,,,,,,,,,,,,
2633794.54996942,1244348.08397318,"0","0","133",444.4,2026/05/24 16:19:12+00,,,,,,,,,,,,,,,,,,,,,
2633795.92651074,1244345.20105168,"0","0","134",444.2,2026/05/24 16:19:13+00,,,,,,,,,,,,,,,,,,,,,
2633796.48771161,1244339.53391458,"0","0","135",443.8,2026/05/24 16:19:14+00,,,,,,,,,,,,,,,,,,,,,
2633796.58605677,1244335.53188733,"0","0","136",443.6,2026/05/24 16:19:15+00,,,,,,,,,,,,,,,,,,,,,
2633796.15421242,1244331.74920788,"0","0","137",443.4,2026/05/24 16:19:16+00,,,,,,,,,,,,,,,,,,,,,
2633796.39988119,1244328.4151172,"0","0","138",443.2,2026/05/24 16:19:17+00,,,,,,,,,,,,,,,,,,,,,
2633795.51973546,1244323.7404221,"0","0","139",443,2026/05/24 16:19:18+00,,,,,,,,,,,,,,,,,,,,,
2633794.48403683,1244319.84312253,"0","0","140",442.8,2026/05/24 16:19:19+00,,,,,,,,,,,,,,,,,,,,,
2633792.91561458,1244316.60988869,"0","0","141",442.7,2026/05/24 16:19:20+00,,,,,,,,,,,,,,,,,,,,,
2633792.86030462,1244313.05171889,"0","0","142",442.5,2026/05/24 16:19:21+00,,,,,,,,,,,,,,,,,,,,,
2633793.03990394,1244308.04950768,"0","0","143",442.2,2026/05/24 16:19:22+00,,,,,,,,,,,,,,,,,,,,,
2633792.98396108,1244304.60251732,"0","0","144",442,2026/05/24 16:19:23+00,,,,,,,,,,,,,,,,,,,,,
2633792.1006448,1244300.48371983,"0","0","145",441.7,2026/05/24 16:19:24+00,,,,,,,,,,,,,,,,,,,,,
2633791.66563072,1244297.25693787,"0","0","146",441.5,2026/05/24 16:19:25+00,,,,,,,,,,,,,,,,,,,,,
2633793.49428258,1244294.5989554,"0","0","147",441.2,2026/05/24 16:19:26+00,,,,,,,,,,,,,,,,,,,,,
2633794.119655,1244290.9334774,"0","0","148",441,2026/05/24 16:19:27+00,,,,,,,,,,,,,,,,,,,,,
2633793.75956951,1244287.81830483,"0","0","149",440.7,2026/05/24 16:19:28+00,,,,,,,,,,,,,,,,,,,,,
2633792.87055563,1244284.70012162,"0","0","150",440.5,2026/05/24 16:19:29+00,,,,,,,,,,,,,,,,,,,,,
2633792.20948999,1244281.36087012,"0","0","151",440.2,2026/05/24 16:19:30+00,,,,,,,,,,,,,,,,,,,,,
2633790.94330098,1244278.12935748,"0","0","152",440,2026/05/24 16:19:31+00,,,,,,,,,,,,,,,,,,,,,
2633788.16525249,1244275.00042361,"0","0","153",439.8,2026/05/24 16:19:33+00,,,,,,,,,,,,,,,,,,,,,
2633786.44632475,1244271.65515245,"0","0","154",439.6,2026/05/24 16:19:34+00,,,,,,,,,,,,,,,,,,,,,
2633783.8149649,1244269.30533617,"0","0","155",439.5,2026/05/24 16:19:35+00,,,,,,,,,,,,,,,,,,,,,
2633780.42735668,1244267.06240103,"0","0","156",439.5,2026/05/24 16:19:36+00,,,,,,,,,,,,,,,,,,,,,
2633777.57057329,1244264.48893905,"0","0","157",439.5,2026/05/24 16:19:37+00,,,,,,,,,,,,,,,,,,,,,
2633775.76279231,1244263.47800757,"0","0","158",439.6,2026/05/24 16:19:38+00,,,,,,,,,,,,,,,,,,,,,
2633771.91358737,1244262.67782967,"0","0","159",439.6,2026/05/24 16:19:39+00,,,,,,,,,,,,,,,,,,,,,
2633770.78332813,1244262.1154856,"0","0","160",439.7,2026/05/24 16:19:40+00,,,,,,,,,,,,,,,,,,,,,
2633768.00209963,1244259.54245808,"0","0","161",439.7,2026/05/24 16:19:41+00,,,,,,,,,,,,,,,,,,,,,
2633765.29895945,1244256.52514422,"0","0","162",439.8,2026/05/24 16:19:42+00,,,,,,,,,,,,,,,,,,,,,
2633762.743146,1244254.17576714,"0","0","163",439.8,2026/05/24 16:19:43+00,,,,,,,,,,,,,,,,,,,,,
2633760.49084121,1244251.6057512,"0","0","164",439.8,2026/05/24 16:19:44+00,,,,,,,,,,,,,,,,,,,,,
2633757.24927993,1244250.25312357,"0","0","165",439.8,2026/05/24 16:19:45+00,,,,,,,,,,,,,,,,,,,,,
2633752.87492529,1244248.78287451,"0","0","166",439.8,2026/05/24 16:19:46+00,,,,,,,,,,,,,,,,,,,,,
2633751.36685356,1244248.21838626,"0","0","167",439.8,2026/05/24 16:19:47+00,,,,,,,,,,,,,,,,,,,,,
2633748.43006284,1244246.42276434,"0","0","168",439.9,2026/05/24 16:19:48+00,,,,,,,,,,,,,,,,,,,,,
2633745.26721732,1244244.51467607,"0","0","169",439.9,2026/05/24 16:19:49+00,,,,,,,,,,,,,,,,,,,,,
2633742.09805101,1244243.71838301,"0","0","170",439.9,2026/05/24 16:19:50+00,,,,,,,,,,,,,,,,,,,,,
2633739.46287018,1244242.0356627,"0","0","171",439.9,2026/05/24 16:19:51+00,,,,,,,,,,,,,,,,,,,,,
2633735.76792868,1244240.68047041,"0","0","172",439.9,2026/05/24 16:19:52+00,,,,,,,,,,,,,,,,,,,,,
2633733.21146498,1244238.44228552,"0","0","173",439.9,2026/05/24 16:19:53+00,,,,,,,,,,,,,,,,,,,,,
2633729.36855452,1244236.53034181,"0","0","174",439.9,2026/05/24 16:19:54+00,,,,,,,,,,,,,,,,,,,,,
2633728.08716274,1244235.96714737,"0","0","175",439.9,2026/05/24 16:19:55+00,,,,,,,,,,,,,,,,,,,,,
2633724.47346057,1244233.61177726,"0","0","176",439.9,2026/05/24 16:19:56+00,,,,,,,,,,,,,,,,,,,,,
2633723.1165059,1244233.04815468,"0","0","177",439.9,2026/05/24 16:19:57+00,,,,,,,,,,,,,,,,,,,,,
2633719.80315292,1244231.02804232,"0","0","178",439.9,2026/05/24 16:19:58+00,,,,,,,,,,,,,,,,,,,,,
2633718.44746008,1244230.2420621,"0","0","179",439.9,2026/05/24 16:19:59+00,,,,,,,,,,,,,,,,,,,,,
2633715.06043619,1244227.88798522,"0","0","180",439.9,2026/05/24 16:20:00+00,,,,,,,,,,,,,,,,,,,,,
2633714.1574819,1244227.21575998,"0","0","181",439.9,2026/05/24 16:20:01+00,,,,,,,,,,,,,,,,,,,,,
2633712.12173048,1244226.42591944,"0","0","182",439.9,2026/05/24 16:20:02+00,,,,,,,,,,,,,,,,,,,,,
2633707.88079647,1244228.06958357,"0","0","183",439.9,2026/05/24 16:20:03+00,,,,,,,,,,,,,,,,,,,,,
2633706.36450957,1244228.95043836,"0","0","184",439.8,2026/05/24 16:20:04+00,,,,,,,,,,,,,,,,,,,,,
2633706.3695592,1244228.06100356,"0","0","185",439.8,2026/05/24 16:20:05+00,,,,,,,,,,,,,,,,,,,,,
2633707.65726702,1244227.5123998,"0","0","186",439.4,2026/05/24 16:20:06+00,,,,,,,,,,,,,,,,,,,,,
2633708.11316319,1244227.07025647,"0","0","187",438.7,2026/05/24 16:20:07+00,,,,,,,,,,,,,,,,,,,,,
2633708.8706757,1244226.74100861,"0","0","188",438.6,2026/05/24 16:20:08+00,,,,,,,,,,,,,,,,,,,,,
2633708.87004445,1244226.85218795,"0","0","189",438.6,2026/05/24 16:20:09+00,,,,,,,,,,,,,,,,,,,,,
2633708.87130695,1244226.62982926,"0","0","190",438.6,2026/05/24 16:20:10+00,,,,,,,,,,,,,,,,,,,,,
2633708.56842818,1244226.73929252,"0","0","191",438.5,2026/05/24 16:20:11+00,,,,,,,,,,,,,,,,,,,,,
2633708.49097257,1244227.07240155,"0","0","192",438.5,2026/05/24 16:20:12+00,,,,,,,,,,,,,,,,,,,,,
2633707.96077697,1244227.29175715,"0","0","193",438.5,2026/05/24 16:20:13+00,,,,,,,,,,,,,,,,,,,,,
2633707.95698957,1244227.95883324,"0","0","194",439.1,2026/05/24 16:20:14+00,,,,,,,,,,,,,,,,,,,,,
2633707.57918024,1244227.9566882,"0","0","195",439.1,2026/05/24 16:20:15+00,,,,,,,,,,,,,,,,,,,,,
2633707.34933854,1244228.51129793,"0","0","196",439.1,2026/05/24 16:20:16+00,,,,,,,,,,,,,,,,,,,,,
2633706.89786103,1244228.17518587,"0","0","197",439.4,2026/05/24 16:20:17+00,,,,,,,,,,,,,,,,,,,,,
2633706.52068293,1244228.06186155,"0","0","198",439.4,2026/05/24 16:20:18+00,,,,,,,,,,,,,,,,,,,,,
2633707.12770271,1244227.62057613,"0","0","199",439.3,2026/05/24 16:20:19+00,,,,,,,,,,,,,,,,,,,,,
2633707.50677451,1244227.40036244,"0","0","200",438.2,2026/05/24 16:20:20+00,,,,,,,,,,,,,,,,,,,,,
2633707.88269017,1244227.73604553,"0","0","201",438.9,2026/05/24 16:20:21+00,,,,,,,,,,,,,,,,,,,,,
2633707.88269017,1244227.73604553,"0","0","202",438.8,2026/05/24 16:20:22+00,,,,,,,,,,,,,,,,,,,,,
2633708.33732385,1244227.51626091,"0","0","203",438.8,2026/05/24 16:20:23+00,,,,,,,,,,,,,,,,,,,,,
2633708.48907884,1244227.4059396,"0","0","204",438.1,2026/05/24 16:20:24+00,,,,,,,,,,,,,,,,,,,,,
2633708.94245007,1244227.40851372,"0","0","205",438.1,2026/05/24 16:20:25+00,,,,,,,,,,,,,,,,,,,,,
2633708.94181882,1244227.51969307,"0","0","206",438.7,2026/05/24 16:20:26+00,,,,,,,,,,,,,,,,,,,,,
2633709.39708382,1244227.18872919,"0","0","207",438,2026/05/24 16:20:27+00,,,,,,,,,,,,,,,,,,,,,
2633709.47201443,1244227.30033756,"0","0","208",438,2026/05/24 16:20:28+00,,,,,,,,,,,,,,,,,,,,,
2633709.55010136,1244226.8560492,"0","0","209",437.9,2026/05/24 16:20:29+00,,,,,,,,,,,,,,,,,,,,,
2633709.92854202,1244226.74701502,"0","0","210",437.9,2026/05/24 16:20:30+00,,,,,,,,,,,,,,,,,,,,,
2633709.47706453,1244226.41090277,"0","0","211",437.9,2026/05/24 16:20:31+00,,,,,,,,,,,,,,,,,,,,,
2633709.17292322,1244226.7427247,"0","0","212",437.8,2026/05/24 16:20:32+00,,,,,,,,,,,,,,,,,,,,,
2633709.32467824,1244226.63240341,"0","0","213",437.8,2026/05/24 16:20:33+00,,,,,,,,,,,,,,,,,,,,,
2633709.01927445,1244227.18658405,"0","0","214",437.8,2026/05/24 16:20:34+00,,,,,,,,,,,,,,,,,,,,,
2633709.01674943,1244227.63130145,"0","0","215",438.4,2026/05/24 16:20:35+00,,,,,,,,,,,,,,,,,,,,,
2633709.31899691,1244227.63301755,"0","0","216",438.4,2026/05/24 16:20:36+00,,,,,,,,,,,,,,,,,,,,,
2633707.9595145,1244227.51411584,"0","0","217",438.3,2026/05/24 16:20:37+00,,,,,,,,,,,,,,,,,,,,,
2633707.87827154,1244228.51430097,"0","0","218",438.3,2026/05/24 16:20:38+00,,,,,,,,,,,,,,,,,,,,,
2633708.02939526,1244228.515159,"0","0","219",438.3,2026/05/24 16:20:39+00,,,,,,,,,,,,,,,,,,,,,
2633708.10495711,1244228.51558801,"0","0","220",438.2,2026/05/24 16:20:40+00,,,,,,,,,,,,,,,,,,,,,
2633707.95004599,1244229.18180608,"0","0","221",438.2,2026/05/24 16:20:41+00,,,,,,,,,,,,,,,,,,,,,
2633708.02623908,1244229.07105575,"0","0","222",438.2,2026/05/24 16:20:42+00,,,,,,,,,,,,,,,,,,,,,
2633707.87574661,1244228.95901837,"0","0","223",438.1,2026/05/24 16:20:43+00,,,,,,,,,,,,,,,,,,,,,
2633707.87448415,1244229.18137707,"0","0","224",438.1,2026/05/24 16:20:44+00,,,,,,,,,,,,,,,,,,,,,
2633707.80144722,1244228.73623067,"0","0","225",438.1,2026/05/24 16:20:45+00,,,,,,,,,,,,,,,,,,,,,
2633707.87827154,1244228.51430097,"0","0","226",438,2026/05/24 16:20:46+00,,,,,,,,,,,,,,,,,,,,,
2633707.80586584,1244227.95797522,"0","0","227",438,2026/05/24 16:20:47+00,,,,,,,,,,,,,,,,,,,,,
2633707.9576208,1244227.84765389,"0","0","228",438,2026/05/24 16:20:48+00,,,,,,,,,,,,,,,,,,,,,
2633707.73346012,1244227.40164946,"0","0","229",437.3,2026/05/24 16:20:49+00,,,,,,,,,,,,,,,,,,,,,
2633707.88205894,1244227.84722488,"0","0","230",437.9,2026/05/24 16:20:50+00,,,,,,,,,,,,,,,,,,,,,
2633708.18367516,1244227.96012028,"0","0","231",437.9,2026/05/24 16:20:51+00,,,,,,,,,,,,,,,,,,,,,
2633708.18241268,1244228.18247898,"0","0","232",437.8,2026/05/24 16:20:52+00,,,,,,,,,,,,,,,,,,,,,
2633708.03255143,1244227.95926225,"0","0","233",437.8,2026/05/24 16:20:53+00,,,,,,,,,,,,,,,,,,,,,
2633707.65474211,1244227.9571172,"0","0","234",437.8,2026/05/24 16:20:54+00,,,,,,,,,,,,,,,,,,,,,
2633707.88205894,1244227.84722488,"0","0","235",437.7,2026/05/24 16:20:55+00,,,,,,,,,,,,,,,,,,,,,
2633708.33416765,1244228.07215765,"0","0","236",437.7,2026/05/24 16:20:56+00,,,,,,,,,,,,,,,,,,,,,
2633708.71134572,1244228.1854821,"0","0","237",437.7,2026/05/24 16:20:57+00,,,,,,,,,,,,,,,,,,,,,
2633708.70882072,1244228.6301995,"0","0","238",437.6,2026/05/24 16:20:58+00,,,,,,,,,,,,,,,,,,,,,
2633709.08663,1244228.63234462,"0","0","239",437.6,2026/05/24 16:20:59+00,,,,,,,,,,,,,,,,,,,,,
2633709.23838498,1244228.52202332,"0","0","240",437.6,2026/05/24 16:21:00+00,,,,,,,,,,,,,,,,,,,,,
2633709.31331557,1244228.63363169,"0","0","241",437.5,2026/05/24 16:21:01+00,,,,,,,,,,,,,,,,,,,,,
2633709.1615606,1244228.74395299,"0","0","242",437.5,2026/05/24 16:21:02+00,,,,,,,,,,,,,,,,,,,,,
2633709.23901623,1244228.41084397,"0","0","243",437.5,2026/05/24 16:21:03+00,,,,,,,,,,,,,,,,,,,,,
2633709.23838498,1244228.52202332,"0","0","244",437.4,2026/05/24 16:21:04+00,,,,,,,,,,,,,,,,,,,,,
2633709.31457809,1244228.411273,"0","0","245",437.4,2026/05/24 16:21:05+00,,,,,,,,,,,,,,,,,,,,,
2633709.16408563,1244228.29923559,"0","0","246",437.4,2026/05/24 16:21:06+00,,,,,,,,,,,,,,,,,,,,,
2633708.93740005,1244228.29794852,"0","0","247",437.3,2026/05/24 16:21:07+00,,,,,,,,,,,,,,,,,,,,,
2633708.93740005,1244228.29794852,"0","0","248",437.3,2026/05/24 16:21:08+00,,,,,,,,,,,,,,,,,,,,,
2633708.78501383,1244228.51944917,"0","0","249",437.3,2026/05/24 16:21:09+00,,,,,,,,,,,,,,,,,,,,,
2633708.40278585,1244229.29555952,"0","0","250",437.2,2026/05/24 16:21:10+00,,,,,,,,,,,,,,,,,,,,,
2633707.56529325,1244230.40263389,"0","0","251",437.2,2026/05/24 16:21:11+00,,,,,,,,,,,,,,,,,,,,,
2633705.13279741,1244232.94603124,"0","0","252",438.2,2026/05/24 16:21:12+00,,,,,,,,,,,,,,,,,,,,,
2633703.46286398,1244234.27074623,"0","0","253",439.2,2026/05/24 16:21:13+00,,,,,,,,,,,,,,,,,,,,,
2633700.4214598,1244237.58896942,"0","0","254",440.2,2026/05/24 16:21:14+00,,,,,,,,,,,,,,,,,,,,,
2633699.12744415,1244239.2493683,"0","0","255",440.1,2026/05/24 16:21:15+00,,,,,,,,,,,,,,,,,,,,,
2633698.44170916,1244240.24612243,"0","0","256",440.1,2026/05/24 16:21:16+00,,,,,,,,,,,,,,,,,,,,,
2633695.40157284,1244243.34198953,"0","0","257",441,2026/05/24 16:21:17+00,,,,,,,,,,,,,,,,,,,,,
2633694.03578403,1244244.33488457,"0","0","258",442,2026/05/24 16:21:18+00,,,,,,,,,,,,,,,,,,,,,
2633691.67823037,1244246.98989573,"0","0","259",442.7,2026/05/24 16:21:19+00,,,,,,,,,,,,,,,,,,,,,
2633689.32004793,1244249.75608721,"0","0","260",443,2026/05/24 16:21:20+00,,,,,,,,,,,,,,,,,,,,,
2633687.25906709,1244253.4134295,"0","0","261",444.9,2026/05/24 16:21:21+00,,,,,,,,,,,,,,,,,,,,,
2633686.9473583,1244255.07940491,"0","0","262",444.9,2026/05/24 16:21:22+00,,,,,,,,,,,,,,,,,,,,,
2633687.30560955,1244258.5281088,"0","0","263",445.2,2026/05/24 16:21:23+00,,,,,,,,,,,,,,,,,,,,,
2633688.49629785,1244261.75917036,"0","0","264",445.5,2026/05/24 16:21:24+00,,,,,,,,,,,,,,,,,,,,,
2633688.39550157,1244266.20591608,"0","0","265",446,2026/05/24 16:21:25+00,,,,,,,,,,,,,,,,,,,,,
2633688.08379309,1244267.87189148,"0","0","266",446.1,2026/05/24 16:21:26+00,,,,,,,,,,,,,,,,,,,,,
2633688.7461807,1244270.98877252,"0","0","267",446.5,2026/05/24 16:21:27+00,,,,,,,,,,,,,,,,,,,,,
2633689.02508327,1244275.10412409,"0","0","268",446.9,2026/05/24 16:21:28+00,,,,,,,,,,,,,,,,,,,,,
2633689.31912676,1244276.55117093,"0","0","269",447,2026/05/24 16:21:29+00,,,,,,,,,,,,,,,,,,,,,
2633689.75545998,1244279.55558647,"0","0","270",447.3,2026/05/24 16:21:30+00,,,,,,,,,,,,,,,,,,,,,
2633690.71630451,1244283.34125916,"0","0","271",447.7,2026/05/24 16:21:31+00,,,,,,,,,,,,,,,,,,,,,
2633691.23829243,1244284.56723377,"0","0","272",447.8,2026/05/24 16:21:32+00,,,,,,,,,,,,,,,,,,,,,
2633692.20165894,1244287.90818927,"0","0","273",448.2,2026/05/24 16:21:33+00,,,,,,,,,,,,,,,,,,,,,
2633692.80110009,1244288.80105474,"0","0","274",448.3,2026/05/24 16:21:34+00,,,,,,,,,,,,,,,,,,,,,
2633694.52196843,1244291.81276077,"0","0","275",448.6,2026/05/24 16:21:35+00,,,,,,,,,,,,,,,,,,,,,
2633695.86566096,1244294.71114367,"0","0","276",448.9,2026/05/24 16:21:36+00,,,,,,,,,,,,,,,,,,,,,
2633696.44995625,1244298.27231442,"0","0","277",449.2,2026/05/24 16:21:37+00,,,,,,,,,,,,,,,,,,,,,
2633696.36808504,1244299.38367927,"0","0","278",449.3,2026/05/24 16:21:38+00,,,,,,,,,,,,,,,,,,,,,
2633698.15756771,1244303.61878841,"0","0","279",449.7,2026/05/24 16:21:39+00,,,,,,,,,,,,,,,,,,,,,
2633698.75132673,1244305.51226888,"0","0","280",449.8,2026/05/24 16:21:40+00,,,,,,,,,,,,,,,,,,,,,
2633700.77569267,1244308.3033337,"0","0","281",450.1,2026/05/24 16:21:41+00,,,,,,,,,,,,,,,,,,,,,
2633701.88701574,1244312.20104571,"0","0","282",450.5,2026/05/24 16:21:42+00,,,,,,,,,,,,,,,,,,,,,
2633703.90317271,1244316.43744354,"0","0","283",450.9,2026/05/24 16:21:43+00,,,,,,,,,,,,,,,,,,,,,
2633704.65057471,1244317.88706507,"0","0","284",451,2026/05/24 16:21:44+00,,,,,,,,,,,,,,,,,,,,,
2633705.53521137,1244321.78349095,"0","0","285",451.3,2026/05/24 16:21:45+00,,,,,,,,,,,,,,,,,,,,,
2633705.90480903,1244323.23096778,"0","0","286",451.5,2026/05/24 16:21:46+00,,,,,,,,,,,,,,,,,,,,,
2633707.99967612,1244326.91189921,"0","0","287",451.8,2026/05/24 16:21:47+00,,,,,,,,,,,,,,,,,,,,,
2633709.94973229,1244329.48017956,"0","0","288",452.1,2026/05/24 16:21:48+00,,,,,,,,,,,,,,,,,,,,,
2633711.06230781,1244333.15553474,"0","0","289",452.4,2026/05/24 16:21:49+00,,,,,,,,,,,,,,,,,,,,,
2633711.87579663,1244336.27327702,"0","0","290",452.7,2026/05/24 16:21:50+00,,,,,,,,,,,,,,,,,,,,,
2633713.14390991,1244339.17123511,"0","0","291",452.9,2026/05/24 16:21:51+00,,,,,,,,,,,,,,,,,,,,,
2633714.78603574,1244342.73841527,"0","0","292",453.3,2026/05/24 16:21:52+00,,,,,,,,,,,,,,,,,,,,,
2633716.80406711,1244346.64127968,"0","0","293",453.7,2026/05/24 16:21:53+00,,,,,,,,,,,,,,,,,,,,,
2633717.55272492,1244347.86854419,"0","0","294",453.8,2026/05/24 16:21:54+00,,,,,,,,,,,,,,,,,,,,,
2633718.51859169,1244350.764787,"0","0","295",454.1,2026/05/24 16:21:55+00,,,,,,,,,,,,,,,,,,,,,
2633720.99124229,1244354.44786904,"0","0","296",454.5,2026/05/24 16:21:56+00,,,,,,,,,,,,,,,,,,,,,
2633721.96531592,1244355.89878044,"0","0","297",454.7,2026/05/24 16:21:57+00,,,,,,,,,,,,,,,,,,,,,
2633723.22647309,1244360.0197141,"0","0","298",455.1,2026/05/24 16:21:58+00,,,,,,,,,,,,,,,,,,,,,
2633723.67036102,1244361.68998015,"0","0","299",455.2,2026/05/24 16:21:59+00,,,,,,,,,,,,,,,,,,,,,
2633725.38992897,1244364.92405452,"0","0","300",455.5,2026/05/24 16:22:00+00,,,,,,,,,,,,,,,,,,,,,
2633725.68522204,1244366.14874473,"0","0","301",455.7,2026/05/24 16:22:01+00,,,,,,,,,,,,,,,,,,,,,
2633727.18063383,1244368.93681438,"0","0","302",456,2026/05/24 16:22:02+00,,,,,,,,,,,,,,,,,,,,,
2633728.91156729,1244370.16966082,"0","0","303",456.1,2026/05/24 16:22:03+00,,,,,,,,,,,,,,,,,,,,,
2633730.11357978,1244371.39950268,"0","0","304",456.3,2026/05/24 16:22:04+00,,,,,,,,,,,,,,,,,,,,,
2633729.73451629,1244371.619715,"0","0","305",456.3,2026/05/24 16:22:05+00,,,,,,,,,,,,,,,,,,,,,
2633728.6760442,1244371.72488444,"0","0","306",456.4,2026/05/24 16:22:06+00,,,,,,,,,,,,,,,,,,,,,
2633728.59669435,1244372.3915315,"0","0","307",456.5,2026/05/24 16:22:07+00,,,,,,,,,,,,,,,,,,,,,
2633728.36432959,1244373.39085819,"0","0","308",456.6,2026/05/24 16:22:08+00,,,,,,,,,,,,,,,,,,,,,
2633728.66341143,1244373.94847223,"0","0","309",456.7,2026/05/24 16:22:09+00,,,,,,,,,,,,,,,,,,,,,
2633728.58848307,1244373.83686357,"0","0","310",456.7,2026/05/24 16:22:10+00,,,,,,,,,,,,,,,,,,,,,
2633728.74086636,1244373.61536334,"0","0","311",456.7,2026/05/24 16:22:12+00,,,,,,,,,,,,,,,,,,,,,
2633728.741498,1244373.50418395,"0","0","312",456.7,2026/05/24 16:22:13+00,,,,,,,,,,,,,,,,,,,,,
2633728.06145792,1244373.5003205,"0","0","313",456.8,2026/05/24 16:22:14+00,,,,,,,,,,,,,,,,,,,,,
2633727.91223278,1244373.1659238,"0","0","314",456.8,2026/05/24 16:22:15+00,,,,,,,,,,,,,,,,,,,,,
2633728.20941979,1244374.05707599,"0","0","315",456.9,2026/05/24 16:22:16+00,,,,,,,,,,,,,,,,,,,,,
2633727.91096953,1244373.38828258,"0","0","316",457,2026/05/24 16:22:17+00,,,,,,,,,,,,,,,,,,,,,
2633727.60936111,1244373.27538613,"0","0","317",457,2026/05/24 16:22:18+00,,,,,,,,,,,,,,,,,,,,,
2633727.4626624,1244372.49627188,"0","0","318",457.1,2026/05/24 16:22:19+00,,,,,,,,,,,,,,,,,,,,,
2633727.16358036,1244371.93865789,"0","0","319",457.1,2026/05/24 16:22:20+00,,,,,,,,,,,,,,,,,,,,,
2633726.79020144,1244371.1582559,"0","0","320",457.2,2026/05/24 16:22:21+00,,,,,,,,,,,,,,,,,,,,,
2633726.63276536,1244372.26919129,"0","0","321",457.3,2026/05/24 16:22:22+00,,,,,,,,,,,,,,,,,,,,,
2633726.41176965,1244371.26728904,"0","0","322",457.4,2026/05/24 16:22:23+00,,,,,,,,,,,,,,,,,,,,,
2633726.715273,1244371.04664726,"0","0","323",457.4,2026/05/24 16:22:24+00,,,,,,,,,,,,,,,,,,,,,
2633727.46961017,1244371.27329859,"0","0","324",457.5,2026/05/24 16:22:25+00,,,,,,,,,,,,,,,,,,,,,
2633729.20243783,1244372.17260695,"0","0","325",457.7,2026/05/24 16:22:26+00,,,,,,,,,,,,,,,,,,,,,
2633728.59858926,1244372.05799333,"0","0","326",457.8,2026/05/24 16:22:27+00,,,,,,,,,,,,,,,,,,,,,
2633728.90272429,1244371.72617227,"0","0","327",457.8,2026/05/24 16:22:28+00,,,,,,,,,,,,,,,,,,,,,
2633728.98144255,1244371.1707046,"0","0","328",457.9,2026/05/24 16:22:29+00,,,,,,,,,,,,,,,,,,,,,
2633729.05510765,1244371.50467205,"0","0","329",457.9,2026/05/24 16:22:30+00,,,,,,,,,,,,,,,,,,,,,
2633729.05573929,1244371.39349266,"0","0","330",457.9,2026/05/24 16:22:31+00,,,,,,,,,,,,,,,,,,,,,
2633729.05573929,1244371.39349266,"0","0","331",457.9,2026/05/24 16:22:32+00,,,,,,,,,,,,,,,,,,,,,
2633728.98017926,1244371.39306338,"0","0","332",457.9,2026/05/24 16:22:33+00,,,,,,,,,,,,,,,,,,,,,
2633728.67793912,1244371.39134627,"0","0","333",457.9,2026/05/24 16:22:34+00,,,,,,,,,,,,,,,,,,,,,
2633727.32227977,1244370.60536374,"0","0","334",458.1,2026/05/24 16:22:35+00,,,,,,,,,,,,,,,,,,,,,
2633728.15217701,1244370.83244442,"0","0","335",458.2,2026/05/24 16:22:36+00,,,,,,,,,,,,,,,,,,,,,
2633728.61059036,1244369.94558494,"0","0","336",458.3,2026/05/24 16:22:37+00,,,,,,,,,,,,,,,,,,,,,
2633727.99916205,1244371.16512405,"0","0","337",458.4,2026/05/24 16:22:38+00,,,,,,,,,,,,,,,,,,,,,
2633727.39973466,1244370.27225483,"0","0","338",458.5,2026/05/24 16:22:39+00,,,,,,,,,,,,,,,,,,,,,
2633726.57236371,1244369.60045669,"0","0","339",458.6,2026/05/24 16:22:40+00,,,,,,,,,,,,,,,,,,,,,
2633726.41745402,1244370.26667454,"0","0","340",458.7,2026/05/24 16:22:41+00,,,,,,,,,,,,,,,,,,,,,
2633726.41619083,1244370.48903331,"0","0","341",458.7,2026/05/24 16:22:42+00,,,,,,,,,,,,,,,,,,,,,
2633726.41619083,1244370.48903331,"0","0","342",458.7,2026/05/24 16:22:43+00,,,,,,,,,,,,,,,,,,,,,
2633726.3381044,1244370.93332162,"0","0","343",458.7,2026/05/24 16:22:44+00,,,,,,,,,,,,,,,,,,,,,
2633725.58250399,1244370.92902921,"0","0","344",458.8,2026/05/24 16:22:45+00,,,,,,,,,,,,,,,,,,,,,
2633725.73425566,1244370.8187083,"0","0","345",458.8,2026/05/24 16:22:46+00,,,,,,,,,,,,,,,,,,,,,
2633725.73425566,1244370.8187083,"0","0","346",458.8,2026/05/24 16:22:47+00,,,,,,,,,,,,,,,,,,,,,
2633726.11331905,1244370.59849572,"0","0","347",458.9,2026/05/24 16:22:48+00,,,,,,,,,,,,,,,,,,,,,
2633726.11331905,1244370.59849572,"0","0","348",458.9,2026/05/24 16:22:49+00,,,,,,,,,,,,,,,,,,,,,
2633726.11458223,1244370.37613694,"0","0","349",458.9,2026/05/24 16:22:50+00,,,,,,,,,,,,,,,,,,,,,
2633726.03902218,1244370.3757077,"0","0","350",458.9,2026/05/24 16:22:51+00,,,,,,,,,,,,,,,,,,,,,
2633725.96535689,1244370.04174029,"0","0","351",458.9,2026/05/24 16:22:52+00,,,,,,,,,,,,,,,,,,,,,
2633725.89106001,1244369.81895227,"0","0","352",459,2026/05/24 16:22:53+00,,,,,,,,,,,,,,,,,,,,,
2633725.89106001,1244369.81895227,"0","0","353",459,2026/05/24 16:22:54+00,,,,,,,,,,,,,,,,,,,,,
2633726.11710859,1244369.93141939,"0","0","354",459,2026/05/24 16:22:55+00,,,,,,,,,,,,,,,,,,,,,
2633725.89042843,1244369.93013166,"0","0","355",459,2026/05/24 16:22:56+00,,,,,,,,,,,,,,,,,,,,,
2633726.0434433,1244369.59745197,"0","0","356",459,2026/05/24 16:22:57+00,,,,,,,,,,,,,,,,,,,,,
2633726.2682287,1244369.93227788,"0","0","357",459.1,2026/05/24 16:22:58+00,,,,,,,,,,,,,,,,,,,,,
2633726.41745402,1244370.26667454,"0","0","358",459.1,2026/05/24 16:22:59+00,,,,,,,,,,,,,,,,,,,,,
2633726.34252556,1244370.1550659,"0","0","359",459.1,2026/05/24 16:23:00+00,,,,,,,,,,,,,,,,,,,,,
2633726.56920571,1244370.15635364,"0","0","360",459.2,2026/05/24 16:23:01+00,,,,,,,,,,,,,,,,,,,,,
2633726.64287097,1244370.49032106,"0","0","361",459.2,2026/05/24 16:23:02+00,,,,,,,,,,,,,,,,,,,,,
2633726.34063078,1244370.48860407,"0","0","362",459.2,2026/05/24 16:23:03+00,,,,,,,,,,,,,,,,,,,,,
2633726.26443914,1244370.59935421,"0","0","363",459.2,2026/05/24 16:23:04+00,,,,,,,,,,,,,,,,,,,,,
2633726.41555923,1244370.6002127,"0","0","364",459.3,2026/05/24 16:23:05+00,,,,,,,,,,,,,,,,,,,,,
2633725.8098157,1244370.81913754,"0","0","365",459.3,2026/05/24 16:23:06+00,,,,,,,,,,,,,,,,,,,,,
2633726.1882475,1244370.71010436,"0","0","366",459.4,2026/05/24 16:23:07+00,,,,,,,,,,,,,,,,,,,,,
2633726.33936759,1244370.71096285,"0","0","367",459.4,2026/05/24 16:23:08+00,,,,,,,,,,,,,,,,,,,,,
2633726.18761591,1244370.82128375,"0","0","368",459.4,2026/05/24 16:23:09+00,,,,,,,,,,,,,,,,,,,,,
2633726.18761591,1244370.82128375,"0","0","369",459.4,2026/05/24 16:23:10+00,,,,,,,,,,,,,,,,,,,,,
2633726.33557802,1244371.37803918,"0","0","370",459.5,2026/05/24 16:23:11+00,,,,,,,,,,,,,,,,,,,,,
2633726.33620962,1244371.26685979,"0","0","371",459.5,2026/05/24 16:23:12+00,,,,,,,,,,,,,,,,,,,,,
2633726.33684121,1244371.1556804,"0","0","372",459.5,2026/05/24 16:23:13+00,,,,,,,,,,,,,,,,,,,,,
2633726.86512988,1244371.26986454,"0","0","373",459.5,2026/05/24 16:23:14+00,,,,,,,,,,,,,,,,,,,,,
2633727.16737002,1244371.27158156,"0","0","374",459.6,2026/05/24 16:23:15+00,,,,,,,,,,,,,,,,,,,,,
2633726.94068991,1244371.2702938,"0","0","375",459.6,2026/05/24 16:23:16+00,,,,,,,,,,,,,,,,,,,,,
2633727.16800163,1244371.16040217,"0","0","376",459.6,2026/05/24 16:23:17+00,,,,,,,,,,,,,,,,,,,,,
2633727.24356167,1244371.16083142,"0","0","377",459.6,2026/05/24 16:23:18+00,,,,,,,,,,,,,,,,,,,,,
2633727.09117838,1244371.38233169,"0","0","378",459.7,2026/05/24 16:23:19+00,,,,,,,,,,,,,,,,,,,,,
2633727.09054677,1244371.49351108,"0","0","379",459.7,2026/05/24 16:23:20+00,,,,,,,,,,,,,,,,,,,,,
2633726.78641182,1244371.82533223,"0","0","380",459.7,2026/05/24 16:23:21+00,,,,,,,,,,,,,,,,,,,,,
2633726.93816349,1244371.71501135,"0","0","381",459.7,2026/05/24 16:23:22+00,,,,,,,,,,,,,,,,,,,,,
2633727.16294875,1244372.04983729,"0","0","382",459.8,2026/05/24 16:23:23+00,,,,,,,,,,,,,,,,,,,,,
2633726.78388541,1244372.2700498,"0","0","383",459.8,2026/05/24 16:23:24+00,,,,,,,,,,,,,,,,,,,,,
2633726.93437385,1244372.38208769,"0","0","384",459.9,2026/05/24 16:23:25+00,,,,,,,,,,,,,,,,,,,,,
2633727.2340875,1244372.82852227,"0","0","385",459.9,2026/05/24 16:23:26+00,,,,,,,,,,,,,,,,,,,,,
2633726.91921532,1244375.05039306,"0","0","386",460.2,2026/05/24 16:23:27+00,,,,,,,,,,,,,,,,,,,,,
2633729.31818541,1244378.39951139,"0","0","387",460.7,2026/05/24 16:23:28+00,,,,,,,,,,,,,,,,,,,,,
2633729.61095034,1244380.0689194,"0","0","388",460.9,2026/05/24 16:23:29+00,,,,,,,,,,,,,,,,,,,,,
2633731.25494973,1244383.30256634,"0","0","389",461.3,2026/05/24 16:23:30+00,,,,,,,,,,,,,,,,,,,,,
2633731.70199206,1244384.41693613,"0","0","390",461.4,2026/05/24 16:23:31+00,,,,,,,,,,,,,,,,,,,,,
2633730.46713553,1244388.96842237,"0","0","391",462,2026/05/24 16:23:32+00,,,,,,,,,,,,,,,,,,,,,
2633729.46085508,1244393.18765859,"0","0","392",462.7,2026/05/24 16:23:33+00,,,,,,,,,,,,,,,,,,,,,
2633728.99991677,1244394.51923565,"0","0","393",462.7,2026/05/24 16:23:34+00,,,,,,,,,,,,,,,,,,,,,
2633728.29777192,1244398.40665105,"0","0","394",462.6,2026/05/24 16:23:35+00,,,,,,,,,,,,,,,,,,,,,
2633726.99241404,1244402.06827373,"0","0","395",462.5,2026/05/24 16:23:36+00,,,,,,,,,,,,,,,,,,,,,
2633726.22418569,1244404.28756922,"0","0","396",462.4,2026/05/24 16:23:37+00,,,,,,,,,,,,,,,,,,,,,
2633726.0509607,1244408.17798973,"0","0","397",462.4,2026/05/24 16:23:38+00,,,,,,,,,,,,,,,,,,,,,
2633725.44395784,1244408.61927343,"0","0","398",462.4,2026/05/24 16:23:39+00,,,,,,,,,,,,,,,,,,,,,
2633724.06620218,1244411.7245706,"0","0","399",462.3,2026/05/24 16:23:40+00,,,,,,,,,,,,,,,,,,,,,
2633722.23635411,1244414.60493413,"0","0","400",462.2,2026/05/24 16:23:41+00,,,,,,,,,,,,,,,,,,,,,
2633722.30496683,1244415.82833676,"0","0","401",462.2,2026/05/24 16:23:42+00,,,,,,,,,,,,,,,,,,,,,
2633721.07959631,1244418.71213427,"0","0","402",462.1,2026/05/24 16:23:43+00,,,,,,,,,,,,,,,,,,,,,
2633720.60792644,1244421.93376196,"0","0","403",462.1,2026/05/24 16:23:44+00,,,,,,,,,,,,,,,,,,,,,
2633720.96740991,1244425.1601106,"0","0","404",462,2026/05/24 16:23:45+00,,,,,,,,,,,,,,,,,,,,,
2633721.54915031,1244429.16600269,"0","0","405",461.9,2026/05/24 16:23:46+00,,,,,,,,,,,,,,,,,,,,,
2633721.91936859,1244430.50230151,"0","0","406",461.9,2026/05/24 16:23:47+00,,,,,,,,,,,,,,,,,,,,,
2633721.60008063,1244433.50242878,"0","0","407",461.8,2026/05/24 16:23:48+00,,,,,,,,,,,,,,,,,,,,,
2633721.72783306,1244437.61692529,"0","0","408",461.7,2026/05/24 16:23:49+00,,,,,,,,,,,,,,,,,,,,,
2633722.02059701,1244439.2863332,"0","0","409",461.7,2026/05/24 16:23:50+00,,,,,,,,,,,,,,,,,,,,,
2633721.99975682,1244442.95525376,"0","0","410",461.6,2026/05/24 16:23:51+00,,,,,,,,,,,,,,,,,,,,,
2633722.05763332,1244446.06870647,"0","0","411",461.5,2026/05/24 16:23:52+00,,,,,,,,,,,,,,,,,,,,,
2633721.05263111,1244450.06558593,"0","0","412",461.4,2026/05/24 16:23:53+00,,,,,,,,,,,,,,,,,,,,,
2633720.66599499,1244451.61995184,"0","0","413",461.4,2026/05/24 16:23:54+00,,,,,,,,,,,,,,,,,,,,,
2633719.28951453,1244454.50289166,"0","0","414",461.3,2026/05/24 16:23:55+00,,,,,,,,,,,,,,,,,,,,,
2633718.36575756,1244457.49958607,"0","0","415",461.2,2026/05/24 16:23:56+00,,,,,,,,,,,,,,,,,,,,,
2633717.21027336,1244461.3844286,"0","0","416",461.1,2026/05/24 16:23:57+00,,,,,,,,,,,,,,,,,,,,,
2633716.52203491,1244462.8258989,"0","0","417",461,2026/05/24 16:23:58+00,,,,,,,,,,,,,,,,,,,,,
2633715.29162549,1244466.59913332,"0","0","418",460.9,2026/05/24 16:23:59+00,,,,,,,,,,,,,,,,,,,,,
2633714.83006451,1244468.04189116,"0","0","419",460.8,2026/05/24 16:24:00+00,,,,,,,,,,,,,,,,,,,,,
2633713.90378635,1244471.48330407,"0","0","420",460.7,2026/05/24 16:24:01+00,,,,,,,,,,,,,,,,,,,,,
2633716.00175206,1244474.60834267,"0","0","421",460.5,2026/05/24 16:24:02+00,,,,,,,,,,,,,,,,,,,,,
2633716.52750598,1244475.1672436,"0","0","422",460.5,2026/05/24 16:24:03+00,,,,,,,,,,,,,,,,,,,,,
2633717.73960258,1244474.61821255,"0","0","423",460.4,2026/05/24 16:24:04+00,,,,,,,,,,,,,,,,,,,,,
2633718.19674361,1244473.95371086,"0","0","424",460.4,2026/05/24 16:24:05+00,,,,,,,,,,,,,,,,,,,,,
2633718.80184489,1244473.84596461,"0","0","425",460.3,2026/05/24 16:24:06+00,,,,,,,,,,,,,,,,,,,,,
2633718.87929802,1244473.51285549,"0","0","426",460.3,2026/05/24 16:24:07+00,,,,,,,,,,,,,,,,,,,,,
2633719.18027001,1244473.73693095,"0","0","427",460.3,2026/05/24 16:24:08+00,,,,,,,,,,,,,,,,,,,,,
2633720.15937604,1244474.29840714,"0","0","428",460.2,2026/05/24 16:24:09+00,,,,,,,,,,,,,,,,,,,,,
2633720.08002839,1244474.9650545,"0","0","429",460.2,2026/05/24 16:24:10+00,,,,,,,,,,,,,,,,,,,,,
2633719.31749504,1244476.18373652,"0","0","430",460.1,2026/05/24 16:24:11+00,,,,,,,,,,,,,,,,,,,,,
2633718.11550182,1244474.95389651,"0","0","431",460,2026/05/24 16:24:12+00,,,,,,,,,,,,,,,,,,,,,
2633717.1363957,1244474.39242065,"0","0","432",459.9,2026/05/24 16:24:13+00,,,,,,,,,,,,,,,,,,,,,
2633717.59290524,1244473.83909833,"0","0","433",459.9,2026/05/24 16:24:14+00,,,,,,,,,,,,,,,,,,,,,
2633717.89198292,1244474.39671198,"0","0","434",459.9,2026/05/24 16:24:15+00,,,,,,,,,,,,,,,,,,,,,
2633718.35038689,1244473.50985146,"0","0","435",459.8,2026/05/24 16:24:16+00,,,,,,,,,,,,,,,,,,,,,
2633718.58022039,1244472.9552418,"0","0","436",459.8,2026/05/24 16:24:17+00,,,,,,,,,,,,,,,,,,,,,
2633718.58337769,1244472.39934469,"0","0","437",459.7,2026/05/24 16:24:18+00,,,,,,,,,,,,,,,,,,,,,
2633718.73386372,1244472.51138241,"0","0","438",459.7,2026/05/24 16:24:19+00,,,,,,,,,,,,,,,,,,,,,
2633718.66146228,1244471.95505616,"0","0","439",459.7,2026/05/24 16:24:20+00,,,,,,,,,,,,,,,,,,,,,
2633718.58400915,1244472.28816527,"0","0","440",459.7,2026/05/24 16:24:21+00,,,,,,,,,,,,,,,,,,,,,
2633718.42910291,1244472.9543835,"0","0","441",459.6,2026/05/24 16:24:22+00,,,,,,,,,,,,,,,,,,,,,
2633717.89829739,1244473.28491777,"0","0","442",459.6,2026/05/24 16:24:23+00,,,,,,,,,,,,,,,,,,,,,
2633717.89703449,1244473.50727662,"0","0","443",459.6,2026/05/24 16:24:24+00,,,,,,,,,,,,,,,,,,,,,
2633717.67035829,1244473.50598921,"0","0","444",459.6,2026/05/24 16:24:25+00,,,,,,,,,,,,,,,,,,,,,
2633717.37001767,1244473.17073441,"0","0","445",459.5,2026/05/24 16:24:26+00,,,,,,,,,,,,,,,,,,,,,
2633717.44241922,1244473.72706064,"0","0","446",459.5,2026/05/24 16:24:27+00,,,,,,,,,,,,,,,,,,,,,
2633717.96754164,1244474.39714112,"0","0","447",459.4,2026/05/24 16:24:28+00,,,,,,,,,,,,,,,,,,,,,
2633718.11739618,1244474.62035824,"0","0","448",459.4,2026/05/24 16:24:29+00,,,,,,,,,,,,,,,,,,,,,
2633718.79868757,1244474.40186171,"0","0","449",459.4,2026/05/24 16:24:30+00,,,,,,,,,,,,,,,,,,,,,
2633719.0241008,1244474.625508,"0","0","450",459.4,2026/05/24 16:24:31+00,,,,,,,,,,,,,,,,,,,,,
2633719.10029099,1244474.51475774,"0","0","451",459.4,2026/05/24 16:24:32+00,,,,,,,,,,,,,,,,,,,,,
2633719.17521824,1244474.62636631,"0","0","452",459.4,2026/05/24 16:24:33+00,,,,,,,,,,,,,,,,,,,,,
2633719.02283786,1244474.84786685,"0","0","453",459.3,2026/05/24 16:24:34+00,,,,,,,,,,,,,,,,,,,,,
2633718.94538475,1244475.18097596,"0","0","454",459.3,2026/05/24 16:24:35+00,,,,,,,,,,,,,,,,,,,,,
2633719.17079794,1244475.40462226,"0","0","455",459.3,2026/05/24 16:24:36+00,,,,,,,,,,,,,,,,,,,,,
2633718.94285888,1244475.62569364,"0","0","456",459.3,2026/05/24 16:24:37+00,,,,,,,,,,,,,,,,,,,,,
2633718.56253951,1244476.06826558,"0","0","457",459.2,2026/05/24 16:24:38+00,,,,,,,,,,,,,,,,,,,,,
2633718.10918731,1244476.06569072,"0","0","458",459.2,2026/05/24 16:24:39+00,,,,,,,,,,,,,,,,,,,,,
2633718.10981876,1244475.9545113,"0","0","459",459.2,2026/05/24 16:24:40+00,,,,,,,,,,,,,,,,,,,,,
2633717.65899232,1244475.50721879,"0","0","460",459.2,2026/05/24 16:24:41+00,,,,,,,,,,,,,,,,,,,,,
2633717.73770825,1244474.95175081,"0","0","461",459.1,2026/05/24 16:24:42+00,,,,,,,,,,,,,,,,,,,,,
2633717.2849874,1244474.83799659,"0","0","462",459.1,2026/05/24 16:24:43+00,,,,,,,,,,,,,,,,,,,,,
2633717.36307187,1244474.39370804,"0","0","463",459.1,2026/05/24 16:24:44+00,,,,,,,,,,,,,,,,,,,,,
2633717.3637033,1244474.28252862,"0","0","464",459.1,2026/05/24 16:24:45+00,,,,,,,,,,,,,,,,,,,,,
2633717.29003889,1244473.94856123,"0","0","465",459,2026/05/24 16:24:46+00,,,,,,,,,,,,,,,,,,,,,
2633717.06273127,1244474.05845326,"0","0","466",459,2026/05/24 16:24:47+00,,,,,,,,,,,,,,,,,,,,,
2633716.98654112,1244474.16920355,"0","0","467",459,2026/05/24 16:24:48+00,,,,,,,,,,,,,,,,,,,,,
2633716.7611278,1244473.94555733,"0","0","468",459,2026/05/24 16:24:49+00,,,,,,,,,,,,,,,,,,,,,
2633716.38522842,1244473.60987346,"0","0","469",459,2026/05/24 16:24:50+00,,,,,,,,,,,,,,,,,,,,,
2633716.23537379,1244473.38665639,"0","0","470",458.9,2026/05/24 16:24:51+00,,,,,,,,,,,,,,,,,,,,,
2633716.23726803,1244473.05311813,"0","0","471",458.9,2026/05/24 16:24:52+00,,,,,,,,,,,,,,,,,,,,,
2633716.31661528,1244472.38647072,"0","0","472",458.9,2026/05/24 16:24:53+00,,,,,,,,,,,,,,,,,,,,,
2633715.93945295,1244472.27314572,"0","0","473",458.9,2026/05/24 16:24:54+00,,,,,,,,,,,,,,,,,,,,,
2633715.71340811,1244472.16067896,"0","0","474",458.8,2026/05/24 16:24:55+00,,,,,,,,,,,,,,,,,,,,,
2633715.1102009,1244471.93488727,"0","0","475",458.8,2026/05/24 16:24:56+00,,,,,,,,,,,,,,,,,,,,,
2633714.72988159,1244472.37745945,"0","0","476",458.8,2026/05/24 16:24:57+00,,,,,,,,,,,,,,,,,,,,,
2633714.42701522,1244472.48692249,"0","0","477",458.7,2026/05/24 16:24:58+00,,,,,,,,,,,,,,,,,,,,,
2633714.20223311,1244472.15209695,"0","0","478",458.7,2026/05/24 16:24:59+00,,,,,,,,,,,,,,,,,,,,,
2633714.27905462,1244471.93016719,"0","0","479",458.7,2026/05/24 16:25:00+00,,,,,,,,,,,,,,,,,,,,,
2633714.27905462,1244471.93016719,"0","0","480",458.7,2026/05/24 16:25:01+00,,,,,,,,,,,,,,,,,,,,,
2633714.20223311,1244472.15209695,"0","0","481",458.7,2026/05/24 16:25:02+00,,,,,,,,,,,,,,,,,,,,,
2633714.20286449,1244472.04091753,"0","0","482",458.7,2026/05/24 16:25:03+00,,,,,,,,,,,,,,,,,,,,,
2633714.28094876,1244471.59662893,"0","0","483",458.7,2026/05/24 16:25:04+00,,,,,,,,,,,,,,,,,,,,,
2633713.97745098,1244471.81727141,"0","0","484",458.6,2026/05/24 16:25:05+00,,,,,,,,,,,,,,,,,,,,,
2633713.82759622,1244471.5940544,"0","0","485",458.6,2026/05/24 16:25:06+00,,,,,,,,,,,,,,,,,,,,,
2633713.82759622,1244471.5940544,"0","0","486",458.6,2026/05/24 16:25:07+00,,,,,,,,,,,,,,,,,,,,,
2633713.60028858,1244471.70394656,"0","0","487",458.6,2026/05/24 16:25:08+00,,,,,,,,,,,,,,,,,,,,,
2633713.4485397,1244471.81426782,"0","0","488",458.6,2026/05/24 16:25:09+00,,,,,,,,,,,,,,,,,,,,,
2633713.22186344,1244471.81298058,"0","0","489",458.6,2026/05/24 16:25:10+00,,,,,,,,,,,,,,,,,,,,,
2633713.07074593,1244471.81212242,"0","0","490",458.6,2026/05/24 16:25:11+00,,,,,,,,,,,,,,,,,,,,,
2633713.07011458,1244471.92330185,"0","0","491",458.6,2026/05/24 16:25:12+00,,,,,,,,,,,,,,,,,,,,,
2633712.76914227,1244471.6992267,"0","0","492",458.5,2026/05/24 16:25:13+00,,,,,,,,,,,,,,,,,,,,,
2633712.84470102,1244471.69965578,"0","0","493",458.5,2026/05/24 16:25:14+00,,,,,,,,,,,,,,,,,,,,,
2633712.76851091,1244471.81040613,"0","0","494",458.5,2026/05/24 16:25:15+00,,,,,,,,,,,,,,,,,,,,,
2633712.99518718,1244471.81169335,"0","0","495",458.5,2026/05/24 16:25:16+00,,,,,,,,,,,,,,,,,,,,,
2633712.69484621,1244471.47643879,"0","0","496",458.5,2026/05/24 16:25:17+00,,,,,,,,,,,,,,,,,,,,,
2633712.46753859,1244471.586331,"0","0","497",458.5,2026/05/24 16:25:18+00,,,,,,,,,,,,,,,,,,,,,
2633712.46690724,1244471.69751042,"0","0","498",458.5,2026/05/24 16:25:19+00,,,,,,,,,,,,,,,,,,,,,
2633712.542466,1244471.69793949,"0","0","499",458.4,2026/05/24 16:25:20+00,,,,,,,,,,,,,,,,,,,,,
2633712.61613071,1244472.03190682,"0","0","500",458.4,2026/05/24 16:25:21+00,,,,,,,,,,,,,,,,,,,,,
2633712.91647166,1244472.36716138,"0","0","501",458.4,2026/05/24 16:25:22+00,,,,,,,,,,,,,,,,,,,,,
2633713.14377926,1244472.25726919,"0","0","502",458.4,2026/05/24 16:25:23+00,,,,,,,,,,,,,,,,,,,,,
2633713.52031027,1244472.48177343,"0","0","503",458.5,2026/05/24 16:25:24+00,,,,,,,,,,,,,,,,,,,,,
2633713.67079639,1244472.59381102,"0","0","504",458.5,2026/05/24 16:25:25+00,,,,,,,,,,,,,,,,,,,,,
2633713.51904754,1244472.70413227,"0","0","505",458.5,2026/05/24 16:25:26+00,,,,,,,,,,,,,,,,,,,,,
2633713.67205913,1244472.37145217,"0","0","506",458.5,2026/05/24 16:25:27+00,,,,,,,,,,,,,,,,,,,,,
2633713.74698651,1244472.48306068,"0","0","507",458.5,2026/05/24 16:25:28+00,,,,,,,,,,,,,,,,,,,,,
2633713.51589071,1244473.26002937,"0","0","508",458.5,2026/05/24 16:25:29+00,,,,,,,,,,,,,,,,,,,,,
2633713.51778481,1244472.92649111,"0","0","509",458.5,2026/05/24 16:25:30+00,,,,,,,,,,,,,,,,,,,,,
2633713.44412016,1244472.59252377,"0","0","510",458.5,2026/05/24 16:25:31+00,,,,,,,,,,,,,,,,,,,,,
2633712.08406276,1244472.58480046,"0","0","511",458.6,2026/05/24 16:25:32+00,,,,,,,,,,,,,,,,,,,,,
2633708.52333269,1244474.23232683,"0","0","512",458.7,2026/05/24 16:25:33+00,,,,,,,,,,,,,,,,,,,,,
2633705.48457217,1244477.10583184,"0","0","513",458.8,2026/05/24 16:25:34+00,,,,,,,,,,,,,,,,,,,,,
2633702.52579135,1244479.20151141,"0","0","514",458.9,2026/05/24 16:25:35+00,,,,,,,,,,,,,,,,,,,,,
2633700.16895724,1244481.74534144,"0","0","515",459.1,2026/05/24 16:25:36+00,,,,,,,,,,,,,,,,,,,,,
2633697.14030154,1244482.83997998,"0","0","516",459.2,2026/05/24 16:25:37+00,,,,,,,,,,,,,,,,,,,,,
2633693.35921591,1244483.37443464,"0","0","517",459.4,2026/05/24 16:25:38+00,,,,,,,,,,,,,,,,,,,,,
2633692.29824057,1244483.92432831,"0","0","518",459.4,2026/05/24 16:25:39+00,,,,,,,,,,,,,,,,,,,,,
2633686.25481428,1244483.6676676,"0","0","519",459.6,2026/05/24 16:25:40+00,,,,,,,,,,,,,,,,,,,,,
2633683.0089483,1244483.09333577,"0","0","520",459.7,2026/05/24 16:25:41+00,,,,,,,,,,,,,,,,,,,,,
2633679.08179271,1244482.73750674,"0","0","521",459.8,2026/05/24 16:25:42+00,,,,,,,,,,,,,,,,,,,,,
2633675.99082677,1244481.49695947,"0","0","522",459.9,2026/05/24 16:25:43+00,,,,,,,,,,,,,,,,,,,,,
2633672.2210929,1244480.03019792,"0","0","523",460,2026/05/24 16:25:44+00,,,,,,,,,,,,,,,,,,,,,
2633670.33338777,1244479.79712548,"0","0","524",460,2026/05/24 16:25:45+00,,,,,,,,,,,,,,,,,,,,,
2633667.1687513,1244478.22261601,"0","0","525",460.1,2026/05/24 16:25:46+00,,,,,,,,,,,,,,,,,,,,,
2633663.17107627,1244476.97693362,"0","0","526",460.3,2026/05/24 16:25:47+00,,,,,,,,,,,,,,,,,,,,,
2633661.81291107,1244476.63568357,"0","0","527",460.3,2026/05/24 16:25:48+00,,,,,,,,,,,,,,,,,,,,,
2633657.96572095,1244475.50204097,"0","0","528",460.4,2026/05/24 16:25:49+00,,,,,,,,,,,,,,,,,,,,,
2633656.83612215,1244474.82853891,"0","0","529",460.5,2026/05/24 16:25:50+00,,,,,,,,,,,,,,,,,,,,,
2633653.22064798,1244472.80674906,"0","0","530",460.6,2026/05/24 16:25:51+00,,,,,,,,,,,,,,,,,,,,,
2633652.09167834,1244472.02206848,"0","0","531",460.7,2026/05/24 16:25:52+00,,,,,,,,,,,,,,,,,,,,,
2633647.9435086,1244470.66436036,"0","0","532",460.9,2026/05/24 16:25:53+00,,,,,,,,,,,,,,,,,,,,,
2633646.58723141,1244469.98957552,"0","0","533",461,2026/05/24 16:25:54+00,,,,,,,,,,,,,,,,,,,,,
2633643.72166835,1244468.97268868,"0","0","534",461.1,2026/05/24 16:25:55+00,,,,,,,,,,,,,,,,,,,,,
2633639.86124022,1244470.17382584,"0","0","535",461.6,2026/05/24 16:25:56+00,,,,,,,,,,,,,,,,,,,,,
2633638.57044146,1244471.27834183,"0","0","536",461.8,2026/05/24 16:25:57+00,,,,,,,,,,,,,,,,,,,,,
2633636.96921912,1244473.82647826,"0","0","537",462.1,2026/05/24 16:25:58+00,,,,,,,,,,,,,,,,,,,,,
2633634.6829308,1244477.26019786,"0","0","538",462.6,2026/05/24 16:25:59+00,,,,,,,,,,,,,,,,,,,,,
2633633.92104523,1244478.36771145,"0","0","539",462.8,2026/05/24 16:26:00+00,,,,,,,,,,,,,,,,,,,,,
2633630.95788184,1244481.24168279,"0","0","540",463.3,2026/05/24 16:26:01+00,,,,,,,,,,,,,,,,,,,,,
2633630.19536768,1244482.46037631,"0","0","541",463.6,2026/05/24 16:26:02+00,,,,,,,,,,,,,,,,,,,,,
2633628.5129254,1244486.00870198,"0","0","542",464.2,2026/05/24 16:26:03+00,,,,,,,,,,,,,,,,,,,,,
2633627.97645825,1244487.33985923,"0","0","543",464.5,2026/05/24 16:26:04+00,,,,,,,,,,,,,,,,,,,,,
2633626.22097906,1244490.44303987,"0","0","544",465.1,2026/05/24 16:26:05+00,,,,,,,,,,,,,,,,,,,,,
2633625.7625902,1244491.32990756,"0","0","545",465.3,2026/05/24 16:26:06+00,,,,,,,,,,,,,,,,,,,,,
2633624.15885995,1244494.32276534,"0","0","546",465.9,2026/05/24 16:26:07+00,,,,,,,,,,,,,,,,,,,,,
2633623.62365388,1244495.43156413,"0","0","547",466.1,2026/05/24 16:26:08+00,,,,,,,,,,,,,,,,,,,,,
2633622.61998548,1244499.20610194,"0","0","548",466.8,2026/05/24 16:26:09+00,,,,,,,,,,,,,,,,,,,,,
2633622.08478013,1244500.31490089,"0","0","549",467.1,2026/05/24 16:26:10+00,,,,,,,,,,,,,,,,,,,,,
2633620.55409398,1244503.75290539,"0","0","550",467.7,2026/05/24 16:26:11+00,,,,,,,,,,,,,,,,,,,,,
2633620.09381813,1244504.97331187,"0","0","551",467.9,2026/05/24 16:26:12+00,,,,,,,,,,,,,,,,,,,,,
2633619.31808759,1244508.52677513,"0","0","552",468.5,2026/05/24 16:26:13+00,,,,,,,,,,,,,,,,,,,,,
2633619.01018809,1244509.5256786,"0","0","553",468.6,2026/05/24 16:26:14+00,,,,,,,,,,,,,,,,,,,,,
2633617.10360358,1244512.62800637,"0","0","554",469,2026/05/24 16:26:15+00,,,,,,,,,,,,,,,,,,,,,
2633616.49284223,1244513.73637801,"0","0","555",469.1,2026/05/24 16:26:16+00,,,,,,,,,,,,,,,,,,,,,
2633614.73485867,1244517.28428005,"0","0","556",469.5,2026/05/24 16:26:17+00,,,,,,,,,,,,,,,,,,,,,
2633614.57618816,1244518.61757775,"0","0","557",469.7,2026/05/24 16:26:18+00,,,,,,,,,,,,,,,,,,,,,
2633613.64682842,1244522.61490403,"0","0","558",470,2026/05/24 16:26:19+00,,,,,,,,,,,,,,,,,,,,,
2633613.26085453,1244524.05809781,"0","0","559",470.2,2026/05/24 16:26:20+00,,,,,,,,,,,,,,,,,,,,,
2633612.33338491,1244527.721886,"0","0","560",470.5,2026/05/24 16:26:21+00,,,,,,,,,,,,,,,,,,,,,
2633612.02422861,1244528.94314877,"0","0","561",470.6,2026/05/24 16:26:22+00,,,,,,,,,,,,,,,,,,,,,
2633611.99967943,1244533.27914729,"0","0","562",471,2026/05/24 16:26:23+00,,,,,,,,,,,,,,,,,,,,,
2633611.68989402,1244534.61158955,"0","0","563",471.1,2026/05/24 16:26:24+00,,,,,,,,,,,,,,,,,,,,,
2633610.53449435,1244538.49645369,"0","0","564",471.4,2026/05/24 16:26:25+00,,,,,,,,,,,,,,,,,,,,,
2633610.75361473,1244539.83189042,"0","0","565",471.5,2026/05/24 16:26:26+00,,,,,,,,,,,,,,,,,,,,,
2633610.35316559,1244543.83221187,"0","0","566",471.7,2026/05/24 16:26:27+00,,,,,,,,,,,,,,,,,,,,,
2633610.49798687,1244544.94486194,"0","0","567",471.8,2026/05/24 16:26:28+00,,,,,,,,,,,,,,,,,,,,,
2633609.80034253,1244548.05403677,"0","0","568",472,2026/05/24 16:26:29+00,,,,,,,,,,,,,,,,,,,,,
2633608.94654813,1244552.05179186,"0","0","569",472.2,2026/05/24 16:26:30+00,,,,,,,,,,,,,,,,,,,,,
2633608.48627832,1244553.2721994,"0","0","570",472.3,2026/05/24 16:26:31+00,,,,,,,,,,,,,,,,,,,,,
2633607.10421125,1244557.15578118,"0","0","571",472.5,2026/05/24 16:26:32+00,,,,,,,,,,,,,,,,,,,,,
2633606.87061515,1244558.37747205,"0","0","572",472.5,2026/05/24 16:26:33+00,,,,,,,,,,,,,,,,,,,,,
2633605.86507959,1244562.4855517,"0","0","573",472.7,2026/05/24 16:26:34+00,,,,,,,,,,,,,,,,,,,,,
2633605.78071105,1244564.04163643,"0","0","574",472.8,2026/05/24 16:26:35+00,,,,,,,,,,,,,,,,,,,,,
2633604.39738954,1244568.14757787,"0","0","575",473,2026/05/24 16:26:36+00,,,,,,,,,,,,,,,,,,,,,
2633603.86156437,1244569.36755813,"0","0","576",473,2026/05/24 16:26:37+00,,,,,,,,,,,,,,,,,,,,,
2633602.02804706,1244572.91503679,"0","0","577",473.2,2026/05/24 16:26:38+00,,,,,,,,,,,,,,,,,,,,,
2633601.26617972,1244574.02255486,"0","0","578",473.2,2026/05/24 16:26:39+00,,,,,,,,,,,,,,,,,,,,,
2633599.96030872,1244577.7953867,"0","0","579",473.4,2026/05/24 16:26:40+00,,,,,,,,,,,,,,,,,,,,,
2633599.27337054,1244579.01451215,"0","0","580",473.4,2026/05/24 16:26:41+00,,,,,,,,,,,,,,,,,,,,,
2633597.97190634,1244582.00908822,"0","0","581",473.5,2026/05/24 16:26:42+00,,,,,,,,,,,,,,,,,,,,,
2633596.51366619,1244586.00342463,"0","0","582",473.7,2026/05/24 16:26:43+00,,,,,,,,,,,,,,,,,,,,,
2633595.7505432,1244587.33330238,"0","0","583",473.7,2026/05/24 16:26:44+00,,,,,,,,,,,,,,,,,,,,,
2633593.53925002,1244590.87864594,"0","0","584",473.7,2026/05/24 16:26:45+00,,,,,,,,,,,,,,,,,,,,,
2633592.6262721,1244591.98531008,"0","0","585",473.7,2026/05/24 16:26:46+00,,,,,,,,,,,,,,,,,,,,,
2633590.86769649,1244595.64439941,"0","0","586",473.7,2026/05/24 16:26:47+00,,,,,,,,,,,,,,,,,,,,,
2633590.55854801,1244596.86566353,"0","0","587",473.7,2026/05/24 16:26:48+00,,,,,,,,,,,,,,,,,,,,,
2633589.40757723,1244599.97227613,"0","0","588",473.7,2026/05/24 16:26:49+00,,,,,,,,,,,,,,,,,,,,,
2633588.94920219,1244600.85914693,"0","0","589",473.7,2026/05/24 16:26:50+00,,,,,,,,,,,,,,,,,,,,,
2633587.73274024,1244602.18646083,"0","0","590",473.7,2026/05/24 16:26:51+00,,,,,,,,,,,,,,,,,,,,,
2633586.8940642,1244603.5159123,"0","0","591",473.7,2026/05/24 16:26:52+00,,,,,,,,,,,,,,,,,,,,,
2633586.73225705,1244605.40510842,"0","0","592",473.8,2026/05/24 16:26:53+00,,,,,,,,,,,,,,,,,,,,,
2633586.49740896,1244606.84915919,"0","0","593",473.8,2026/05/24 16:26:54+00,,,,,,,,,,,,,,,,,,,,,
2633586.18826194,1244608.07042357,"0","0","594",473.8,2026/05/24 16:26:55+00,,,,,,,,,,,,,,,,,,,,,
2633585.57688705,1244609.28997816,"0","0","595",473.8,2026/05/24 16:26:56+00,,,,,,,,,,,,,,,,,,,,,
2633585.11977122,1244609.95449033,"0","0","596",473.8,2026/05/24 16:26:57+00,,,,,,,,,,,,,,,,,,,,,
2633584.9692862,1244609.84245597,"0","0","597",473.8,2026/05/24 16:26:58+00,,,,,,,,,,,,,,,,,,,,,
2633585.65873385,1244608.17861086,"0","0","598",473.8,2026/05/24 16:26:59+00,,,,,,,,,,,,,,,,,,,,,
2633585.66628161,1244606.84445717,"0","0","599",473.8,2026/05/24 16:27:00+00,,,,,,,,,,,,,,,,,,,,,
2633585.81928262,1244606.51177365,"0","0","600",473.8,2026/05/24 16:27:01+00,,,,,,,,,,,,,,,,,,,,,
2633585.97039669,1244606.51262856,"0","0","601",473.8,2026/05/24 16:27:02+00,,,,,,,,,,,,,,,,,,,,,
2633585.67005549,1244606.17738032,"0","0","602",473.8,2026/05/24 16:27:03+00,,,,,,,,,,,,,,,,,,,,,
2633585.44652924,1244605.6202006,"0","0","603",473.8,2026/05/24 16:27:04+00,,,,,,,,,,,,,,,,,,,,,
2633586.43191583,1244605.06986015,"0","0","604",473.8,2026/05/24 16:27:05+00,,,,,,,,,,,,,,,,,,,,,
2633587.04077531,1244604.29502355,"0","0","605",473.8,2026/05/24 16:27:06+00,,,,,,,,,,,,,,,,,,,,,
2633587.0401463,1244604.40620303,"0","0","606",473.9,2026/05/24 16:27:07+00,,,,,,,,,,,,,,,,,,,,,
2633586.66361898,1244604.18170674,"0","0","607",473.9,2026/05/24 16:27:08+00,,,,,,,,,,,,,,,,,,,,,
2633586.73854705,1244604.29331369,"0","0","608",473.9,2026/05/24 16:27:09+00,,,,,,,,,,,,,,,,,,,,,
2633587.04392034,1244603.73912619,"0","0","609",473.9,2026/05/24 16:27:10+00,,,,,,,,,,,,,,,,,,,,,
2633587.34551961,1244603.85201555,"0","0","610",473.9,2026/05/24 16:27:11+00,,,,,,,,,,,,,,,,,,,,,
2633587.0401463,1244604.40620303,"0","0","611",473.9,2026/05/24 16:27:12+00,,,,,,,,,,,,,,,,,,,,,
2633586.96521824,1244604.29459609,"0","0","612",473.9,2026/05/24 16:27:13+00,,,,,,,,,,,,,,,,,,,,,
2633586.58806192,1244604.18127928,"0","0","613",473.9,2026/05/24 16:27:14+00,,,,,,,,,,,,,,,,,,,,,
2633586.20838962,1244604.5126804,"0","0","614",473.9,2026/05/24 16:27:15+00,,,,,,,,,,,,,,,,,,,,,
2633586.13283256,1244604.51225294,"0","0","615",473.9,2026/05/24 16:27:16+00,,,,,,,,,,,,,,,,,,,,,
2633586.28331769,1244604.62428733,"0","0","616",473.9,2026/05/24 16:27:17+00,,,,,,,,,,,,,,,,,,,,,
2633586.28394668,1244604.51310786,"0","0","617",473.9,2026/05/24 16:27:18+00,,,,,,,,,,,,,,,,,,,,,
2633585.98108945,1244604.6225775,"0","0","618",473.9,2026/05/24 16:27:19+00,,,,,,,,,,,,,,,,,,,,,
2633586.05664651,1244604.62300496,"0","0","619",473.9,2026/05/24 16:27:20+00,,,,,,,,,,,,,,,,,,,,,
2633586.05601752,1244604.73418443,"0","0","620",473.9,2026/05/24 16:27:21+00,,,,,,,,,,,,,,,,,,,,,
2633585.3010759,1244604.61873044,"0","0","621",473.9,2026/05/24 16:27:22+00,,,,,,,,,,,,,,,,,,,,,
2633585.14807487,1244604.95141397,"0","0","622",473.9,2026/05/24 16:27:23+00,,,,,,,,,,,,,,,,,,,,,
2633584.84395976,1244605.28324262,"0","0","623",473.9,2026/05/24 16:27:24+00,,,,,,,,,,,,,,,,,,,,,
2633584.61980444,1244604.8372424,"0","0","624",473.9,2026/05/24 16:27:25+00,,,,,,,,,,,,,,,,,,,,,
2633584.46680345,1244605.16992595,"0","0","625",473.9,2026/05/24 16:27:26+00,,,,,,,,,,,,,,,,,,,,,
2633584.31317353,1244605.61378898,"0","0","626",473.9,2026/05/24 16:27:27+00,,,,,,,,,,,,,,,,,,,,,
2633584.38684371,1244605.94775483,"0","0","627",473.9,2026/05/24 16:27:28+00,,,,,,,,,,,,,,,,,,,,,
2633584.91574301,1244605.9507469,"0","0","628",473.9,2026/05/24 16:27:29+00,,,,,,,,,,,,,,,,,,,,,
2633585.44338436,1244606.17609797,"0","0","629",473.9,2026/05/24 16:27:31+00,,,,,,,,,,,,,,,,,,,,,
2633585.97228365,1244606.17909014,"0","0","630",473.9,2026/05/24 16:27:32+00,,,,,,,,,,,,,,,,,,,,,
2633585.66942651,1244606.2885598,"0","0","631",473.9,2026/05/24 16:27:33+00,,,,,,,,,,,,,,,,,,,,,
2633585.89798458,1244605.95630373,"0","0","632",473.9,2026/05/24 16:27:34+00,,,,,,,,,,,,,,,,,,,,,
2633585.74938641,1244605.51073093,"0","0","633",473.9,2026/05/24 16:27:35+00,,,,,,,,,,,,,,,,,,,,,
2633585.89924254,1244605.73394479,"0","0","634",473.9,2026/05/24 16:27:36+00,,,,,,,,,,,,,,,,,,,,,
2633586.12276874,1244606.29112452,"0","0","635",474,2026/05/24 16:27:37+00,,,,,,,,,,,,,,,,,,,,,
2633586.04972765,1244605.84597917,"0","0","636",474,2026/05/24 16:27:38+00,,,,,,,,,,,,,,,,,,,,,
2633585.97479959,1244605.73437224,"0","0","637",474,2026/05/24 16:27:39+00,,,,,,,,,,,,,,,,,,,,,
2633586.12717166,1244605.5128682,"0","0","638",474,2026/05/24 16:27:40+00,,,,,,,,,,,,,,,,,,,,,
2633587.03259824,1244605.74035671,"0","0","639",474,2026/05/24 16:27:41+00,,,,,,,,,,,,,,,,,,,,,
2633586.95578318,1244605.96228819,"0","0","640",474,2026/05/24 16:27:42+00,,,,,,,,,,,,,,,,,,,,,
2633586.87645212,1244606.62893757,"0","0","641",474,2026/05/24 16:27:43+00,,,,,,,,,,,,,,,,,,,,,
2633586.80215309,1244606.40615116,"0","0","642",474,2026/05/24 16:27:44+00,,,,,,,,,,,,,,,,,,,,,
2633586.49803795,1244606.73797972,"0","0","643",474,2026/05/24 16:27:45+00,,,,,,,,,,,,,,,,,,,,,
2633586.04343778,1244606.95777392,"0","0","644",474,2026/05/24 16:27:46+00,,,,,,,,,,,,,,,,,,,,,
2633585.74498355,1244606.28898725,"0","0","645",474,2026/05/24 16:27:47+00,,,,,,,,,,,,,,,,,,,,,
2633585.66879753,1244606.39973927,"0","0","646",474,2026/05/24 16:27:48+00,,,,,,,,,,,,,,,,,,,,,
2633585.66879753,1244606.39973927,"0","0","647",474,2026/05/24 16:27:49+00,,,,,,,,,,,,,,,,,,,,,
2633585.14304311,1244605.84084976,"0","0","648",474,2026/05/24 16:27:50+00,,,,,,,,,,,,,,,,,,,,,
2633585.21734221,1244606.06363616,"0","0","649",474,2026/05/24 16:27:51+00,,,,,,,,,,,,,,,,,,,,,
2633585.21671324,1244606.17481563,"0","0","650",474,2026/05/24 16:27:52+00,,,,,,,,,,,,,,,,,,,,,
2633585.14052723,1244606.28556765,"0","0","651",474,2026/05/24 16:27:53+00,,,,,,,,,,,,,,,,,,,,,
2633585.52082834,1244605.842987,"0","0","652",474,2026/05/24 16:27:54+00,,,,,,,,,,,,,,,,,,,,,
2633585.51831243,1244606.2877049,"0","0","653",474,2026/05/24 16:27:55+00,,,,,,,,,,,,,,,,,,,,,
2633585.74561253,1244606.17780777,"0","0","654",474,2026/05/24 16:27:56+00,,,,,,,,,,,,,,,,,,,,,
2633585.29918899,1244604.95226886,"0","0","655",474,2026/05/24 16:27:57+00,,,,,,,,,,,,,,,,,,,,,
2633585.89987153,1244605.62276531,"0","0","656",474,2026/05/24 16:27:58+00,,,,,,,,,,,,,,,,,,,,,
2633586.42939986,1244605.51457804,"0","0","657",474,2026/05/24 16:27:59+00,,,,,,,,,,,,,,,,,,,,,
2633586.9589282,1244605.40639082,"0","0","658",474.1,2026/05/24 16:28:00+00,,,,,,,,,,,,,,,,,,,,,
2633587.03511426,1244605.29563882,"0","0","659",474.1,2026/05/24 16:28:01+00,,,,,,,,,,,,,,,,,,,,,
2633587.41352853,1244605.1865967,"0","0","660",474.1,2026/05/24 16:28:02+00,,,,,,,,,,,,,,,,,,,,,
2633587.56338461,1244605.4098106,"0","0","661",474.1,2026/05/24 16:28:03+00,,,,,,,,,,,,,,,,,,,,,
2633587.78942674,1244605.5222725,"0","0","662",474.1,2026/05/24 16:28:04+00,,,,,,,,,,,,,,,,,,,,,
2633587.78942674,1244605.5222725,"0","0","663",474.1,2026/05/24 16:28:05+00,,,,,,,,,,,,,,,,,,,,,
2633587.78942674,1244605.5222725,"0","0","664",474.1,2026/05/24 16:28:06+00,,,,,,,,,,,,,,,,,,,,,
2633587.78942674,1244605.5222725,"0","0","665",474.1,2026/05/24 16:28:07+00,,,,,,,,,,,,,,,,,,,,,
2633588.09039688,1244605.74634138,"0","0","666",474.1,2026/05/24 16:28:08+00,,,,,,,,,,,,,,,,,,,,,
2633588.08913883,1244605.96870033,"0","0","667",474.1,2026/05/24 16:28:09+00,,,,,,,,,,,,,,,,,,,,,
2633588.23962389,1244606.08073477,"0","0","668",474.1,2026/05/24 16:28:11+00,,,,,,,,,,,,,,,,,,,,,
2633588.08976786,1244605.85752085,"0","0","669",474.1,2026/05/24 16:28:12+00,,,,,,,,,,,,,,,,,,,,,
2633588.08913883,1244605.96870033,"0","0","670",474.1,2026/05/24 16:28:13+00,,,,,,,,,,,,,,,,,,,,,
2633587.9367667,1244606.19020431,"0","0","671",474.1,2026/05/24 16:28:14+00,,,,,,,,,,,,,,,,,,,,,
2633587.9367667,1244606.19020431,"0","0","672",474.1,2026/05/24 16:28:15+00,,,,,,,,,,,,,,,,,,,,,
2633587.93613768,1244606.30138378,"0","0","673",474.1,2026/05/24 16:28:16+00,,,,,,,,,,,,,,,,,,,,,
2633587.93613768,1244606.30138378,"0","0","674",474.1,2026/05/24 16:28:17+00,,,,,,,,,,,,,,,,,,,,,
2633587.93613768,1244606.30138378,"0","0","675",474.1,2026/05/24 16:28:18+00,,,,,,,,,,,,,,,,,,,,,
2633587.86058064,1244606.3009563,"0","0","676",474.1,2026/05/24 16:28:19+00,,,,,,,,,,,,,,,,,,,,,
2633588.01169472,1244606.30181126,"0","0","677",474.1,2026/05/24 16:28:20+00,,,,,,,,,,,,,,,,,,,,,
2633587.93613768,1244606.30138378,"0","0","678",474.1,2026/05/24 16:28:21+00,,,,,,,,,,,,,,,,,,,,,
2633588.01232374,1244606.19063179,"0","0","679",474.1,2026/05/24 16:28:22+00,,,,,,,,,,,,,,,,,,,,,
2633588.08725175,1244606.30223875,"0","0","680",474.1,2026/05/24 16:28:23+00,,,,,,,,,,,,,,,,,,,,,
2633588.08725175,1244606.30223875,"0","0","681",474.1,2026/05/24 16:28:24+00,,,,,,,,,,,,,,,,,,,,,
2633588.38947991,1244606.30394869,"0","0","682",474.1,2026/05/24 16:28:25+00,,,,,,,,,,,,,,,,,,,,,
2633588.38822185,1244606.52630763,"0","0","683",474.1,2026/05/24 16:28:26+00,,,,,,,,,,,,,,,,,,,,,
2633588.38885088,1244606.41512816,"0","0","684",474.1,2026/05/24 16:28:27+00,,,,,,,,,,,,,,,,,,,,,
2633588.46314985,1244606.63791459,"0","0","685",474.1,2026/05/24 16:28:28+00,,,,,,,,,,,,,,,,,,,,,
2633588.38633475,1244606.85984605,"0","0","686",474.1,2026/05/24 16:28:29+00,,,,,,,,,,,,,,,,,,,,,
2633588.53556172,1244607.19423945,"0","0","687",474.1,2026/05/24 16:28:30+00,,,,,,,,,,,,,,,,,,,,,
2633588.38444766,1244607.19338448,"0","0","688",474.1,2026/05/24 16:28:31+00,,,,,,,,,,,,,,,,,,,,,
2633588.38381863,1244607.30456395,"0","0","689",474.1,2026/05/24 16:28:32+00,,,,,,,,,,,,,,,,,,,,,
2633588.38381863,1244607.30456395,"0","0","690",474.1,2026/05/24 16:28:33+00,,,,,,,,,,,,,,,,,,,,,
2633588.38381863,1244607.30456395,"0","0","691",474.1,2026/05/24 16:28:34+00,,,,,,,,,,,,,,,,,,,,,
2633588.38256057,1244607.5269229,"0","0","692",474.1,2026/05/24 16:28:35+00,,,,,,,,,,,,,,,,,,,,,
2633588.30763257,1244607.41531594,"0","0","693",474.1,2026/05/24 16:28:36+00,,,,,,,,,,,,,,,,,,,,,
2633588.08473565,1244606.74695664,"0","0","694",474.1,2026/05/24 16:28:37+00,,,,,,,,,,,,,,,,,,,,,
2633587.93236354,1244606.96846063,"0","0","695",474.1,2026/05/24 16:28:38+00,,,,,,,,,,,,,,,,,,,,,
2633587.47902136,1244606.96589576,"0","0","696",474.1,2026/05/24 16:28:39+00,,,,,,,,,,,,,,,,,,,,,
2633586.87708113,1244606.51775809,"0","0","697",474.1,2026/05/24 16:28:40+00,,,,,,,,,,,,,,,,,,,,,
2633586.27388282,1244606.29197944,"0","0","698",474.1,2026/05/24 16:28:41+00,,,,,,,,,,,,,,,,,,,,,
2633586.19769679,1244606.40273146,"0","0","699",474.1,2026/05/24 16:28:42+00,,,,,,,,,,,,,,,,,,,,,
2633586.19769679,1244606.40273146,"0","0","700",474.1,2026/05/24 16:28:43+00,,,,,,,,,,,,,,,,,,,,,
2633585.52019936,1244605.95416647,"0","0","701",474.1,2026/05/24 16:28:44+00,,,,,,,,,,,,,,,,,,,,,
2633585.52019936,1244605.95416647,"0","0","702",474.1,2026/05/24 16:28:45+00,,,,,,,,,,,,,,,,,,,,,
2633585.52019936,1244605.95416647,"0","0","703",474.1,2026/05/24 16:28:46+00,,,,,,,,,,,,,,,,,,,,,
2633584.7684027,1244605.28281517,"0","0","704",474.1,2026/05/24 16:28:47+00,,,,,,,,,,,,,,,,,,,,,
2633584.47372198,1244603.94695173,"0","0","705",474.2,2026/05/24 16:28:48+00,,,,,,,,,,,,,,,,,,,,,
2633583.94167776,1244604.49985707,"0","0","706",474.2,2026/05/24 16:28:49+00,,,,,,,,,,,,,,,,,,,,,
2633581.58683077,1244606.71019671,"0","0","707",474.2,2026/05/24 16:28:50+00,,,,,,,,,,,,,,,,,,,,,
2633578.01992926,1244609.46959688,"0","0","708",474.2,2026/05/24 16:28:51+00,,,,,,,,,,,,,,,,,,,,,
2633576.19209883,1244612.01646861,"0","0","709",474.3,2026/05/24 16:28:52+00,,,,,,,,,,,,,,,,,,,,,
2633573.38391608,1244614.22424759,"0","0","710",474.4,2026/05/24 16:28:53+00,,,,,,,,,,,,,,,,,,,,,
2633569.81890896,1244616.65011431,"0","0","711",474.6,2026/05/24 16:28:54+00,,,,,,,,,,,,,,,,,,,,,
2633568.23032795,1244616.97468072,"0","0","712",474.7,2026/05/24 16:28:55+00,,,,,,,,,,,,,,,,,,,,,
2633565.13312352,1244616.84598565,"0","0","713",474.9,2026/05/24 16:28:56+00,,,,,,,,,,,,,,,,,,,,,
2633561.88417663,1244616.82761738,"0","0","714",475.1,2026/05/24 16:28:57+00,,,,,,,,,,,,,,,,,,,,,
2633558.40981595,1244616.58561061,"0","0","715",475.3,2026/05/24 16:28:58+00,,,,,,,,,,,,,,,,,,,,,
2633554.62380137,1244618.00958986,"0","0","716",475.5,2026/05/24 16:28:59+00,,,,,,,,,,,,,,,,,,,,,
2633553.03773506,1244617.88944242,"0","0","717",475.6,2026/05/24 16:29:00+00,,,,,,,,,,,,,,,,,,,,,
2633549.25360752,1244618.97988667,"0","0","718",475.9,2026/05/24 16:29:01+00,,,,,,,,,,,,,,,,,,,,,
2633547.89232718,1244619.19456001,"0","0","719",476,2026/05/24 16:29:02+00,,,,,,,,,,,,,,,,,,,,,
2633544.19004033,1244619.17363964,"0","0","720",476.2,2026/05/24 16:29:03+00,,,,,,,,,,,,,,,,,,,,,
2633542.7544597,1244619.16552828,"0","0","721",476.3,2026/05/24 16:29:04+00,,,,,,,,,,,,,,,,,,,,,
2633539.19198061,1244621.14669554,"0","0","722",476.6,2026/05/24 16:29:05+00,,,,,,,,,,,,,,,,,,,,,
2633537.82630457,1244622.13962759,"0","0","723",476.8,2026/05/24 16:29:06+00,,,,,,,,,,,,,,,,,,,,,
2633534.49866363,1244622.67674492,"0","0","724",477,2026/05/24 16:29:07+00,,,,,,,,,,,,,,,,,,,,,
2633530.79261124,1244623.32290983,"0","0","725",477.3,2026/05/24 16:29:08+00,,,,,,,,,,,,,,,,,,,,,
2633529.35514785,1244623.64834018,"0","0","726",477.4,2026/05/24 16:29:09+00,,,,,,,,,,,,,,,,,,,,,
2633526.62380068,1244625.63420915,"0","0","727",477.7,2026/05/24 16:29:10+00,,,,,,,,,,,,,,,,,,,,,
2633522.46001575,1244627.05607551,"0","0","728",478,2026/05/24 16:29:11+00,,,,,,,,,,,,,,,,,,,,,
2633521.02129819,1244627.60386685,"0","0","729",478.1,2026/05/24 16:29:12+00,,,,,,,,,,,,,,,,,,,,,
2633518.29372195,1244628.92266275,"0","0","730",478.4,2026/05/24 16:29:13+00,,,,,,,,,,,,,,,,,,,,,
2633514.96106541,1244630.34922698,"0","0","731",478.6,2026/05/24 16:29:14+00,,,,,,,,,,,,,,,,,,,,,
2633513.97694498,1244630.67722038,"0","0","732",478.7,2026/05/24 16:29:15+00,,,,,,,,,,,,,,,,,,,,,
2633510.42013062,1244631.65778959,"0","0","733",479,2026/05/24 16:29:16+00,,,,,,,,,,,,,,,,,,,,,
2633509.36045395,1244631.98535727,"0","0","734",479.1,2026/05/24 16:29:17+00,,,,,,,,,,,,,,,,,,,,,
2633505.57634358,1244633.07582946,"0","0","735",479.4,2026/05/24 16:29:18+00,,,,,,,,,,,,,,,,,,,,,
2633504.13951143,1244633.29008644,"0","0","736",479.5,2026/05/24 16:29:19+00,,,,,,,,,,,,,,,,,,,,,
2633501.03666778,1244634.16204029,"0","0","737",479.7,2026/05/24 16:29:20+00,,,,,,,,,,,,,,,,,,,,,
2633497.85952306,1244634.81121046,"0","0","738",480,2026/05/24 16:29:21+00,,,,,,,,,,,,,,,,,,,,,
2633494.90967632,1244635.35048171,"0","0","739",480.2,2026/05/24 16:29:22+00,,,,,,,,,,,,,,,,,,,,,
2633491.20050025,1244636.55256888,"0","0","740",480.5,2026/05/24 16:29:23+00,,,,,,,,,,,,,,,,,,,,,
2633489.99096661,1244636.65692855,"0","0","741",480.6,2026/05/24 16:29:24+00,,,,,,,,,,,,,,,,,,,,,
2633487.71172416,1244638.86773192,"0","0","742",480.8,2026/05/24 16:29:25+00,,,,,,,,,,,,,,,,,,,,,
2633487.02732462,1244639.6421526,"0","0","743",480.8,2026/05/24 16:29:26+00,,,,,,,,,,,,,,,,,,,,,
2633485.96639646,1244640.19208346,"0","0","744",480.9,2026/05/24 16:29:27+00,,,,,,,,,,,,,,,,,,,,,
2633484.67817162,1244640.85191551,"0","0","745",481,2026/05/24 16:29:28+00,,,,,,,,,,,,,,,,,,,,,
2633483.69280049,1244641.40227294,"0","0","746",481.1,2026/05/24 16:29:29+00,,,,,,,,,,,,,,,,,,,,,
2633482.63814347,1244640.84040945,"0","0","747",481.2,2026/05/24 16:29:30+00,,,,,,,,,,,,,,,,,,,,,
2633482.86418621,1244640.95286736,"0","0","748",481.2,2026/05/24 16:29:31+00,,,,,,,,,,,,,,,,,,,,,
2633483.69969826,1244640.17929849,"0","0","749",481.3,2026/05/24 16:29:32+00,,,,,,,,,,,,,,,,,,,,,
2633483.70032533,1244640.06811899,"0","0","750",481.3,2026/05/24 16:29:33+00,,,,,,,,,,,,,,,,,,,,,
2633484.00255177,1244640.06982361,"0","0","751",481.3,2026/05/24 16:29:34+00,,,,,,,,,,,,,,,,,,,,,
2633484.38158897,1244639.8495954,"0","0","752",481.3,2026/05/24 16:29:35+00,,,,,,,,,,,,,,,,,,,,,
2633483.84830319,1244640.62486878,"0","0","753",481.4,2026/05/24 16:29:36+00,,,,,,,,,,,,,,,,,,,,,
2633483.16265023,1244641.6216489,"0","0","754",481.4,2026/05/24 16:29:37+00,,,,,,,,,,,,,,,,,,,,,
2633482.70742955,1244641.95263054,"0","0","755",481.5,2026/05/24 16:29:38+00,,,,,,,,,,,,,,,,,,,,,
2633482.63751642,1244640.95158894,"0","0","756",481.5,2026/05/24 16:29:39+00,,,,,,,,,,,,,,,,,,,,,
2633482.94287808,1244640.39739602,"0","0","757",481.6,2026/05/24 16:29:40+00,,,,,,,,,,,,,,,,,,,,,
2633483.32379642,1244639.84362926,"0","0","758",481.6,2026/05/24 16:29:41+00,,,,,,,,,,,,,,,,,,,,,
2633483.63041234,1244639.06707739,"0","0","759",481.6,2026/05/24 16:29:42+00,,,,,,,,,,,,,,,,,,,,,
2633484.46467059,1244638.51586763,"0","0","760",481.7,2026/05/24 16:29:43+00,,,,,,,,,,,,,,,,,,,,,
2633484.23737363,1244638.62576864,"0","0","761",481.7,2026/05/24 16:29:44+00,,,,,,,,,,,,,,,,,,,,,
2633484.76627001,1244638.62875177,"0","0","762",481.7,2026/05/24 16:29:45+00,,,,,,,,,,,,,,,,,,,,,
2633484.76752419,1244638.40639278,"0","0","763",481.7,2026/05/24 16:29:46+00,,,,,,,,,,,,,,,,,,,,,
2633485.37573984,1244637.74272516,"0","0","764",481.8,2026/05/24 16:29:48+00,,,,,,,,,,,,,,,,,,,,,
2633485.071632,1244638.07455897,"0","0","765",481.8,2026/05/24 16:29:49+00,,,,,,,,,,,,,,,,,,,,,
2633484.54398973,1244637.84921682,"0","0","766",481.8,2026/05/24 16:29:50+00,,,,,,,,,,,,,,,,,,,,,
2633484.16683363,1244637.73590653,"0","0","767",481.9,2026/05/24 16:29:51+00,,,,,,,,,,,,,,,,,,,,,
2633484.54587099,1244637.51567834,"0","0","768",481.9,2026/05/24 16:29:52+00,,,,,,,,,,,,,,,,,,,,,
2633484.24364443,1244637.5139737,"0","0","769",481.9,2026/05/24 16:29:53+00,,,,,,,,,,,,,,,,,,,,,
2633484.39538479,1244637.40364652,"0","0","770",481.9,2026/05/24 16:29:54+00,,,,,,,,,,,,,,,,,,,,,
2633483.41001312,1244637.95400399,"0","0","771",482,2026/05/24 16:29:55+00,,,,,,,,,,,,,,,,,,,,,
2633483.25952691,1244637.8419722,"0","0","772",482,2026/05/24 16:29:56+00,,,,,,,,,,,,,,,,,,,,,
2633482.95604625,1244638.06262662,"0","0","773",482,2026/05/24 16:29:57+00,,,,,,,,,,,,,,,,,,,,,
2633482.9554192,1244638.17380611,"0","0","774",482,2026/05/24 16:29:58+00,,,,,,,,,,,,,,,,,,,,,
2633482.87547319,1244638.95163644,"0","0","775",482,2026/05/24 16:29:59+00,,,,,,,,,,,,,,,,,,,,,
2633483.09963482,1244639.39763284,"0","0","776",482.1,2026/05/24 16:30:00+00,,,,,,,,,,,,,,,,,,,,,
2633483.40060716,1244639.62169642,"0","0","777",482.1,2026/05/24 16:30:01+00,,,,,,,,,,,,,,,,,,,,,
2633484.07810837,1244640.07024976,"0","0","778",482.1,2026/05/24 16:30:02+00,,,,,,,,,,,,,,,,,,,,,
2633483.99816224,1244640.84808008,"0","0","779",482.2,2026/05/24 16:30:03+00,,,,,,,,,,,,,,,,,,,,,
2633484.45087474,1244640.96181652,"0","0","780",482.2,2026/05/24 16:30:04+00,,,,,,,,,,,,,,,,,,,,,
2633484.22232371,1244641.29407653,"0","0","781",482.2,2026/05/24 16:30:05+00,,,,,,,,,,,,,,,,,,,,,
2633484.22106955,1244641.51643552,"0","0","782",482.2,2026/05/24 16:30:06+00,,,,,,,,,,,,,,,,,,,,,
2633483.38618468,1244642.17882481,"0","0","783",482.3,2026/05/24 16:30:07+00,,,,,,,,,,,,,,,,,,,,,
2633482.55192704,1244642.73003473,"0","0","784",482.3,2026/05/24 16:30:08+00,,,,,,,,,,,,,,,,,,,,,
2633481.79259909,1244643.3928504,"0","0","785",482.3,2026/05/24 16:30:09+00,,,,,,,,,,,,,,,,,,,,,
2633480.95834177,1244643.94406054,"0","0","786",482.4,2026/05/24 16:30:10+00,,,,,,,,,,,,,,,,,,,,,
2633480.19901416,1244644.60687641,"0","0","787",482.4,2026/05/24 16:30:11+00,,,,,,,,,,,,,,,,,,,,,
2633479.36475716,1244645.15808678,"0","0","788",482.4,2026/05/24 16:30:12+00,,,,,,,,,,,,,,,,,,,,,
2633475.42954775,1244646.24772607,"0","0","789",482.6,2026/05/24 16:30:13+00,,,,,,,,,,,,,,,,,,,,,
2633471.11969139,1244646.77934053,"0","0","790",482.7,2026/05/24 16:30:14+00,,,,,,,,,,,,,,,,,,,,,
2633467.79520439,1244646.76059787,"0","0","791",482.8,2026/05/24 16:30:15+00,,,,,,,,,,,,,,,,,,,,,
2633464.01299133,1244647.51755815,"0","0","792",483,2026/05/24 16:30:16+00,,,,,,,,,,,,,,,,,,,,,
2633459.85299673,1244648.27239161,"0","0","793",483.1,2026/05/24 16:30:17+00,,,,,,,,,,,,,,,,,,,,,
2633455.08604513,1244649.46853967,"0","0","794",483.2,2026/05/24 16:30:18+00,,,,,,,,,,,,,,,,,,,,,
2633453.04414045,1244649.79058229,"0","0","795",483.3,2026/05/24 16:30:19+00,,,,,,,,,,,,,,,,,,,,,
2633448.43770054,1244649.31989471,"0","0","796",483.4,2026/05/24 16:30:20+00,,,,,,,,,,,,,,,,,,,,,
2633445.10945689,1244649.96824179,"0","0","797",483.5,2026/05/24 16:30:21+00,,,,,,,,,,,,,,,,,,,,,
2633441.70878892,1244650.06026761,"0","0","798",483.6,2026/05/24 16:30:22+00,,,,,,,,,,,,,,,,,,,,,
2633438.45735535,1244650.48668504,"0","0","799",483.7,2026/05/24 16:30:23+00,,,,,,,,,,,,,,,,,,,,,
2633436.87129556,1244650.3665687,"0","0","800",483.7,2026/05/24 16:30:24+00,,,,,,,,,,,,,,,,,,,,,
2633433.91833159,1244651.46176787,"0","0","801",483.8,2026/05/24 16:30:25+00,,,,,,,,,,,,,,,,,,,,,
2633430.81550798,1244652.33375855,"0","0","802",483.8,2026/05/24 16:30:26+00,,,,,,,,,,,,,,,,,,,,,
2633427.41421562,1244652.53697208,"0","0","803",483.9,2026/05/24 16:30:27+00,,,,,,,,,,,,,,,,,,,,,
2633424.98388985,1244654.74694882,"0","0","804",484,2026/05/24 16:30:28+00,,,,,,,,,,,,,,,,,,,,,
2633421.72933056,1244655.72927297,"0","0","805",484,2026/05/24 16:30:29+00,,,,,,,,,,,,,,,,,,,,,
2633419.22470357,1244657.71646772,"0","0","806",484.1,2026/05/24 16:30:30+00,,,,,,,,,,,,,,,,,,,,,
2633416.72007826,1244659.70366353,"0","0","807",484.1,2026/05/24 16:30:31+00,,,,,,,,,,,,,,,,,,,,,
2633414.81677638,1244662.25016011,"0","0","808",484.1,2026/05/24 16:30:32+00,,,,,,,,,,,,,,,,,,,,,
2633411.55909433,1244663.78838742,"0","0","809",484.2,2026/05/24 16:30:33+00,,,,,,,,,,,,,,,,,,,,,
2633408.7528747,1244665.66270621,"0","0","810",484.2,2026/05/24 16:30:34+00,,,,,,,,,,,,,,,,,,,,,
2633406.02096186,1244667.75981052,"0","0","811",484.3,2026/05/24 16:30:35+00,,,,,,,,,,,,,,,,,,,,,
2633403.29217878,1244669.30101854,"0","0","812",484.3,2026/05/24 16:30:36+00,,,,,,,,,,,,,,,,,,,,,
2633400.25616821,1244671.72996358,"0","0","813",484.4,2026/05/24 16:30:37+00,,,,,,,,,,,,,,,,,,,,,
2633396.84300469,1244674.04560544,"0","0","814",484.4,2026/05/24 16:30:38+00,,,,,,,,,,,,,,,,,,,,,
2633394.18853227,1244675.80960176,"0","0","815",484.5,2026/05/24 16:30:39+00,,,,,,,,,,,,,,,,,,,,,
2633390.10850004,1244675.78665265,"0","0","816",484.6,2026/05/24 16:30:40+00,,,,,,,,,,,,,,,,,,,,,
2633385.79492173,1244676.98540632,"0","0","817",484.6,2026/05/24 16:30:41+00,,,,,,,,,,,,,,,,,,,,,
2633384.28317377,1244677.08808798,"0","0","818",484.6,2026/05/24 16:30:42+00,,,,,,,,,,,,,,,,,,,,,
2633380.87752135,1244678.06958488,"0","0","819",484.7,2026/05/24 16:30:43+00,,,,,,,,,,,,,,,,,,,,,
2633379.89404149,1244678.28642107,"0","0","820",484.7,2026/05/24 16:30:44+00,,,,,,,,,,,,,,,,,,,,,
2633378.37229242,1244680.16797653,"0","0","821",484.7,2026/05/24 16:30:45+00,,,,,,,,,,,,,,,,,,,,,
2633377.53992519,1244680.38566274,"0","0","822",484.7,2026/05/24 16:30:46+00,,,,,,,,,,,,,,,,,,,,,
2633376.70693296,1244680.71452859,"0","0","823",484.7,2026/05/24 16:30:47+00,,,,,,,,,,,,,,,,,,,,,
2633376.55582078,1244680.71367901,"0","0","824",484.7,2026/05/24 16:30:48+00,,,,,,,,,,,,,,,,,,,,,
2633376.09935897,1244681.26702792,"0","0","825",484.7,2026/05/24 16:30:49+00,,,,,,,,,,,,,,,,,,,,,
2633375.41997927,1244681.15202543,"0","0","826",484.8,2026/05/24 16:30:50+00,,,,,,,,,,,,,,,,,,,,,
2633373.83205147,1244681.36546451,"0","0","827",484.8,2026/05/24 16:30:51+00,,,,,,,,,,,,,,,,,,,,,
2633372.84607245,1244682.02701996,"0","0","828",484.8,2026/05/24 16:30:52+00,,,,,,,,,,,,,,,,,,,,,
2633372.77301635,1244681.58187714,"0","0","829",484.8,2026/05/24 16:30:53+00,,,,,,,,,,,,,,,,,,,,,
2633372.69871025,1244681.35909337,"0","0","830",484.8,2026/05/24 16:30:54+00,,,,,,,,,,,,,,,,,,,,,
2633373.3025339,1244681.4736708,"0","0","831",484.8,2026/05/24 16:30:55+00,,,,,,,,,,,,,,,,,,,,,
2633373.52607711,1244682.03084263,"0","0","832",484.8,2026/05/24 16:30:56+00,,,,,,,,,,,,,,,,,,,,,
2633374.0543446,1244682.1449954,"0","0","833",484.8,2026/05/24 16:30:57+00,,,,,,,,,,,,,,,,,,,,,
2633373.97566345,1244682.70046824,"0","0","834",484.8,2026/05/24 16:30:58+00,,,,,,,,,,,,,,,,,,,,,
2633374.20295667,1244682.59056298,"0","0","835",484.8,2026/05/24 16:30:59+00,,,,,,,,,,,,,,,,,,,,,
2633374.20295667,1244682.59056298,"0","0","836",484.8,2026/05/24 16:31:00+00,,,,,,,,,,,,,,,,,,,,,
2633374.27976277,1244682.3686287,"0","0","837",484.8,2026/05/24 16:31:01+00,,,,,,,,,,,,,,,,,,,,,
2633374.507056,1244682.25872345,"0","0","838",484.8,2026/05/24 16:31:02+00,,,,,,,,,,,,,,,,,,,,,
2633374.43274998,1244682.03593965,"0","0","839",484.8,2026/05/24 16:31:03+00,,,,,,,,,,,,,,,,,,,,,
2633374.20545674,1244682.14584491,"0","0","840",484.8,2026/05/24 16:31:04+00,,,,,,,,,,,,,,,,,,,,,
2633373.97816351,1244682.25575016,"0","0","841",484.8,2026/05/24 16:31:05+00,,,,,,,,,,,,,,,,,,,,,
2633373.59913315,1244682.47598546,"0","0","842",484.8,2026/05/24 16:31:06+00,,,,,,,,,,,,,,,,,,,,,
2633373.45052103,1244682.03041789,"0","0","843",484.8,2026/05/24 16:31:07+00,,,,,,,,,,,,,,,,,,,,,
2633373.45177104,1244681.80805885,"0","0","844",484.8,2026/05/24 16:31:08+00,,,,,,,,,,,,,,,,,,,,,
2633373.45239605,1244681.69687933,"0","0","845",484.8,2026/05/24 16:31:09+00,,,,,,,,,,,,,,,,,,,,,
2633373.45239605,1244681.69687933,"0","0","846",484.8,2026/05/24 16:31:10+00,,,,,,,,,,,,,,,,,,,,,
2633373.45239605,1244681.69687933,"0","0","847",484.8,2026/05/24 16:31:11+00,,,,,,,,,,,,,,,,,,,,,
2633373.07649066,1244681.36121706,"0","0","848",484.8,2026/05/24 16:31:12+00,,,,,,,,,,,,,,,,,,,,,
2633373.07774065,1244681.13885802,"0","0","849",484.8,2026/05/24 16:31:13+00,,,,,,,,,,,,,,,,,,,,,
2633372.77864128,1244680.58126147,"0","0","850",484.8,2026/05/24 16:31:14+00,,,,,,,,,,,,,,,,,,,,,
2633372.6275291,1244680.580412,"0","0","851",484.8,2026/05/24 16:31:15+00,,,,,,,,,,,,,,,,,,,,,
2633373.08149064,1244680.4717809,"0","0","852",484.8,2026/05/24 16:31:16+00,,,,,,,,,,,,,,,,,,,,,
2633373.60850827,1244680.80829266,"0","0","853",484.8,2026/05/24 16:31:17+00,,,,,,,,,,,,,,,,,,,,,
2633374.44212534,1244680.36824687,"0","0","854",484.9,2026/05/24 16:31:18+00,,,,,,,,,,,,,,,,,,,,,
2633374.06434487,1244680.36612309,"0","0","855",484.9,2026/05/24 16:31:19+00,,,,,,,,,,,,,,,,,,,,,
2633375.12338026,1244680.14971069,"0","0","856",484.9,2026/05/24 16:31:20+00,,,,,,,,,,,,,,,,,,,,,
2633375.34942351,1244680.26216451,"0","0","857",484.9,2026/05/24 16:31:21+00,,,,,,,,,,,,,,,,,,,,,
2633375.72657894,1244680.37546788,"0","0","858",484.9,2026/05/24 16:31:22+00,,,,,,,,,,,,,,,,,,,,,
2633376.32915251,1244680.71240466,"0","0","859",484.9,2026/05/24 16:31:23+00,,,,,,,,,,,,,,,,,,,,,
2633376.86054542,1244680.27066009,"0","0","860",484.9,2026/05/24 16:31:24+00,,,,,,,,,,,,,,,,,,,,,
2633377.39068824,1244680.05127459,"0","0","861",484.9,2026/05/24 16:31:25+00,,,,,,,,,,,,,,,,,,,,,
2633377.53930011,1244680.49684226,"0","0","862",484.9,2026/05/24 16:31:26+00,,,,,,,,,,,,,,,,,,,,,
2633377.68978721,1244680.60887137,"0","0","863",484.9,2026/05/24 16:31:27+00,,,,,,,,,,,,,,,,,,,,,
2633377.69166247,1244680.27533282,"0","0","864",484.9,2026/05/24 16:31:28+00,,,,,,,,,,,,,,,,,,,,,
2633377.84339974,1244680.1650029,"0","0","865",484.9,2026/05/24 16:31:29+00,,,,,,,,,,,,,,,,,,,,,
2633377.39068824,1244680.05127459,"0","0","866",484.9,2026/05/24 16:31:30+00,,,,,,,,,,,,,,,,,,,,,
2633376.71193349,1244679.82509244,"0","0","867",484.9,2026/05/24 16:31:31+00,,,,,,,,,,,,,,,,,,,,,
2633376.33415299,1244679.82296852,"0","0","868",484.9,2026/05/24 16:31:32+00,,,,,,,,,,,,,,,,,,,,,
2633375.87894123,1244680.1539584,"0","0","869",484.9,2026/05/24 16:31:33+00,,,,,,,,,,,,,,,,,,,,,
2633375.19893635,1244680.15013545,"0","0","870",484.9,2026/05/24 16:31:34+00,,,,,,,,,,,,,,,,,,,,,
2633375.04594906,1244680.48282448,"0","0","871",484.9,2026/05/24 16:31:35+00,,,,,,,,,,,,,,,,,,,,,
2633374.81740568,1244680.81508874,"0","0","872",484.9,2026/05/24 16:31:36+00,,,,,,,,,,,,,,,,,,,,,
2633374.21483204,1244680.47815211,"0","0","873",484.9,2026/05/24 16:31:37+00,,,,,,,,,,,,,,,,,,,,,
2633373.68343935,1244680.91989693,"0","0","874",484.9,2026/05/24 16:31:38+00,,,,,,,,,,,,,,,,,,,,,
2633373.83642656,1244680.58720787,"0","0","875",484.9,2026/05/24 16:31:39+00,,,,,,,,,,,,,,,,,,,,,
2633373.5348272,1244680.47432937,"0","0","876",484.9,2026/05/24 16:31:40+00,,,,,,,,,,,,,,,,,,,,,
2633373.08086565,1244680.58296042,"0","0","877",484.9,2026/05/24 16:31:41+00,,,,,,,,,,,,,,,,,,,,,
2633373.00655955,1244680.36017665,"0","0","878",484.9,2026/05/24 16:31:42+00,,,,,,,,,,,,,,,,,,,,,
2633373.69156447,1244679.47456319,"0","0","879",484.9,2026/05/24 16:31:43+00,,,,,,,,,,,,,,,,,,,,,
2633373.31253394,1244679.6947985,"0","0","880",484.9,2026/05/24 16:31:44+00,,,,,,,,,,,,,,,,,,,,,
2633373.38996505,1244679.36168468,"0","0","881",484.9,2026/05/24 16:31:45+00,,,,,,,,,,,,,,,,,,,,,
2633373.31690896,1244678.91654187,"0","0","882",484.9,2026/05/24 16:31:46+00,,,,,,,,,,,,,,,,,,,,,
2633373.61975842,1244678.80706133,"0","0","883",484.9,2026/05/24 16:31:47+00,,,,,,,,,,,,,,,,,,,,,
2633373.46614617,1244679.25092991,"0","0","884",484.9,2026/05/24 16:31:48+00,,,,,,,,,,,,,,,,,,,,,
2633372.86044731,1244679.46989102,"0","0","885",485,2026/05/24 16:31:49+00,,,,,,,,,,,,,,,,,,,,,
2633372.93725341,1244679.24795672,"0","0","886",485,2026/05/24 16:31:50+00,,,,,,,,,,,,,,,,,,,,,
2633372.86232229,1244679.13635246,"0","0","887",485,2026/05/24 16:31:51+00,,,,,,,,,,,,,,,,,,,,,
2633372.8616973,1244679.24753198,"0","0","888",485,2026/05/24 16:31:52+00,,,,,,,,,,,,,,,,,,,,,
2633372.7855162,1244679.35828676,"0","0","889",485,2026/05/24 16:31:53+00,,,,,,,,,,,,,,,,,,,,,
2633372.78489121,1244679.46946628,"0","0","890",485,2026/05/24 16:31:54+00,,,,,,,,,,,,,,,,,,,,,
2633372.63565396,1244679.13507825,"0","0","891",485,2026/05/24 16:31:55+00,,,,,,,,,,,,,,,,,,,,,
2633372.55947286,1244679.24583304,"0","0","892",485,2026/05/24 16:31:56+00,,,,,,,,,,,,,,,,,,,,,
2633372.41398552,1244678.24436791,"0","0","893",485,2026/05/24 16:31:57+00,,,,,,,,,,,,,,,,,,,,,
2633372.18669217,1244678.35427323,"0","0","894",485,2026/05/24 16:31:58+00,,,,,,,,,,,,,,,,,,,,,
2633372.03870482,1244677.79752619,"0","0","895",485,2026/05/24 16:31:59+00,,,,,,,,,,,,,,,,,,,,,
2633370.97841921,1244678.23629818,"0","0","896",485,2026/05/24 16:32:00+00,,,,,,,,,,,,,,,,,,,,,
2633369.69396515,1244678.22907819,"0","0","897",485,2026/05/24 16:32:01+00,,,,,,,,,,,,,,,,,,,,,
2633366.29643916,1244677.76524972,"0","0","898",485.1,2026/05/24 16:32:02+00,,,,,,,,,,,,,,,,,,,,,
2633360.63535247,1244676.73278772,"0","0","899",485.2,2026/05/24 16:32:03+00,,,,,,,,,,,,,,,,,,,,,
2633357.00615894,1244677.15712699,"0","0","900",485.3,2026/05/24 16:32:04+00,,,,,,,,,,,,,,,,,,,,,
2633353.37946445,1244677.13675041,"0","0","901",485.4,2026/05/24 16:32:05+00,,,,,,,,,,,,,,,,,,,,,
2633349.52110509,1244678.00453889,"0","0","902",485.5,2026/05/24 16:32:06+00,,,,,,,,,,,,,,,,,,,,,
2633347.93380195,1244678.10680539,"0","0","903",485.6,2026/05/24 16:32:07+00,,,,,,,,,,,,,,,,,,,,,
2633343.62210737,1244678.97205122,"0","0","904",485.8,2026/05/24 16:32:08+00,,,,,,,,,,,,,,,,,,,,,
2633341.95862408,1244679.18507447,"0","0","905",485.9,2026/05/24 16:32:09+00,,,,,,,,,,,,,,,,,,,,,
2633338.3288091,1244679.72060472,"0","0","906",486,2026/05/24 16:32:10+00,,,,,,,,,,,,,,,,,,,,,
2633336.72527441,1244682.71354182,"0","0","907",486.3,2026/05/24 16:32:11+00,,,,,,,,,,,,,,,,,,,,,
2633334.06208417,1244686.03407846,"0","0","908",486.9,2026/05/24 16:32:12+00,,,,,,,,,,,,,,,,,,,,,
2633333.52694945,1244687.14290403,"0","0","909",487,2026/05/24 16:32:13+00,,,,,,,,,,,,,,,,,,,,,
2633332.90002856,1244691.14197311,"0","0","910",487.6,2026/05/24 16:32:14+00,,,,,,,,,,,,,,,,,,,,,
2633332.66711828,1244692.2524957,"0","0","911",487.7,2026/05/24 16:32:15+00,,,,,,,,,,,,,,,,,,,,,
2633330.53157744,1244695.79836266,"0","0","912",488.3,2026/05/24 16:32:16+00,,,,,,,,,,,,,,,,,,,,,
2633330.14693182,1244697.0192165,"0","0","913",488.5,2026/05/24 16:32:17+00,,,,,,,,,,,,,,,,,,,,,
2633328.08632586,1244700.67668812,"0","0","914",489.2,2026/05/24 16:32:18+00,,,,,,,,,,,,,,,,,,,,,
2633327.32515023,1244701.67306227,"0","0","915",489.4,2026/05/24 16:32:19+00,,,,,,,,,,,,,,,,,,,,,
2633325.94891841,1244704.55609541,"0","0","916",489.9,2026/05/24 16:32:20+00,,,,,,,,,,,,,,,,,,,,,
2633324.49276353,1244708.21696149,"0","0","917",490.5,2026/05/24 16:32:21+00,,,,,,,,,,,,,,,,,,,,,
2633323.88082869,1244709.54772295,"0","0","918",490.8,2026/05/24 16:32:22+00,,,,,,,,,,,,,,,,,,,,,
2633322.19863331,1244713.09613778,"0","0","919",491.4,2026/05/24 16:32:23+00,,,,,,,,,,,,,,,,,,,,,
2633321.36252861,1244713.98090911,"0","0","920",491.7,2026/05/24 16:32:24+00,,,,,,,,,,,,,,,,,,,,,
2633318.85421603,1244716.63522381,"0","0","921",492.3,2026/05/24 16:32:25+00,,,,,,,,,,,,,,,,,,,,,
2633318.24540316,1244717.4100882,"0","0","922",492.5,2026/05/24 16:32:26+00,,,,,,,,,,,,,,,,,,,,,
2633317.0177947,1244720.73868977,"0","0","923",493.2,2026/05/24 16:32:27+00,,,,,,,,,,,,,,,,,,,,,
2633316.93662358,1244721.73888158,"0","0","924",493.4,2026/05/24 16:32:28+00,,,,,,,,,,,,,,,,,,,,,
2633315.25755534,1244724.7314008,"0","0","925",494,2026/05/24 16:32:29+00,,,,,,,,,,,,,,,,,,,,,
2633314.42145331,1244725.61617314,"0","0","926",494.3,2026/05/24 16:32:30+00,,,,,,,,,,,,,,,,,,,,,
2633312.13544815,1244729.05001953,"0","0","927",495,2026/05/24 16:32:31+00,,,,,,,,,,,,,,,,,,,,,
2633311.59969749,1244730.27002676,"0","0","928",495.3,2026/05/24 16:32:32+00,,,,,,,,,,,,,,,,,,,,,
2633311.05646097,1244732.82418852,"0","0","929",495.8,2026/05/24 16:32:33+00,,,,,,,,,,,,,,,,,,,,,
2633309.98620862,1244735.04184416,"0","0","930",496.3,2026/05/24 16:32:35+00,,,,,,,,,,,,,,,,,,,,,
2633309.60032207,1244736.48505854,"0","0","931",496.5,2026/05/24 16:32:36+00,,,,,,,,,,,,,,,,,,,,,
2633308.83416371,1244738.37087152,"0","0","932",496.9,2026/05/24 16:32:37+00,,,,,,,,,,,,,,,,,,,,,
2633307.60718854,1244741.58829567,"0","0","933",497.6,2026/05/24 16:32:38+00,,,,,,,,,,,,,,,,,,,,,
2633307.45046395,1244742.58806376,"0","0","934",497.7,2026/05/24 16:32:39+00,,,,,,,,,,,,,,,,,,,,,
2633306.07425111,1244745.47110183,"0","0","935",498.3,2026/05/24 16:32:40+00,,,,,,,,,,,,,,,,,,,,,
2633304.84166534,1244749.68914254,"0","0","936",499.1,2026/05/24 16:32:41+00,,,,,,,,,,,,,,,,,,,,,
2633304.53195987,1244751.02160163,"0","0","937",499.4,2026/05/24 16:32:42+00,,,,,,,,,,,,,,,,,,,,,
2633303.31122654,1244753.1272313,"0","0","938",499.8,2026/05/24 16:32:43+00,,,,,,,,,,,,,,,,,,,,,
2633304.50950597,1244755.02406535,"0","0","939",500.2,2026/05/24 16:32:44+00,,,,,,,,,,,,,,,,,,,,,
2633302.60690638,1244757.45941909,"0","0","940",500.8,2026/05/24 16:32:45+00,,,,,,,,,,,,,,,,,,,,,
2633302.89602934,1244759.79588501,"0","0","941",501.2,2026/05/24 16:32:46+00,,,,,,,,,,,,,,,,,,,,,
2633301.07771815,1244760.6751494,"0","0","942",501.5,2026/05/24 16:32:47+00,,,,,,,,,,,,,,,,,,,,,
2633298.41645335,1244763.66216411,"0","0","943",502.3,2026/05/24 16:32:48+00,,,,,,,,,,,,,,,,,,,,,
2633297.73084572,1244764.65896603,"0","0","944",502.5,2026/05/24 16:32:49+00,,,,,,,,,,,,,,,,,,,,,
2633295.91253679,1244765.53823202,"0","0","945",502.8,2026/05/24 16:32:50+00,,,,,,,,,,,,,,,,,,,,,
2633294.32089339,1244766.41876977,"0","0","946",503.2,2026/05/24 16:32:51+00,,,,,,,,,,,,,,,,,,,,,
2633293.63591029,1244767.30439262,"0","0","947",503.4,2026/05/24 16:32:52+00,,,,,,,,,,,,,,,,,,,,,
2633291.50977159,1244769.18258105,"0","0","948",503.9,2026/05/24 16:32:53+00,,,,,,,,,,,,,,,,,,,,,
2633289.37677644,1244772.28374536,"0","0","949",504.6,2026/05/24 16:32:54+00,,,,,,,,,,,,,,,,,,,,,
2633288.99463782,1244773.0598839,"0","0","950",504.7,2026/05/24 16:32:55+00,,,,,,,,,,,,,,,,,,,,,
2633288.60938218,1244774.39192024,"0","0","951",505,2026/05/24 16:32:56+00,,,,,,,,,,,,,,,,,,,,,
2633288.07301696,1244775.7231093,"0","0","952",505.2,2026/05/24 16:32:57+00,,,,,,,,,,,,,,,,,,,,,
2633287.16199465,1244776.49628239,"0","0","953",505.4,2026/05/24 16:32:58+00,,,,,,,,,,,,,,,,,,,,,
2633286.32715082,1244777.1586997,"0","0","954",505.6,2026/05/24 16:32:59+00,,,,,,,,,,,,,,,,,,,,,
2633285.10767599,1244779.04197416,"0","0","955",506.1,2026/05/24 16:33:00+00,,,,,,,,,,,,,,,,,,,,,
2633283.58411269,1244781.25709315,"0","0","956",506.6,2026/05/24 16:33:01+00,,,,,,,,,,,,,,,,,,,,,
2633283.20322204,1244781.81087296,"0","0","957",506.7,2026/05/24 16:33:02+00,,,,,,,,,,,,,,,,,,,,,
2633282.82233146,1244782.3646528,"0","0","958",506.8,2026/05/24 16:33:03+00,,,,,,,,,,,,,,,,,,,,,
2633281.45237255,1244784.1359013,"0","0","959",507.2,2026/05/24 16:33:04+00,,,,,,,,,,,,,,,,,,,,,
2633281.07023572,1244784.91204037,"0","0","960",507.4,2026/05/24 16:33:05+00,,,,,,,,,,,,,,,,,,,,,
2633280.61192096,1244785.79893547,"0","0","961",507.6,2026/05/24 16:33:06+00,,,,,,,,,,,,,,,,,,,,,
2633278.63316302,1244788.34505311,"0","0","962",508.1,2026/05/24 16:33:07+00,,,,,,,,,,,,,,,,,,,,,
2633277.56916481,1244789.45091931,"0","0","963",508.4,2026/05/24 16:33:08+00,,,,,,,,,,,,,,,,,,,,,
2633276.80551614,1244790.89201845,"0","0","964",508.7,2026/05/24 16:33:09+00,,,,,,,,,,,,,,,,,,,,,
2633275.05841084,1244792.54997136,"0","0","965",509.1,2026/05/24 16:33:10+00,,,,,,,,,,,,,,,,,,,,,
2633274.44462614,1244794.21427691,"0","0","966",509.5,2026/05/24 16:33:11+00,,,,,,,,,,,,,,,,,,,,,
2633274.58701116,1244795.77163777,"0","0","967",509.7,2026/05/24 16:33:12+00,,,,,,,,,,,,,,,,,,,,,
2633273.5167836,1244797.98930037,"0","0","968",510.2,2026/05/24 16:33:13+00,,,,,,,,,,,,,,,,,,,,,
2633273.43686702,1244798.76713385,"0","0","969",510.3,2026/05/24 16:33:14+00,,,,,,,,,,,,,,,,,,,,,
2633273.28077275,1244799.65572343,"0","0","970",510.5,2026/05/24 16:33:15+00,,,,,,,,,,,,,,,,,,,,,
2633272.89739171,1244800.65422219,"0","0","971",510.7,2026/05/24 16:33:16+00,,,,,,,,,,,,,,,,,,,,,
2633272.66262738,1244802.09828616,"0","0","972",510.9,2026/05/24 16:33:17+00,,,,,,,,,,,,,,,,,,,,,
2633272.42848629,1244803.43117058,"0","0","973",511.2,2026/05/24 16:33:18+00,,,,,,,,,,,,,,,,,,,,,
2633272.64517984,1244805.21131402,"0","0","974",511.5,2026/05/24 16:33:19+00,,,,,,,,,,,,,,,,,,,,,
2633272.71512619,1244806.21235358,"0","0","975",511.7,2026/05/24 16:33:20+00,,,,,,,,,,,,,,,,,,,,,
2633272.48347773,1244807.10051974,"0","0","976",511.8,2026/05/24 16:33:21+00,,,,,,,,,,,,,,,,,,,,,
2633272.62960167,1244807.9908032,"0","0","977",512,2026/05/24 16:33:22+00,,,,,,,,,,,,,,,,,,,,,
2633272.46852276,1244809.76882936,"0","0","978",512.3,2026/05/24 16:33:23+00,,,,,,,,,,,,,,,,,,,,,
2633272.68770855,1244811.10425456,"0","0","979",512.6,2026/05/24 16:33:24+00,,,,,,,,,,,,,,,,,,,,,
2633273.42393541,1244814.55505584,"0","0","980",513.2,2026/05/24 16:33:25+00,,,,,,,,,,,,,,,,,,,,,
2633273.34152648,1244815.77760764,"0","0","981",513.4,2026/05/24 16:33:26+00,,,,,,,,,,,,,,,,,,,,,
2633272.49858906,1244817.88536138,"0","0","982",513.9,2026/05/24 16:33:27+00,,,,,,,,,,,,,,,,,,,,,
2633272.11583241,1244818.77268067,"0","0","983",514,2026/05/24 16:33:28+00,,,,,,,,,,,,,,,,,,,,,
2633271.80800709,1244819.77160301,"0","0","984",514.2,2026/05/24 16:33:29+00,,,,,,,,,,,,,,,,,,,,,
2633271.49893565,1244820.99288451,"0","0","985",514.5,2026/05/24 16:33:30+00,,,,,,,,,,,,,,,,,,,,,
2633271.04000196,1244821.99096,"0","0","986",514.7,2026/05/24 16:33:31+00,,,,,,,,,,,,,,,,,,,,,
2633270.7303077,1244823.32342112,"0","0","987",514.9,2026/05/24 16:33:32+00,,,,,,,,,,,,,,,,,,,,,
2633270.57109899,1244824.7679087,"0","0","988",515.2,2026/05/24 16:33:33+00,,,,,,,,,,,,,,,,,,,,,
2633270.56673736,1244825.5461657,"0","0","989",515.3,2026/05/24 16:33:34+00,,,,,,,,,,,,,,,,,,,,,
2633270.10655801,1244826.76660043,"0","0","990",515.5,2026/05/24 16:33:35+00,,,,,,,,,,,,,,,,,,,,,
2633269.87366456,1244827.87712589,"0","0","991",515.7,2026/05/24 16:33:36+00,,,,,,,,,,,,,,,,,,,,,
2633269.94672646,1244828.32226761,"0","0","992",515.8,2026/05/24 16:33:37+00,,,,,,,,,,,,,,,,,,,,,
2633270.02601914,1244827.65561359,"0","0","993",515.9,2026/05/24 16:33:38+00,,,,,,,,,,,,,,,,,,,,,
2633271.08689366,1244827.10564378,"0","0","994",516.1,2026/05/24 16:33:39+00,,,,,,,,,,,,,,,,,,,,,
2633270.7815613,1244827.6598479,"0","0","995",516.2,2026/05/24 16:33:40+00,,,,,,,,,,,,,,,,,,,,,
2633270.93329283,1244827.5495152,"0","0","996",516.3,2026/05/24 16:33:41+00,,,,,,,,,,,,,,,,,,,,,
2633271.2367559,1244827.32884981,"0","0","997",516.3,2026/05/24 16:33:42+00,,,,,,,,,,,,,,,,,,,,,
2633271.2367559,1244827.32884981,"0","0","998",516.3,2026/05/24 16:33:43+00,,,,,,,,,,,,,,,,,,,,,
2633272.06909855,1244827.11114858,"0","0","999",516.5,2026/05/24 16:33:44+00,,,,,,,,,,,,,,,,,,,,,
2633272.2951381,1244827.22359851,"0","0","1000",516.5,2026/05/24 16:33:45+00,,,,,,,,,,,,,,,,,,,,,
2633272.29638434,1244827.00123937,"0","0","1001",516.5,2026/05/24 16:33:46+00,,,,,,,,,,,,,,,,,,,,,
2633272.44873904,1244826.77972713,"0","0","1002",516.6,2026/05/24 16:33:47+00,,,,,,,,,,,,,,,,,,,,,
2633272.22207636,1244826.77845676,"0","0","1003",516.6,2026/05/24 16:33:48+00,,,,,,,,,,,,,,,,,,,,,
2633272.22207636,1244826.77845676,"0","0","1004",516.6,2026/05/24 16:33:49+00,,,,,,,,,,,,,,,,,,,,,
2633272.22207636,1244826.77845676,"0","0","1005",516.6,2026/05/24 16:33:50+00,,,,,,,,,,,,,,,,,,,,,
2633272.22207636,1244826.77845676,"0","0","1006",516.6,2026/05/24 16:33:51+00,,,,,,,,,,,,,,,,,,,,,
2633272.22207636,1244826.77845676,"0","0","1007",516.6,2026/05/24 16:33:52+00,,,,,,,,,,,,,,,,,,,,,
2633272.22207636,1244826.77845676,"0","0","1008",516.6,2026/05/24 16:33:53+00,,,,,,,,,,,,,,,,,,,,,
2633272.60607877,1244825.66877831,"0","0","1009",516.8,2026/05/24 16:33:54+00,,,,,,,,,,,,,,,,,,,,,
2633272.60607877,1244825.66877831,"0","0","1010",516.8,2026/05/24 16:33:55+00,,,,,,,,,,,,,,,,,,,,,
2633272.60545565,1244825.77995789,"0","0","1011",516.8,2026/05/24 16:33:56+00,,,,,,,,,,,,,,,,,,,,,
2633272.68225614,1244825.5580222,"0","0","1012",516.9,2026/05/24 16:33:57+00,,,,,,,,,,,,,,,,,,,,,
2633272.53052453,1244825.66835485,"0","0","1013",516.9,2026/05/24 16:33:58+00,,,,,,,,,,,,,,,,,,,,,
2633272.60732503,1244825.44641917,"0","0","1014",516.9,2026/05/24 16:33:59+00,,,,,,,,,,,,,,,,,,,,,
2633272.38003918,1244825.55632837,"0","0","1015",517,2026/05/24 16:34:00+00,,,,,,,,,,,,,,,,,,,,,
2633272.22893069,1244825.55548146,"0","0","1016",517,2026/05/24 16:34:01+00,,,,,,,,,,,,,,,,,,,,,
2633272.22893069,1244825.55548146,"0","0","1017",517,2026/05/24 16:34:02+00,,,,,,,,,,,,,,,,,,,,,
2633272.22893069,1244825.55548146,"0","0","1018",517,2026/05/24 16:34:03+00,,,,,,,,,,,,,,,,,,,,,
2633272.22893069,1244825.55548146,"0","0","1019",517,2026/05/24 16:34:04+00,,,,,,,,,,,,,,,,,,,,,
2633272.22893069,1244825.55548146,"0","0","1020",517,2026/05/24 16:34:05+00,,,,,,,,,,,,,,,,,,,,,
2633272.22893069,1244825.55548146,"0","0","1021",517,2026/05/24 16:34:06+00,,,,,,,,,,,,,,,,,,,,,
2633272.22893069,1244825.55548146,"0","0","1022",517,2026/05/24 16:34:07+00,,,,,,,,,,,,,,,,,,,,,
2633272.22893069,1244825.55548146,"0","0","1023",517,2026/05/24 16:34:08+00,,,,,,,,,,,,,,,,,,,,,
2633272.22893069,1244825.55548146,"0","0","1024",517,2026/05/24 16:34:09+00,,,,,,,,,,,,,,,,,,,,,
2633272.22893069,1244825.55548146,"0","0","1025",517,2026/05/24 16:34:10+00,,,,,,,,,,,,,,,,,,,,,
2633272.22893069,1244825.55548146,"0","0","1026",517,2026/05/24 16:34:11+00,,,,,,,,,,,,,,,,,,,,,
2633272.22893069,1244825.55548146,"0","0","1027",517,2026/05/24 16:34:12+00,,,,,,,,,,,,,,,,,,,,,
2633272.22893069,1244825.55548146,"0","0","1028",517,2026/05/24 16:34:13+00,,,,,,,,,,,,,,,,,,,,,
2633272.22893069,1244825.55548146,"0","0","1029",517,2026/05/24 16:34:14+00,,,,,,,,,,,,,,,,,,,,,
2633271.70441277,1244824.7742603,"0","0","1030",517.1,2026/05/24 16:34:15+00,,,,,,,,,,,,,,,,,,,,,
2633271.70441277,1244824.7742603,"0","0","1031",517.1,2026/05/24 16:34:16+00,,,,,,,,,,,,,,,,,,,,,
2633271.8567675,1244824.55274805,"0","0","1032",517.2,2026/05/24 16:34:17+00,,,,,,,,,,,,,,,,,,,,,
2633272.08529962,1244824.22047968,"0","0","1033",517.2,2026/05/24 16:34:18+00,,,,,,,,,,,,,,,,,,,,,
2633272.08592274,1244824.10930011,"0","0","1034",517.3,2026/05/24 16:34:19+00,,,,,,,,,,,,,,,,,,,,,
2633272.08592274,1244824.10930011,"0","0","1035",517.3,2026/05/24 16:34:20+00,,,,,,,,,,,,,,,,,,,,,
2633272.08592274,1244824.10930011,"0","0","1036",517.3,2026/05/24 16:34:21+00,,,,,,,,,,,,,,,,,,,,,
2633272.08529962,1244824.22047968,"0","0","1037",517.3,2026/05/24 16:34:22+00,,,,,,,,,,,,,,,,,,,,,
2633272.31258552,1244824.11057047,"0","0","1038",517.3,2026/05/24 16:34:23+00,,,,,,,,,,,,,,,,,,,,,
2633272.38938603,1244823.88863478,"0","0","1039",517.4,2026/05/24 16:34:24+00,,,,,,,,,,,,,,,,,,,,,
2633272.61667195,1244823.77872558,"0","0","1040",517.4,2026/05/24 16:34:25+00,,,,,,,,,,,,,,,,,,,,,
2633272.69222622,1244823.77914904,"0","0","1041",517.4,2026/05/24 16:34:26+00,,,,,,,,,,,,,,,,,,,,,
2633272.69222622,1244823.77914904,"0","0","1042",517.4,2026/05/24 16:34:27+00,,,,,,,,,,,,,,,,,,,,,
2633272.69222622,1244823.77914904,"0","0","1043",517.4,2026/05/24 16:34:28+00,,,,,,,,,,,,,,,,,,,,,
2633272.76840361,1244823.66839293,"0","0","1044",517.4,2026/05/24 16:34:29+00,,,,,,,,,,,,,,,,,,,,,
2633272.76964987,1244823.44603378,"0","0","1045",517.5,2026/05/24 16:34:30+00,,,,,,,,,,,,,,,,,,,,,
2633272.69284935,1244823.66796947,"0","0","1046",517.5,2026/05/24 16:34:31+00,,,,,,,,,,,,,,,,,,,,,
2633272.69284935,1244823.66796947,"0","0","1047",517.5,2026/05/24 16:34:32+00,,,,,,,,,,,,,,,,,,,,,
2633272.4649403,1244823.88905824,"0","0","1048",517.6,2026/05/24 16:34:33+00,,,,,,,,,,,,,,,,,,,,,
2633271.71064388,1244823.66246457,"0","0","1049",517.7,2026/05/24 16:34:34+00,,,,,,,,,,,,,,,,,,,,,
2633271.56452022,1244822.7721811,"0","0","1050",517.8,2026/05/24 16:34:35+00,,,,,,,,,,,,,,,,,,,,,
2633271.79118305,1244822.77345144,"0","0","1051",517.9,2026/05/24 16:34:36+00,,,,,,,,,,,,,,,,,,,,,
2633272.39187853,1244823.4439165,"0","0","1052",517.9,2026/05/24 16:34:37+00,,,,,,,,,,,,,,,,,,,,,
2633272.16646196,1244823.22028698,"0","0","1053",517.9,2026/05/24 16:34:38+00,,,,,,,,,,,,,,,,,,,,,
2633272.16521572,1244823.44264613,"0","0","1054",517.9,2026/05/24 16:34:39+00,,,,,,,,,,,,,,,,,,,,,
2633272.09028457,1244823.3310431,"0","0","1055",517.9,2026/05/24 16:34:40+00,,,,,,,,,,,,,,,,,,,,,
2633272.09028457,1244823.3310431,"0","0","1056",517.9,2026/05/24 16:34:41+00,,,,,,,,,,,,,,,,,,,,,
2633272.15960764,1244824.44326228,"0","0","1057",517.9,2026/05/24 16:34:42+00,,,,,,,,,,,,,,,,,,,,,
2633272.15898452,1244824.55444185,"0","0","1058",517.9,2026/05/24 16:34:43+00,,,,,,,,,,,,,,,,,,,,,
2633272.31133928,1244824.33292962,"0","0","1059",517.9,2026/05/24 16:34:44+00,,,,,,,,,,,,,,,,,,,,,
2633272.23703126,1244824.11014701,"0","0","1060",517.9,2026/05/24 16:34:45+00,,,,,,,,,,,,,,,,,,,,,
2633272.61417944,1244824.22344387,"0","0","1061",517.9,2026/05/24 16:34:46+00,,,,,,,,,,,,,,,,,,,,,
2633272.31009303,1244824.55528876,"0","0","1062",517.9,2026/05/24 16:34:47+00,,,,,,,,,,,,,,,,,,,,,
2633272.2351619,1244824.44368573,"0","0","1063",517.9,2026/05/24 16:34:48+00,,,,,,,,,,,,,,,,,,,,,
2633272.31133928,1244824.33292962,"0","0","1064",517.9,2026/05/24 16:34:49+00,,,,,,,,,,,,,,,,,,,,,
2633272.2351619,1244824.44368573,"0","0","1065",517.9,2026/05/24 16:34:50+00,,,,,,,,,,,,,,,,,,,,,
2633271.93232176,1244824.55317149,"0","0","1066",517.9,2026/05/24 16:34:51+00,,,,,,,,,,,,,,,,,,,,,
2633271.70441277,1244824.7742603,"0","0","1067",517.9,2026/05/24 16:34:52+00,,,,,,,,,,,,,,,,,,,,,
2633271.70815144,1244824.10718286,"0","0","1068",517.9,2026/05/24 16:34:53+00,,,,,,,,,,,,,,,,,,,,,
2633271.93419111,1244824.21963278,"0","0","1069",518,2026/05/24 16:34:54+00,,,,,,,,,,,,,,,,,,,,,
2633272.00912225,1244824.3312358,"0","0","1070",518,2026/05/24 16:34:55+00,,,,,,,,,,,,,,,,,,,,,
2633272.00912225,1244824.3312358,"0","0","1071",518,2026/05/24 16:34:56+00,,,,,,,,,,,,,,,,,,,,,
2633271.40344197,1244824.55020737,"0","0","1072",518,2026/05/24 16:34:57+00,,,,,,,,,,,,,,,,,,,,,
2633271.47961934,1244824.43945124,"0","0","1073",518,2026/05/24 16:34:58+00,,,,,,,,,,,,,,,,,,,,,
2633271.32913393,1244824.32742478,"0","0","1074",518,2026/05/24 16:34:59+00,,,,,,,,,,,,,,,,,,,,,
2633271.85863685,1244824.21920933,"0","0","1075",518,2026/05/24 16:35:00+00,,,,,,,,,,,,,,,,,,,,,
2633271.85988307,1244823.99685018,"0","0","1076",518,2026/05/24 16:35:01+00,,,,,,,,,,,,,,,,,,,,,
2633271.78308259,1244824.21878588,"0","0","1077",518,2026/05/24 16:35:02+00,,,,,,,,,,,,,,,,,,,,,
2633272.16210012,1244823.99854399,"0","0","1078",518,2026/05/24 16:35:03+00,,,,,,,,,,,,,,,,,,,,,
2633272.84084222,1244824.22471425,"0","0","1079",518,2026/05/24 16:35:04+00,,,,,,,,,,,,,,,,,,,,,
2633272.76715735,1244823.89075208,"0","0","1080",518,2026/05/24 16:35:05+00,,,,,,,,,,,,,,,,,,,,,
2633272.84021908,1244824.33589383,"0","0","1081",518,2026/05/24 16:35:06+00,,,,,,,,,,,,,,,,,,,,,
2633272.68599492,1244824.89094477,"0","0","1082",518,2026/05/24 16:35:07+00,,,,,,,,,,,,,,,,,,,,,
2633273.5882839,1244825.67428336,"0","0","1083",518,2026/05/24 16:35:08+00,,,,,,,,,,,,,,,,,,,,,
2633273.43779857,1244825.56225685,"0","0","1084",518,2026/05/24 16:35:09+00,,,,,,,,,,,,,,,,,,,,,
2633273.28980579,1244825.00551205,"0","0","1085",518,2026/05/24 16:35:10+00,,,,,,,,,,,,,,,,,,,,,
2633273.28980579,1244825.00551205,"0","0","1086",518,2026/05/24 16:35:11+00,,,,,,,,,,,,,,,,,,,,,
2633273.74313128,1244825.00805287,"0","0","1087",518,2026/05/24 16:35:12+00,,,,,,,,,,,,,,,,,,,,,
2633273.59264593,1244824.89602635,"0","0","1088",518,2026/05/24 16:35:13+00,,,,,,,,,,,,,,,,,,,,,
2633274.19645678,1244825.01059373,"0","0","1089",518,2026/05/24 16:35:14+00,,,,,,,,,,,,,,,,,,,,,
2633274.12214884,1244824.7878111,"0","0","1090",518,2026/05/24 16:35:15+00,,,,,,,,,,,,,,,,,,,,,
2633274.49867377,1244825.01228765,"0","0","1091",518,2026/05/24 16:35:16+00,,,,,,,,,,,,,,,,,,,,,
2633274.34756528,1244825.01144069,"0","0","1092",518,2026/05/24 16:35:17+00,,,,,,,,,,,,,,,,,,,,,
2633274.49929694,1244824.90110808,"0","0","1093",518,2026/05/24 16:35:18+00,,,,,,,,,,,,,,,,,,,,,
2633274.12152568,1244824.89899068,"0","0","1094",518,2026/05/24 16:35:19+00,,,,,,,,,,,,,,,,,,,,,
2633273.96854772,1244825.23168244,"0","0","1095",518,2026/05/24 16:35:20+00,,,,,,,,,,,,,,,,,,,,,
2633274.34382631,1244825.67851812,"0","0","1096",518,2026/05/24 16:35:21+00,,,,,,,,,,,,,,,,,,,,,
2633274.41751107,1244826.01248032,"0","0","1097",518,2026/05/24 16:35:22+00,,,,,,,,,,,,,,,,,,,,,
2633274.71723534,1244826.45889255,"0","0","1098",518,2026/05/24 16:35:23+00,,,,,,,,,,,,,,,,,,,,,
2633274.71536584,1244826.79243127,"0","0","1099",518,2026/05/24 16:35:24+00,,,,,,,,,,,,,,,,,,,,,
2633274.48496418,1244827.45823825,"0","0","1100",518,2026/05/24 16:35:25+00,,,,,,,,,,,,,,,,,,,,,
2633274.63607261,1244827.45908522,"0","0","1101",518,2026/05/24 16:35:26+00,,,,,,,,,,,,,,,,,,,,,
2633274.86148893,1244827.68271482,"0","0","1102",518,2026/05/24 16:35:27+00,,,,,,,,,,,,,,,,,,,,,
2633273.87990728,1244827.56602999,"0","0","1103",518,2026/05/24 16:35:28+00,,,,,,,,,,,,,,,,,,,,,
2633273.80996142,1244826.56499036,"0","0","1104",517.9,2026/05/24 16:35:29+00,,,,,,,,,,,,,,,,,,,,,
2633273.88551565,1244826.56541383,"0","0","1105",517.9,2026/05/24 16:35:30+00,,,,,,,,,,,,,,,,,,,,,
2633273.66072241,1244826.23060469,"0","0","1106",517.9,2026/05/24 16:35:31+00,,,,,,,,,,,,,,,,,,,,,
2633273.66009926,1244826.34178427,"0","0","1107",517.9,2026/05/24 16:35:32+00,,,,,,,,,,,,,,,,,,,,,
2633273.28357438,1244826.11730777,"0","0","1108",517.9,2026/05/24 16:35:33+00,,,,,,,,,,,,,,,,,,,,,
2633273.05753481,1244826.0048578,"0","0","1109",517.9,2026/05/24 16:35:34+00,,,,,,,,,,,,,,,,,,,,,
2633272.98260371,1244825.89325477,"0","0","1110",517.9,2026/05/24 16:35:35+00,,,,,,,,,,,,,,,,,,,,,
2633272.90704947,1244825.8928313,"0","0","1111",517.9,2026/05/24 16:35:36+00,,,,,,,,,,,,,,,,,,,,,
2633272.8327415,1244825.67004869,"0","0","1112",517.9,2026/05/24 16:35:37+00,,,,,,,,,,,,,,,,,,,,,
2633272.60545565,1244825.77995789,"0","0","1113",517.9,2026/05/24 16:35:38+00,,,,,,,,,,,,,,,,,,,,,
2633272.45621654,1244825.44557225,"0","0","1114",517.9,2026/05/24 16:35:39+00,,,,,,,,,,,,,,,,,,,,,
2633272.15524581,1244825.22151928,"0","0","1115",517.9,2026/05/24 16:35:40+00,,,,,,,,,,,,,,,,,,,,,
2633271.9298293,1244824.99788979,"0","0","1116",517.9,2026/05/24 16:35:41+00,,,,,,,,,,,,,,,,,,,,,
2633271.70441277,1244824.7742603,"0","0","1117",517.9,2026/05/24 16:35:42+00,,,,,,,,,,,,,,,,,,,,,
2633271.40157266,1244824.88374609,"0","0","1118",517.9,2026/05/24 16:35:43+00,,,,,,,,,,,,,,,,,,,,,
2633271.47712691,1244824.88416953,"0","0","1119",517.9,2026/05/24 16:35:44+00,,,,,,,,,,,,,,,,,,,,,
2633271.39908024,1244825.32846438,"0","0","1120",517.9,2026/05/24 16:35:45+00,,,,,,,,,,,,,,,,,,,,,
2633271.39908024,1244825.32846438,"0","0","1121",517.9,2026/05/24 16:35:46+00,,,,,,,,,,,,,,,,,,,,,
2633271.70005099,1244825.55251731,"0","0","1122",517.9,2026/05/24 16:35:47+00,,,,,,,,,,,,,,,,,,,,,
2633271.62387364,1244825.66327343,"0","0","1123",517.8,2026/05/24 16:35:48+00,,,,,,,,,,,,,,,,,,,,,
2633271.92546749,1244825.7761468,"0","0","1124",517.8,2026/05/24 16:35:49+00,,,,,,,,,,,,,,,,,,,,,
2633272.00164485,1244825.66539067,"0","0","1125",517.8,2026/05/24 16:35:50+00,,,,,,,,,,,,,,,,,,,,,
2633272.07844532,1244825.44345498,"0","0","1126",517.8,2026/05/24 16:35:51+00,,,,,,,,,,,,,,,,,,,,,
2633272.07844532,1244825.44345498,"0","0","1127",517.8,2026/05/24 16:35:52+00,,,,,,,,,,,,,,,,,,,,,
2633272.30448493,1244825.55590491,"0","0","1128",517.8,2026/05/24 16:35:53+00,,,,,,,,,,,,,,,,,,,,,
2633272.30386181,1244825.66708449,"0","0","1129",517.8,2026/05/24 16:35:54+00,,,,,,,,,,,,,,,,,,,,,
2633272.30323869,1244825.77826406,"0","0","1130",517.8,2026/05/24 16:35:55+00,,,,,,,,,,,,,,,,,,,,,
2633272.45559342,1244825.55675183,"0","0","1131",517.8,2026/05/24 16:35:56+00,,,,,,,,,,,,,,,,,,,,,
2633272.45559342,1244825.55675183,"0","0","1132",517.8,2026/05/24 16:35:57+00,,,,,,,,,,,,,,,,,,,,,
2633272.45559342,1244825.55675183,"0","0","1133",517.8,2026/05/24 16:35:58+00,,,,,,,,,,,,,,,,,,,,,
2633272.45559342,1244825.55675183,"0","0","1134",517.8,2026/05/24 16:35:59+00,,,,,,,,,,,,,,,,,,,,,
2633272.45559342,1244825.55675183,"0","0","1135",517.8,2026/05/24 16:36:00+00,,,,,,,,,,,,,,,,,,,,,
2633272.45559342,1244825.55675183,"0","0","1136",517.8,2026/05/24 16:36:01+00,,,,,,,,,,,,,,,,,,,,,
2633272.45559342,1244825.55675183,"0","0","1137",517.8,2026/05/24 16:36:02+00,,,,,,,,,,,,,,,,,,,,,
2633273.05815795,1244825.89367823,"0","0","1138",517.8,2026/05/24 16:36:03+00,,,,,,,,,,,,,,,,,,,,,
2633273.28357438,1244826.11730777,"0","0","1139",517.8,2026/05/24 16:36:04+00,,,,,,,,,,,,,,,,,,,,,
2633273.28357438,1244826.11730777,"0","0","1140",517.8,2026/05/24 16:36:05+00,,,,,,,,,,,,,,,,,,,,,
2633273.35788233,1244826.34009038,"0","0","1141",517.8,2026/05/24 16:36:06+00,,,,,,,,,,,,,,,,,,,,,
2633273.35788233,1244826.34009038,"0","0","1142",517.8,2026/05/24 16:36:07+00,,,,,,,,,,,,,,,,,,,,,
2633273.43343656,1244826.34051385,"0","0","1143",517.8,2026/05/24 16:36:08+00,,,,,,,,,,,,,,,,,,,,,
2633273.65822981,1244826.67532299,"0","0","1144",517.8,2026/05/24 16:36:09+00,,,,,,,,,,,,,,,,,,,,,
2633273.80871512,1244826.78734951,"0","0","1145",517.8,2026/05/24 16:36:10+00,,,,,,,,,,,,,,,,,,,,,
2633273.73440719,1244826.56456689,"0","0","1146",517.7,2026/05/24 16:36:11+00,,,,,,,,,,,,,,,,,,,,,
2633273.65885296,1244826.56414341,"0","0","1147",517.7,2026/05/24 16:36:12+00,,,,,,,,,,,,,,,,,,,,,
2633273.65885296,1244826.56414341,"0","0","1148",517.7,2026/05/24 16:36:13+00,,,,,,,,,,,,,,,,,,,,,
2633273.73253774,1244826.8981056,"0","0","1149",517.7,2026/05/24 16:36:14+00,,,,,,,,,,,,,,,,,,,,,
2633273.80684567,1244827.12088823,"0","0","1150",517.7,2026/05/24 16:36:15+00,,,,,,,,,,,,,,,,,,,,,
2633274.18461678,1244827.12300561,"0","0","1151",517.7,2026/05/24 16:36:16+00,,,,,,,,,,,,,,,,,,,,,
2633274.48496418,1244827.45823825,"0","0","1152",517.7,2026/05/24 16:36:17+00,,,,,,,,,,,,,,,,,,,,,
2633274.71162683,1244827.45950871,"0","0","1153",517.7,2026/05/24 16:36:18+00,,,,,,,,,,,,,,,,,,,,,
2633274.86398161,1244827.23799653,"0","0","1154",517.7,2026/05/24 16:36:19+00,,,,,,,,,,,,,,,,,,,,,
2633275.23614411,1244828.24073014,"0","0","1155",517.6,2026/05/24 16:36:20+00,,,,,,,,,,,,,,,,,,,,,
2633275.15996673,1244828.35148622,"0","0","1156",517.6,2026/05/24 16:36:21+00,,,,,,,,,,,,,,,,,,,,,
2633275.30982878,1244828.57469235,"0","0","1157",517.6,2026/05/24 16:36:22+00,,,,,,,,,,,,,,,,,,,,,
2633275.31419104,1244827.79643534,"0","0","1158",517.6,2026/05/24 16:36:23+00,,,,,,,,,,,,,,,,,,,,,
2633275.84120097,1244828.13293854,"0","0","1159",517.6,2026/05/24 16:36:24+00,,,,,,,,,,,,,,,,,,,,,
2633277.04757547,1244828.58443295,"0","0","1160",517.5,2026/05/24 16:36:25+00,,,,,,,,,,,,,,,,,,,,,
2633278.18151176,1244828.47960622,"0","0","1161",517.5,2026/05/24 16:36:26+00,,,,,,,,,,,,,,,,,,,,,
2633280.66732116,1244829.82773811,"0","0","1162",517.4,2026/05/24 16:36:27+00,,,,,,,,,,,,,,,,,,,,,
2633283.30112113,1244831.7326161,"0","0","1163",517.3,2026/05/24 16:36:28+00,,,,,,,,,,,,,,,,,,,,,
2633286.23339565,1244834.30626723,"0","0","1164",517.1,2026/05/24 16:36:29+00,,,,,,,,,,,,,,,,,,,,,
2633287.58962954,1244834.98097022,"0","0","1165",517.1,2026/05/24 16:36:30+00,,,,,,,,,,,,,,,,,,,,,
2633290.74793939,1244837.66707415,"0","0","1166",517,2026/05/24 16:36:31+00,,,,,,,,,,,,,,,,,,,,,
2633292.02924141,1244838.23017489,"0","0","1167",516.9,2026/05/24 16:36:32+00,,,,,,,,,,,,,,,,,,,,,
2633296.24966917,1244840.14395673,"0","0","1168",516.8,2026/05/24 16:36:33+00,,,,,,,,,,,,,,,,,,,,,
2633299.71393025,1244842.16468307,"0","0","1169",516.8,2026/05/24 16:36:34+00,,,,,,,,,,,,,,,,,,,,,
2633302.34896599,1244843.84721044,"0","0","1170",516.8,2026/05/24 16:36:35+00,,,,,,,,,,,,,,,,,,,,,
2633305.58406589,1244846.31138702,"0","0","1171",516.9,2026/05/24 16:36:36+00,,,,,,,,,,,,,,,,,,,,,
2633306.7891869,1244846.98524667,"0","0","1172",516.9,2026/05/24 16:36:37+00,,,,,,,,,,,,,,,,,,,,,
2633308.3602252,1244849.77363807,"0","0","1173",517,2026/05/24 16:36:38+00,,,,,,,,,,,,,,,,,,,,,
2633310.00182525,1244853.45189045,"0","0","1174",517.1,2026/05/24 16:36:39+00,,,,,,,,,,,,,,,,,,,,,
2633310.3721086,1244854.78816507,"0","0","1175",517.2,2026/05/24 16:36:40+00,,,,,,,,,,,,,,,,,,,,,
2633311.33372157,1244858.46260245,"0","0","1176",517.4,2026/05/24 16:36:41+00,,,,,,,,,,,,,,,,,,,,,
2633311.55289669,1244859.79802926,"0","0","1177",517.5,2026/05/24 16:36:42+00,,,,,,,,,,,,,,,,,,,,,
2633312.13424379,1244863.91506537,"0","0","1178",517.8,2026/05/24 16:36:43+00,,,,,,,,,,,,,,,,,,,,,
2633312.27786477,1244865.25006825,"0","0","1179",517.9,2026/05/24 16:36:44+00,,,,,,,,,,,,,,,,,,,,,
2633313.23760311,1244869.25804479,"0","0","1180",518.2,2026/05/24 16:36:45+00,,,,,,,,,,,,,,,,,,,,,
2633313.45802517,1244870.37111254,"0","0","1181",518.3,2026/05/24 16:36:46+00,,,,,,,,,,,,,,,,,,,,,
2633313.5129901,1244874.04046273,"0","0","1182",518.7,2026/05/24 16:36:47+00,,,,,,,,,,,,,,,,,,,,,
2633313.35252438,1244875.70730852,"0","0","1183",518.8,2026/05/24 16:36:48+00,,,,,,,,,,,,,,,,,,,,,
2633313.18394811,1244878.81948892,"0","0","1184",519.2,2026/05/24 16:36:49+00,,,,,,,,,,,,,,,,,,,,,
2633312.72563563,1244879.70638174,"0","0","1185",519.3,2026/05/24 16:36:50+00,,,,,,,,,,,,,,,,,,,,,
2633312.63074163,1244883.15252492,"0","0","1186",519.6,2026/05/24 16:36:51+00,,,,,,,,,,,,,,,,,,,,,
2633312.54894928,1244884.2638968,"0","0","1187",519.7,2026/05/24 16:36:52+00,,,,,,,,,,,,,,,,,,,,,
2633313.20771823,1244888.04781849,"0","0","1188",520,2026/05/24 16:36:53+00,,,,,,,,,,,,,,,,,,,,,
2633313.65479985,1244889.16215824,"0","0","1189",520.1,2026/05/24 16:36:54+00,,,,,,,,,,,,,,,,,,,,,
2633313.48435201,1244892.6078775,"0","0","1190",520.4,2026/05/24 16:36:55+00,,,,,,,,,,,,,,,,,,,,,
2633313.62921973,1244893.72052135,"0","0","1191",520.5,2026/05/24 16:36:56+00,,,,,,,,,,,,,,,,,,,,,
2633313.90710069,1244898.05822127,"0","0","1192",520.8,2026/05/24 16:36:57+00,,,,,,,,,,,,,,,,,,,,,
2633313.81906918,1244900.28138909,"0","0","1193",521,2026/05/24 16:36:58+00,,,,,,,,,,,,,,,,,,,,,
2633313.72916601,1244902.83809569,"0","0","1194",521.2,2026/05/24 16:36:59+00,,,,,,,,,,,,,,,,,,,,,
2633314.08883874,1244906.06442379,"0","0","1195",521.5,2026/05/24 16:37:00+00,,,,,,,,,,,,,,,,,,,,,
2633314.15877671,1244907.06546411,"0","0","1196",521.6,2026/05/24 16:37:01+00,,,,,,,,,,,,,,,,,,,,,
2633315.13535293,1244908.07159237,"0","0","1197",521.7,2026/05/24 16:37:02+00,,,,,,,,,,,,,,,,,,,,,
2633315.73665871,1244908.63088238,"0","0","1198",521.8,2026/05/24 16:37:03+00,,,,,,,,,,,,,,,,,,,,,
2633316.03699959,1244908.9661172,"0","0","1199",521.9,2026/05/24 16:37:04+00,,,,,,,,,,,,,,,,,,,,,
2633316.64204898,1244908.85832974,"0","0","1200",521.9,2026/05/24 16:37:05+00,,,,,,,,,,,,,,,,,,,,,
2633316.79627517,1244908.30327982,"0","0","1201",522,2026/05/24 16:37:06+00,,,,,,,,,,,,,,,,,,,,,
2633317.17216918,1244908.63893872,"0","0","1202",522,2026/05/24 16:37:07+00,,,,,,,,,,,,,,,,,,,,,
2633317.01981488,1244908.86044985,"0","0","1203",522,2026/05/24 16:37:08+00,,,,,,,,,,,,,,,,,,,,,
2633316.03887144,1244908.63257842,"0","0","1204",522.1,2026/05/24 16:37:09+00,,,,,,,,,,,,,,,,,,,,,
2633315.50812734,1244908.96314914,"0","0","1205",522.2,2026/05/24 16:37:10+00,,,,,,,,,,,,,,,,,,,,,
2633315.35514916,1244909.29583991,"0","0","1206",522.2,2026/05/24 16:37:11+00,,,,,,,,,,,,,,,,,,,,,
2633315.0516886,1244909.51650308,"0","0","1207",522.2,2026/05/24 16:37:12+00,,,,,,,,,,,,,,,,,,,,,
2633314.9755115,1244909.62725868,"0","0","1208",522.3,2026/05/24 16:37:13+00,,,,,,,,,,,,,,,,,,,,,
2633314.9755115,1244909.62725868,"0","0","1209",522.3,2026/05/24 16:37:14+00,,,,,,,,,,,,,,,,,,,,,
2633314.44726323,1244909.51311111,"0","0","1210",522.3,2026/05/24 16:37:15+00,,,,,,,,,,,,,,,,,,,,,
2633314.5228164,1244909.51353511,"0","0","1211",522.3,2026/05/24 16:37:16+00,,,,,,,,,,,,,,,,,,,,,
2633314.37233398,1244909.40150753,"0","0","1212",522.3,2026/05/24 16:37:17+00,,,,,,,,,,,,,,,,,,,,,
2633314.2967808,1244909.40108353,"0","0","1213",522.3,2026/05/24 16:37:18+00,,,,,,,,,,,,,,,,,,,,,
2633314.2967808,1244909.40108353,"0","0","1214",522.3,2026/05/24 16:37:19+00,,,,,,,,,,,,,,,,,,,,,
2633314.06949737,1244909.51099116,"0","0","1215",522.4,2026/05/24 16:37:20+00,,,,,,,,,,,,,,,,,,,,,
2633314.06949737,1244909.51099116,"0","0","1216",522.4,2026/05/24 16:37:21+00,,,,,,,,,,,,,,,,,,,,,
2633314.06887346,1244909.62217075,"0","0","1217",522.4,2026/05/24 16:37:22+00,,,,,,,,,,,,,,,,,,,,,
2633313.84283786,1244909.5097192,"0","0","1218",522.4,2026/05/24 16:37:24+00,,,,,,,,,,,,,,,,,,,,,
2633313.69110761,1244909.62005083,"0","0","1219",522.4,2026/05/24 16:37:25+00,,,,,,,,,,,,,,,,,,,,,
2633313.76666078,1244909.62047481,"0","0","1220",522.4,2026/05/24 16:37:26+00,,,,,,,,,,,,,,,,,,,,,
2633313.84283786,1244909.5097192,"0","0","1221",522.4,2026/05/24 16:37:27+00,,,,,,,,,,,,,,,,,,,,,
2633313.99456811,1244909.39938758,"0","0","1222",522.4,2026/05/24 16:37:28+00,,,,,,,,,,,,,,,,,,,,,
2633313.7685325,1244909.28693603,"0","0","1223",522.5,2026/05/24 16:37:29+00,,,,,,,,,,,,,,,,,,,,,
2633313.91776712,1244909.62132278,"0","0","1224",522.5,2026/05/24 16:37:30+00,,,,,,,,,,,,,,,,,,,,,
2633313.46132857,1244910.17467685,"0","0","1225",522.6,2026/05/24 16:37:31+00,,,,,,,,,,,,,,,,,,,,,
2633313.53688174,1244910.17510083,"0","0","1226",522.6,2026/05/24 16:37:32+00,,,,,,,,,,,,,,,,,,,,,
2633313.68923588,1244909.95358961,"0","0","1227",522.6,2026/05/24 16:37:33+00,,,,,,,,,,,,,,,,,,,,,
2633313.99082463,1244910.06646514,"0","0","1228",522.6,2026/05/24 16:37:34+00,,,,,,,,,,,,,,,,,,,,,
2633313.68798806,1244910.17594879,"0","0","1229",522.6,2026/05/24 16:37:35+00,,,,,,,,,,,,,,,,,,,,,
2633314.21810804,1244909.95655751,"0","0","1230",522.7,2026/05/24 16:37:36+00,,,,,,,,,,,,,,,,,,,,,
2633314.59587387,1244909.95867747,"0","0","1231",522.7,2026/05/24 16:37:37+00,,,,,,,,,,,,,,,,,,,,,
2633314.97239183,1244910.18315664,"0","0","1232",522.8,2026/05/24 16:37:38+00,,,,,,,,,,,,,,,,,,,,,
2633315.80347663,1244910.18782069,"0","0","1233",522.8,2026/05/24 16:37:39+00,,,,,,,,,,,,,,,,,,,,,
2633316.48595093,1244909.74691845,"0","0","1234",522.9,2026/05/24 16:37:40+00,,,,,,,,,,,,,,,,,,,,,
2633316.1887299,1244908.85578563,"0","0","1235",523,2026/05/24 16:37:41+00,,,,,,,,,,,,,,,,,,,,,
2633315.96019851,1244909.18805237,"0","0","1236",523,2026/05/24 16:37:42+00,,,,,,,,,,,,,,,,,,,,,
2633315.43195022,1244909.07390472,"0","0","1237",523.1,2026/05/24 16:37:43+00,,,,,,,,,,,,,,,,,,,,,
2633315.20466675,1244909.1838123,"0","0","1238",523.1,2026/05/24 16:37:44+00,,,,,,,,,,,,,,,,,,,,,
2633315.12911358,1244909.1833883,"0","0","1239",523.1,2026/05/24 16:37:45+00,,,,,,,,,,,,,,,,,,,,,
2633315.12911358,1244909.1833883,"0","0","1240",523.1,2026/05/24 16:37:46+00,,,,,,,,,,,,,,,,,,,,,
2633314.60273705,1244908.73570195,"0","0","1241",523.2,2026/05/24 16:37:47+00,,,,,,,,,,,,,,,,,,,,,
2633314.67953808,1244908.51376675,"0","0","1242",523.2,2026/05/24 16:37:48+00,,,,,,,,,,,,,,,,,,,,,
2633314.45350245,1244908.40131518,"0","0","1243",523.2,2026/05/24 16:37:49+00,,,,,,,,,,,,,,,,,,,,,
2633314.75259555,1244908.95890913,"0","0","1244",523.3,2026/05/24 16:37:50+00,,,,,,,,,,,,,,,,,,,,,
2633314.14817013,1244908.95551718,"0","0","1245",523.3,2026/05/24 16:37:51+00,,,,,,,,,,,,,,,,,,,,,
2633314.14817013,1244908.95551718,"0","0","1246",523.3,2026/05/24 16:37:52+00,,,,,,,,,,,,,,,,,,,,,
2633314.14817013,1244908.95551718,"0","0","1247",523.3,2026/05/24 16:37:53+00,,,,,,,,,,,,,,,,,,,,,
2633314.14817013,1244908.95551718,"0","0","1248",523.3,2026/05/24 16:37:54+00,,,,,,,,,,,,,,,,,,,,,
2633313.31646126,1244909.06203296,"0","0","1249",523.4,2026/05/24 16:37:55+00,,,,,,,,,,,,,,,,,,,,,
2633312.94056706,1244908.7263743,"0","0","1250",523.4,2026/05/24 16:37:56+00,,,,,,,,,,,,,,,,,,,,,
2633312.25871678,1244909.05609736,"0","0","1251",523.5,2026/05/24 16:37:57+00,,,,,,,,,,,,,,,,,,,,,
2633312.55469062,1244910.16958916,"0","0","1252",523.6,2026/05/24 16:37:58+00,,,,,,,,,,,,,,,,,,,,,
2633312.25434961,1244909.83435451,"0","0","1253",523.6,2026/05/24 16:37:59+00,,,,,,,,,,,,,,,,,,,,,
2633312.25247797,1244910.16789329,"0","0","1254",523.6,2026/05/24 16:38:00+00,,,,,,,,,,,,,,,,,,,,,
2633312.32740725,1244910.27949685,"0","0","1255",523.6,2026/05/24 16:38:01+00,,,,,,,,,,,,,,,,,,,,,
2633312.47601803,1244910.72506316,"0","0","1256",523.6,2026/05/24 16:38:02+00,,,,,,,,,,,,,,,,,,,,,
2633312.93183254,1244910.28288861,"0","0","1257",523.6,2026/05/24 16:38:03+00,,,,,,,,,,,,,,,,,,,,,
2633314.2967808,1244909.40108353,"0","0","1258",523.7,2026/05/24 16:38:04+00,,,,,,,,,,,,,,,,,,,,,
2633314.20874927,1244911.62425141,"0","0","1259",523.7,2026/05/24 16:38:05+00,,,,,,,,,,,,,,,,,,,,,
2633313.90404104,1244912.06727384,"0","0","1260",523.7,2026/05/24 16:38:06+00,,,,,,,,,,,,,,,,,,,,,
2633314.80755906,1244912.62825971,"0","0","1261",523.7,2026/05/24 16:38:07+00,,,,,,,,,,,,,,,,,,,,,
2633315.11101946,1244912.40759652,"0","0","1262",523.7,2026/05/24 16:38:08+00,,,,,,,,,,,,,,,,,,,,,
2633315.1884444,1244912.07448174,"0","0","1263",523.7,2026/05/24 16:38:09+00,,,,,,,,,,,,,,,,,,,,,
2633315.4912809,1244911.96499816,"0","0","1264",523.8,2026/05/24 16:38:10+00,,,,,,,,,,,,,,,,,,,,,
2633315.49252878,1244911.74263897,"0","0","1265",523.8,2026/05/24 16:38:11+00,,,,,,,,,,,,,,,,,,,,,
2633315.7966132,1244911.41079622,"0","0","1266",523.8,2026/05/24 16:38:12+00,,,,,,,,,,,,,,,,,,,,,
2633316.02389659,1244911.30088866,"0","0","1267",523.8,2026/05/24 16:38:13+00,,,,,,,,,,,,,,,,,,,,,
2633316.40353421,1244910.96946995,"0","0","1268",523.8,2026/05/24 16:38:14+00,,,,,,,,,,,,,,,,,,,,,
2633316.40415817,1244910.85829036,"0","0","1269",523.8,2026/05/24 16:38:15+00,,,,,,,,,,,,,,,,,,,,,
2633316.78254791,1244910.74923086,"0","0","1270",523.8,2026/05/24 16:38:16+00,,,,,,,,,,,,,,,,,,,,,
2633316.78504378,1244910.30451249,"0","0","1271",523.8,2026/05/24 16:38:17+00,,,,,,,,,,,,,,,,,,,,,
2633316.93739804,1244910.08300135,"0","0","1272",523.8,2026/05/24 16:38:18+00,,,,,,,,,,,,,,,,,,,,,
2633317.01232723,1244910.19460497,"0","0","1273",523.8,2026/05/24 16:38:19+00,,,,,,,,,,,,,,,,,,,,,
2633317.08725642,1244910.30620859,"0","0","1274",523.8,2026/05/24 16:38:20+00,,,,,,,,,,,,,,,,,,,,,
2633317.16218561,1244910.41781221,"0","0","1275",523.8,2026/05/24 16:38:21+00,,,,,,,,,,,,,,,,,,,,,
2633317.23711479,1244910.52941583,"0","0","1276",523.8,2026/05/24 16:38:22+00,,,,,,,,,,,,,,,,,,,,,
2633317.31204398,1244910.64101945,"0","0","1277",523.8,2026/05/24 16:38:23+00,,,,,,,,,,,,,,,,,,,,,
2633317.38634918,1244910.86380267,"0","0","1278",523.8,2026/05/24 16:38:24+00,,,,,,,,,,,,,,,,,,,,,
2633317.46127835,1244910.97540629,"0","0","1279",523.8,2026/05/24 16:38:25+00,,,,,,,,,,,,,,,,,,,,,
2633317.53620753,1244911.08700992,"0","0","1280",523.8,2026/05/24 16:38:26+00,,,,,,,,,,,,,,,,,,,,,
2633317.61113669,1244911.19861354,"0","0","1281",523.8,2026/05/24 16:38:27+00,,,,,,,,,,,,,,,,,,,,,
2633317.68606586,1244911.31021717,"0","0","1282",523.8,2026/05/24 16:38:28+00,,,,,,,,,,,,,,,,,,,,,
2633317.76099502,1244911.4218208,"0","0","1283",523.8,2026/05/24 16:38:29+00,,,,,,,,,,,,,,,,,,,,,
2633317.83592419,1244911.53342443,"0","0","1284",523.8,2026/05/24 16:38:30+00,,,,,,,,,,,,,,,,,,,,,
2633317.91085334,1244911.64502806,"0","0","1285",523.8,2026/05/24 16:38:31+00,,,,,,,,,,,,,,,,,,,,,
2633317.9857825,1244911.75663169,"0","0","1286",523.8,2026/05/24 16:38:32+00,,,,,,,,,,,,,,,,,,,,,
2633318.06071165,1244911.86823532,"0","0","1287",523.8,2026/05/24 16:38:33+00,,,,,,,,,,,,,,,,,,,,,
2633318.1356408,1244911.97983895,"0","0","1288",523.8,2026/05/24 16:38:34+00,,,,,,,,,,,,,,,,,,,,,
2633318.21056995,1244912.09144259,"0","0","1289",523.8,2026/05/24 16:38:35+00,,,,,,,,,,,,,,,,,,,,,
2633318.20932196,1244912.31380177,"0","0","1290",523.8,2026/05/24 16:38:36+00,,,,,,,,,,,,,,,,,,,,,
2633318.2842511,1244912.42540541,"0","0","1291",523.8,2026/05/24 16:38:37+00,,,,,,,,,,,,,,,,,,,,,
2633318.35918024,1244912.53700904,"0","0","1292",523.8,2026/05/24 16:38:38+00,,,,,,,,,,,,,,,,,,,,,
2633318.43410938,1244912.64861268,"0","0","1293",523.8,2026/05/24 16:38:39+00,,,,,,,,,,,,,,,,,,,,,
2633318.50903851,1244912.76021632,"0","0","1294",523.8,2026/05/24 16:38:40+00,,,,,,,,,,,,,,,,,,,,,
2633318.58396764,1244912.87181995,"0","0","1295",523.8,2026/05/24 16:38:41+00,,,,,,,,,,,,,,,,,,,,,
2633318.65889676,1244912.98342359,"0","0","1296",523.8,2026/05/24 16:38:42+00,,,,,,,,,,,,,,,,,,,,,
2633318.73382589,1244913.09502723,"0","0","1297",523.8,2026/05/24 16:38:43+00,,,,,,,,,,,,,,,,,,,,,
2633318.80875501,1244913.20663087,"0","0","1298",523.8,2026/05/24 16:38:44+00,,,,,,,,,,,,,,,,,,,,,
2633318.88368413,1244913.31823452,"0","0","1299",523.9,2026/05/24 16:38:45+00,,,,,,,,,,,,,,,,,,,,,
2633318.95861324,1244913.42983816,"0","0","1300",523.9,2026/05/24 16:38:46+00,,,,,,,,,,,,,,,,,,,,,
2633319.03354236,1244913.54144181,"0","0","1301",523.9,2026/05/24 16:38:47+00,,,,,,,,,,,,,,,,,,,,,
2633319.10847147,1244913.65304545,"0","0","1302",523.9,2026/05/24 16:38:48+00,,,,,,,,,,,,,,,,,,,,,
2633319.18277656,1244913.87582869,"0","0","1303",523.9,2026/05/24 16:38:49+00,,,,,,,,,,,,,,,,,,,,,
2633319.25770566,1244913.98743234,"0","0","1304",523.9,2026/05/24 16:38:50+00,,,,,,,,,,,,,,,,,,,,,
2633319.33263476,1244914.09903599,"0","0","1305",523.9,2026/05/24 16:38:51+00,,,,,,,,,,,,,,,,,,,,,
2633319.40756386,1244914.21063964,"0","0","1306",523.9,2026/05/24 16:38:52+00,,,,,,,,,,,,,,,,,,,,,
2633319.48249295,1244914.32224329,"0","0","1307",523.9,2026/05/24 16:38:53+00,,,,,,,,,,,,,,,,,,,,,
2633319.55742205,1244914.43384694,"0","0","1308",523.9,2026/05/24 16:38:54+00,,,,,,,,,,,,,,,,,,,,,
2633319.63235113,1244914.54545059,"0","0","1309",523.9,2026/05/24 16:38:55+00,,,,,,,,,,,,,,,,,,,,,
2633321.42752813,1244917.77983652,"0","0","1310",523.9,2026/05/24 16:38:56+00,,,,,,,,,,,,,,,,,,,,,
2633321.79905285,1244918.89375289,"0","0","1311",523.9,2026/05/24 16:38:57+00,,,,,,,,,,,,,,,,,,,,,
2633324.95605387,1244921.80223484,"0","0","1312",524,2026/05/24 16:38:58+00,,,,,,,,,,,,,,,,,,,,,
2633326.15928482,1244922.80963735,"0","0","1313",524,2026/05/24 16:38:59+00,,,,,,,,,,,,,,,,,,,,,
2633328.02751195,1244926.48916788,"0","0","1314",524.1,2026/05/24 16:39:00+00,,,,,,,,,,,,,,,,,,,,,
2633330.43209779,1244928.83751321,"0","0","1315",524.2,2026/05/24 16:39:01+00,,,,,,,,,,,,,,,,,,,,,
2633332.45392314,1244932.07317519,"0","0","1316",524.3,2026/05/24 16:39:02+00,,,,,,,,,,,,,,,,,,,,,
2633335.84256502,1244934.09349893,"0","0","1317",524.4,2026/05/24 16:39:03+00,,,,,,,,,,,,,,,,,,,,,
2633337.1219688,1244934.99014837,"0","0","1318",524.4,2026/05/24 16:39:04+00,,,,,,,,,,,,,,,,,,,,,
2633340.35762855,1244937.34316494,"0","0","1319",524.5,2026/05/24 16:39:05+00,,,,,,,,,,,,,,,,,,,,,
2633341.33544416,1244938.12693841,"0","0","1320",524.5,2026/05/24 16:39:06+00,,,,,,,,,,,,,,,,,,,,,
2633344.87081364,1244940.92637321,"0","0","1321",524.6,2026/05/24 16:39:07+00,,,,,,,,,,,,,,,,,,,,,
2633346.22639185,1244941.71226941,"0","0","1322",524.7,2026/05/24 16:39:08+00,,,,,,,,,,,,,,,,,,,,,
2633349.16358085,1244943.39651565,"0","0","1323",524.8,2026/05/24 16:39:09+00,,,,,,,,,,,,,,,,,,,,,
2633351.94903812,1244945.19109401,"0","0","1324",524.9,2026/05/24 16:39:10+00,,,,,,,,,,,,,,,,,,,,,
2633354.73511839,1244946.87449409,"0","0","1325",525.1,2026/05/24 16:39:11+00,,,,,,,,,,,,,,,,,,,,,
2633357.36134547,1244950.11356081,"0","0","1326",525.3,2026/05/24 16:39:12+00,,,,,,,,,,,,,,,,,,,,,
2633358.33790721,1244951.11969631,"0","0","1327",525.3,2026/05/24 16:39:13+00,,,,,,,,,,,,,,,,,,,,,
2633361.12335807,1244952.91427902,"0","0","1328",525.5,2026/05/24 16:39:14+00,,,,,,,,,,,,,,,,,,,,,
2633361.80083236,1244953.36281876,"0","0","1329",525.6,2026/05/24 16:39:15+00,,,,,,,,,,,,,,,,,,,,,
2633364.50510473,1244956.15759489,"0","0","1330",525.8,2026/05/24 16:39:16+00,,,,,,,,,,,,,,,,,,,,,
2633365.63276938,1244957.16458088,"0","0","1331",525.8,2026/05/24 16:39:17+00,,,,,,,,,,,,,,,,,,,,,
2633368.94895782,1244958.62860103,"0","0","1332",526,2026/05/24 16:39:18+00,,,,,,,,,,,,,,,,,,,,,
2633372.64353228,1244959.98356711,"0","0","1333",526.2,2026/05/24 16:39:19+00,,,,,,,,,,,,,,,,,,,,,
2633373.84924751,1244960.546261,"0","0","1334",526.3,2026/05/24 16:39:20+00,,,,,,,,,,,,,,,,,,,,,
2633377.99525932,1244962.23731774,"0","0","1335",526.4,2026/05/24 16:39:21+00,,,,,,,,,,,,,,,,,,,,,
2633379.19909815,1244963.13355153,"0","0","1336",526.5,2026/05/24 16:39:22+00,,,,,,,,,,,,,,,,,,,,,
2633383.04227156,1244964.93409216,"0","0","1337",526.6,2026/05/24 16:39:23+00,,,,,,,,,,,,,,,,,,,,,
2633384.24923527,1244965.27442897,"0","0","1338",526.6,2026/05/24 16:39:24+00,,,,,,,,,,,,,,,,,,,,,
2633388.0886539,1244967.7420505,"0","0","1339",526.7,2026/05/24 16:39:25+00,,,,,,,,,,,,,,,,,,,,,
2633389.44359493,1244968.63913625,"0","0","1340",526.7,2026/05/24 16:39:26+00,,,,,,,,,,,,,,,,,,,,,
2633393.05760286,1244970.88312697,"0","0","1341",526.8,2026/05/24 16:39:27+00,,,,,,,,,,,,,,,,,,,,,
2633394.56552347,1244971.44752508,"0","0","1342",526.8,2026/05/24 16:39:28+00,,,,,,,,,,,,,,,,,,,,,
2633398.18015326,1244973.58033934,"0","0","1343",526.8,2026/05/24 16:39:29+00,,,,,,,,,,,,,,,,,,,,,
2633399.46079014,1244974.25464313,"0","0","1344",526.8,2026/05/24 16:39:30+00,,,,,,,,,,,,,,,,,,,,,
2633403.15159437,1244976.27670591,"0","0","1345",526.8,2026/05/24 16:39:31+00,,,,,,,,,,,,,,,,,,,,,
2633404.80936603,1244977.06431609,"0","0","1346",526.7,2026/05/24 16:39:32+00,,,,,,,,,,,,,,,,,,,,,
2633407.75090066,1244977.97033431,"0","0","1347",526.7,2026/05/24 16:39:33+00,,,,,,,,,,,,,,,,,,,,,
2633411.29184671,1244979.76919261,"0","0","1348",526.6,2026/05/24 16:39:34+00,,,,,,,,,,,,,,,,,,,,,
2633412.64928458,1244980.22156528,"0","0","1349",526.6,2026/05/24 16:39:35+00,,,,,,,,,,,,,,,,,,,,,
2633416.11467556,1244982.02000124,"0","0","1350",526.5,2026/05/24 16:39:36+00,,,,,,,,,,,,,,,,,,,,,
2633420.41239074,1244983.60075874,"0","0","1351",526.4,2026/05/24 16:39:37+00,,,,,,,,,,,,,,,,,,,,,
2633422.14696219,1244984.16643993,"0","0","1352",526.4,2026/05/24 16:39:38+00,,,,,,,,,,,,,,,,,,,,,
2633425.30888719,1244986.18553903,"0","0","1353",526.3,2026/05/24 16:39:39+00,,,,,,,,,,,,,,,,,,,,,
2633426.36098362,1244987.19211125,"0","0","1354",526.3,2026/05/24 16:39:40+00,,,,,,,,,,,,,,,,,,,,,
2633429.06896656,1244989.31983948,"0","0","1355",526.2,2026/05/24 16:39:41+00,,,,,,,,,,,,,,,,,,,,,
2633432.38011227,1244991.67333211,"0","0","1356",526.1,2026/05/24 16:39:42+00,,,,,,,,,,,,,,,,,,,,,
2633434.03975429,1244992.12741169,"0","0","1357",526.1,2026/05/24 16:39:43+00,,,,,,,,,,,,,,,,,,,,,
2633437.58068393,1244993.92628578,"0","0","1358",526.1,2026/05/24 16:39:44+00,,,,,,,,,,,,,,,,,,,,,
2633438.7114603,1244994.37738775,"0","0","1359",526,2026/05/24 16:39:45+00,,,,,,,,,,,,,,,,,,,,,
2633439.3807824,1244996.27127128,"0","0","1360",526,2026/05/24 16:39:46+00,,,,,,,,,,,,,,,,,,,,,
2633439.90839428,1244996.49660961,"0","0","1361",526,2026/05/24 16:39:47+00,,,,,,,,,,,,,,,,,,,,,
2633440.43600612,1244996.721948,"0","0","1362",526,2026/05/24 16:39:48+00,,,,,,,,,,,,,,,,,,,,,
2633440.96424423,1244996.83610682,"0","0","1363",526,2026/05/24 16:39:49+00,,,,,,,,,,,,,,,,,,,,,
2633441.491856,1244997.0614453,"0","0","1364",526,2026/05/24 16:39:50+00,,,,,,,,,,,,,,,,,,,,,
2633442.01946773,1244997.28678383,"0","0","1365",526,2026/05/24 16:39:51+00,,,,,,,,,,,,,,,,,,,,,
2633441.79531686,1244996.84078855,"0","0","1366",526,2026/05/24 16:39:52+00,,,,,,,,,,,,,,,,,,,,,
2633441.87086892,1244996.84121417,"0","0","1367",526,2026/05/24 16:39:53+00,,,,,,,,,,,,,,,,,,,,,
2633441.8702426,1244996.95239377,"0","0","1368",526,2026/05/24 16:39:54+00,,,,,,,,,,,,,,,,,,,,,
2633441.94579466,1244996.95281939,"0","0","1369",526,2026/05/24 16:39:55+00,,,,,,,,,,,,,,,,,,,,,
2633441.94579466,1244996.95281939,"0","0","1370",526,2026/05/24 16:39:56+00,,,,,,,,,,,,,,,,,,,,,
2633442.02134671,1244996.95324501,"0","0","1371",526,2026/05/24 16:39:57+00,,,,,,,,,,,,,,,,,,,,,
2633442.02134671,1244996.95324501,"0","0","1372",526,2026/05/24 16:39:58+00,,,,,,,,,,,,,,,,,,,,,
2633442.09627244,1244997.06485024,"0","0","1373",525.9,2026/05/24 16:39:59+00,,,,,,,,,,,,,,,,,,,,,
2633442.09627244,1244997.06485024,"0","0","1374",525.9,2026/05/24 16:40:00+00,,,,,,,,,,,,,,,,,,,,,
2633442.17182449,1244997.06527586,"0","0","1375",525.9,2026/05/24 16:40:01+00,,,,,,,,,,,,,,,,,,,,,
2633442.17182449,1244997.06527586,"0","0","1376",525.9,2026/05/24 16:40:02+00,,,,,,,,,,,,,,,,,,,,,
2633442.24737655,1244997.06570148,"0","0","1377",525.9,2026/05/24 16:40:03+00,,,,,,,,,,,,,,,,,,,,,
2633442.24675022,1244997.17688109,"0","0","1378",525.9,2026/05/24 16:40:04+00,,,,,,,,,,,,,,,,,,,,,
2633442.32230227,1244997.17730671,"0","0","1379",525.9,2026/05/24 16:40:05+00,,,,,,,,,,,,,,,,,,,,,
2633442.32230227,1244997.17730671,"0","0","1380",525.9,2026/05/24 16:40:06+00,,,,,,,,,,,,,,,,,,,,,
2633442.39785433,1244997.17773234,"0","0","1381",525.9,2026/05/24 16:40:07+00,,,,,,,,,,,,,,,,,,,,,
2633442.39785433,1244997.17773234,"0","0","1382",525.9,2026/05/24 16:40:08+00,,,,,,,,,,,,,,,,,,,,,
2633442.47278004,1244997.28933756,"0","0","1383",525.9,2026/05/24 16:40:09+00,,,,,,,,,,,,,,,,,,,,,
2633442.47278004,1244997.28933756,"0","0","1384",525.9,2026/05/24 16:40:10+00,,,,,,,,,,,,,,,,,,,,,
2633442.5483321,1244997.28976319,"0","0","1385",525.9,2026/05/24 16:40:11+00,,,,,,,,,,,,,,,,,,,,,
2633442.5483321,1244997.28976319,"0","0","1386",525.9,2026/05/24 16:40:12+00,,,,,,,,,,,,,,,,,,,,,
2633442.62388415,1244997.29018882,"0","0","1387",525.9,2026/05/24 16:40:13+00,,,,,,,,,,,,,,,,,,,,,
2633442.62325781,1244997.40136842,"0","0","1388",525.9,2026/05/24 16:40:14+00,,,,,,,,,,,,,,,,,,,,,
2633442.69880986,1244997.40179405,"0","0","1389",525.9,2026/05/24 16:40:15+00,,,,,,,,,,,,,,,,,,,,,
2633442.69880986,1244997.40179405,"0","0","1390",525.9,2026/05/24 16:40:16+00,,,,,,,,,,,,,,,,,,,,,
2633442.77436191,1244997.40221968,"0","0","1391",525.9,2026/05/24 16:40:17+00,,,,,,,,,,,,,,,,,,,,,
2633442.77436191,1244997.40221968,"0","0","1392",525.9,2026/05/24 16:40:18+00,,,,,,,,,,,,,,,,,,,,,
2633442.84928762,1244997.51382492,"0","0","1393",525.9,2026/05/24 16:40:19+00,,,,,,,,,,,,,,,,,,,,,
2633442.84928762,1244997.51382492,"0","0","1394",525.9,2026/05/24 16:40:20+00,,,,,,,,,,,,,,,,,,,,,
2633442.92483967,1244997.51425055,"0","0","1395",525.9,2026/05/24 16:40:21+00,,,,,,,,,,,,,,,,,,,,,
2633442.92483967,1244997.51425055,"0","0","1396",525.9,2026/05/24 16:40:22+00,,,,,,,,,,,,,,,,,,,,,
2633442.99976537,1244997.62585579,"0","0","1397",525.9,2026/05/24 16:40:23+00,,,,,,,,,,,,,,,,,,,,,
2633442.99976537,1244997.62585579,"0","0","1398",525.9,2026/05/24 16:40:24+00,,,,,,,,,,,,,,,,,,,,,
2633443.07531742,1244997.62628142,"0","0","1399",525.9,2026/05/24 16:40:25+00,,,,,,,,,,,,,,,,,,,,,
2633443.07531742,1244997.62628142,"0","0","1400",525.9,2026/05/24 16:40:26+00,,,,,,,,,,,,,,,,,,,,,
2633443.15086947,1244997.62670705,"0","0","1401",525.9,2026/05/24 16:40:27+00,,,,,,,,,,,,,,,,,,,,,
2633443.15024312,1244997.73788666,"0","0","1402",525.9,2026/05/24 16:40:28+00,,,,,,,,,,,,,,,,,,,,,
2633443.22579517,1244997.73831229,"0","0","1403",525.9,2026/05/24 16:40:29+00,,,,,,,,,,,,,,,,,,,,,
2633443.22579517,1244997.73831229,"0","0","1404",525.9,2026/05/24 16:40:30+00,,,,,,,,,,,,,,,,,,,,,
2633443.30134721,1244997.73873792,"0","0","1405",525.9,2026/05/24 16:40:31+00,,,,,,,,,,,,,,,,,,,,,
2633443.30134721,1244997.73873792,"0","0","1406",525.9,2026/05/24 16:40:32+00,,,,,,,,,,,,,,,,,,,,,
2633443.37627291,1244997.85034317,"0","0","1407",525.9,2026/05/24 16:40:33+00,,,,,,,,,,,,,,,,,,,,,
2633443.37627291,1244997.85034317,"0","0","1408",525.9,2026/05/24 16:40:34+00,,,,,,,,,,,,,,,,,,,,,
2633443.45182495,1244997.85076881,"0","0","1409",525.9,2026/05/24 16:40:35+00,,,,,,,,,,,,,,,,,,,,,
2633443.45182495,1244997.85076881,"0","0","1410",525.9,2026/05/24 16:40:36+00,,,,,,,,,,,,,,,,,,,,,
2633443.527377,1244997.85119444,"0","0","1411",525.9,2026/05/24 16:40:37+00,,,,,,,,,,,,,,,,,,,,,
2633443.52675064,1244997.96237405,"0","0","1412",525.9,2026/05/24 16:40:38+00,,,,,,,,,,,,,,,,,,,,,
2633443.60230269,1244997.96279969,"0","0","1413",525.9,2026/05/24 16:40:39+00,,,,,,,,,,,,,,,,,,,,,
2633443.60230269,1244997.96279969,"0","0","1414",525.9,2026/05/24 16:40:40+00,,,,,,,,,,,,,,,,,,,,,
2633443.67785473,1244997.96322533,"0","0","1415",525.9,2026/05/24 16:40:41+00,,,,,,,,,,,,,,,,,,,,,
2633443.67785473,1244997.96322533,"0","0","1416",525.9,2026/05/24 16:40:42+00,,,,,,,,,,,,,,,,,,,,,
2633443.75278041,1244998.07483058,"0","0","1417",525.9,2026/05/24 16:40:43+00,,,,,,,,,,,,,,,,,,,,,
2633443.75278041,1244998.07483058,"0","0","1418",525.9,2026/05/24 16:40:44+00,,,,,,,,,,,,,,,,,,,,,
2633443.82833246,1244998.07525622,"0","0","1419",525.9,2026/05/24 16:40:45+00,,,,,,,,,,,,,,,,,,,,,
2633443.82833246,1244998.07525622,"0","0","1420",525.9,2026/05/24 16:40:46+00,,,,,,,,,,,,,,,,,,,,,
2633443.9038845,1244998.07568186,"0","0","1421",525.9,2026/05/24 16:40:47+00,,,,,,,,,,,,,,,,,,,,,
2633443.90325814,1244998.18686146,"0","0","1422",525.9,2026/05/24 16:40:48+00,,,,,,,,,,,,,,,,,,,,,
2633443.97881018,1244998.18728711,"0","0","1423",525.9,2026/05/24 16:40:49+00,,,,,,,,,,,,,,,,,,,,,
2633443.97881018,1244998.18728711,"0","0","1424",525.9,2026/05/24 16:40:50+00,,,,,,,,,,,,,,,,,,,,,
2633443.97881018,1244998.18728711,"0","0","1425",525.9,2026/05/24 16:40:51+00,,,,,,,,,,,,,,,,,,,,,
2633444.05436222,1244998.18771276,"0","0","1426",525.9,2026/05/24 16:40:52+00,,,,,,,,,,,,,,,,,,,,,
2633444.05373585,1244998.29889236,"0","0","1427",525.9,2026/05/24 16:40:53+00,,,,,,,,,,,,,,,,,,,,,
2633444.12928789,1244998.29931801,"0","0","1428",525.9,2026/05/24 16:40:54+00,,,,,,,,,,,,,,,,,,,,,
2633444.12928789,1244998.29931801,"0","0","1429",525.9,2026/05/24 16:40:55+00,,,,,,,,,,,,,,,,,,,,,
2633444.20483993,1244998.29974366,"0","0","1430",525.9,2026/05/24 16:40:56+00,,,,,,,,,,,,,,,,,,,,,
2633444.20483993,1244998.29974366,"0","0","1431",525.9,2026/05/24 16:40:57+00,,,,,,,,,,,,,,,,,,,,,
2633444.2797656,1244998.41134891,"0","0","1432",525.9,2026/05/24 16:40:58+00,,,,,,,,,,,,,,,,,,,,,
2633444.2797656,1244998.41134891,"0","0","1433",525.9,2026/05/24 16:40:59+00,,,,,,,,,,,,,,,,,,,,,
2633444.35531764,1244998.41177456,"0","0","1434",525.9,2026/05/24 16:41:00+00,,,,,,,,,,,,,,,,,,,,,
2633444.35531764,1244998.41177456,"0","0","1435",525.9,2026/05/24 16:41:01+00,,,,,,,,,,,,,,,,,,,,,
2633444.43086968,1244998.41220021,"0","0","1436",525.9,2026/05/24 16:41:02+00,,,,,,,,,,,,,,,,,,,,,
2633444.4302433,1244998.52337981,"0","0","1437",525.9,2026/05/24 16:41:03+00,,,,,,,,,,,,,,,,,,,,,
2633444.50579534,1244998.52380547,"0","0","1438",525.9,2026/05/24 16:41:04+00,,,,,,,,,,,,,,,,,,,,,
2633444.50579534,1244998.52380547,"0","0","1439",525.9,2026/05/24 16:41:05+00,,,,,,,,,,,,,,,,,,,,,
2633444.58134738,1244998.52423112,"0","0","1440",525.9,2026/05/24 16:41:06+00,,,,,,,,,,,,,,,,,,,,,
2633444.58134738,1244998.52423112,"0","0","1441",525.9,2026/05/24 16:41:07+00,,,,,,,,,,,,,,,,,,,,,
2633444.65627304,1244998.63583638,"0","0","1442",525.9,2026/05/24 16:41:08+00,,,,,,,,,,,,,,,,,,,,,
2633444.65627304,1244998.63583638,"0","0","1443",525.9,2026/05/24 16:41:09+00,,,,,,,,,,,,,,,,,,,,,
2633444.73182507,1244998.63626203,"0","0","1444",525.9,2026/05/24 16:41:10+00,,,,,,,,,,,,,,,,,,,,,
2633444.73182507,1244998.63626203,"0","0","1445",525.9,2026/05/24 16:41:11+00,,,,,,,,,,,,,,,,,,,,,
2633444.80737711,1244998.63668768,"0","0","1446",525.9,2026/05/24 16:41:12+00,,,,,,,,,,,,,,,,,,,,,
2633444.80675073,1244998.74786729,"0","0","1447",525.9,2026/05/24 16:41:13+00,,,,,,,,,,,,,,,,,,,,,
2633444.88230276,1244998.74829295,"0","0","1448",525.9,2026/05/24 16:41:14+00,,,,,,,,,,,,,,,,,,,,,
2633444.88230276,1244998.74829295,"0","0","1449",525.9,2026/05/24 16:41:15+00,,,,,,,,,,,,,,,,,,,,,
2633444.9578548,1244998.7487186,"0","0","1450",525.9,2026/05/24 16:41:16+00,,,,,,,,,,,,,,,,,,,,,
2633444.9578548,1244998.7487186,"0","0","1451",525.9,2026/05/24 16:41:17+00,,,,,,,,,,,,,,,,,,,,,
2633445.03278045,1244998.86032387,"0","0","1452",525.9,2026/05/24 16:41:18+00,,,,,,,,,,,,,,,,,,,,,
2633445.03278045,1244998.86032387,"0","0","1453",525.9,2026/05/24 16:41:19+00,,,,,,,,,,,,,,,,,,,,,
2633445.10833248,1244998.86074953,"0","0","1454",525.9,2026/05/24 16:41:20+00,,,,,,,,,,,,,,,,,,,,,
2633445.10833248,1244998.86074953,"0","0","1455",525.9,2026/05/24 16:41:21+00,,,,,,,,,,,,,,,,,,,,,
2633445.18325812,1244998.97235479,"0","0","1456",525.9,2026/05/24 16:41:22+00,,,,,,,,,,,,,,,,,,,,,
2633445.18325812,1244998.97235479,"0","0","1457",525.9,2026/05/24 16:41:23+00,,,,,,,,,,,,,,,,,,,,,
2633445.25881015,1244998.97278045,"0","0","1458",525.9,2026/05/24 16:41:24+00,,,,,,,,,,,,,,,,,,,,,
2633445.25881015,1244998.97278045,"0","0","1459",525.9,2026/05/24 16:41:25+00,,,,,,,,,,,,,,,,,,,,,
2633445.33436218,1244998.97320611,"0","0","1460",525.9,2026/05/24 16:41:26+00,,,,,,,,,,,,,,,,,,,,,
2633445.3337358,1244999.08438572,"0","0","1461",525.9,2026/05/24 16:41:27+00,,,,,,,,,,,,,,,,,,,,,
2633445.40928782,1244999.08481138,"0","0","1462",525.9,2026/05/24 16:41:28+00,,,,,,,,,,,,,,,,,,,,,
2633445.40928782,1244999.08481138,"0","0","1463",525.9,2026/05/24 16:41:29+00,,,,,,,,,,,,,,,,,,,,,
2633445.48483985,1244999.08523704,"0","0","1464",525.9,2026/05/24 16:41:30+00,,,,,,,,,,,,,,,,,,,,,
2633445.48483985,1244999.08523704,"0","0","1465",525.9,2026/05/24 16:41:31+00,,,,,,,,,,,,,,,,,,,,,
2633445.55976549,1244999.19684231,"0","0","1466",525.9,2026/05/24 16:41:32+00,,,,,,,,,,,,,,,,,,,,,
2633445.55976549,1244999.19684231,"0","0","1467",525.9,2026/05/24 16:41:33+00,,,,,,,,,,,,,,,,,,,,,
2633445.63531752,1244999.19726798,"0","0","1468",525.9,2026/05/24 16:41:34+00,,,,,,,,,,,,,,,,,,,,,
2633445.63531752,1244999.19726798,"0","0","1469",525.9,2026/05/24 16:41:35+00,,,,,,,,,,,,,,,,,,,,,
2633445.71086955,1244999.19769365,"0","0","1470",525.9,2026/05/24 16:41:36+00,,,,,,,,,,,,,,,,,,,,,
2633445.71024315,1244999.30887326,"0","0","1471",525.9,2026/05/24 16:41:37+00,,,,,,,,,,,,,,,,,,,,,
2633445.78579518,1244999.30929892,"0","0","1472",525.9,2026/05/24 16:41:38+00,,,,,,,,,,,,,,,,,,,,,
2633445.78579518,1244999.30929892,"0","0","1473",525.9,2026/05/24 16:41:39+00,,,,,,,,,,,,,,,,,,,,,
2633445.8613472,1244999.30972459,"0","0","1474",525.9,2026/05/24 16:41:40+00,,,,,,,,,,,,,,,,,,,,,
2633445.8613472,1244999.30972459,"0","0","1475",525.9,2026/05/24 16:41:41+00,,,,,,,,,,,,,,,,,,,,,
2633445.93627283,1244999.42132986,"0","0","1476",525.8,2026/05/24 16:41:42+00,,,,,,,,,,,,,,,,,,,,,
2633445.93627283,1244999.42132986,"0","0","1477",525.8,2026/05/24 16:41:43+00,,,,,,,,,,,,,,,,,,,,,
2633446.01182485,1244999.42175553,"0","0","1478",525.8,2026/05/24 16:41:44+00,,,,,,,,,,,,,,,,,,,,,
2633446.01182485,1244999.42175553,"0","0","1479",525.8,2026/05/24 16:41:45+00,,,,,,,,,,,,,,,,,,,,,
2633446.08737688,1244999.4221812,"0","0","1480",525.8,2026/05/24 16:41:46+00,,,,,,,,,,,,,,,,,,,,,
2633446.08675047,1244999.53336081,"0","0","1481",525.8,2026/05/24 16:41:47+00,,,,,,,,,,,,,,,,,,,,,
2633446.1623025,1244999.53378648,"0","0","1482",525.8,2026/05/24 16:41:48+00,,,,,,,,,,,,,,,,,,,,,
2633446.1623025,1244999.53378648,"0","0","1483",525.8,2026/05/24 16:41:49+00,,,,,,,,,,,,,,,,,,,,,
2633449.92173588,1245002.77927989,"0","0","1484",525.7,2026/05/24 16:41:50+00,,,,,,,,,,,,,,,,,,,,,
2633452.48110541,1245004.46144904,"0","0","1485",525.6,2026/05/24 16:41:51+00,,,,,,,,,,,,,,,,,,,,,
2633454.73262664,1245007.14253263,"0","0","1486",525.5,2026/05/24 16:41:52+00,,,,,,,,,,,,,,,,,,,,,
2633455.63423709,1245008.03707894,"0","0","1487",525.5,2026/05/24 16:41:53+00,,,,,,,,,,,,,,,,,,,,,
2633459.47735826,1245009.83766937,"0","0","1488",525.3,2026/05/24 16:41:54+00,,,,,,,,,,,,,,,,,,,,,
2633460.52881799,1245010.95542733,"0","0","1489",525.3,2026/05/24 16:41:55+00,,,,,,,,,,,,,,,,,,,,,
2633463.53773172,1245013.3072341,"0","0","1490",525.1,2026/05/24 16:41:56+00,,,,,,,,,,,,,,,,,,,,,
2633464.43871316,1245014.31296137,"0","0","1491",525.1,2026/05/24 16:41:57+00,,,,,,,,,,,,,,,,,,,,,
2633468.96367439,1245015.78385235,"0","0","1492",524.9,2026/05/24 16:41:58+00,,,,,,,,,,,,,,,,,,,,,
2633470.92676787,1245016.01728694,"0","0","1493",524.8,2026/05/24 16:41:59+00,,,,,,,,,,,,,,,,,,,,,
2633474.24916684,1245016.36957019,"0","0","1494",524.6,2026/05/24 16:42:00+00,,,,,,,,,,,,,,,,,,,,,
2633476.96150813,1245017.71906321,"0","0","1495",524.5,2026/05/24 16:42:01+00,,,,,,,,,,,,,,,,,,,,,
2633478.24087252,1245018.61574333,"0","0","1496",524.4,2026/05/24 16:42:02+00,,,,,,,,,,,,,,,,,,,,,
2633481.4153014,1245018.41128039,"0","0","1497",524.2,2026/05/24 16:42:03+00,,,,,,,,,,,,,,,,,,,,,
2633485.40763015,1245020.54627876,"0","0","1498",523.9,2026/05/24 16:42:04+00,,,,,,,,,,,,,,,,,,,,,
2633489.17706413,1245022.01292353,"0","0","1499",523.7,2026/05/24 16:42:05+00,,,,,,,,,,,,,,,,,,,,,
2633490.46144365,1245022.02016943,"0","0","1500",523.6,2026/05/24 16:42:06+00,,,,,,,,,,,,,,,,,,,,,
2633494.84532632,1245021.711354,"0","0","1501",523.2,2026/05/24 16:42:07+00,,,,,,,,,,,,,,,,,,,,,
2633498.70097464,1245021.2883778,"0","0","1502",522.7,2026/05/24 16:42:08+00,,,,,,,,,,,,,,,,,,,,,
2633502.48483656,1245020.19790007,"0","0","1503",522.3,2026/05/24 16:42:09+00,,,,,,,,,,,,,,,,,,,,,
2633506.4141556,1245020.1088941,"0","0","1504",521.9,2026/05/24 16:42:10+00,,,,,,,,,,,,,,,,,,,,,
2633509.59486072,1245018.79265021,"0","0","1505",521.5,2026/05/24 16:42:11+00,,,,,,,,,,,,,,,,,,,,,
2633514.20351914,1245018.81866738,"0","0","1506",521,2026/05/24 16:42:12+00,,,,,,,,,,,,,,,,,,,,,
2633517.23249537,1245017.61275412,"0","0","1507",520.6,2026/05/24 16:42:13+00,,,,,,,,,,,,,,,,,,,,,
2633521.08689242,1245017.4121517,"0","0","1508",520.2,2026/05/24 16:42:14+00,,,,,,,,,,,,,,,,,,,,,
2633524.26195143,1245017.09653212,"0","0","1509",519.9,2026/05/24 16:42:15+00,,,,,,,,,,,,,,,,,,,,,
2633527.35266797,1245018.33700198,"0","0","1510",519.5,2026/05/24 16:42:16+00,,,,,,,,,,,,,,,,,,,,,
2633531.43686032,1245017.5817884,"0","0","1511",519.1,2026/05/24 16:42:17+00,,,,,,,,,,,,,,,,,,,,,
2633534.62008468,1245015.82083956,"0","0","1512",518.7,2026/05/24 16:42:18+00,,,,,,,,,,,,,,,,,,,,,
2633538.93281963,1245014.73337276,"0","0","1513",518.3,2026/05/24 16:42:19+00,,,,,,,,,,,,,,,,,,,,,
2633543.16120917,1245015.20199659,"0","0","1514",517.9,2026/05/24 16:42:20+00,,,,,,,,,,,,,,,,,,,,,
2633544.66847611,1245015.87761258,"0","0","1515",517.8,2026/05/24 16:42:21+00,,,,,,,,,,,,,,,,,,,,,
2633548.74324745,1245016.79010495,"0","0","1516",517.4,2026/05/24 16:42:22+00,,,,,,,,,,,,,,,,,,,,,
2633550.6326709,1245016.68960017,"0","0","1517",517.2,2026/05/24 16:42:23+00,,,,,,,,,,,,,,,,,,,,,
2633554.71372522,1245016.49030065,"0","0","1518",516.9,2026/05/24 16:42:24+00,,,,,,,,,,,,,,,,,,,,,
2633558.56875292,1245016.17854302,"0","0","1519",516.6,2026/05/24 16:42:25+00,,,,,,,,,,,,,,,,,,,,,
2633562.04350764,1245016.30937052,"0","0","1520",516.3,2026/05/24 16:42:26+00,,,,,,,,,,,,,,,,,,,,,
2633565.52014816,1245016.10666128,"0","0","1521",516,2026/05/24 16:42:27+00,,,,,,,,,,,,,,,,,,,,,
2633568.90929162,1245018.01593919,"0","0","1522",515.7,2026/05/24 16:42:28+00,,,,,,,,,,,,,,,,,,,,,
2633571.93136312,1245018.03302949,"0","0","1523",515.4,2026/05/24 16:42:29+00,,,,,,,,,,,,,,,,,,,,,
2633574.94903285,1245018.82837851,"0","0","1524",515.2,2026/05/24 16:42:30+00,,,,,,,,,,,,,,,,,,,,,
2633576.0048712,1245019.16789981,"0","0","1525",515.1,2026/05/24 16:42:31+00,,,,,,,,,,,,,,,,,,,,,
2633578.94761695,1245019.85164394,"0","0","1526",514.8,2026/05/24 16:42:32+00,,,,,,,,,,,,,,,,,,,,,
2633580.23136801,1245019.9700889,"0","0","1527",514.7,2026/05/24 16:42:33+00,,,,,,,,,,,,,,,,,,,,,
2633583.25658341,1245019.43128699,"0","0","1528",514.5,2026/05/24 16:42:34+00,,,,,,,,,,,,,,,,,,,,,
2633585.37580708,1245018.77617758,"0","0","1529",514.3,2026/05/24 16:42:35+00,,,,,,,,,,,,,,,,,,,,,
2633585.30088432,1245018.66457053,"0","0","1530",514.3,2026/05/24 16:42:36+00,,,,,,,,,,,,,,,,,,,,,
2633586.73825526,1245018.33915342,"0","0","1531",514.2,2026/05/24 16:42:37+00,,,,,,,,,,,,,,,,,,,,,
2633587.26585963,1245018.56450489,"0","0","1532",514.1,2026/05/24 16:42:38+00,,,,,,,,,,,,,,,,,,,,,
2633587.49314403,1245018.45460772,"0","0","1533",514.1,2026/05/24 16:42:39+00,,,,,,,,,,,,,,,,,,,,,
2633587.34392764,1245018.12021398,"0","0","1534",514.1,2026/05/24 16:42:40+00,,,,,,,,,,,,,,,,,,,,,
2633587.34770197,1245017.4531364,"0","0","1535",514,2026/05/24 16:42:41+00,,,,,,,,,,,,,,,,,,,,,
2633586.74202952,1245017.67207584,"0","0","1536",514,2026/05/24 16:42:42+00,,,,,,,,,,,,,,,,,,,,,
2633587.42010848,1245018.00946185,"0","0","1537",513.9,2026/05/24 16:42:43+00,,,,,,,,,,,,,,,,,,,,,
2633586.5902969,1245017.78240051,"0","0","1538",513.8,2026/05/24 16:42:44+00,,,,,,,,,,,,,,,,,,,,,
2633585.83792413,1245017.22222794,"0","0","1539",513.8,2026/05/24 16:42:45+00,,,,,,,,,,,,,,,,,,,,,
2633585.38398432,1245017.33084282,"0","0","1540",513.7,2026/05/24 16:42:46+00,,,,,,,,,,,,,,,,,,,,,
2633584.70527617,1245017.10463664,"0","0","1541",513.7,2026/05/24 16:42:47+00,,,,,,,,,,,,,,,,,,,,,
2633584.33003317,1245016.65778107,"0","0","1542",513.6,2026/05/24 16:42:48+00,,,,,,,,,,,,,,,,,,,,,
2633583.80117054,1245016.65478904,"0","0","1543",513.6,2026/05/24 16:42:49+00,,,,,,,,,,,,,,,,,,,,,
2633583.19801405,1245016.42901046,"0","0","1544",513.5,2026/05/24 16:42:50+00,,,,,,,,,,,,,,,,,,,,,
2633582.59611546,1245015.98087274,"0","0","1545",513.4,2026/05/24 16:42:51+00,,,,,,,,,,,,,,,,,,,,,
2633582.52182157,1245015.75808614,"0","0","1546",513.4,2026/05/24 16:42:52+00,,,,,,,,,,,,,,,,,,,,,
2633581.99295886,1245015.75509428,"0","0","1547",513.4,2026/05/24 16:42:53+00,,,,,,,,,,,,,,,,,,,,,
2633582.07039755,1245015.42198289,"0","0","1548",513.3,2026/05/24 16:42:54+00,,,,,,,,,,,,,,,,,,,,,
2633582.06913963,1245015.64434209,"0","0","1549",513.3,2026/05/24 16:42:55+00,,,,,,,,,,,,,,,,,,,,,
2633582.59800236,1245015.64733395,"0","0","1550",513.3,2026/05/24 16:42:56+00,,,,,,,,,,,,,,,,,,,,,
2633582.67292521,1245015.75894096,"0","0","1551",513.3,2026/05/24 16:42:57+00,,,,,,,,,,,,,,,,,,,,,
2633582.67229624,1245015.87012056,"0","0","1552",513.3,2026/05/24 16:42:58+00,,,,,,,,,,,,,,,,,,,,,
2633582.44689872,1245015.64647913,"0","0","1553",513.2,2026/05/24 16:42:59+00,,,,,,,,,,,,,,,,,,,,,
2633582.21961431,1245015.7563765,"0","0","1554",513.2,2026/05/24 16:43:00+00,,,,,,,,,,,,,,,,,,,,,
2633581.99295886,1245015.75509428,"0","0","1555",513.2,2026/05/24 16:43:01+00,,,,,,,,,,,,,,,,,,,,,
2633581.61394188,1245015.97531646,"0","0","1556",513.2,2026/05/24 16:43:02+00,,,,,,,,,,,,,,,,,,,,,
2633581.53461639,1245016.64196664,"0","0","1557",513.1,2026/05/24 16:43:03+00,,,,,,,,,,,,,,,,,,,,,
2633581.68509105,1245016.75400103,"0","0","1558",513.1,2026/05/24 16:43:04+00,,,,,,,,,,,,,,,,,,,,,
2633581.91237541,1245016.64410364,"0","0","1559",513.1,2026/05/24 16:43:05+00,,,,,,,,,,,,,,,,,,,,,
2633581.91237541,1245016.64410364,"0","0","1560",513.1,2026/05/24 16:43:06+00,,,,,,,,,,,,,,,,,,,,,
2633581.91237541,1245016.64410364,"0","0","1561",513.1,2026/05/24 16:43:07+00,,,,,,,,,,,,,,,,,,,,,
2633581.91237541,1245016.64410364,"0","0","1562",513.1,2026/05/24 16:43:08+00,,,,,,,,,,,,,,,,,,,,,
2633581.45717774,1245016.97507803,"0","0","1563",513,2026/05/24 16:43:09+00,,,,,,,,,,,,,,,,,,,,,
2633581.5321006,1245017.08668502,"0","0","1564",513,2026/05/24 16:43:10+00,,,,,,,,,,,,,,,,,,,,,
2633580.9276862,1245017.08326586,"0","0","1565",512.9,2026/05/24 16:43:11+00,,,,,,,,,,,,,,,,,,,,,
2633580.69977294,1245017.30434289,"0","0","1566",512.9,2026/05/24 16:43:12+00,,,,,,,,,,,,,,,,,,,,,
2633580.69977294,1245017.30434289,"0","0","1567",512.9,2026/05/24 16:43:13+00,,,,,,,,,,,,,,,,,,,,,
2633580.46619935,1245018.52603629,"0","0","1568",512.8,2026/05/24 16:43:14+00,,,,,,,,,,,,,,,,,,,,,
2633580.3887608,1245018.8591477,"0","0","1569",512.8,2026/05/24 16:43:15+00,,,,,,,,,,,,,,,,,,,,,
2633580.84458719,1245018.41699363,"0","0","1570",512.7,2026/05/24 16:43:16+00,,,,,,,,,,,,,,,,,,,,,
2633581.07501617,1245017.75119822,"0","0","1571",512.6,2026/05/24 16:43:17+00,,,,,,,,,,,,,,,,,,,,,
2633581.90734378,1245017.53354042,"0","0","1572",512.6,2026/05/24 16:43:18+00,,,,,,,,,,,,,,,,,,,,,
2633582.05970528,1245017.31203603,"0","0","1573",512.5,2026/05/24 16:43:19+00,,,,,,,,,,,,,,,,,,,,,
2633582.28636067,1245017.31331826,"0","0","1574",512.5,2026/05/24 16:43:20+00,,,,,,,,,,,,,,,,,,,,,
2633582.4368353,1245017.42535267,"0","0","1575",512.5,2026/05/24 16:43:21+00,,,,,,,,,,,,,,,,,,,,,
2633583.8660295,1245018.54526962,"0","0","1576",512.3,2026/05/24 16:43:22+00,,,,,,,,,,,,,,,,,,,,,
2633583.4920445,1245017.87605491,"0","0","1577",512.2,2026/05/24 16:43:23+00,,,,,,,,,,,,,,,,,,,,,
2633584.09960379,1245017.32357634,"0","0","1578",512.2,2026/05/24 16:43:24+00,,,,,,,,,,,,,,,,,,,,,
2633584.85449274,1245017.43903031,"0","0","1579",512.1,2026/05/24 16:43:25+00,,,,,,,,,,,,,,,,,,,,,
2633584.47924977,1245016.99217473,"0","0","1580",512,2026/05/24 16:43:26+00,,,,,,,,,,,,,,,,,,,,,
2633584.25385237,1245016.76853323,"0","0","1581",512,2026/05/24 16:43:27+00,,,,,,,,,,,,,,,,,,,,,
2633583.95164515,1245016.7668235,"0","0","1582",512,2026/05/24 16:43:28+00,,,,,,,,,,,,,,,,,,,,,
2633583.95164515,1245016.7668235,"0","0","1583",512,2026/05/24 16:43:29+00,,,,,,,,,,,,,,,,,,,,,
2633583.95164515,1245016.7668235,"0","0","1584",512,2026/05/24 16:43:30+00,,,,,,,,,,,,,,,,,,,,,
2633583.95164515,1245016.7668235,"0","0","1585",512,2026/05/24 16:43:31+00,,,,,,,,,,,,,,,,,,,,,
2633583.42278253,1245016.76383151,"0","0","1586",511.9,2026/05/24 16:43:32+00,,,,,,,,,,,,,,,,,,,,,
2633583.42278253,1245016.76383151,"0","0","1587",511.9,2026/05/24 16:43:33+00,,,,,,,,,,,,,,,,,,,,,
2633583.34723073,1245016.76340409,"0","0","1588",511.9,2026/05/24 16:43:34+00,,,,,,,,,,,,,,,,,,,,,
2633583.72436076,1245016.87672081,"0","0","1589",511.9,2026/05/24 16:43:35+00,,,,,,,,,,,,,,,,,,,,,
2633583.34723073,1245016.76340409,"0","0","1590",511.8,2026/05/24 16:43:36+00,,,,,,,,,,,,,,,,,,,,,
2633583.19612712,1245016.76254924,"0","0","1591",511.8,2026/05/24 16:43:37+00,,,,,,,,,,,,,,,,,,,,,
2633583.12057531,1245016.76212183,"0","0","1592",511.8,2026/05/24 16:43:38+00,,,,,,,,,,,,,,,,,,,,,
2633583.19612712,1245016.76254924,"0","0","1593",511.8,2026/05/24 16:43:39+00,,,,,,,,,,,,,,,,,,,,,
2633583.87609335,1245016.76639607,"0","0","1594",511.7,2026/05/24 16:43:40+00,,,,,,,,,,,,,,,,,,,,,
2633583.87546436,1245016.87757567,"0","0","1595",511.7,2026/05/24 16:43:41+00,,,,,,,,,,,,,,,,,,,,,
2633584.17892956,1245016.6569262,"0","0","1596",511.7,2026/05/24 16:43:42+00,,,,,,,,,,,,,,,,,,,,,
2633584.10400675,1245016.54531917,"0","0","1597",511.7,2026/05/24 16:43:43+00,,,,,,,,,,,,,,,,,,,,,
2633585.0093704,1245016.77280761,"0","0","1598",511.6,2026/05/24 16:43:44+00,,,,,,,,,,,,,,,,,,,,,
2633586.81632322,1245017.8948625,"0","0","1599",511.4,2026/05/24 16:43:45+00,,,,,,,,,,,,,,,,,,,,,
2633590.65939857,1245019.69553808,"0","0","1600",510.9,2026/05/24 16:43:46+00,,,,,,,,,,,,,,,,,,,,,
2633591.93874545,1245020.59224276,"0","0","1601",510.7,2026/05/24 16:43:47+00,,,,,,,,,,,,,,,,,,,,,
2633595.48338583,1245021.72413378,"0","0","1602",510.4,2026/05/24 16:43:48+00,,,,,,,,,,,,,,,,,,,,,
2633596.61477424,1245022.06408634,"0","0","1603",510.2,2026/05/24 16:43:49+00,,,,,,,,,,,,,,,,,,,,,
2633599.62488722,1245024.1936031,"0","0","1604",509.9,2026/05/24 16:43:50+00,,,,,,,,,,,,,,,,,,,,,
2633600.68072322,1245024.53312881,"0","0","1605",509.7,2026/05/24 16:43:51+00,,,,,,,,,,,,,,,,,,,,,
2633604.37898047,1245025.22116207,"0","0","1606",509.4,2026/05/24 16:43:52+00,,,,,,,,,,,,,,,,,,,,,
2633605.50847952,1245025.89465511,"0","0","1607",509.3,2026/05/24 16:43:53+00,,,,,,,,,,,,,,,,,,,,,
2633608.82582969,1245027.13645063,"0","0","1608",509,2026/05/24 16:43:54+00,,,,,,,,,,,,,,,,,,,,,
2633611.91841206,1245028.04342585,"0","0","1609",508.7,2026/05/24 16:43:55+00,,,,,,,,,,,,,,,,,,,,,
2633614.62505085,1245030.39359832,"0","0","1610",508.4,2026/05/24 16:43:56+00,,,,,,,,,,,,,,,,,,,,,
2633618.4712579,1245031.63839403,"0","0","1611",508.1,2026/05/24 16:43:57+00,,,,,,,,,,,,,,,,,,,,,
2633619.67630573,1245032.31231765,"0","0","1612",508,2026/05/24 16:43:58+00,,,,,,,,,,,,,,,,,,,,,
2633621.70108621,1245034.99218125,"0","0","1613",507.7,2026/05/24 16:43:59+00,,,,,,,,,,,,,,,,,,,,,
2633625.23878489,1245037.3470657,"0","0","1614",507.4,2026/05/24 16:44:00+00,,,,,,,,,,,,,,,,,,,,,
2633626.51938232,1245038.02141869,"0","0","1615",507.3,2026/05/24 16:44:01+00,,,,,,,,,,,,,,,,,,,,,
2633629.76494894,1245038.59572041,"0","0","1616",507,2026/05/24 16:44:02+00,,,,,,,,,,,,,,,,,,,,,
2633633.53937556,1245039.17302032,"0","0","1617",506.7,2026/05/24 16:44:03+00,,,,,,,,,,,,,,,,,,,,,
2633637.53415599,1245040.86340295,"0","0","1618",506.3,2026/05/24 16:44:04+00,,,,,,,,,,,,,,,,,,,,,
2633640.92704261,1245042.1056446,"0","0","1619",506,2026/05/24 16:44:05+00,,,,,,,,,,,,,,,,,,,,,
2633644.0164617,1245043.56853461,"0","0","1620",505.7,2026/05/24 16:44:06+00,,,,,,,,,,,,,,,,,,,,,
2633647.63978091,1245044.14498712,"0","0","1621",505.4,2026/05/24 16:44:07+00,,,,,,,,,,,,,,,,,,,,,
2633649.15017977,1245044.26473176,"0","0","1622",505.3,2026/05/24 16:44:08+00,,,,,,,,,,,,,,,,,,,,,
2633652.69164377,1245045.95255507,"0","0","1623",505,2026/05/24 16:44:09+00,,,,,,,,,,,,,,,,,,,,,
2633653.67129116,1245046.40284153,"0","0","1624",504.9,2026/05/24 16:44:10+00,,,,,,,,,,,,,,,,,,,,,
2633656.98925021,1245047.53348449,"0","0","1625",504.7,2026/05/24 16:44:11+00,,,,,,,,,,,,,,,,,,,,,
2633660.53134047,1245049.11013291,"0","0","1626",504.4,2026/05/24 16:44:12+00,,,,,,,,,,,,,,,,,,,,,
2633663.92737008,1245049.79648978,"0","0","1627",504.1,2026/05/24 16:44:13+00,,,,,,,,,,,,,,,,,,,,,
2633667.24658642,1245050.70477929,"0","0","1628",503.9,2026/05/24 16:44:14+00,,,,,,,,,,,,,,,,,,,,,
2633671.09718379,1245051.17135205,"0","0","1629",503.6,2026/05/24 16:44:15+00,,,,,,,,,,,,,,,,,,,,,
2633672.75868315,1245051.29195979,"0","0","1630",503.5,2026/05/24 16:44:16+00,,,,,,,,,,,,,,,,,,,,,
2633677.1419237,1245051.09445885,"0","0","1631",503.1,2026/05/24 16:44:17+00,,,,,,,,,,,,,,,,,,,,,
2633681.29787963,1245051.00685474,"0","0","1632",502.7,2026/05/24 16:44:18+00,,,,,,,,,,,,,,,,,,,,,
2633682.95748628,1245051.46100413,"0","0","1633",502.6,2026/05/24 16:44:19+00,,,,,,,,,,,,,,,,,,,,,
2633687.03473605,1245051.92887333,"0","0","1634",502.2,2026/05/24 16:44:20+00,,,,,,,,,,,,,,,,,,,,,
2633688.69875874,1245051.60476716,"0","0","1635",502,2026/05/24 16:44:21+00,,,,,,,,,,,,,,,,,,,,,
2633691.72459922,1245050.95484101,"0","0","1636",501.8,2026/05/24 16:44:22+00,,,,,,,,,,,,,,,,,,,,,
2633696.04428025,1245048.64451296,"0","0","1637",501.3,2026/05/24 16:44:23+00,,,,,,,,,,,,,,,,,,,,,
2633697.86571851,1245047.20947116,"0","0","1638",501,2026/05/24 16:44:24+00,,,,,,,,,,,,,,,,,,,,,
2633700.67690053,1245044.44585068,"0","0","1639",500.6,2026/05/24 16:44:25+00,,,,,,,,,,,,,,,,,,,,,
2633704.3902842,1245042.46563621,"0","0","1640",500.2,2026/05/24 16:44:26+00,,,,,,,,,,,,,,,,,,,,,
2633705.7521046,1245042.13981899,"0","0","1641",500,2026/05/24 16:44:27+00,,,,,,,,,,,,,,,,,,,,,
2633707.65478056,1245039.70459289,"0","0","1642",499.7,2026/05/24 16:44:28+00,,,,,,,,,,,,,,,,,,,,,
2633710.08379343,1245037.71708903,"0","0","1643",499.3,2026/05/24 16:44:29+00,,,,,,,,,,,,,,,,,,,,,
2633712.66833091,1245034.9521872,"0","0","1644",498.9,2026/05/24 16:44:30+00,,,,,,,,,,,,,,,,,,,,,
2633715.93346673,1245032.07996892,"0","0","1645",498.3,2026/05/24 16:44:31+00,,,,,,,,,,,,,,,,,,,,,
2633717.29781616,1245031.30943601,"0","0","1646",498.1,2026/05/24 16:44:32+00,,,,,,,,,,,,,,,,,,,,,
2633720.25001322,1245030.32555657,"0","0","1647",497.8,2026/05/24 16:44:33+00,,,,,,,,,,,,,,,,,,,,,
2633722.7571122,1245027.89376878,"0","0","1648",497.3,2026/05/24 16:44:34+00,,,,,,,,,,,,,,,,,,,,,
2633726.46040695,1245027.69244159,"0","0","1649",496.9,2026/05/24 16:44:35+00,,,,,,,,,,,,,,,,,,,,,
2633730.84429872,1245027.38380083,"0","0","1650",496.6,2026/05/24 16:44:36+00,,,,,,,,,,,,,,,,,,,,,
2633732.73056328,1245027.83925205,"0","0","1651",496.6,2026/05/24 16:44:37+00,,,,,,,,,,,,,,,,,,,,,
2633736.56726974,1245030.75181819,"0","0","1652",496.4,2026/05/24 16:44:38+00,,,,,,,,,,,,,,,,,,,,,
2633738.1469031,1245031.98381073,"0","0","1653",496.4,2026/05/24 16:44:39+00,,,,,,,,,,,,,,,,,,,,,
2633740.32210155,1245034.77575325,"0","0","1654",496.3,2026/05/24 16:44:40+00,,,,,,,,,,,,,,,,,,,,,
2633742.79824014,1245037.79177358,"0","0","1655",496.2,2026/05/24 16:44:41+00,,,,,,,,,,,,,,,,,,,,,
2633743.85153766,1245038.57604316,"0","0","1656",496.2,2026/05/24 16:44:42+00,,,,,,,,,,,,,,,,,,,,,
2633746.02925912,1245040.92326948,"0","0","1657",496.1,2026/05/24 16:44:43+00,,,,,,,,,,,,,,,,,,,,,
2633749.56374471,1245043.83412615,"0","0","1658",496,2026/05/24 16:44:44+00,,,,,,,,,,,,,,,,,,,,,
2633750.99479751,1245044.62054473,"0","0","1659",496,2026/05/24 16:44:45+00,,,,,,,,,,,,,,,,,,,,,
2633753.54584574,1245047.74817878,"0","0","1660",495.9,2026/05/24 16:44:46+00,,,,,,,,,,,,,,,,,,,,,
2633754.06711934,1245049.08534101,"0","0","1661",495.9,2026/05/24 16:44:47+00,,,,,,,,,,,,,,,,,,,,,
2633757.38379354,1245050.43839938,"0","0","1662",495.8,2026/05/24 16:44:48+00,,,,,,,,,,,,,,,,,,,,,
2633758.59261553,1245050.44527378,"0","0","1663",495.8,2026/05/24 16:44:49+00,,,,,,,,,,,,,,,,,,,,,
2633760.02682703,1245050.67579662,"0","0","1664",495.7,2026/05/24 16:44:50+00,,,,,,,,,,,,,,,,,,,,,
2633761.01152413,1245050.23666414,"0","0","1665",495.7,2026/05/24 16:44:51+00,,,,,,,,,,,,,,,,,,,,,
2633761.31689126,1245049.68248496,"0","0","1666",495.7,2026/05/24 16:44:52+00,,,,,,,,,,,,,,,,,,,,,
2633761.31815591,1245049.46012579,"0","0","1667",495.7,2026/05/24 16:44:53+00,,,,,,,,,,,,,,,,,,,,,
2633761.84575095,1245049.68549283,"0","0","1668",495.7,2026/05/24 16:44:54+00,,,,,,,,,,,,,,,,,,,,,
2633762.97522757,1245050.35901595,"0","0","1669",495.6,2026/05/24 16:44:55+00,,,,,,,,,,,,,,,,,,,,,
2633764.10849819,1245050.36546176,"0","0","1670",495.6,2026/05/24 16:44:56+00,,,,,,,,,,,,,,,,,,,,,
2633763.87931458,1245050.80889092,"0","0","1671",495.6,2026/05/24 16:44:57+00,,,,,,,,,,,,,,,,,,,,,
2633763.50155773,1245050.80674231,"0","0","1672",495.6,2026/05/24 16:44:58+00,,,,,,,,,,,,,,,,,,,,,
2633763.65013099,1245051.2523201,"0","0","1673",495.6,2026/05/24 16:44:59+00,,,,,,,,,,,,,,,,,,,,,
2633763.65329284,1245050.69642217,"0","0","1674",495.6,2026/05/24 16:45:00+00,,,,,,,,,,,,,,,,,,,,,
2633763.72884421,1245050.69685189,"0","0","1675",495.6,2026/05/24 16:45:01+00,,,,,,,,,,,,,,,,,,,,,
2633763.49966063,1245051.14028107,"0","0","1676",495.6,2026/05/24 16:45:02+00,,,,,,,,,,,,,,,,,,,,,
2633763.57268253,1245051.58542914,"0","0","1677",495.6,2026/05/24 16:45:03+00,,,,,,,,,,,,,,,,,,,,,
2633763.42474163,1245051.02867176,"0","0","1678",495.5,2026/05/24 16:45:04+00,,,,,,,,,,,,,,,,,,,,,
2633763.12253616,1245051.02695289,"0","0","1679",495.5,2026/05/24 16:45:05+00,,,,,,,,,,,,,,,,,,,,,
2633762.89841148,1245050.58094541,"0","0","1680",495.5,2026/05/24 16:45:06+00,,,,,,,,,,,,,,,,,,,,,
2633762.74794109,1245050.4689064,"0","0","1681",495.5,2026/05/24 16:45:07+00,,,,,,,,,,,,,,,,,,,,,
2633762.06797873,1245050.46503904,"0","0","1682",495.5,2026/05/24 16:45:08+00,,,,,,,,,,,,,,,,,,,,,
2633762.14416244,1245050.35428916,"0","0","1683",495.5,2026/05/24 16:45:09+00,,,,,,,,,,,,,,,,,,,,,
2633761.61467048,1245050.46246085,"0","0","1684",495.5,2026/05/24 16:45:10+00,,,,,,,,,,,,,,,,,,,,,
2633761.54228075,1245049.90613322,"0","0","1685",495.5,2026/05/24 16:45:11+00,,,,,,,,,,,,,,,,,,,,,
2633761.6190968,1245049.68420374,"0","0","1686",495.5,2026/05/24 16:45:12+00,,,,,,,,,,,,,,,,,,,,,
2633762.14795648,1245049.68721163,"0","0","1687",495.5,2026/05/24 16:45:13+00,,,,,,,,,,,,,,,,,,,,,
2633762.59810304,1245050.24568781,"0","0","1688",495.4,2026/05/24 16:45:14+00,,,,,,,,,,,,,,,,,,,,,
2633762.67238972,1245050.46847669,"0","0","1689",495.4,2026/05/24 16:45:15+00,,,,,,,,,,,,,,,,,,,,,
2633763.05330837,1245049.91472731,"0","0","1690",495.4,2026/05/24 16:45:16+00,,,,,,,,,,,,,,,,,,,,,
2633763.95486595,1245050.80932065,"0","0","1691",495.4,2026/05/24 16:45:17+00,,,,,,,,,,,,,,,,,,,,,
2633763.95423357,1245050.92050024,"0","0","1692",495.4,2026/05/24 16:45:18+00,,,,,,,,,,,,,,,,,,,,,
2633764.03231444,1245050.47621161,"0","0","1693",495.4,2026/05/24 16:45:19+00,,,,,,,,,,,,,,,,,,,,,
2633764.33704946,1245050.03321218,"0","0","1694",495.4,2026/05/24 16:45:20+00,,,,,,,,,,,,,,,,,,,,,
2633764.49004937,1245049.70053289,"0","0","1695",495.3,2026/05/24 16:45:21+00,,,,,,,,,,,,,,,,,,,,,
2633764.34021137,1245049.47731425,"0","0","1696",495.3,2026/05/24 16:45:22+00,,,,,,,,,,,,,,,,,,,,,
2633764.49131414,1245049.47817371,"0","0","1697",495.3,2026/05/24 16:45:23+00,,,,,,,,,,,,,,,,,,,,,
2633764.7179683,1245049.47946292,"0","0","1698",495.3,2026/05/24 16:45:24+00,,,,,,,,,,,,,,,,,,,,,
2633764.34021137,1245049.47731425,"0","0","1699",495.3,2026/05/24 16:45:25+00,,,,,,,,,,,,,,,,,,,,,
2633764.41639514,1245049.36656439,"0","0","1700",495.3,2026/05/24 16:45:26+00,,,,,,,,,,,,,,,,,,,,,
2633764.26529236,1245049.36570493,"0","0","1701",495.3,2026/05/24 16:45:27+00,,,,,,,,,,,,,,,,,,,,,
2633764.26529236,1245049.36570493,"0","0","1702",495.3,2026/05/24 16:45:28+00,,,,,,,,,,,,,,,,,,,,,
2633764.26529236,1245049.36570493,"0","0","1703",495.3,2026/05/24 16:45:29+00,,,,,,,,,,,,,,,,,,,,,
2633764.0386382,1245049.36441575,"0","0","1704",495.3,2026/05/24 16:45:30+00,,,,,,,,,,,,,,,,,,,,,
2633764.11418959,1245049.36484547,"0","0","1705",495.3,2026/05/24 16:45:31+00,,,,,,,,,,,,,,,,,,,,,
2633764.11418959,1245049.36484547,"0","0","1706",495.3,2026/05/24 16:45:32+00,,,,,,,,,,,,,,,,,,,,,
2633764.18974098,1245049.36527521,"0","0","1707",495.3,2026/05/24 16:45:34+00,,,,,,,,,,,,,,,,,,,,,
2633764.18974098,1245049.36527521,"0","0","1708",495.3,2026/05/24 16:45:35+00,,,,,,,,,,,,,,,,,,,,,
2633763.66024889,1245049.47344671,"0","0","1709",495.3,2026/05/24 16:45:36+00,,,,,,,,,,,,,,,,,,,,,
2633763.28375668,1245049.24893894,"0","0","1710",495.3,2026/05/24 16:45:37+00,,,,,,,,,,,,,,,,,,,,,
2633762.8310807,1245049.13518107,"0","0","1711",495.3,2026/05/24 16:45:38+00,,,,,,,,,,,,,,,,,,,,,
2633762.30348565,1245048.90981393,"0","0","1712",495.3,2026/05/24 16:45:39+00,,,,,,,,,,,,,,,,,,,,,
2633762.30791205,1245048.13155683,"0","0","1713",495.2,2026/05/24 16:45:40+00,,,,,,,,,,,,,,,,,,,,,
2633761.55176569,1245048.23843941,"0","0","1714",495.2,2026/05/24 16:45:41+00,,,,,,,,,,,,,,,,,,,,,
2633761.40382452,1245047.6816821,"0","0","1715",495.2,2026/05/24 16:45:42+00,,,,,,,,,,,,,,,,,,,,,
2633761.17969958,1245047.23567467,"0","0","1716",495.2,2026/05/24 16:45:43+00,,,,,,,,,,,,,,,,,,,,,
2633761.1054128,1245047.01288581,"0","0","1717",495.2,2026/05/24 16:45:44+00,,,,,,,,,,,,,,,,,,,,,
2633761.03175834,1245046.67891736,"0","0","1718",495.2,2026/05/24 16:45:45+00,,,,,,,,,,,,,,,,,,,,,
2633761.33206706,1245047.01417488,"0","0","1719",495.2,2026/05/24 16:45:46+00,,,,,,,,,,,,,,,,,,,,,
2633761.78347856,1245047.35029181,"0","0","1720",495.2,2026/05/24 16:45:47+00,,,,,,,,,,,,,,,,,,,,,
2633762.08505188,1245047.4631902,"0","0","1721",495.2,2026/05/24 16:45:48+00,,,,,,,,,,,,,,,,,,,,,
2633762.31107377,1245047.5756589,"0","0","1722",495.1,2026/05/24 16:45:49+00,,,,,,,,,,,,,,,,,,,,,
2633762.45585313,1245048.68831417,"0","0","1723",495.1,2026/05/24 16:45:50+00,,,,,,,,,,,,,,,,,,,,,
2633762.60126478,1245049.68978987,"0","0","1724",495.1,2026/05/24 16:45:51+00,,,,,,,,,,,,,,,,,,,,,
2633763.05330837,1245049.91472731,"0","0","1725",495.1,2026/05/24 16:45:52+00,,,,,,,,,,,,,,,,,,,,,
2633763.20377877,1245050.02676633,"0","0","1726",495.1,2026/05/24 16:45:53+00,,,,,,,,,,,,,,,,,,,,,
2633763.42916818,1245050.25041466,"0","0","1727",495.1,2026/05/24 16:45:54+00,,,,,,,,,,,,,,,,,,,,,
2633763.57963857,1245050.36245369,"0","0","1728",495.1,2026/05/24 16:45:55+00,,,,,,,,,,,,,,,,,,,,,
2633763.72947658,1245050.5856723,"0","0","1729",495.1,2026/05/24 16:45:56+00,,,,,,,,,,,,,,,,,,,,,
2633763.87931458,1245050.80889092,"0","0","1730",495.1,2026/05/24 16:45:57+00,,,,,,,,,,,,,,,,,,,,,
2633764.10533631,1245050.92135969,"0","0","1731",495.1,2026/05/24 16:45:58+00,,,,,,,,,,,,,,,,,,,,,
2633764.25517428,1245051.14457832,"0","0","1732",495,2026/05/24 16:45:59+00,,,,,,,,,,,,,,,,,,,,,
2633764.40564463,1245051.25661737,"0","0","1733",495,2026/05/24 16:46:00+00,,,,,,,,,,,,,,,,,,,,,
2633764.55548259,1245051.47983601,"0","0","1734",495,2026/05/24 16:46:01+00,,,,,,,,,,,,,,,,,,,,,
2633764.78150428,1245051.5923048,"0","0","1735",495,2026/05/24 16:46:02+00,,,,,,,,,,,,,,,,,,,,,
2633764.93134221,1245051.81552345,"0","0","1736",495,2026/05/24 16:46:03+00,,,,,,,,,,,,,,,,,,,,,
2633765.08118013,1245052.0387421,"0","0","1737",495,2026/05/24 16:46:04+00,,,,,,,,,,,,,,,,,,,,,
2633765.23165044,1245052.15078117,"0","0","1738",495,2026/05/24 16:46:05+00,,,,,,,,,,,,,,,,,,,,,
2633765.45703969,1245052.37442958,"0","0","1739",495,2026/05/24 16:46:06+00,,,,,,,,,,,,,,,,,,,,,
2633765.60750999,1245052.48646866,"0","0","1740",495,2026/05/24 16:46:07+00,,,,,,,,,,,,,,,,,,,,,
2633765.75734787,1245052.70968733,"0","0","1741",495,2026/05/24 16:46:08+00,,,,,,,,,,,,,,,,,,,,,
2633769.51530826,1245056.17774319,"0","0","1742",494.9,2026/05/24 16:46:09+00,,,,,,,,,,,,,,,,,,,,,
2633773.1297523,1245058.31078672,"0","0","1743",494.8,2026/05/24 16:46:10+00,,,,,,,,,,,,,,,,,,,,,
2633775.38110834,1245060.99199256,"0","0","1744",494.7,2026/05/24 16:46:11+00,,,,,,,,,,,,,,,,,,,,,
2633776.36137663,1245061.33111974,"0","0","1745",494.7,2026/05/24 16:46:12+00,,,,,,,,,,,,,,,,,,,,,
2633778.76573043,1245063.6796479,"0","0","1746",494.6,2026/05/24 16:46:13+00,,,,,,,,,,,,,,,,,,,,,
2633781.3904088,1245067.14126278,"0","0","1747",494.5,2026/05/24 16:46:14+00,,,,,,,,,,,,,,,,,,,,,
2633782.51924714,1245067.92596924,"0","0","1748",494.5,2026/05/24 16:46:15+00,,,,,,,,,,,,,,,,,,,,,
2633785.75592371,1245070.05687074,"0","0","1749",494.4,2026/05/24 16:46:16+00,,,,,,,,,,,,,,,,,,,,,
2633789.21925123,1245072.18906416,"0","0","1750",494.4,2026/05/24 16:46:17+00,,,,,,,,,,,,,,,,,,,,,
2633790.497924,1245073.19699143,"0","0","1751",494.3,2026/05/24 16:46:18+00,,,,,,,,,,,,,,,,,,,,,
2633792.75243108,1245075.32230603,"0","0","1752",494.3,2026/05/24 16:46:19+00,,,,,,,,,,,,,,,,,,,,,
2633795.00693654,1245077.4476215,"0","0","1753",494.2,2026/05/24 16:46:20+00,,,,,,,,,,,,,,,,,,,,,
2633797.85761921,1245081.02171376,"0","0","1754",494.1,2026/05/24 16:46:21+00,,,,,,,,,,,,,,,,,,,,,
2633799.36294151,1245082.03093345,"0","0","1755",494.1,2026/05/24 16:46:22+00,,,,,,,,,,,,,,,,,,,,,
2633802.74754066,1245084.71860264,"0","0","1756",494,2026/05/24 16:46:23+00,,,,,,,,,,,,,,,,,,,,,
2633803.87637282,1245085.50331321,"0","0","1757",493.9,2026/05/24 16:46:24+00,,,,,,,,,,,,,,,,,,,,,
2633807.03304888,1245088.41205336,"0","0","1758",493.9,2026/05/24 16:46:25+00,,,,,,,,,,,,,,,,,,,,,
2633807.93206111,1245089.75137185,"0","0","1759",493.8,2026/05/24 16:46:26+00,,,,,,,,,,,,,,,,,,,,,
2633811.54773737,1245091.66207983,"0","0","1760",493.7,2026/05/24 16:46:27+00,,,,,,,,,,,,,,,,,,,,,
2633812.82830201,1245092.33647319,"0","0","1761",493.7,2026/05/24 16:46:28+00,,,,,,,,,,,,,,,,,,,,,
2633816.66936083,1245094.47083454,"0","0","1762",493.8,2026/05/24 16:46:29+00,,,,,,,,,,,,,,,,,,,,,
2633817.79692251,1245095.47790697,"0","0","1763",493.9,2026/05/24 16:46:30+00,,,,,,,,,,,,,,,,,,,,,
2633821.72493062,1245095.61146933,"0","0","1764",494.2,2026/05/24 16:46:31+00,,,,,,,,,,,,,,,,,,,,,
2633823.08737894,1245095.17449944,"0","0","1765",494.3,2026/05/24 16:46:32+00,,,,,,,,,,,,,,,,,,,,,
2633826.41794981,1245094.08164557,"0","0","1766",494.6,2026/05/24 16:46:33+00,,,,,,,,,,,,,,,,,,,,,
2633829.74028493,1245094.43412827,"0","0","1767",494.8,2026/05/24 16:46:34+00,,,,,,,,,,,,,,,,,,,,,
2633833.82002882,1245094.45738019,"0","0","1768",495.1,2026/05/24 16:46:35+00,,,,,,,,,,,,,,,,,,,,,
2633834.95455844,1245094.24148037,"0","0","1769",495.2,2026/05/24 16:46:36+00,,,,,,,,,,,,,,,,,,,,,
2633837.99306903,1245091.36803702,"0","0","1770",494.7,2026/05/24 16:46:37+00,,,,,,,,,,,,,,,,,,,,,
2633838.83236759,1245089.92743977,"0","0","1771",494.5,2026/05/24 16:46:38+00,,,,,,,,,,,,,,,,,,,,,
2633839.52880414,1245087.0406466,"0","0","1772",494.1,2026/05/24 16:46:39+00,,,,,,,,,,,,,,,,,,,,,
2633841.88546061,1245084.4968679,"0","0","1773",493.6,2026/05/24 16:46:40+00,,,,,,,,,,,,,,,,,,,,,
2633844.77414536,1245081.40020749,"0","0","1774",493.1,2026/05/24 16:46:41+00,,,,,,,,,,,,,,,,,,,,,
2633845.38679397,1245079.95831894,"0","0","1775",492.8,2026/05/24 16:46:42+00,,,,,,,,,,,,,,,,,,,,,
2633847.28951562,1245077.52313746,"0","0","1776",492.4,2026/05/24 16:46:43+00,,,,,,,,,,,,,,,,,,,,,
2633849.42332988,1245074.31099195,"0","0","1777",491.8,2026/05/24 16:46:44+00,,,,,,,,,,,,,,,,,,,,,
2633850.2632676,1245072.7592168,"0","0","1778",491.5,2026/05/24 16:46:45+00,,,,,,,,,,,,,,,,,,,,,
2633852.0148913,1245070.32317523,"0","0","1779",491.1,2026/05/24 16:46:46+00,,,,,,,,,,,,,,,,,,,,,
2633853.61668225,1245067.66391329,"0","0","1780",490.7,2026/05/24 16:46:47+00,,,,,,,,,,,,,,,,,,,,,
2633855.67558634,1245064.34015967,"0","0","1781",490.1,2026/05/24 16:46:48+00,,,,,,,,,,,,,,,,,,,,,
2633856.51299063,1245063.23310377,"0","0","1782",490,2026/05/24 16:46:49+00,,,,,,,,,,,,,,,,,,,,,
2633859.77310783,1245061.2504012,"0","0","1783",489.5,2026/05/24 16:46:50+00,,,,,,,,,,,,,,,,,,,,,
2633862.20152911,1245059.37413919,"0","0","1784",489.1,2026/05/24 16:46:51+00,,,,,,,,,,,,,,,,,,,,,
2633864.2629779,1245055.60567031,"0","0","1785",488.7,2026/05/24 16:46:52+00,,,,,,,,,,,,,,,,,,,,,
2633866.39300336,1245053.06060857,"0","0","1786",488.3,2026/05/24 16:46:53+00,,,,,,,,,,,,,,,,,,,,,
2633869.13188208,1245049.74073909,"0","0","1787",487.9,2026/05/24 16:46:54+00,,,,,,,,,,,,,,,,,,,,,
2633869.74390546,1245048.41003275,"0","0","1788",487.7,2026/05/24 16:46:55+00,,,,,,,,,,,,,,,,,,,,,
2633870.82002206,1245045.19186025,"0","0","1789",487.4,2026/05/24 16:46:56+00,,,,,,,,,,,,,,,,,,,,,
2633873.02877763,1245042.09133419,"0","0","1790",487.1,2026/05/24 16:46:57+00,,,,,,,,,,,,,,,,,,,,,
2633875.00707419,1245039.65659297,"0","0","1791",486.9,2026/05/24 16:46:58+00,,,,,,,,,,,,,,,,,,,,,
2633876.83553827,1245036.99863096,"0","0","1792",486.6,2026/05/24 16:46:59+00,,,,,,,,,,,,,,,,,,,,,
2633879.64363633,1245034.79099335,"0","0","1793",486.4,2026/05/24 16:47:00+00,,,,,,,,,,,,,,,,,,,,,
2633882.23333138,1245031.13672898,"0","0","1794",486.1,2026/05/24 16:47:01+00,,,,,,,,,,,,,,,,,,,,,
2633883.67642759,1245029.8107678,"0","0","1795",486,2026/05/24 16:47:02+00,,,,,,,,,,,,,,,,,,,,,
2633884.90175447,1245026.92699922,"0","0","1796",485.9,2026/05/24 16:47:03+00,,,,,,,,,,,,,,,,,,,,,
2633887.10862009,1245024.16001725,"0","0","1797",485.7,2026/05/24 16:47:04+00,,,,,,,,,,,,,,,,,,,,,
2633890.2970257,1245021.50982301,"0","0","1798",485.6,2026/05/24 16:47:05+00,,,,,,,,,,,,,,,,,,,,,
2633891.73822175,1245020.51740251,"0","0","1799",485.5,2026/05/24 16:47:06+00,,,,,,,,,,,,,,,,,,,,,
2633895.37994212,1245017.86979917,"0","0","1800",485.4,2026/05/24 16:47:07+00,,,,,,,,,,,,,,,,,,,,,
2633896.51829783,1245016.98683381,"0","0","1801",485.4,2026/05/24 16:47:08+00,,,,,,,,,,,,,,,,,,,,,
2633901.21330357,1245015.12353095,"0","0","1802",485.3,2026/05/24 16:47:09+00,,,,,,,,,,,,,,,,,,,,,
2633903.10654405,1245014.35606123,"0","0","1803",485.2,2026/05/24 16:47:10+00,,,,,,,,,,,,,,,,,,,,,
2633907.42188949,1245012.8241445,"0","0","1804",485.1,2026/05/24 16:47:11+00,,,,,,,,,,,,,,,,,,,,,
2633908.86118525,1245012.16526687,"0","0","1805",485.1,2026/05/24 16:47:12+00,,,,,,,,,,,,,,,,,,,,,
2633912.34482793,1245010.73978603,"0","0","1806",485.1,2026/05/24 16:47:13+00,,,,,,,,,,,,,,,,,,,,,
2633914.77709772,1245008.19646848,"0","0","1807",485,2026/05/24 16:47:14+00,,,,,,,,,,,,,,,,,,,,,
2633917.81187937,1245005.99014408,"0","0","1808",485,2026/05/24 16:47:15+00,,,,,,,,,,,,,,,,,,,,,
2633920.17431918,1245002.44578108,"0","0","1809",485,2026/05/24 16:47:16+00,,,,,,,,,,,,,,,,,,,,,
2633920.71080682,1245001.11464847,"0","0","1810",485,2026/05/24 16:47:17+00,,,,,,,,,,,,,,,,,,,,,
2633921.10000256,1244999.11557512,"0","0","1811",485.1,2026/05/24 16:47:18+00,,,,,,,,,,,,,,,,,,,,,
2633920.80414757,1244998.00205266,"0","0","1812",485.1,2026/05/24 16:47:19+00,,,,,,,,,,,,,,,,,,,,,
2633920.26893025,1244999.11082615,"0","0","1813",485.1,2026/05/24 16:47:20+00,,,,,,,,,,,,,,,,,,,,,
2633919.8911701,1244999.10866756,"0","0","1814",485.1,2026/05/24 16:47:21+00,,,,,,,,,,,,,,,,,,,,,
2633919.58896199,1244999.10694071,"0","0","1815",485.1,2026/05/24 16:47:22+00,,,,,,,,,,,,,,,,,,,,,
2633919.5883267,1244999.21812026,"0","0","1816",485.1,2026/05/24 16:47:23+00,,,,,,,,,,,,,,,,,,,,,
2633919.51277467,1244999.21768855,"0","0","1817",485.1,2026/05/24 16:47:24+00,,,,,,,,,,,,,,,,,,,,,
2633919.51277467,1244999.21768855,"0","0","1818",485.1,2026/05/24 16:47:25+00,,,,,,,,,,,,,,,,,,,,,
2633919.66324343,1244999.32973153,"0","0","1819",485.1,2026/05/24 16:47:26+00,,,,,,,,,,,,,,,,,,,,,
2633919.66324343,1244999.32973153,"0","0","1820",485.1,2026/05/24 16:47:27+00,,,,,,,,,,,,,,,,,,,,,
2633919.66324343,1244999.32973153,"0","0","1821",485.1,2026/05/24 16:47:28+00,,,,,,,,,,,,,,,,,,,,,
2633919.44039908,1244998.66135907,"0","0","1822",485.2,2026/05/24 16:47:29+00,,,,,,,,,,,,,,,,,,,,,
2633919.74324251,1244998.55190636,"0","0","1823",485.2,2026/05/24 16:47:30+00,,,,,,,,,,,,,,,,,,,,,
2633919.96862802,1244998.77556061,"0","0","1824",485.2,2026/05/24 16:47:31+00,,,,,,,,,,,,,,,,,,,,,
2633919.74324251,1244998.55190636,"0","0","1825",485.2,2026/05/24 16:47:32+00,,,,,,,,,,,,,,,,,,,,,
2633919.66705518,1244998.6626542,"0","0","1826",485.2,2026/05/24 16:47:33+00,,,,,,,,,,,,,,,,,,,,,
2633919.66705518,1244998.6626542,"0","0","1827",485.2,2026/05/24 16:47:34+00,,,,,,,,,,,,,,,,,,,,,
2633919.66705518,1244998.6626542,"0","0","1828",485.2,2026/05/24 16:47:35+00,,,,,,,,,,,,,,,,,,,,,
2633919.66705518,1244998.6626542,"0","0","1829",485.2,2026/05/24 16:47:36+00,,,,,,,,,,,,,,,,,,,,,
2633919.66705518,1244998.6626542,"0","0","1830",485.2,2026/05/24 16:47:37+00,,,,,,,,,,,,,,,,,,,,,
2633919.66705518,1244998.6626542,"0","0","1831",485.2,2026/05/24 16:47:38+00,,,,,,,,,,,,,,,,,,,,,
2633919.4391285,1244998.88371818,"0","0","1832",485.2,2026/05/24 16:47:39+00,,,,,,,,,,,,,,,,,,,,,
2633919.4391285,1244998.88371818,"0","0","1833",485.2,2026/05/24 16:47:40+00,,,,,,,,,,,,,,,,,,,,,
2633919.4391285,1244998.88371818,"0","0","1834",485.2,2026/05/24 16:47:41+00,,,,,,,,,,,,,,,,,,,,,
2633919.4391285,1244998.88371818,"0","0","1835",485.2,2026/05/24 16:47:42+00,,,,,,,,,,,,,,,,,,,,,
2633919.51468054,1244998.88414989,"0","0","1836",485.2,2026/05/24 16:47:43+00,,,,,,,,,,,,,,,,,,,,,
2633919.66641989,1244998.77383375,"0","0","1837",485.2,2026/05/24 16:47:44+00,,,,,,,,,,,,,,,,,,,,,
2633919.6657846,1244998.88501331,"0","0","1838",485.2,2026/05/24 16:47:45+00,,,,,,,,,,,,,,,,,,,,,
2633919.8918054,1244998.997488,"0","0","1839",485.2,2026/05/24 16:47:46+00,,,,,,,,,,,,,,,,,,,,,
2633919.8918054,1244998.997488,"0","0","1840",485.2,2026/05/24 16:47:47+00,,,,,,,,,,,,,,,,,,,,,
2633920.11909679,1244998.8876036,"0","0","1841",485.2,2026/05/24 16:47:48+00,,,,,,,,,,,,,,,,,,,,,
2633920.19591942,1244998.66567621,"0","0","1842",485.2,2026/05/24 16:47:49+00,,,,,,,,,,,,,,,,,,,,,
2633920.64986694,1244998.55708698,"0","0","1843",485.2,2026/05/24 16:47:50+00,,,,,,,,,,,,,,,,,,,,,
2633920.64923163,1244998.66826654,"0","0","1844",485.2,2026/05/24 16:47:51+00,,,,,,,,,,,,,,,,,,,,,
2633920.57558552,1244998.33429615,"0","0","1845",485.2,2026/05/24 16:47:52+00,,,,,,,,,,,,,,,,,,,,,
2633920.57558552,1244998.33429615,"0","0","1846",485.2,2026/05/24 16:47:53+00,,,,,,,,,,,,,,,,,,,,,
2633920.3482941,1244998.44418054,"0","0","1847",485.2,2026/05/24 16:47:54+00,,,,,,,,,,,,,,,,,,,,,
2633920.3476588,1244998.55536009,"0","0","1848",485.2,2026/05/24 16:47:55+00,,,,,,,,,,,,,,,,,,,,,
2633920.3476588,1244998.55536009,"0","0","1849",485.2,2026/05/24 16:47:56+00,,,,,,,,,,,,,,,,,,,,,
2633920.3476588,1244998.55536009,"0","0","1850",485.2,2026/05/24 16:47:57+00,,,,,,,,,,,,,,,,,,,,,
2633920.27274206,1244998.44374881,"0","0","1851",485.3,2026/05/24 16:47:58+00,,,,,,,,,,,,,,,,,,,,,
2633920.19655472,1244998.55449665,"0","0","1852",485.3,2026/05/24 16:47:59+00,,,,,,,,,,,,,,,,,,,,,
2633920.19655472,1244998.55449665,"0","0","1853",485.3,2026/05/24 16:48:00+00,,,,,,,,,,,,,,,,,,,,,
2633920.19655472,1244998.55449665,"0","0","1854",485.3,2026/05/24 16:48:01+00,,,,,,,,,,,,,,,,,,,,,
2633920.04290946,1244998.99835143,"0","0","1855",485.3,2026/05/24 16:48:02+00,,,,,,,,,,,,,,,,,,,,,
2633920.04290946,1244998.99835143,"0","0","1856",485.3,2026/05/24 16:48:03+00,,,,,,,,,,,,,,,,,,,,,
2633920.04290946,1244998.99835143,"0","0","1857",485.3,2026/05/24 16:48:04+00,,,,,,,,,,,,,,,,,,,,,
2633919.73879546,1244999.33016324,"0","0","1858",485.3,2026/05/24 16:48:05+00,,,,,,,,,,,,,,,,,,,,,
2633919.58705612,1244999.44047937,"0","0","1859",485.3,2026/05/24 16:48:06+00,,,,,,,,,,,,,,,,,,,,,
2633919.66324343,1244999.32973153,"0","0","1860",485.3,2026/05/24 16:48:07+00,,,,,,,,,,,,,,,,,,,,,
2633919.5883267,1244999.21812026,"0","0","1861",485.3,2026/05/24 16:48:08+00,,,,,,,,,,,,,,,,,,,,,
2633919.5883267,1244999.21812026,"0","0","1862",485.3,2026/05/24 16:48:09+00,,,,,,,,,,,,,,,,,,,,,
2633919.5883267,1244999.21812026,"0","0","1863",485.3,2026/05/24 16:48:10+00,,,,,,,,,,,,,,,,,,,,,
2633919.51277467,1244999.21768855,"0","0","1864",485.3,2026/05/24 16:48:11+00,,,,,,,,,,,,,,,,,,,,,
2633919.43722264,1244999.21725684,"0","0","1865",485.3,2026/05/24 16:48:12+00,,,,,,,,,,,,,,,,,,,,,
2633919.43722264,1244999.21725684,"0","0","1866",485.3,2026/05/24 16:48:13+00,,,,,,,,,,,,,,,,,,,,,
2633919.43722264,1244999.21725684,"0","0","1867",485.3,2026/05/24 16:48:14+00,,,,,,,,,,,,,,,,,,,,,
2633919.36167062,1244999.21682513,"0","0","1868",485.3,2026/05/24 16:48:15+00,,,,,,,,,,,,,,,,,,,,,
2633919.58896199,1244999.10694071,"0","0","1869",485.3,2026/05/24 16:48:16+00,,,,,,,,,,,,,,,,,,,,,
2633919.44103436,1244998.55017951,"0","0","1870",485.3,2026/05/24 16:48:17+00,,,,,,,,,,,,,,,,,,,,,
2633919.29501257,1244997.65987966,"0","0","1871",485.3,2026/05/24 16:48:18+00,,,,,,,,,,,,,,,,,,,,,
2633918.99280438,1244997.65815284,"0","0","1872",485.3,2026/05/24 16:48:19+00,,,,,,,,,,,,,,,,,,,,,
2633918.76868933,1244997.21213952,"0","0","1873",485.4,2026/05/24 16:48:20+00,,,,,,,,,,,,,,,,,,,,,
2633918.91979344,1244997.21300292,"0","0","1874",485.4,2026/05/24 16:48:21+00,,,,,,,,,,,,,,,,,,,,,
2633919.1464496,1244997.21429803,"0","0","1875",485.4,2026/05/24 16:48:22+00,,,,,,,,,,,,,,,,,,,,,
2633919.22200165,1244997.21472974,"0","0","1876",485.4,2026/05/24 16:48:23+00,,,,,,,,,,,,,,,,,,,,,
2633919.2975537,1244997.21516144,"0","0","1877",485.4,2026/05/24 16:48:24+00,,,,,,,,,,,,,,,,,,,,,
2633919.2975537,1244997.21516144,"0","0","1878",485.4,2026/05/24 16:48:25+00,,,,,,,,,,,,,,,,,,,,,
2633919.2200958,1244997.5482684,"0","0","1879",485.4,2026/05/24 16:48:26+00,,,,,,,,,,,,,,,,,,,,,
2633919.2200958,1244997.5482684,"0","0","1880",485.4,2026/05/24 16:48:27+00,,,,,,,,,,,,,,,,,,,,,
2633919.2200958,1244997.5482684,"0","0","1881",485.4,2026/05/24 16:48:28+00,,,,,,,,,,,,,,,,,,,,,
2633919.2200958,1244997.5482684,"0","0","1882",485.4,2026/05/24 16:48:29+00,,,,,,,,,,,,,,,,,,,,,
2633919.2200958,1244997.5482684,"0","0","1883",485.4,2026/05/24 16:48:30+00,,,,,,,,,,,,,,,,,,,,,
2633919.06835642,1244997.65858454,"0","0","1884",485.4,2026/05/24 16:48:31+00,,,,,,,,,,,,,,,,,,,,,
2633919.07089754,1244997.21386633,"0","0","1885",485.4,2026/05/24 16:48:32+00,,,,,,,,,,,,,,,,,,,,,
2633918.99979244,1244996.43517774,"0","0","1886",485.4,2026/05/24 16:48:33+00,,,,,,,,,,,,,,,,,,,,,
2633919.22581335,1244996.54765241,"0","0","1887",485.4,2026/05/24 16:48:34+00,,,,,,,,,,,,,,,,,,,,,
2633919.22581335,1244996.54765241,"0","0","1888",485.4,2026/05/24 16:48:35+00,,,,,,,,,,,,,,,,,,,,,
2633919.22581335,1244996.54765241,"0","0","1889",485.4,2026/05/24 16:48:36+00,,,,,,,,,,,,,,,,,,,,,
2633919.45310482,1244996.43776798,"0","0","1890",485.4,2026/05/24 16:48:37+00,,,,,,,,,,,,,,,,,,,,,
2633919.52802159,1244996.54937924,"0","0","1891",485.4,2026/05/24 16:48:38+00,,,,,,,,,,,,,,,,,,,,,
2633919.52802159,1244996.54937924,"0","0","1892",485.4,2026/05/24 16:48:39+00,,,,,,,,,,,,,,,,,,,,,
2633919.52802159,1244996.54937924,"0","0","1893",485.4,2026/05/24 16:48:40+00,,,,,,,,,,,,,,,,,,,,,
2633919.52802159,1244996.54937924,"0","0","1894",485.4,2026/05/24 16:48:41+00,,,,,,,,,,,,,,,,,,,,,
2633919.52802159,1244996.54937924,"0","0","1895",485.4,2026/05/24 16:48:42+00,,,,,,,,,,,,,,,,,,,,,
2633919.90895838,1244995.99564004,"0","0","1896",485.4,2026/05/24 16:48:43+00,,,,,,,,,,,,,,,,,,,,,
2633919.83531219,1244995.66166966,"0","0","1897",485.4,2026/05/24 16:48:44+00,,,,,,,,,,,,,,,,,,,,,
2633919.91086426,1244995.66210138,"0","0","1898",485.4,2026/05/24 16:48:45+00,,,,,,,,,,,,,,,,,,,,,
2633919.75976012,1244995.66123795,"0","0","1899",485.4,2026/05/24 16:48:46+00,,,,,,,,,,,,,,,,,,,,,
2633919.60738539,1244995.88273363,"0","0","1900",485.4,2026/05/24 16:48:47+00,,,,,,,,,,,,,,,,,,,,,
2633919.75912483,1244995.7724175,"0","0","1901",485.5,2026/05/24 16:48:48+00,,,,,,,,,,,,,,,,,,,,,
2633919.5331039,1244995.65994281,"0","0","1902",485.5,2026/05/24 16:48:49+00,,,,,,,,,,,,,,,,,,,,,
2633919.68357275,1244995.77198579,"0","0","1903",485.5,2026/05/24 16:48:50+00,,,,,,,,,,,,,,,,,,,,,
2633919.90705249,1244996.3291787,"0","0","1904",485.5,2026/05/24 16:48:51+00,,,,,,,,,,,,,,,,,,,,,
2633919.83277101,1244996.10638788,"0","0","1905",485.5,2026/05/24 16:48:52+00,,,,,,,,,,,,,,,,,,,,,
2633919.22962504,1244995.88057509,"0","0","1906",485.5,2026/05/24 16:48:53+00,,,,,,,,,,,,,,,,,,,,,
2633919.30454183,1244995.99218635,"0","0","1907",485.5,2026/05/24 16:48:54+00,,,,,,,,,,,,,,,,,,,,,
2633919.38136447,1244995.77025895,"0","0","1908",485.5,2026/05/24 16:48:55+00,,,,,,,,,,,,,,,,,,,,,
2633919.07979146,1244995.65735257,"0","0","1909",485.5,2026/05/24 16:48:56+00,,,,,,,,,,,,,,,,,,,,,
2633919.76547775,1244994.66062196,"0","0","1910",485.5,2026/05/24 16:48:57+00,,,,,,,,,,,,,,,,,,,,,
2633919.54072736,1244994.32578817,"0","0","1911",485.5,2026/05/24 16:48:58+00,,,,,,,,,,,,,,,,,,,,,
2633919.39152904,1244993.99138609,"0","0","1912",485.5,2026/05/24 16:48:59+00,,,,,,,,,,,,,,,,,,,,,
2633919.24296598,1244993.54580446,"0","0","1913",485.5,2026/05/24 16:49:00+00,,,,,,,,,,,,,,,,,,,,,
2633919.0944029,1244993.10022284,"0","0","1914",485.5,2026/05/24 16:49:01+00,,,,,,,,,,,,,,,,,,,,,
2633918.94520452,1244992.76582077,"0","0","1915",485.5,2026/05/24 16:49:02+00,,,,,,,,,,,,,,,,,,,,,
2633918.7966414,1244992.32023916,"0","0","1916",485.5,2026/05/24 16:49:03+00,,,,,,,,,,,,,,,,,,,,,
2633918.64744298,1244991.9858371,"0","0","1917",485.5,2026/05/24 16:49:04+00,,,,,,,,,,,,,,,,,,,,,
2633918.57443194,1244991.54068719,"0","0","1918",485.5,2026/05/24 16:49:05+00,,,,,,,,,,,,,,,,,,,,,
2633918.42586876,1244991.09510558,"0","0","1919",485.5,2026/05/24 16:49:06+00,,,,,,,,,,,,,,,,,,,,,
2633918.27667029,1244990.76070353,"0","0","1920",485.5,2026/05/24 16:49:07+00,,,,,,,,,,,,,,,,,,,,,
2633918.12810706,1244990.31512194,"0","0","1921",485.5,2026/05/24 16:49:08+00,,,,,,,,,,,,,,,,,,,,,
2633917.97954382,1244989.86954035,"0","0","1922",485.6,2026/05/24 16:49:09+00,,,,,,,,,,,,,,,,,,,,,
2633917.83034529,1244989.53513831,"0","0","1923",485.6,2026/05/24 16:49:10+00,,,,,,,,,,,,,,,,,,,,,
2633917.681782,1244989.08955673,"0","0","1924",485.6,2026/05/24 16:49:11+00,,,,,,,,,,,,,,,,,,,,,
2633917.17451517,1244985.30643019,"0","0","1925",485.5,2026/05/24 16:49:12+00,,,,,,,,,,,,,,,,,,,,,
2633916.95421094,1244984.19333965,"0","0","1926",485.5,2026/05/24 16:49:13+00,,,,,,,,,,,,,,,,,,,,,
2633917.6513327,1244981.19537693,"0","0","1927",485.5,2026/05/24 16:49:14+00,,,,,,,,,,,,,,,,,,,,,
2633917.90022342,1244977.30538778,"0","0","1928",485.4,2026/05/24 16:49:15+00,,,,,,,,,,,,,,,,,,,,,
2633917.7586476,1244975.63683117,"0","0","1929",485.4,2026/05/24 16:49:16+00,,,,,,,,,,,,,,,,,,,,,
2633917.17455671,1244972.07563218,"0","0","1930",485.3,2026/05/24 16:49:17+00,,,,,,,,,,,,,,,,,,,,,
2633916.21079732,1244968.84581356,"0","0","1931",485.2,2026/05/24 16:49:18+00,,,,,,,,,,,,,,,,,,,,,
2633916.53587522,1244964.84507661,"0","0","1932",485,2026/05/24 16:49:19+00,,,,,,,,,,,,,,,,,,,,,
2633915.73274747,1244959.94842833,"0","0","1933",484.8,2026/05/24 16:49:20+00,,,,,,,,,,,,,,,,,,,,,
2633915.67053439,1244957.61322625,"0","0","1934",484.7,2026/05/24 16:49:21+00,,,,,,,,,,,,,,,,,,,,,
2633913.72141207,1244954.93369437,"0","0","1935",484.5,2026/05/24 16:49:22+00,,,,,,,,,,,,,,,,,,,,,
2633910.79137408,1244952.0261932,"0","0","1936",484.4,2026/05/24 16:49:23+00,,,,,,,,,,,,,,,,,,,,,
2633909.81617601,1244950.79760754,"0","0","1937",484.3,2026/05/24 16:49:24+00,,,,,,,,,,,,,,,,,,,,,
2633907.71467329,1244948.33957358,"0","0","1938",484.2,2026/05/24 16:49:25+00,,,,,,,,,,,,,,,,,,,,,
2633905.31603813,1244944.99037795,"0","0","1939",484.1,2026/05/24 16:49:26+00,,,,,,,,,,,,,,,,,,,,,
2633904.1878273,1244944.0944688,"0","0","1940",484.1,2026/05/24 16:49:27+00,,,,,,,,,,,,,,,,,,,,,
2633902.31932773,1244940.52593597,"0","0","1941",484.1,2026/05/24 16:49:28+00,,,,,,,,,,,,,,,,,,,,,
2633901.72252489,1244939.1883296,"0","0","1942",484.1,2026/05/24 16:49:29+00,,,,,,,,,,,,,,,,,,,,,
2633900.75684675,1244936.2920524,"0","0","1943",484,2026/05/24 16:49:30+00,,,,,,,,,,,,,,,,,,,,,
2633898.73914153,1244932.38911922,"0","0","1944",484,2026/05/24 16:49:31+00,,,,,,,,,,,,,,,,,,,,,
2633898.44581841,1244930.83087992,"0","0","1945",484.1,2026/05/24 16:49:32+00,,,,,,,,,,,,,,,,,,,,,
2633897.85853681,1244927.82558095,"0","0","1946",484.1,2026/05/24 16:49:33+00,,,,,,,,,,,,,,,,,,,,,
2633895.45353937,1244925.58818484,"0","0","1947",484.5,2026/05/24 16:49:34+00,,,,,,,,,,,,,,,,,,,,,
2633892.82949847,1244922.01534119,"0","0","1948",485.1,2026/05/24 16:49:35+00,,,,,,,,,,,,,,,,,,,,,
2633892.00603249,1244920.67644177,"0","0","1949",485.3,2026/05/24 16:49:36+00,,,,,,,,,,,,,,,,,,,,,
2633890.1362486,1244917.33027206,"0","0","1950",485.8,2026/05/24 16:49:37+00,,,,,,,,,,,,,,,,,,,,,
2633889.46261811,1244916.21459475,"0","0","1951",486,2026/05/24 16:49:38+00,,,,,,,,,,,,,,,,,,,,,
2633887.97186637,1244912.64822335,"0","0","1952",486.7,2026/05/24 16:49:39+00,,,,,,,,,,,,,,,,,,,,,
2633887.3731534,1244911.64415713,"0","0","1953",487,2026/05/24 16:49:40+00,,,,,,,,,,,,,,,,,,,,,
2633884.67037505,1244908.62678358,"0","0","1954",487.8,2026/05/24 16:49:41+00,,,,,,,,,,,,,,,,,,,,,
2633883.76881372,1244907.73217221,"0","0","1955",488.1,2026/05/24 16:49:42+00,,,,,,,,,,,,,,,,,,,,,
2633881.29205688,1244904.82727353,"0","0","1956",488.8,2026/05/24 16:49:43+00,,,,,,,,,,,,,,,,,,,,,
2633880.54160094,1244903.93352511,"0","0","1957",489,2026/05/24 16:49:44+00,,,,,,,,,,,,,,,,,,,,,
2633878.06547542,1244900.91744828,"0","0","1958",489.4,2026/05/24 16:49:45+00,,,,,,,,,,,,,,,,,,,,,
2633877.39184076,1244899.80177239,"0","0","1959",489.5,2026/05/24 16:49:46+00,,,,,,,,,,,,,,,,,,,,,
2633874.9925341,1244896.563769,"0","0","1960",489.8,2026/05/24 16:49:47+00,,,,,,,,,,,,,,,,,,,,,
2633874.16779166,1244895.4472312,"0","0","1961",490,2026/05/24 16:49:48+00,,,,,,,,,,,,,,,,,,,,,
2633871.16595743,1244891.87224178,"0","0","1962",490.3,2026/05/24 16:49:49+00,,,,,,,,,,,,,,,,,,,,,
2633870.040903,1244890.42044163,"0","0","1963",490.4,2026/05/24 16:49:50+00,,,,,,,,,,,,,,,,,,,,,
2633867.79142679,1244887.40566244,"0","0","1964",490.6,2026/05/24 16:49:51+00,,,,,,,,,,,,,,,,,,,,,
2633865.84225944,1244884.72614682,"0","0","1965",490.7,2026/05/24 16:49:52+00,,,,,,,,,,,,,,,,,,,,,
2633863.36675255,1244881.59889676,"0","0","1966",490.9,2026/05/24 16:49:53+00,,,,,,,,,,,,,,,,,,,,,
2633860.7356967,1244879.24904252,"0","0","1967",491,2026/05/24 16:49:54+00,,,,,,,,,,,,,,,,,,,,,
2633857.72370023,1244877.45293247,"0","0","1968",491,2026/05/24 16:49:55+00,,,,,,,,,,,,,,,,,,,,,
2633855.47548093,1244874.21579902,"0","0","1969",491.1,2026/05/24 16:49:56+00,,,,,,,,,,,,,,,,,,,,,
2633854.57581208,1244872.9876536,"0","0","1970",491.1,2026/05/24 16:49:57+00,,,,,,,,,,,,,,,,,,,,,
2633853.08059002,1244870.19954806,"0","0","1971",491.2,2026/05/24 16:49:58+00,,,,,,,,,,,,,,,,,,,,,
2633849.91874717,1244868.18022125,"0","0","1972",491.2,2026/05/24 16:49:59+00,,,,,,,,,,,,,,,,,,,,,
2633847.36386764,1244865.71962434,"0","0","1973",491.3,2026/05/24 16:50:00+00,,,,,,,,,,,,,,,,,,,,,
2633844.13470685,1244862.25453606,"0","0","1974",491.3,2026/05/24 16:50:01+00,,,,,,,,,,,,,,,,,,,,,
2633842.85916637,1244860.69070016,"0","0","1975",491.3,2026/05/24 16:50:02+00,,,,,,,,,,,,,,,,,,,,,
2633840.30554823,1244858.0077473,"0","0","1976",491.4,2026/05/24 16:50:03+00,,,,,,,,,,,,,,,,,,,,,
2633839.40333868,1244857.22432232,"0","0","1977",491.4,2026/05/24 16:50:04+00,,,,,,,,,,,,,,,,,,,,,
2633837.30304071,1244854.54395492,"0","0","1978",491.4,2026/05/24 16:50:05+00,,,,,,,,,,,,,,,,,,,,,
2633836.70367947,1244853.65107349,"0","0","1979",491.4,2026/05/24 16:50:06+00,,,,,,,,,,,,,,,,,,,,,
2633836.02749675,1244852.98012052,"0","0","1980",491.4,2026/05/24 16:50:07+00,,,,,,,,,,,,,,,,,,,,,
2633836.18177307,1244852.42508422,"0","0","1981",491.4,2026/05/24 16:50:08+00,,,,,,,,,,,,,,,,,,,,,
2633836.03256639,1244852.09068436,"0","0","1982",491.4,2026/05/24 16:50:09+00,,,,,,,,,,,,,,,,,,,,,
2633835.20654297,1244851.19651116,"0","0","1983",491.4,2026/05/24 16:50:10+00,,,,,,,,,,,,,,,,,,,,,
2633835.95447767,1244852.5349718,"0","0","1984",491.4,2026/05/24 16:50:11+00,,,,,,,,,,,,,,,,,,,,,
2633836.10495176,1244852.64701261,"0","0","1985",491.4,2026/05/24 16:50:13+00,,,,,,,,,,,,,,,,,,,,,
2633835.57607448,1244852.64399811,"0","0","1986",491.4,2026/05/24 16:50:14+00,,,,,,,,,,,,,,,,,,,,,
2633835.65352947,1244852.31089019,"0","0","1987",491.4,2026/05/24 16:50:15+00,,,,,,,,,,,,,,,,,,,,,
2633835.87955747,1244852.42336164,"0","0","1988",491.4,2026/05/24 16:50:16+00,,,,,,,,,,,,,,,,,,,,,
2633835.87955747,1244852.42336164,"0","0","1989",491.4,2026/05/24 16:50:17+00,,,,,,,,,,,,,,,,,,,,,
2633836.10305064,1244852.98055117,"0","0","1990",491.4,2026/05/24 16:50:18+00,,,,,,,,,,,,,,,,,,,,,
2633836.17670341,1244853.31452038,"0","0","1991",491.4,2026/05/24 16:50:19+00,,,,,,,,,,,,,,,,,,,,,
2633835.94940804,1244853.42440796,"0","0","1992",491.4,2026/05/24 16:50:20+00,,,,,,,,,,,,,,,,,,,,,
2633836.252891,1244853.20377151,"0","0","1993",491.4,2026/05/24 16:50:21+00,,,,,,,,,,,,,,,,,,,,,
2633836.10114952,1244853.31408973,"0","0","1994",491.4,2026/05/24 16:50:22+00,,,,,,,,,,,,,,,,,,,,,
2633836.10178322,1244853.20291021,"0","0","1995",491.4,2026/05/24 16:50:23+00,,,,,,,,,,,,,,,,,,,,,
2633836.25415842,1244852.98141247,"0","0","1996",491.4,2026/05/24 16:50:24+00,,,,,,,,,,,,,,,,,,,,,
2633836.55510656,1244853.20549411,"0","0","1997",491.4,2026/05/24 16:50:25+00,,,,,,,,,,,,,,,,,,,,,
2633836.85542096,1244853.54075528,"0","0","1998",491.4,2026/05/24 16:50:26+00,,,,,,,,,,,,,,,,,,,,,
2633837.08335007,1244853.31968822,"0","0","1999",491.4,2026/05/24 16:50:27+00,,,,,,,,,,,,,,,,,,,,,
2633837.08461752,1244853.09732917,"0","0","2000",491.4,2026/05/24 16:50:28+00,,,,,,,,,,,,,,,,,,,,,
2633837.46175324,1244853.210662,"0","0","2001",491.4,2026/05/24 16:50:29+00,,,,,,,,,,,,,,,,,,,,,
2633837.46618937,1244852.43240536,"0","0","2002",491.4,2026/05/24 16:50:30+00,,,,,,,,,,,,,,,,,,,,,
2633837.54174327,1244852.43283602,"0","0","2003",491.4,2026/05/24 16:50:31+00,,,,,,,,,,,,,,,,,,,,,
2633837.54174327,1244852.43283602,"0","0","2004",491.4,2026/05/24 16:50:32+00,,,,,,,,,,,,,,,,,,,,,
2633837.54174327,1244852.43283602,"0","0","2005",491.4,2026/05/24 16:50:33+00,,,,,,,,,,,,,,,,,,,,,
2633837.0915885,1244851.87435445,"0","0","2006",491.4,2026/05/24 16:50:34+00,,,,,,,,,,,,,,,,,,,,,
2633837.2401614,1244852.31993385,"0","0","2007",491.4,2026/05/24 16:50:35+00,,,,,,,,,,,,,,,,,,,,,
2633837.54174327,1244852.43283602,"0","0","2008",491.4,2026/05/24 16:50:36+00,,,,,,,,,,,,,,,,,,,,,
2633837.61729717,1244852.43326668,"0","0","2009",491.4,2026/05/24 16:50:37+00,,,,,,,,,,,,,,,,,,,,,
2633838.06555062,1244853.32528686,"0","0","2010",491.4,2026/05/24 16:50:38+00,,,,,,,,,,,,,,,,,,,,,
2633838.21412341,1244853.77086628,"0","0","2011",491.4,2026/05/24 16:50:39+00,,,,,,,,,,,,,,,,,,,,,
2633838.74490185,1244853.44034246,"0","0","2012",491.4,2026/05/24 16:50:40+00,,,,,,,,,,,,,,,,,,,,,
2633839.04584988,1244853.66442423,"0","0","2013",491.4,2026/05/24 16:50:41+00,,,,,,,,,,,,,,,,,,,,,
2633838.6674467,1244853.77345034,"0","0","2014",491.4,2026/05/24 16:50:42+00,,,,,,,,,,,,,,,,,,,,,
2633838.13603454,1244854.21515369,"0","0","2015",491.4,2026/05/24 16:50:43+00,,,,,,,,,,,,,,,,,,,,,
2633837.45604965,1244854.21127769,"0","0","2016",491.4,2026/05/24 16:50:44+00,,,,,,,,,,,,,,,,,,,,,
2633837.53033606,1244854.43406739,"0","0","2017",491.4,2026/05/24 16:50:45+00,,,,,,,,,,,,,,,,,,,,,
2633837.38049577,1244854.21084702,"0","0","2018",491.4,2026/05/24 16:50:46+00,,,,,,,,,,,,,,,,,,,,,
2633837.23002175,1244854.09880618,"0","0","2019",491.4,2026/05/24 16:50:47+00,,,,,,,,,,,,,,,,,,,,,
2633837.08144889,1244853.65322678,"0","0","2020",491.4,2026/05/24 16:50:48+00,,,,,,,,,,,,,,,,,,,,,
2633837.01476714,1244852.09628283,"0","0","2021",491.4,2026/05/24 16:50:49+00,,,,,,,,,,,,,,,,,,,,,
2633837.08841987,1244852.43025205,"0","0","2022",491.4,2026/05/24 16:50:50+00,,,,,,,,,,,,,,,,,,,,,
2633836.86239189,1244852.31778056,"0","0","2023",491.4,2026/05/24 16:50:51+00,,,,,,,,,,,,,,,,,,,,,
2633836.56144372,1244852.0936989,"0","0","2024",491.4,2026/05/24 16:50:52+00,,,,,,,,,,,,,,,,,,,,,
2633836.56144372,1244852.0936989,"0","0","2025",491.4,2026/05/24 16:50:53+00,,,,,,,,,,,,,,,,,,,,,
2633835.80336987,1244852.53411051,"0","0","2026",491.4,2026/05/24 16:50:54+00,,,,,,,,,,,,,,,,,,,,,
2633835.57860927,1244852.19928003,"0","0","2027",491.4,2026/05/24 16:50:55+00,,,,,,,,,,,,,,,,,,,,,
2633835.50559015,1244851.75413131,"0","0","2028",491.4,2026/05/24 16:50:56+00,,,,,,,,,,,,,,,,,,,,,
2633835.27449258,1244852.53109604,"0","0","2029",491.4,2026/05/24 16:50:57+00,,,,,,,,,,,,,,,,,,,,,
2633835.43130363,1244851.53134163,"0","0","2030",491.4,2026/05/24 16:50:58+00,,,,,,,,,,,,,,,,,,,,,
2633835.20464189,1244851.53004972,"0","0","2031",491.4,2026/05/24 16:50:59+00,,,,,,,,,,,,,,,,,,,,,
2633834.97734648,1244851.63993735,"0","0","2032",491.4,2026/05/24 16:51:00+00,,,,,,,,,,,,,,,,,,,,,
2633834.45037013,1244851.30338439,"0","0","2033",491.4,2026/05/24 16:51:01+00,,,,,,,,,,,,,,,,,,,,,
2633834.29989598,1244851.19134362,"0","0","2034",491.4,2026/05/24 16:51:02+00,,,,,,,,,,,,,,,,,,,,,
2633833.2402402,1244851.51885355,"0","0","2035",491.4,2026/05/24 16:51:03+00,,,,,,,,,,,,,,,,,,,,,
2633832.71136282,1244851.51583931,"0","0","2036",491.4,2026/05/24 16:51:04+00,,,,,,,,,,,,,,,,,,,,,
2633832.25994026,1244851.17971715,"0","0","2037",491.4,2026/05/24 16:51:05+00,,,,,,,,,,,,,,,,,,,,,
2633832.18692088,1244850.73456847,"0","0","2038",491.4,2026/05/24 16:51:06+00,,,,,,,,,,,,,,,,,,,,,
2633831.96152637,1244850.51091764,"0","0","2039",491.4,2026/05/24 16:51:07+00,,,,,,,,,,,,,,,,,,,,,
2633831.58692486,1244849.95286709,"0","0","2040",491.4,2026/05/24 16:51:08+00,,,,,,,,,,,,,,,,,,,,,
2633831.59072659,1244849.28578997,"0","0","2041",491.4,2026/05/24 16:51:09+00,,,,,,,,,,,,,,,,,,,,,
2633831.44025233,1244849.17374928,"0","0","2042",491.4,2026/05/24 16:51:10+00,,,,,,,,,,,,,,,,,,,,,
2633831.36533201,1244849.06213917,"0","0","2043",491.4,2026/05/24 16:51:11+00,,,,,,,,,,,,,,,,,,,,,
2633831.21485773,1244848.95009848,"0","0","2044",491.4,2026/05/24 16:51:12+00,,,,,,,,,,,,,,,,,,,,,
2633831.1399374,1244848.83848838,"0","0","2045",491.4,2026/05/24 16:51:13+00,,,,,,,,,,,,,,,,,,,,,
2633830.98946312,1244848.72644769,"0","0","2046",491.4,2026/05/24 16:51:14+00,,,,,,,,,,,,,,,,,,,,,
2633830.91454279,1244848.61483759,"0","0","2047",491.4,2026/05/24 16:51:15+00,,,,,,,,,,,,,,,,,,,,,
2633830.7640685,1244848.50279691,"0","0","2048",491.4,2026/05/24 16:51:16+00,,,,,,,,,,,,,,,,,,,,,
2633830.68914815,1244848.39118682,"0","0","2049",491.4,2026/05/24 16:51:17+00,,,,,,,,,,,,,,,,,,,,,
2633830.6142278,1244848.27957672,"0","0","2050",491.4,2026/05/24 16:51:18+00,,,,,,,,,,,,,,,,,,,,,
2633830.4637535,1244848.16753605,"0","0","2051",491.4,2026/05/24 16:51:19+00,,,,,,,,,,,,,,,,,,,,,
2633830.38883314,1244848.05592596,"0","0","2052",491.4,2026/05/24 16:51:20+00,,,,,,,,,,,,,,,,,,,,,
2633830.23835883,1244847.9438853,"0","0","2053",491.4,2026/05/24 16:51:21+00,,,,,,,,,,,,,,,,,,,,,
2633830.16343847,1244847.83227521,"0","0","2054",491.4,2026/05/24 16:51:22+00,,,,,,,,,,,,,,,,,,,,,
2633830.01359773,1244847.60905503,"0","0","2055",491.4,2026/05/24 16:51:23+00,,,,,,,,,,,,,,,,,,,,,
2633829.93867736,1244847.49744494,"0","0","2056",491.4,2026/05/24 16:51:24+00,,,,,,,,,,,,,,,,,,,,,
2633829.78820303,1244847.38540429,"0","0","2057",491.4,2026/05/24 16:51:25+00,,,,,,,,,,,,,,,,,,,,,
2633829.71328265,1244847.2737942,"0","0","2058",491.4,2026/05/24 16:51:26+00,,,,,,,,,,,,,,,,,,,,,
2633829.5628083,1244847.16175356,"0","0","2059",491.4,2026/05/24 16:51:27+00,,,,,,,,,,,,,,,,,,,,,
2633829.48788792,1244847.05014348,"0","0","2060",491.4,2026/05/24 16:51:28+00,,,,,,,,,,,,,,,,,,,,,
2633829.41296753,1244846.93853339,"0","0","2061",491.4,2026/05/24 16:51:29+00,,,,,,,,,,,,,,,,,,,,,
2633829.26249317,1244846.82649275,"0","0","2062",491.4,2026/05/24 16:51:30+00,,,,,,,,,,,,,,,,,,,,,
2633829.18757277,1244846.71488268,"0","0","2063",491.4,2026/05/24 16:51:31+00,,,,,,,,,,,,,,,,,,,,,
2633829.0370984,1244846.60284205,"0","0","2064",491.4,2026/05/24 16:51:32+00,,,,,,,,,,,,,,,,,,,,,
2633828.962178,1244846.49123197,"0","0","2065",491.4,2026/05/24 16:51:33+00,,,,,,,,,,,,,,,,,,,,,
2633828.81170362,1244846.37919134,"0","0","2066",491.4,2026/05/24 16:51:34+00,,,,,,,,,,,,,,,,,,,,,
2633828.73678321,1244846.26758127,"0","0","2067",491.4,2026/05/24 16:51:35+00,,,,,,,,,,,,,,,,,,,,,
2633828.58630882,1244846.15554065,"0","0","2068",491.4,2026/05/24 16:51:36+00,,,,,,,,,,,,,,,,,,,,,
2633828.5113884,1244846.04393058,"0","0","2069",491.4,2026/05/24 16:51:37+00,,,,,,,,,,,,,,,,,,,,,
2633826.78505039,1244844.03279686,"0","0","2070",491.4,2026/05/24 16:51:38+00,,,,,,,,,,,,,,,,,,,,,
2633825.80601587,1244843.47130249,"0","0","2071",491.4,2026/05/24 16:51:39+00,,,,,,,,,,,,,,,,,,,,,
2633824.61742332,1244839.90666979,"0","0","2072",491.2,2026/05/24 16:51:40+00,,,,,,,,,,,,,,,,,,,,,
2633824.17233422,1244838.45875308,"0","0","2073",491.1,2026/05/24 16:51:41+00,,,,,,,,,,,,,,,,,,,,,
2633823.43453053,1244835.34142171,"0","0","2074",490.9,2026/05/24 16:51:42+00,,,,,,,,,,,,,,,,,,,,,
2633824.73858876,1244831.90217509,"0","0","2075",490.7,2026/05/24 16:51:43+00,,,,,,,,,,,,,,,,,,,,,
2633827.78102875,1244828.36165144,"0","0","2076",490.3,2026/05/24 16:51:44+00,,,,,,,,,,,,,,,,,,,,,
2633828.92194469,1244827.03395549,"0","0","2077",490.2,2026/05/24 16:51:45+00,,,,,,,,,,,,,,,,,,,,,
2633831.27616427,1244824.93489239,"0","0","2078",489.9,2026/05/24 16:51:46+00,,,,,,,,,,,,,,,,,,,,,
2633833.78339505,1244822.50315294,"0","0","2079",489.6,2026/05/24 16:51:47+00,,,,,,,,,,,,,,,,,,,,,
2633834.54654195,1244821.17330502,"0","0","2080",489.5,2026/05/24 16:51:48+00,,,,,,,,,,,,,,,,,,,,,
2633835.99728245,1244818.51317883,"0","0","2081",489.2,2026/05/24 16:51:49+00,,,,,,,,,,,,,,,,,,,,,
2633837.45436152,1244814.74125793,"0","0","2082",488.9,2026/05/24 16:51:50+00,,,,,,,,,,,,,,,,,,,,,
2633838.0657677,1244813.52172867,"0","0","2083",488.8,2026/05/24 16:51:51+00,,,,,,,,,,,,,,,,,,,,,
2633839.14507706,1244809.7476549,"0","0","2084",488.4,2026/05/24 16:51:52+00,,,,,,,,,,,,,,,,,,,,,
2633839.68092963,1244808.52769514,"0","0","2085",488.3,2026/05/24 16:51:53+00,,,,,,,,,,,,,,,,,,,,,
2633841.35960655,1244805.64650342,"0","0","2086",488,2026/05/24 16:51:54+00,,,,,,,,,,,,,,,,,,,,,
2633843.79890119,1244801.88018356,"0","0","2087",487.6,2026/05/24 16:51:55+00,,,,,,,,,,,,,,,,,,,,,
2633844.86490507,1244800.44088053,"0","0","2088",487.4,2026/05/24 16:51:56+00,,,,,,,,,,,,,,,,,,,,,
2633845.63756545,1244797.44334156,"0","0","2089",487.1,2026/05/24 16:51:57+00,,,,,,,,,,,,,,,,,,,,,
2633846.56387146,1244794.00194627,"0","0","2090",486.8,2026/05/24 16:51:58+00,,,,,,,,,,,,,,,,,,,,,
2633847.3244892,1244793.1168181,"0","0","2091",486.7,2026/05/24 16:51:59+00,,,,,,,,,,,,,,,,,,,,,
2633849.1568193,1244789.7917723,"0","0","2092",486.3,2026/05/24 16:52:00+00,,,,,,,,,,,,,,,,,,,,,
2633849.6926757,1244788.57181351,"0","0","2093",486.1,2026/05/24 16:52:01+00,,,,,,,,,,,,,,,,,,,,,
2633850.16629081,1244785.01665446,"0","0","2094",485.7,2026/05/24 16:52:02+00,,,,,,,,,,,,,,,,,,,,,
2633850.86466896,1244781.79632648,"0","0","2095",485.4,2026/05/24 16:52:03+00,,,,,,,,,,,,,,,,,,,,,
2633850.73257856,1244778.4600799,"0","0","2096",485,2026/05/24 16:52:04+00,,,,,,,,,,,,,,,,,,,,,
2633851.66206033,1244774.4627881,"0","0","2097",484.4,2026/05/24 16:52:05+00,,,,,,,,,,,,,,,,,,,,,
2633852.19791859,1244773.24282959,"0","0","2098",484.3,2026/05/24 16:52:06+00,,,,,,,,,,,,,,,,,,,,,
2633852.75279738,1244768.6874863,"0","0","2099",483.7,2026/05/24 16:52:07+00,,,,,,,,,,,,,,,,,,,,,
2633852.53817859,1244766.57378336,"0","0","2100",483.4,2026/05/24 16:52:08+00,,,,,,,,,,,,,,,,,,,,,
2633851.88164139,1244762.45626448,"0","0","2101",482.9,2026/05/24 16:52:09+00,,,,,,,,,,,,,,,,,,,,,
2633851.1356006,1244760.78426367,"0","0","2102",482.7,2026/05/24 16:52:10+00,,,,,,,,,,,,,,,,,,,,,
2633851.75779288,1244757.67468466,"0","0","2103",482.3,2026/05/24 16:52:11+00,,,,,,,,,,,,,,,,,,,,,
2633851.62697026,1244754.11607929,"0","0","2104",481.9,2026/05/24 16:52:12+00,,,,,,,,,,,,,,,,,,,,,
2633851.18568494,1244752.00108395,"0","0","2105",481.6,2026/05/24 16:52:13+00,,,,,,,,,,,,,,,,,,,,,
2633850.59075301,1244750.32994494,"0","0","2106",481.4,2026/05/24 16:52:14+00,,,,,,,,,,,,,,,,,,,,,
2633850.22121849,1244748.88245745,"0","0","2107",481.2,2026/05/24 16:52:15+00,,,,,,,,,,,,,,,,,,,,,
2633850.22248641,1244748.66009848,"0","0","2108",481.2,2026/05/24 16:52:16+00,,,,,,,,,,,,,,,,,,,,,
2633849.24153639,1244748.43213884,"0","0","2109",481.1,2026/05/24 16:52:17+00,,,,,,,,,,,,,,,,,,,,,
2633849.70247515,1244747.10056989,"0","0","2110",480.9,2026/05/24 16:52:18+00,,,,,,,,,,,,,,,,,,,,,
2633850.15707453,1244746.88079585,"0","0","2111",480.9,2026/05/24 16:52:19+00,,,,,,,,,,,,,,,,,,,,,
2633850.83833969,1244746.66231434,"0","0","2112",480.8,2026/05/24 16:52:20+00,,,,,,,,,,,,,,,,,,,,,
2633850.91389494,1244746.66274518,"0","0","2113",480.8,2026/05/24 16:52:21+00,,,,,,,,,,,,,,,,,,,,,
2633851.06817531,1244746.10770941,"0","0","2114",480.7,2026/05/24 16:52:22+00,,,,,,,,,,,,,,,,,,,,,
2633850.99452198,1244745.77374011,"0","0","2115",480.7,2026/05/24 16:52:23+00,,,,,,,,,,,,,,,,,,,,,
2633851.22055378,1244745.88621211,"0","0","2116",480.6,2026/05/24 16:52:24+00,,,,,,,,,,,,,,,,,,,,,
2633851.44658558,1244745.99868412,"0","0","2117",480.6,2026/05/24 16:52:25+00,,,,,,,,,,,,,,,,,,,,,
2633851.74817262,1244746.11158698,"0","0","2118",480.6,2026/05/24 16:52:26+00,,,,,,,,,,,,,,,,,,,,,
2633852.27642541,1244746.22578241,"0","0","2119",480.5,2026/05/24 16:52:27+00,,,,,,,,,,,,,,,,,,,,,
2633852.87896541,1244746.56276772,"0","0","2120",480.4,2026/05/24 16:52:28+00,,,,,,,,,,,,,,,,,,,,,
2633852.87959942,1244746.45158824,"0","0","2121",480.4,2026/05/24 16:52:29+00,,,,,,,,,,,,,,,,,,,,,
2633852.95578869,1244746.34083961,"0","0","2122",480.4,2026/05/24 16:52:30+00,,,,,,,,,,,,,,,,,,,,,
2633852.95578869,1244746.34083961,"0","0","2123",480.4,2026/05/24 16:52:31+00,,,,,,,,,,,,,,,,,,,,,
2633853.40975422,1244746.23224531,"0","0","2124",480.3,2026/05/24 16:52:32+00,,,,,,,,,,,,,,,,,,,,,
2633853.25737568,1244746.45374254,"0","0","2125",480.3,2026/05/24 16:52:33+00,,,,,,,,,,,,,,,,,,,,,
2633853.25737568,1244746.45374254,"0","0","2126",480.3,2026/05/24 16:52:34+00,,,,,,,,,,,,,,,,,,,,,
2633853.25927773,1244746.12020409,"0","0","2127",480.3,2026/05/24 16:52:35+00,,,,,,,,,,,,,,,,,,,,,
2633853.41102226,1244746.00988633,"0","0","2128",480.3,2026/05/24 16:52:36+00,,,,,,,,,,,,,,,,,,,,,
2633853.41102226,1244746.00988633,"0","0","2129",480.3,2026/05/24 16:52:37+00,,,,,,,,,,,,,,,,,,,,,
2633853.41102226,1244746.00988633,"0","0","2130",480.3,2026/05/24 16:52:38+00,,,,,,,,,,,,,,,,,,,,,
2633853.41102226,1244746.00988633,"0","0","2131",480.3,2026/05/24 16:52:39+00,,,,,,,,,,,,,,,,,,,,,
2633853.63895608,1244745.78881996,"0","0","2132",480.2,2026/05/24 16:52:40+00,,,,,,,,,,,,,,,,,,,,,
2633853.56403485,1244745.67720961,"0","0","2133",480.2,2026/05/24 16:52:41+00,,,,,,,,,,,,,,,,,,,,,
2633853.56403485,1244745.67720961,"0","0","2134",480.2,2026/05/24 16:52:42+00,,,,,,,,,,,,,,,,,,,,,
2633853.56593691,1244745.34367114,"0","0","2135",480.2,2026/05/24 16:52:43+00,,,,,,,,,,,,,,,,,,,,,
2633853.56720496,1244745.12131217,"0","0","2136",480.1,2026/05/24 16:52:44+00,,,,,,,,,,,,,,,,,,,,,
2633853.6446623,1244744.78820458,"0","0","2137",480.1,2026/05/24 16:52:45+00,,,,,,,,,,,,,,,,,,,,,
2633853.71958355,1244744.89981494,"0","0","2138",480.1,2026/05/24 16:52:46+00,,,,,,,,,,,,,,,,,,,,,
2633853.71958355,1244744.89981494,"0","0","2139",480.1,2026/05/24 16:52:47+00,,,,,,,,,,,,,,,,,,,,,
2633853.64339425,1244745.01056356,"0","0","2140",480.1,2026/05/24 16:52:48+00,,,,,,,,,,,,,,,,,,,,,
2633853.64339425,1244745.01056356,"0","0","2141",480.1,2026/05/24 16:52:49+00,,,,,,,,,,,,,,,,,,,,,
2633853.64339425,1244745.01056356,"0","0","2142",480.1,2026/05/24 16:52:50+00,,,,,,,,,,,,,,,,,,,,,
2633853.57037508,1244744.56541474,"0","0","2143",480,2026/05/24 16:52:51+00,,,,,,,,,,,,,,,,,,,,,
2633852.96783491,1244744.22842936,"0","0","2144",479.9,2026/05/24 16:52:52+00,,,,,,,,,,,,,,,,,,,,,
2633852.36592867,1244743.78026456,"0","0","2145",479.9,2026/05/24 16:52:53+00,,,,,,,,,,,,,,,,,,,,,
2633851.83704167,1244743.77724861,"0","0","2146",479.8,2026/05/24 16:52:54+00,,,,,,,,,,,,,,,,,,,,,
2633851.45863126,1244743.88627387,"0","0","2147",479.8,2026/05/24 16:52:55+00,,,,,,,,,,,,,,,,,,,,,
2633850.85482296,1244743.77164768,"0","0","2148",479.7,2026/05/24 16:52:56+00,,,,,,,,,,,,,,,,,,,,,
2633850.77990164,1244743.66003736,"0","0","2149",479.7,2026/05/24 16:52:57+00,,,,,,,,,,,,,,,,,,,,,
2633850.93164619,1244743.54971954,"0","0","2150",479.6,2026/05/24 16:52:58+00,,,,,,,,,,,,,,,,,,,,,
2633851.00783545,1244743.43897089,"0","0","2151",479.6,2026/05/24 16:52:59+00,,,,,,,,,,,,,,,,,,,,,
2633851.15958001,1244743.32865308,"0","0","2152",479.6,2026/05/24 16:53:00+00,,,,,,,,,,,,,,,,,,,,,
2633851.23576928,1244743.21790443,"0","0","2153",479.6,2026/05/24 16:53:01+00,,,,,,,,,,,,,,,,,,,,,
2633851.31195855,1244743.10715578,"0","0","2154",479.6,2026/05/24 16:53:02+00,,,,,,,,,,,,,,,,,,,,,
2633851.46370312,1244742.99683798,"0","0","2155",479.6,2026/05/24 16:53:03+00,,,,,,,,,,,,,,,,,,,,,
2633851.5398924,1244742.88608934,"0","0","2156",479.5,2026/05/24 16:53:04+00,,,,,,,,,,,,,,,,,,,,,
2633851.69163699,1244742.77577154,"0","0","2157",479.5,2026/05/24 16:53:05+00,,,,,,,,,,,,,,,,,,,,,
2633851.76846026,1244742.55384341,"0","0","2158",479.5,2026/05/24 16:53:06+00,,,,,,,,,,,,,,,,,,,,,
2633851.92020486,1244742.44352562,"0","0","2159",479.5,2026/05/24 16:53:07+00,,,,,,,,,,,,,,,,,,,,,
2633851.99639415,1244742.33277698,"0","0","2160",479.5,2026/05/24 16:53:08+00,,,,,,,,,,,,,,,,,,,,,
2633852.07258345,1244742.22202835,"0","0","2161",479.4,2026/05/24 16:53:09+00,,,,,,,,,,,,,,,,,,,,,
2633852.22432806,1244742.11171056,"0","0","2162",479.4,2026/05/24 16:53:10+00,,,,,,,,,,,,,,,,,,,,,
2633852.30051736,1244742.00096193,"0","0","2163",479.4,2026/05/24 16:53:11+00,,,,,,,,,,,,,,,,,,,,,
2633852.45226198,1244741.89064415,"0","0","2164",479.4,2026/05/24 16:53:12+00,,,,,,,,,,,,,,,,,,,,,
2633852.5284513,1244741.77989552,"0","0","2165",479.4,2026/05/24 16:53:13+00,,,,,,,,,,,,,,,,,,,,,
2633852.60464061,1244741.66914689,"0","0","2166",479.4,2026/05/24 16:53:14+00,,,,,,,,,,,,,,,,,,,,,
2633852.75638524,1244741.55882912,"0","0","2167",479.3,2026/05/24 16:53:15+00,,,,,,,,,,,,,,,,,,,,,
2633852.83257457,1244741.44808049,"0","0","2168",479.3,2026/05/24 16:53:16+00,,,,,,,,,,,,,,,,,,,,,
2633852.98431921,1244741.33776273,"0","0","2169",479.3,2026/05/24 16:53:17+00,,,,,,,,,,,,,,,,,,,,,
2633853.06050854,1244741.2270141,"0","0","2170",479.3,2026/05/24 16:53:18+00,,,,,,,,,,,,,,,,,,,,,
2633853.13669787,1244741.11626548,"0","0","2171",479.3,2026/05/24 16:53:19+00,,,,,,,,,,,,,,,,,,,,,
2633853.28844253,1244741.00594772,"0","0","2172",479.2,2026/05/24 16:53:20+00,,,,,,,,,,,,,,,,,,,,,
2633853.36463187,1244740.8951991,"0","0","2173",479.2,2026/05/24 16:53:21+00,,,,,,,,,,,,,,,,,,,,,
2633853.51637653,1244740.78488135,"0","0","2174",479.2,2026/05/24 16:53:22+00,,,,,,,,,,,,,,,,,,,,,
2633853.59256588,1244740.67413273,"0","0","2175",479.2,2026/05/24 16:53:23+00,,,,,,,,,,,,,,,,,,,,,
2633853.66875523,1244740.56338412,"0","0","2176",479.2,2026/05/24 16:53:24+00,,,,,,,,,,,,,,,,,,,,,
2633853.82049991,1244740.45306638,"0","0","2177",479.1,2026/05/24 16:53:25+00,,,,,,,,,,,,,,,,,,,,,
2633853.89732329,1244740.23113828,"0","0","2178",479.1,2026/05/24 16:53:26+00,,,,,,,,,,,,,,,,,,,,,
2633854.04906799,1244740.12082054,"0","0","2179",479.1,2026/05/24 16:53:27+00,,,,,,,,,,,,,,,,,,,,,
2633854.12525735,1244740.01007193,"0","0","2180",479.1,2026/05/24 16:53:28+00,,,,,,,,,,,,,,,,,,,,,
2633854.27700205,1244739.8997542,"0","0","2181",479.1,2026/05/24 16:53:29+00,,,,,,,,,,,,,,,,,,,,,
2633854.35319143,1244739.7890056,"0","0","2182",479,2026/05/24 16:53:30+00,,,,,,,,,,,,,,,,,,,,,
2633854.4293808,1244739.67825699,"0","0","2183",479,2026/05/24 16:53:31+00,,,,,,,,,,,,,,,,,,,,,
2633854.58112552,1244739.56793927,"0","0","2184",479,2026/05/24 16:53:32+00,,,,,,,,,,,,,,,,,,,,,
2633854.6573149,1244739.45719066,"0","0","2185",479,2026/05/24 16:53:33+00,,,,,,,,,,,,,,,,,,,,,
2633854.80905963,1244739.34687295,"0","0","2186",479,2026/05/24 16:53:34+00,,,,,,,,,,,,,,,,,,,,,
2633854.88524902,1244739.23612435,"0","0","2187",478.9,2026/05/24 16:53:35+00,,,,,,,,,,,,,,,,,,,,,
2633855.80903287,1244736.23944897,"0","0","2188",478.5,2026/05/24 16:53:36+00,,,,,,,,,,,,,,,,,,,,,
2633856.50805361,1244732.90794259,"0","0","2189",478.1,2026/05/24 16:53:37+00,,,,,,,,,,,,,,,,,,,,,
2633854.18549047,1244729.44802101,"0","0","2190",477.6,2026/05/24 16:53:38+00,,,,,,,,,,,,,,,,,,,,,
2633853.5130995,1244728.10998937,"0","0","2191",477.4,2026/05/24 16:53:39+00,,,,,,,,,,,,,,,,,,,,,
2633850.95562448,1244726.09410975,"0","0","2192",476.9,2026/05/24 16:53:40+00,,,,,,,,,,,,,,,,,,,,,
2633848.5492588,1244724.07909285,"0","0","2193",476.5,2026/05/24 16:53:41+00,,,,,,,,,,,,,,,,,,,,,
2633847.36128904,1244720.40327724,"0","0","2194",476,2026/05/24 16:53:42+00,,,,,,,,,,,,,,,,,,,,,
2633847.06730738,1244718.95622085,"0","0","2195",475.8,2026/05/24 16:53:43+00,,,,,,,,,,,,,,,,,,,,,
2633848.67933214,1244714.51808842,"0","0","2196",475.1,2026/05/24 16:53:44+00,,,,,,,,,,,,,,,,,,,,,
2633849.4450318,1244712.74352489,"0","0","2197",474.8,2026/05/24 16:53:45+00,,,,,,,,,,,,,,,,,,,,,
2633851.42849888,1244709.41934213,"0","0","2198",474.2,2026/05/24 16:53:46+00,,,,,,,,,,,,,,,,,,,,,
2633852.58402474,1244705.53452322,"0","0","2199",473.5,2026/05/24 16:53:47+00,,,,,,,,,,,,,,,,,,,,,
2633853.12052327,1244704.20338555,"0","0","2200",473.3,2026/05/24 16:53:48+00,,,,,,,,,,,,,,,,,,,,,
2633854.20112942,1244700.20695666,"0","0","2201",472.7,2026/05/24 16:53:49+00,,,,,,,,,,,,,,,,,,,,,
2633854.73699474,1244698.98699862,"0","0","2202",472.4,2026/05/24 16:53:50+00,,,,,,,,,,,,,,,,,,,,,
2633857.69762325,1244696.55785544,"0","0","2203",471.9,2026/05/24 16:53:51+00,,,,,,,,,,,,,,,,,,,,,
2633860.97760007,1244691.12859189,"0","0","2204",470.8,2026/05/24 16:53:52+00,,,,,,,,,,,,,,,,,,,,,
2633862.73187599,1244688.2478381,"0","0","2205",470.2,2026/05/24 16:53:53+00,,,,,,,,,,,,,,,,,,,,,
2633864.78647504,1244685.70234731,"0","0","2206",469.6,2026/05/24 16:53:54+00,,,,,,,,,,,,,,,,,,,,,
2633867.15154561,1244681.71324833,"0","0","2207",468.7,2026/05/24 16:53:55+00,,,,,,,,,,,,,,,,,,,,,
2633868.06709857,1244680.16190838,"0","0","2208",468.4,2026/05/24 16:53:56+00,,,,,,,,,,,,,,,,,,,,,
2633868.76613246,1244676.83040394,"0","0","2209",467.8,2026/05/24 16:53:57+00,,,,,,,,,,,,,,,,,,,,,
2633871.20105626,1244673.84235292,"0","0","2210",467.1,2026/05/24 16:53:58+00,,,,,,,,,,,,,,,,,,,,,
2633871.74707712,1244670.84352509,"0","0","2211",466.6,2026/05/24 16:53:59+00,,,,,,,,,,,,,,,,,,,,,
2633873.28103927,1244666.84968667,"0","0","2212",465.8,2026/05/24 16:54:00+00,,,,,,,,,,,,,,,,,,,,,
2633873.97056163,1244665.18587488,"0","0","2213",465.5,2026/05/24 16:54:01+00,,,,,,,,,,,,,,,,,,,,,
2633876.94263495,1244660.75551126,"0","0","2214",464.9,2026/05/24 16:54:02+00,,,,,,,,,,,,,,,,,,,,,
2633879.4505878,1244658.21261275,"0","0","2215",464.3,2026/05/24 16:54:03+00,,,,,,,,,,,,,,,,,,,,,
2633883.31665445,1244656.011016,"0","0","2216",463.6,2026/05/24 16:54:04+00,,,,,,,,,,,,,,,,,,,,,
2633884.83412854,1244654.90784659,"0","0","2217",463.2,2026/05/24 16:54:05+00,,,,,,,,,,,,,,,,,,,,,
2633887.71479227,1244653.25654361,"0","0","2218",462.7,2026/05/24 16:54:06+00,,,,,,,,,,,,,,,,,,,,,
2633891.50150042,1244651.72159766,"0","0","2219",462,2026/05/24 16:54:07+00,,,,,,,,,,,,,,,,,,,,,
2633894.6875674,1244649.51612624,"0","0","2220",461.3,2026/05/24 16:54:08+00,,,,,,,,,,,,,,,,,,,,,
2633895.97647135,1244648.74520389,"0","0","2221",461.1,2026/05/24 16:54:09+00,,,,,,,,,,,,,,,,,,,,,
2633898.33015012,1244646.75734791,"0","0","2222",460.5,2026/05/24 16:54:10+00,,,,,,,,,,,,,,,,,,,,,
2633901.73908248,1244645.22025134,"0","0","2223",459.9,2026/05/24 16:54:11+00,,,,,,,,,,,,,,,,,,,,,
2633902.72576207,1244644.44760454,"0","0","2224",459.7,2026/05/24 16:54:12+00,,,,,,,,,,,,,,,,,,,,,
2633905.45659271,1244642.57308835,"0","0","2225",459.1,2026/05/24 16:54:13+00,,,,,,,,,,,,,,,,,,,,,
2633906.29152506,1244641.91075854,"0","0","2226",458.9,2026/05/24 16:54:14+00,,,,,,,,,,,,,,,,,,,,,
2633908.71949652,1244640.14569715,"0","0","2227",458.3,2026/05/24 16:54:15+00,,,,,,,,,,,,,,,,,,,,,
2633909.40458646,1244639.26014575,"0","0","2228",458.1,2026/05/24 16:54:16+00,,,,,,,,,,,,,,,,,,,,,
