X,Y,track_fid,track_seg_id,track_seg_point_id,ele,time,magvar,geoidheight,name,cmt,desc,src,link1_href,link1_text,link1_type,link2_href,link2_text,link2_type,sym,type,fix,sat,hdop,vdop,pdop,ageofdgpsdata,dgpsid
2633941.91453573,1244596.19571679,"0","0","0",445.4,2026/05/20 13:14:28+00,,,,,,,,,,,,,,,,,,,,,
2633941.91453573,1244596.19571679,"0","0","1",445.4,2026/05/20 13:14:29+00,,,,,,,,,,,,,,,,,,,,,
2633941.69867045,1244594.30437045,"0","0","2",445.2,2026/05/20 13:14:30+00,,,,,,,,,,,,,,,,,,,,,
2633940.72532594,1244592.74224258,"0","0","3",444.9,2026/05/20 13:14:31+00,,,,,,,,,,,,,,,,,,,,,
2633937.94559883,1244589.94677417,"0","0","4",444.4,2026/05/20 13:14:32+00,,,,,,,,,,,,,,,,,,,,,
2633936.89351749,1244588.94011215,"0","0","5",444.4,2026/05/20 13:14:33+00,,,,,,,,,,,,,,,,,,,,,
2633934.48712459,1244586.92506107,"0","0","6",444.2,2026/05/20 13:14:34+00,,,,,,,,,,,,,,,,,,,,,
2633930.80324575,1244583.67969559,"0","0","7",443.9,2026/05/20 13:14:35+00,,,,,,,,,,,,,,,,,,,,,
2633929.45147444,1244582.22658978,"0","0","8",443.8,2026/05/20 13:14:36+00,,,,,,,,,,,,,,,,,,,,,
2633926.6730078,1244579.20876788,"0","0","9",443.6,2026/05/20 13:14:37+00,,,,,,,,,,,,,,,,,,,,,
2633925.02662898,1244576.41978275,"0","0","10",443.4,2026/05/20 13:14:38+00,,,,,,,,,,,,,,,,,,,,,
2633924.65519526,1244575.30582958,"0","0","11",443.4,2026/05/20 13:14:39+00,,,,,,,,,,,,,,,,,,,,,
2633923.76565973,1244572.29880378,"0","0","12",443.2,2026/05/20 13:14:40+00,,,,,,,,,,,,,,,,,,,,,
2633923.39422551,1244571.1848507,"0","0","13",443.2,2026/05/20 13:14:41+00,,,,,,,,,,,,,,,,,,,,,
2633922.97073997,1244565.9568271,"0","0","14",443,2026/05/20 13:14:42+00,,,,,,,,,,,,,,,,,,,,,
2633922.31041607,1244562.50637916,"0","0","15",442.9,2026/05/20 13:14:43+00,,,,,,,,,,,,,,,,,,,,,
2633922.01199741,1244561.83757564,"0","0","16",442.9,2026/05/20 13:14:44+00,,,,,,,,,,,,,,,,,,,,,
2633921.65453835,1244558.27767536,"0","0","17",442.9,2026/05/20 13:14:45+00,,,,,,,,,,,,,,,,,,,,,
2633921.21008625,1244556.71857302,"0","0","18",442.9,2026/05/20 13:14:46+00,,,,,,,,,,,,,,,,,,,,,
2633920.24625886,1244553.48875733,"0","0","19",442.9,2026/05/20 13:14:47+00,,,,,,,,,,,,,,,,,,,,,
2633919.95101574,1244552.26405681,"0","0","20",442.9,2026/05/20 13:14:48+00,,,,,,,,,,,,,,,,,,,,,
2633919.14338432,1244548.1456694,"0","0","21",443,2026/05/20 13:14:49+00,,,,,,,,,,,,,,,,,,,,,
2633918.92369848,1244546.92140066,"0","0","22",443,2026/05/20 13:14:50+00,,,,,,,,,,,,,,,,,,,,,
2633917.96367946,1244543.02450889,"0","0","23",443.2,2026/05/20 13:14:51+00,,,,,,,,,,,,,,,,,,,,,
2633917.81891583,1244541.91185132,"0","0","24",443.2,2026/05/20 13:14:52+00,,,,,,,,,,,,,,,,,,,,,
2633916.63285668,1244537.90248535,"0","0","25",443.4,2026/05/20 13:14:53+00,,,,,,,,,,,,,,,,,,,,,
2633914.99535359,1244533.55699148,"0","0","26",443.7,2026/05/20 13:14:54+00,,,,,,,,,,,,,,,,,,,,,
2633914.32739954,1244531.44069772,"0","0","27",443.9,2026/05/20 13:14:55+00,,,,,,,,,,,,,,,,,,,,,
2633914.70137863,1244532.10993246,"0","0","28",443.9,2026/05/20 13:14:56+00,,,,,,,,,,,,,,,,,,,,,
2633914.6391587,1244529.77473306,"0","0","29",444.1,2026/05/20 13:14:57+00,,,,,,,,,,,,,,,,,,,,,
2633913.90009197,1244526.87975182,"0","0","30",444.4,2026/05/20 13:14:58+00,,,,,,,,,,,,,,,,,,,,,
2633913.68103934,1244525.54430393,"0","0","31",444.5,2026/05/20 13:14:59+00,,,,,,,,,,,,,,,,,,,,,
2633912.64863066,1244521.09108455,"0","0","32",444.8,2026/05/20 13:15:00+00,,,,,,,,,,,,,,,,,,,,,
2633912.43275303,1244519.19973965,"0","0","33",445,2026/05/20 13:15:01+00,,,,,,,,,,,,,,,,,,,,,
2633911.17303256,1244514.85640517,"0","0","34",445.3,2026/05/20 13:15:02+00,,,,,,,,,,,,,,,,,,,,,
2633910.21427313,1244510.73715617,"0","0","35",445.6,2026/05/20 13:15:03+00,,,,,,,,,,,,,,,,,,,,,
2633909.92029581,1244509.29009747,"0","0","36",445.7,2026/05/20 13:15:04+00,,,,,,,,,,,,,,,,,,,,,
2633907.60148464,1244505.16308054,"0","0","37",446,2026/05/20 13:15:05+00,,,,,,,,,,,,,,,,,,,,,
2633906.70494459,1244503.37903137,"0","0","38",446.1,2026/05/20 13:15:06+00,,,,,,,,,,,,,,,,,,,,,
2633904.9817066,1244500.81197965,"0","0","39",446.3,2026/05/20 13:15:07+00,,,,,,,,,,,,,,,,,,,,,
2633903.56768506,1244497.02368098,"0","0","40",446.6,2026/05/20 13:15:08+00,,,,,,,,,,,,,,,,,,,,,
2633902.74479624,1244495.57360216,"0","0","41",446.7,2026/05/20 13:15:09+00,,,,,,,,,,,,,,,,,,,,,
2633901.76952027,1244494.34501932,"0","0","42",446.8,2026/05/20 13:15:10+00,,,,,,,,,,,,,,,,,,,,,
2633900.11485243,1244493.00137403,"0","0","43",447,2026/05/20 13:15:11+00,,,,,,,,,,,,,,,,,,,,,
2633897.24870855,1244492.0955439,"0","0","44",447.2,2026/05/20 13:15:12+00,,,,,,,,,,,,,,,,,,,,,
2633895.96738807,1244491.53231277,"0","0","45",447.3,2026/05/20 13:15:13+00,,,,,,,,,,,,,,,,,,,,,
2633894.68670212,1244490.8579025,"0","0","46",447.4,2026/05/20 13:15:14+00,,,,,,,,,,,,,,,,,,,,,
2633892.13294598,1244488.17492993,"0","0","47",447.7,2026/05/20 13:15:15+00,,,,,,,,,,,,,,,,,,,,,
2633890.85352826,1244487.27816169,"0","0","48",447.8,2026/05/20 13:15:16+00,,,,,,,,,,,,,,,,,,,,,
2633888.4521553,1244484.37369461,"0","0","49",448.1,2026/05/20 13:15:17+00,,,,,,,,,,,,,,,,,,,,,
2633886.34984146,1244482.02685069,"0","0","50",448.3,2026/05/20 13:15:18+00,,,,,,,,,,,,,,,,,,,,,
2633883.49320852,1244479.45333617,"0","0","51",448.6,2026/05/20 13:15:19+00,,,,,,,,,,,,,,,,,,,,,
2633880.71149728,1244476.99143366,"0","0","52",448.9,2026/05/20 13:15:20+00,,,,,,,,,,,,,,,,,,,,,
2633879.73431021,1244476.09639271,"0","0","53",449,2026/05/20 13:15:21+00,,,,,,,,,,,,,,,,,,,,,
2633877.3259484,1244474.41490367,"0","0","54",449.2,2026/05/20 13:15:22+00,,,,,,,,,,,,,,,,,,,,,
2633876.34876039,1244473.51986329,"0","0","55",449.4,2026/05/20 13:15:23+00,,,,,,,,,,,,,,,,,,,,,
2633874.09341722,1244471.50569968,"0","0","56",449.6,2026/05/20 13:15:24+00,,,,,,,,,,,,,,,,,,,,,
2633872.81335881,1244470.72011478,"0","0","57",449.7,2026/05/20 13:15:25+00,,,,,,,,,,,,,,,,,,,,,
2633869.79925393,1244469.25753874,"0","0","58",450,2026/05/20 13:15:26+00,,,,,,,,,,,,,,,,,,,,,
2633866.48227812,1244467.9044195,"0","0","59",450.2,2026/05/20 13:15:27+00,,,,,,,,,,,,,,,,,,,,,
2633863.23515206,1244467.55234774,"0","0","60",450.4,2026/05/20 13:15:28+00,,,,,,,,,,,,,,,,,,,,,
2633858.70606215,1244466.74823413,"0","0","61",450.8,2026/05/20 13:15:29+00,,,,,,,,,,,,,,,,,,,,,
2633856.9726477,1244465.96006707,"0","0","62",450.9,2026/05/20 13:15:30+00,,,,,,,,,,,,,,,,,,,,,
2633853.26836311,1244466.27249174,"0","0","63",451.1,2026/05/20 13:15:31+00,,,,,,,,,,,,,,,,,,,,,
2633852.13307884,1244466.59956709,"0","0","64",451.2,2026/05/20 13:15:32+00,,,,,,,,,,,,,,,,,,,,,
2633848.57610916,1244467.57993283,"0","0","65",451.5,2026/05/20 13:15:33+00,,,,,,,,,,,,,,,,,,,,,
2633847.14112567,1244467.46056831,"0","0","66",451.6,2026/05/20 13:15:34+00,,,,,,,,,,,,,,,,,,,,,
2633842.98475733,1244467.5480559,"0","0","67",451.8,2026/05/20 13:15:35+00,,,,,,,,,,,,,,,,,,,,,
2633841.62533254,1244467.42912344,"0","0","68",451.9,2026/05/20 13:15:36+00,,,,,,,,,,,,,,,,,,,,,
2633838.30011117,1244467.52135226,"0","0","69",452.1,2026/05/20 13:15:37+00,,,,,,,,,,,,,,,,,,,,,
2633834.36915219,1244467.83249673,"0","0","70",452.3,2026/05/20 13:15:38+00,,,,,,,,,,,,,,,,,,,,,
2633832.70685848,1244467.82302324,"0","0","71",452.4,2026/05/20 13:15:39+00,,,,,,,,,,,,,,,,,,,,,
2633828.84575706,1244469.13521665,"0","0","72",452.6,2026/05/20 13:15:40+00,,,,,,,,,,,,,,,,,,,,,
2633827.33141378,1244469.68250281,"0","0","73",452.7,2026/05/20 13:15:41+00,,,,,,,,,,,,,,,,,,,,,
2633823.46968135,1244471.10587914,"0","0","74",453,2026/05/20 13:15:42+00,,,,,,,,,,,,,,,,,,,,,
2633822.1064566,1244471.65402761,"0","0","75",453,2026/05/20 13:15:43+00,,,,,,,,,,,,,,,,,,,,,
2633818.69871249,1244472.96881047,"0","0","76",453.3,2026/05/20 13:15:44+00,,,,,,,,,,,,,,,,,,,,,
2633817.4878727,1244473.29546204,"0","0","77",453.4,2026/05/20 13:15:45+00,,,,,,,,,,,,,,,,,,,,,
2633814.0877296,1244473.27609463,"0","0","78",453.6,2026/05/20 13:15:46+00,,,,,,,,,,,,,,,,,,,,,
2633810.38851746,1244472.69911084,"0","0","79",453.8,2026/05/20 13:15:47+00,,,,,,,,,,,,,,,,,,,,,
2633809.02782693,1244472.80254469,"0","0","80",453.9,2026/05/20 13:15:48+00,,,,,,,,,,,,,,,,,,,,,
2633805.1781296,1244472.11352414,"0","0","81",454,2026/05/20 13:15:49+00,,,,,,,,,,,,,,,,,,,,,
2633803.97045572,1244471.88428142,"0","0","82",454.1,2026/05/20 13:15:50+00,,,,,,,,,,,,,,,,,,,,,
2633801.10365414,1244471.08967726,"0","0","83",454.2,2026/05/20 13:15:51+00,,,,,,,,,,,,,,,,,,,,,
2633798.46859179,1244469.40692971,"0","0","84",454.3,2026/05/20 13:15:52+00,,,,,,,,,,,,,,,,,,,,,
2633794.84746612,1244468.38566815,"0","0","85",454.4,2026/05/20 13:15:53+00,,,,,,,,,,,,,,,,,,,,,
2633793.94329204,1244467.93578914,"0","0","86",454.4,2026/05/20 13:15:54+00,,,,,,,,,,,,,,,,,,,,,
2633790.01803103,1244467.24634835,"0","0","87",454.5,2026/05/20 13:15:55+00,,,,,,,,,,,,,,,,,,,,,
2633788.96273878,1244466.79560998,"0","0","88",454.5,2026/05/20 13:15:56+00,,,,,,,,,,,,,,,,,,,,,
2633785.41780144,1244465.66360483,"0","0","89",454.6,2026/05/20 13:15:57+00,,,,,,,,,,,,,,,,,,,,,
2633784.28694972,1244465.2124373,"0","0","90",454.6,2026/05/20 13:15:58+00,,,,,,,,,,,,,,,,,,,,,
2633781.34648138,1244464.08387451,"0","0","91",454.7,2026/05/20 13:15:59+00,,,,,,,,,,,,,,,,,,,,,
2633777.49234731,1244464.17312784,"0","0","92",454.9,2026/05/20 13:16:00+00,,,,,,,,,,,,,,,,,,,,,
2633776.51008223,1244464.16753925,"0","0","93",454.9,2026/05/20 13:16:01+00,,,,,,,,,,,,,,,,,,,,,
2633773.62556352,1244466.48597194,"0","0","94",455.1,2026/05/20 13:16:02+00,,,,,,,,,,,,,,,,,,,,,
2633771.96073958,1244466.92123315,"0","0","95",455.2,2026/05/20 13:16:03+00,,,,,,,,,,,,,,,,,,,,,
2633769.23240085,1244468.35109234,"0","0","96",455.4,2026/05/20 13:16:04+00,,,,,,,,,,,,,,,,,,,,,
2633765.00869609,1244466.99287248,"0","0","97",455.7,2026/05/20 13:16:05+00,,,,,,,,,,,,,,,,,,,,,
2633763.80607812,1244465.87420264,"0","0","98",455.8,2026/05/20 13:16:06+00,,,,,,,,,,,,,,,,,,,,,
2633760.94622314,1244463.85664438,"0","0","99",456,2026/05/20 13:16:07+00,,,,,,,,,,,,,,,,,,,,,
2633760.04394253,1244463.07323231,"0","0","100",456,2026/05/20 13:16:08+00,,,,,,,,,,,,,,,,,,,,,
2633757.17965964,1244461.83393178,"0","0","101",456.2,2026/05/20 13:16:09+00,,,,,,,,,,,,,,,,,,,,,
2633756.27611389,1244461.27287911,"0","0","102",456.2,2026/05/20 13:16:10+00,,,,,,,,,,,,,,,,,,,,,
2633754.77631459,1244459.26305732,"0","0","103",456.3,2026/05/20 13:16:11+00,,,,,,,,,,,,,,,,,,,,,
2633754.33117878,1244457.81514732,"0","0","104",456.3,2026/05/20 13:16:12+00,,,,,,,,,,,,,,,,,,,,,
2633753.88604275,1244456.36723737,"0","0","105",456.4,2026/05/20 13:16:13+00,,,,,,,,,,,,,,,,,,,,,
2633753.67959363,1244452.80820741,"0","0","106",456.3,2026/05/20 13:16:14+00,,,,,,,,,,,,,,,,,,,,,
2633753.24457077,1244449.58142696,"0","0","107",456.2,2026/05/20 13:16:15+00,,,,,,,,,,,,,,,,,,,,,
2633752.20254644,1244446.79592757,"0","0","108",456,2026/05/20 13:16:16+00,,,,,,,,,,,,,,,,,,,,,
2633751.98345423,1244445.46048594,"0","0","109",455.9,2026/05/20 13:16:17+00,,,,,,,,,,,,,,,,,,,,,
2633752.00304883,1244442.01392428,"0","0","110",455.7,2026/05/20 13:16:18+00,,,,,,,,,,,,,,,,,,,,,
2633752.92998567,1244438.4613382,"0","0","111",455.5,2026/05/20 13:16:19+00,,,,,,,,,,,,,,,,,,,,,
2633753.61760365,1244437.13105163,"0","0","112",455.4,2026/05/20 13:16:20+00,,,,,,,,,,,,,,,,,,,,,
2633753.79147823,1244433.12945222,"0","0","113",455.2,2026/05/20 13:16:21+00,,,,,,,,,,,,,,,,,,,,,
2633753.95081427,1244431.68497915,"0","0","114",455.1,2026/05/20 13:16:22+00,,,,,,,,,,,,,,,,,,,,,
2633753.2922725,1244427.90101307,"0","0","115",454.9,2026/05/20 13:16:24+00,,,,,,,,,,,,,,,,,,,,,
2633753.14747491,1244426.78835986,"0","0","116",454.8,2026/05/20 13:16:25+00,,,,,,,,,,,,,,,,,,,,,
2633754.00138381,1244422.79062689,"0","0","117",454.5,2026/05/20 13:16:26+00,,,,,,,,,,,,,,,,,,,,,
2633754.46295775,1244421.34787228,"0","0","118",454.4,2026/05/20 13:16:27+00,,,,,,,,,,,,,,,,,,,,,
2633755.08766138,1244417.79356833,"0","0","119",454,2026/05/20 13:16:28+00,,,,,,,,,,,,,,,,,,,,,
2633755.18218504,1244414.45861594,"0","0","120",453.7,2026/05/20 13:16:29+00,,,,,,,,,,,,,,,,,,,,,
2633755.73385885,1244410.45916491,"0","0","121",453.3,2026/05/20 13:16:30+00,,,,,,,,,,,,,,,,,,,,,
2633755.74397326,1244408.68029455,"0","0","122",453,2026/05/20 13:16:31+00,,,,,,,,,,,,,,,,,,,,,
2633758.02909364,1244405.4689811,"0","0","123",452.5,2026/05/20 13:16:32+00,,,,,,,,,,,,,,,,,,,,,
2633758.94086652,1244404.5847018,"0","0","124",452.3,2026/05/20 13:16:33+00,,,,,,,,,,,,,,,,,,,,,
2633761.82224799,1244402.82215932,"0","0","125",451.8,2026/05/20 13:16:34+00,,,,,,,,,,,,,,,,,,,,,
2633764.70426349,1244400.94843885,"0","0","126",451.3,2026/05/20 13:16:35+00,,,,,,,,,,,,,,,,,,,,,
2633767.28910101,1244398.18356557,"0","0","127",450.7,2026/05/20 13:16:36+00,,,,,,,,,,,,,,,,,,,,,
2633770.09745804,1244395.9758798,"0","0","128",450.1,2026/05/20 13:16:37+00,,,,,,,,,,,,,,,,,,,,,
2633773.36550044,1244392.65898053,"0","0","129",449.4,2026/05/20 13:16:38+00,,,,,,,,,,,,,,,,,,,,,
2633774.65760647,1244391.33213535,"0","0","130",449.1,2026/05/20 13:16:39+00,,,,,,,,,,,,,,,,,,,,,
2633776.34269289,1244387.33913453,"0","0","131",448.5,2026/05/20 13:16:40+00,,,,,,,,,,,,,,,,,,,,,
2633777.1820742,1244385.89853125,"0","0","132",448.3,2026/05/20 13:16:41+00,,,,,,,,,,,,,,,,,,,,,
2633779.2411678,1244382.57475712,"0","0","133",447.8,2026/05/20 13:16:42+00,,,,,,,,,,,,,,,,,,,,,
2633780.15611038,1244381.13458421,"0","0","134",447.6,2026/05/20 13:16:43+00,,,,,,,,,,,,,,,,,,,,,
2633782.74349431,1244377.92500027,"0","0","135",447.1,2026/05/20 13:16:44+00,,,,,,,,,,,,,,,,,,,,,
2633783.73210041,1244376.81879605,"0","0","136",446.9,2026/05/20 13:16:45+00,,,,,,,,,,,,,,,,,,,,,
2633785.78803725,1244374.05092119,"0","0","137",446.6,2026/05/20 13:16:46+00,,,,,,,,,,,,,,,,,,,,,
2633787.16773208,1244370.61210054,"0","0","138",446.3,2026/05/20 13:16:47+00,,,,,,,,,,,,,,,,,,,,,
2633788.17215907,1244366.72641252,"0","0","139",445.9,2026/05/20 13:16:48+00,,,,,,,,,,,,,,,,,,,,,
2633788.63248003,1244365.50601956,"0","0","140",445.8,2026/05/20 13:16:49+00,,,,,,,,,,,,,,,,,,,,,
2633790.54363073,1244361.62549255,"0","0","141",445.5,2026/05/20 13:16:50+00,,,,,,,,,,,,,,,,,,,,,
2633791.08014555,1244360.29435048,"0","0","142",445.4,2026/05/20 13:16:51+00,,,,,,,,,,,,,,,,,,,,,
2633792.53920381,1244356.188885,"0","0","143",445,2026/05/20 13:16:52+00,,,,,,,,,,,,,,,,,,,,,
2633793.00142499,1244354.63495427,"0","0","144",444.9,2026/05/20 13:16:53+00,,,,,,,,,,,,,,,,,,,,,
2633794.68463534,1244350.97549718,"0","0","145",444.6,2026/05/20 13:16:54+00,,,,,,,,,,,,,,,,,,,,,
2633794.99383821,1244349.75424453,"0","0","146",444.5,2026/05/20 13:16:55+00,,,,,,,,,,,,,,,,,,,,,
2633796.45100297,1244345.98231825,"0","0","147",444.2,2026/05/20 13:16:56+00,,,,,,,,,,,,,,,,,,,,,
2633796.83639974,1244344.65031647,"0","0","148",444.1,2026/05/20 13:16:57+00,,,,,,,,,,,,,,,,,,,,,
2633797.23508804,1244340.98354788,"0","0","149",443.9,2026/05/20 13:16:58+00,,,,,,,,,,,,,,,,,,,,,
2633797.33026908,1244337.53741748,"0","0","150",443.6,2026/05/20 13:16:59+00,,,,,,,,,,,,,,,,,,,,,
2633797.50354242,1244333.64699979,"0","0","151",443.4,2026/05/20 13:17:00+00,,,,,,,,,,,,,,,,,,,,,
2633797.82857002,1244329.64626308,"0","0","152",443.2,2026/05/20 13:17:01+00,,,,,,,,,,,,,,,,,,,,,
2633797.53392286,1244328.31039003,"0","0","153",443.1,2026/05/20 13:17:02+00,,,,,,,,,,,,,,,,,,,,,
2633796.42203285,1244324.52383928,"0","0","154",443,2026/05/20 13:17:03+00,,,,,,,,,,,,,,,,,,,,,
2633795.74705028,1244323.63053312,"0","0","155",442.9,2026/05/20 13:17:04+00,,,,,,,,,,,,,,,,,,,,,
2633795.0123288,1244319.95731272,"0","0","156",442.8,2026/05/20 13:17:05+00,,,,,,,,,,,,,,,,,,,,,
2633794.64338553,1244318.39865099,"0","0","157",442.7,2026/05/20 13:17:06+00,,,,,,,,,,,,,,,,,,,,,
2633793.90676411,1244315.05896888,"0","0","158",442.5,2026/05/20 13:17:07+00,,,,,,,,,,,,,,,,,,,,,
2633794.67945915,1244312.06142715,"0","0","159",442.4,2026/05/20 13:17:08+00,,,,,,,,,,,,,,,,,,,,,
2633795.00385299,1244308.17186988,"0","0","160",442.1,2026/05/20 13:17:09+00,,,,,,,,,,,,,,,,,,,,,
2633794.78476493,1244306.83642716,"0","0","161",442.1,2026/05/20 13:17:10+00,,,,,,,,,,,,,,,,,,,,,
2633793.44175632,1244303.82684237,"0","0","162",441.8,2026/05/20 13:17:11+00,,,,,,,,,,,,,,,,,,,,,
2633792.93244798,1244300.37727146,"0","0","163",441.6,2026/05/20 13:17:12+00,,,,,,,,,,,,,,,,,,,,,
2633793.09116393,1244299.04397932,"0","0","164",441.5,2026/05/20 13:17:13+00,,,,,,,,,,,,,,,,,,,,,
2633794.02131111,1244294.93550422,"0","0","165",441.1,2026/05/20 13:17:14+00,,,,,,,,,,,,,,,,,,,,,
2633793.29228037,1244290.26167009,"0","0","166",440.8,2026/05/20 13:17:15+00,,,,,,,,,,,,,,,,,,,,,
2633793.07572257,1244288.48151006,"0","0","167",440.6,2026/05/20 13:17:16+00,,,,,,,,,,,,,,,,,,,,,
2633792.11051449,1244285.47407623,"0","0","168",440.4,2026/05/20 13:17:17+00,,,,,,,,,,,,,,,,,,,,,
2633791.74979477,1244282.47008318,"0","0","169",440.2,2026/05/20 13:17:18+00,,,,,,,,,,,,,,,,,,,,,
2633791.08936103,1244279.01965247,"0","0","170",440,2026/05/20 13:17:19+00,,,,,,,,,,,,,,,,,,,,,
2633790.7166173,1244278.12806728,"0","0","171",439.9,2026/05/20 13:17:20+00,,,,,,,,,,,,,,,,,,,,,
2633789.07894804,1244273.7826112,"0","0","172",439.7,2026/05/20 13:17:21+00,,,,,,,,,,,,,,,,,,,,,
2633788.33409194,1244271.88826177,"0","0","173",439.6,2026/05/20 13:17:22+00,,,,,,,,,,,,,,,,,,,,,
2633786.15926447,1244268.98512793,"0","0","174",439.4,2026/05/20 13:17:23+00,,,,,,,,,,,,,,,,,,,,,
2633783.37298464,1244267.30152796,"0","0","175",439.5,2026/05/20 13:17:24+00,,,,,,,,,,,,,,,,,,,,,
2633779.74983472,1244266.61381423,"0","0","176",439.5,2026/05/20 13:17:25+00,,,,,,,,,,,,,,,,,,,,,
2633778.54338303,1244266.16221811,"0","0","177",439.6,2026/05/20 13:17:26+00,,,,,,,,,,,,,,,,,,,,,
2633775.53674058,1244263.36553859,"0","0","178",439.6,2026/05/20 13:17:27+00,,,,,,,,,,,,,,,,,,,,,
2633774.63506353,1244262.47094536,"0","0","179",439.6,2026/05/20 13:17:28+00,,,,,,,,,,,,,,,,,,,,,
2633771.92560369,1244260.56542197,"0","0","180",439.7,2026/05/20 13:17:29+00,,,,,,,,,,,,,,,,,,,,,
2633768.53861835,1244258.21131432,"0","0","181",439.7,2026/05/20 13:17:30+00,,,,,,,,,,,,,,,,,,,,,
2633767.41088734,1244257.20425351,"0","0","182",439.7,2026/05/20 13:17:31+00,,,,,,,,,,,,,,,,,,,,,
2633763.72038763,1244255.07078826,"0","0","183",439.8,2026/05/20 13:17:32+00,,,,,,,,,,,,,,,,,,,,,
2633762.59139068,1244254.28608707,"0","0","184",439.8,2026/05/20 13:17:33+00,,,,,,,,,,,,,,,,,,,,,
2633759.35488896,1244252.04402348,"0","0","185",439.8,2026/05/20 13:17:34+00,,,,,,,,,,,,,,,,,,,,,
2633758.22652303,1244251.14814378,"0","0","186",439.8,2026/05/20 13:17:35+00,,,,,,,,,,,,,,,,,,,,,
2633755.36340105,1244249.68648612,"0","0","187",439.8,2026/05/20 13:17:36+00,,,,,,,,,,,,,,,,,,,,,
2633752.34978651,1244248.11279134,"0","0","188",439.8,2026/05/20 13:17:37+00,,,,,,,,,,,,,,,,,,,,,
2633750.23911773,1244247.21132874,"0","0","189",439.8,2026/05/20 13:17:38+00,,,,,,,,,,,,,,,,,,,,,
2633748.42311089,1244247.6457372,"0","0","190",439.9,2026/05/20 13:17:39+00,,,,,,,,,,,,,,,,,,,,,
2633745.48505512,1244246.07247545,"0","0","191",439.9,2026/05/20 13:17:40+00,,,,,,,,,,,,,,,,,,,,,
2633742.84924441,1244244.50093298,"0","0","192",439.9,2026/05/20 13:17:41+00,,,,,,,,,,,,,,,,,,,,,
2633739.53337724,1244242.92552692,"0","0","193",439.9,2026/05/20 13:17:42+00,,,,,,,,,,,,,,,,,,,,,
2633738.40374297,1244242.25200971,"0","0","194",439.9,2026/05/20 13:17:43+00,,,,,,,,,,,,,,,,,,,,,
2633735.47136764,1244239.6781388,"0","0","195",439.9,2026/05/20 13:17:44+00,,,,,,,,,,,,,,,,,,,,,
2633733.21588694,1244237.66403007,"0","0","196",439.9,2026/05/20 13:17:45+00,,,,,,,,,,,,,,,,,,,,,
2633729.22311571,1244235.5288691,"0","0","197",439.9,2026/05/20 13:17:46+00,,,,,,,,,,,,,,,,,,,,,
2633727.79186337,1244234.74245746,"0","0","198",439.9,2026/05/20 13:17:47+00,,,,,,,,,,,,,,,,,,,,,
2633724.09691468,1244233.38727247,"0","0","199",439.9,2026/05/20 13:17:48+00,,,,,,,,,,,,,,,,,,,,,
2633723.04157561,1244232.93654613,"0","0","200",439.9,2026/05/20 13:17:49+00,,,,,,,,,,,,,,,,,,,,,
2633720.55813971,1244231.14351334,"0","0","201",439.9,2026/05/20 13:17:50+00,,,,,,,,,,,,,,,,,,,,,
2633719.05511197,1244229.68959855,"0","0","202",439.9,2026/05/20 13:17:51+00,,,,,,,,,,,,,,,,,,,,,
2633717.47147034,1244229.12468981,"0","0","203",439.9,2026/05/20 13:17:52+00,,,,,,,,,,,,,,,,,,,,,
2633714.38101075,1244227.77294399,"0","0","204",439.9,2026/05/20 13:17:53+00,,,,,,,,,,,,,,,,,,,,,
2633713.70221663,1244227.54672349,"0","0","205",439.9,2026/05/20 13:17:54+00,,,,,,,,,,,,,,,,,,,,,
2633712.79358022,1244227.87511259,"0","0","206",439.9,2026/05/20 13:17:55+00,,,,,,,,,,,,,,,,,,,,,
2633713.09645901,1244227.76564954,"0","0","207",439.9,2026/05/20 13:17:56+00,,,,,,,,,,,,,,,,,,,,,
2633712.72180629,1244227.20760743,"0","0","208",439.9,2026/05/20 13:17:57+00,,,,,,,,,,,,,,,,,,,,,
2633711.36926813,1244225.8657321,"0","0","209",439.9,2026/05/20 13:17:58+00,,,,,,,,,,,,,,,,,,,,,
2633710.07966578,1244226.7478731,"0","0","210",439.9,2026/05/20 13:17:59+00,,,,,,,,,,,,,,,,,,,,,
2633709.84856126,1244227.52484143,"0","0","211",439.9,2026/05/20 13:18:00+00,,,,,,,,,,,,,,,,,,,,,
2633709.01548693,1244227.85366014,"0","0","212",439.9,2026/05/20 13:18:01+00,,,,,,,,,,,,,,,,,,,,,
2633708.63389012,1244228.51859113,"0","0","213",439.9,2026/05/20 13:18:02+00,,,,,,,,,,,,,,,,,,,,,
2633708.33101144,1244228.6280544,"0","0","214",439.9,2026/05/20 13:18:03+00,,,,,,,,,,,,,,,,,,,,,
2633708.70945197,1244228.51902015,"0","0","215",439.9,2026/05/20 13:18:04+00,,,,,,,,,,,,,,,,,,,,,
2633709.08599875,1244228.74352396,"0","0","216",439.9,2026/05/20 13:18:05+00,,,,,,,,,,,,,,,,,,,,,
2633708.40594206,1244228.73966277,"0","0","217",439.9,2026/05/20 13:18:06+00,,,,,,,,,,,,,,,,,,,,,
2633708.55643452,1244228.85170016,"0","0","218",439.9,2026/05/20 13:18:07+00,,,,,,,,,,,,,,,,,,,,,
2633710.06704031,1244228.97146008,"0","0","219",439.8,2026/05/20 13:18:08+00,,,,,,,,,,,,,,,,,,,,,
2633708.93424379,1244228.85384526,"0","0","220",439.8,2026/05/20 13:18:09+00,,,,,,,,,,,,,,,,,,,,,
2633709.38824617,1244228.74524008,"0","0","221",439.8,2026/05/20 13:18:10+00,,,,,,,,,,,,,,,,,,,,,
2633709.76921178,1244228.19148849,"0","0","222",439.8,2026/05/20 13:18:11+00,,,,,,,,,,,,,,,,,,,,,
2633709.0116994,1244228.52073624,"0","0","223",439.7,2026/05/20 13:18:12+00,,,,,,,,,,,,,,,,,,,,,
2633709.01359316,1244228.18719819,"0","0","224",439.7,2026/05/20 13:18:13+00,,,,,,,,,,,,,,,,,,,,,
2633709.09041754,1244227.96526852,"0","0","225",439.7,2026/05/20 13:18:14+00,,,,,,,,,,,,,,,,,,,,,
2633708.3379551,1244227.40508156,"0","0","226",439,2026/05/20 13:18:15+00,,,,,,,,,,,,,,,,,,,,,
2633708.56274697,1244227.73990666,"0","0","227",439.7,2026/05/20 13:18:16+00,,,,,,,,,,,,,,,,,,,,,
2633709.24532881,1244227.29905048,"0","0","228",438.9,2026/05/20 13:18:17+00,,,,,,,,,,,,,,,,,,,,,
2633708.94181882,1244227.51969307,"0","0","229",439.6,2026/05/20 13:18:18+00,,,,,,,,,,,,,,,,,,,,,
2633709.09420507,1244227.29819243,"0","0","230",438.9,2026/05/20 13:18:19+00,,,,,,,,,,,,,,,,,,,,,
2633709.47390822,1244226.96679952,"0","0","231",438.9,2026/05/20 13:18:20+00,,,,,,,,,,,,,,,,,,,,,
2633709.77426192,1244227.3020537,"0","0","232",438.9,2026/05/20 13:18:21+00,,,,,,,,,,,,,,,,,,,,,
2633709.9247544,1244227.41409112,"0","0","233",438.8,2026/05/20 13:18:22+00,,,,,,,,,,,,,,,,,,,,,
2633710.07587814,1244227.41494919,"0","0","234",438.8,2026/05/20 13:18:23+00,,,,,,,,,,,,,,,,,,,,,
2633710.07650942,1244227.30376985,"0","0","235",438.8,2026/05/20 13:18:24+00,,,,,,,,,,,,,,,,,,,,,
2633710.07650942,1244227.30376985,"0","0","236",438.8,2026/05/20 13:18:25+00,,,,,,,,,,,,,,,,,,,,,
2633710.68037312,1244227.41838153,"0","0","237",438.3,2026/05/20 13:18:26+00,,,,,,,,,,,,,,,,,,,,,
2633710.83149686,1244227.41923962,"0","0","238",438.3,2026/05/20 13:18:27+00,,,,,,,,,,,,,,,,,,,,,
2633710.83149686,1244227.41923962,"0","0","239",438.3,2026/05/20 13:18:28+00,,,,,,,,,,,,,,,,,,,,,
2633711.05755118,1244227.53170612,"0","0","240",438.9,2026/05/20 13:18:29+00,,,,,,,,,,,,,,,,,,,,,
2633711.20867492,1244227.53256423,"0","0","241",438.9,2026/05/20 13:18:30+00,,,,,,,,,,,,,,,,,,,,,
2633711.05881377,1244227.30934742,"0","0","242",438.2,2026/05/20 13:18:31+00,,,,,,,,,,,,,,,,,,,,,
2633710.98198931,1244227.53127707,"0","0","243",438.9,2026/05/20 13:18:32+00,,,,,,,,,,,,,,,,,,,,,
2633711.0562886,1244227.75406482,"0","0","244",438.9,2026/05/20 13:18:33+00,,,,,,,,,,,,,,,,,,,,,
2633710.7553037,1244227.52998992,"0","0","245",438.8,2026/05/20 13:18:34+00,,,,,,,,,,,,,,,,,,,,,
2633710.60544253,1244227.30677313,"0","0","246",438.1,2026/05/20 13:18:35+00,,,,,,,,,,,,,,,,,,,,,
2633710.22700189,1244227.41580727,"0","0","247",438.5,2026/05/20 13:18:36+00,,,,,,,,,,,,,,,,,,,,,
2633709.92412313,1244227.52527046,"0","0","248",439.2,2026/05/20 13:18:37+00,,,,,,,,,,,,,,,,,,,,,
2633709.69743752,1244227.52398336,"0","0","249",439.2,2026/05/20 13:18:38+00,,,,,,,,,,,,,,,,,,,,,
2633709.39645256,1244227.29990853,"0","0","250",438.4,2026/05/20 13:18:39+00,,,,,,,,,,,,,,,,,,,,,
2633709.69933132,1244227.19044531,"0","0","251",438.4,2026/05/20 13:18:40+00,,,,,,,,,,,,,,,,,,,,,
2633709.77552446,1244227.079695,"0","0","252",438.4,2026/05/20 13:18:41+00,,,,,,,,,,,,,,,,,,,,,
2633709.92854202,1244226.74701502,"0","0","253",438.4,2026/05/20 13:18:42+00,,,,,,,,,,,,,,,,,,,,,
2633710.23078954,1244226.74873118,"0","0","254",438.4,2026/05/20 13:18:43+00,,,,,,,,,,,,,,,,,,,,,
2633710.68352954,1244226.86248478,"0","0","255",437.9,2026/05/20 13:18:44+00,,,,,,,,,,,,,,,,,,,,,
2633711.1381634,1244226.64270038,"0","0","256",437.9,2026/05/20 13:18:45+00,,,,,,,,,,,,,,,,,,,,,
2633711.28991846,1244226.53237914,"0","0","257",437.9,2026/05/20 13:18:46+00,,,,,,,,,,,,,,,,,,,,,
2633711.44230482,1244226.31087855,"0","0","258",437.8,2026/05/20 13:18:47+00,,,,,,,,,,,,,,,,,,,,,
2633711.74392106,1244226.42377413,"0","0","259",437.8,2026/05/20 13:18:48+00,,,,,,,,,,,,,,,,,,,,,
2633712.04679991,1244226.31431103,"0","0","260",437.8,2026/05/20 13:18:49+00,,,,,,,,,,,,,,,,,,,,,
2633711.81885164,1244226.53538254,"0","0","261",437.8,2026/05/20 13:18:50+00,,,,,,,,,,,,,,,,,,,,,
2633711.28802457,1244226.86591719,"0","0","262",437.8,2026/05/20 13:18:51+00,,,,,,,,,,,,,,,,,,,,,
2633710.98703964,1244226.64184228,"0","0","263",437.7,2026/05/20 13:18:52+00,,,,,,,,,,,,,,,,,,,,,
2633710.68542339,1244226.52894674,"0","0","264",437.7,2026/05/20 13:18:53+00,,,,,,,,,,,,,,,,,,,,,
2633710.45936903,1244226.41648026,"0","0","265",437.7,2026/05/20 13:18:54+00,,,,,,,,,,,,,,,,,,,,,
2633710.53429963,1244226.52808865,"0","0","266",437.7,2026/05/20 13:18:55+00,,,,,,,,,,,,,,,,,,,,,
2633710.23331465,1244226.30401378,"0","0","267",438.1,2026/05/20 13:18:56+00,,,,,,,,,,,,,,,,,,,,,
2633710.08282215,1244226.19197635,"0","0","268",438,2026/05/20 13:18:57+00,,,,,,,,,,,,,,,,,,,,,
2633710.08282215,1244226.19197635,"0","0","269",438,2026/05/20 13:18:58+00,,,,,,,,,,,,,,,,,,,,,
2633710.08282215,1244226.19197635,"0","0","270",438,2026/05/20 13:18:59+00,,,,,,,,,,,,,,,,,,,,,
2633710.08282215,1244226.19197635,"0","0","271",438,2026/05/20 13:19:00+00,,,,,,,,,,,,,,,,,,,,,
2633710.08282215,1244226.19197635,"0","0","272",437.9,2026/05/20 13:19:01+00,,,,,,,,,,,,,,,,,,,,,
2633710.08282215,1244226.19197635,"0","0","273",437.9,2026/05/20 13:19:02+00,,,,,,,,,,,,,,,,,,,,,
2633709.48148337,1244225.63264734,"0","0","274",437.9,2026/05/20 13:19:03+00,,,,,,,,,,,,,,,,,,,,,
2633709.48148337,1244225.63264734,"0","0","275",437.9,2026/05/20 13:19:04+00,,,,,,,,,,,,,,,,,,,,,
2633709.48211463,1244225.52146799,"0","0","276",437.9,2026/05/20 13:19:05+00,,,,,,,,,,,,,,,,,,,,,
2633709.33099084,1244225.52060993,"0","0","277",437.8,2026/05/20 13:19:06+00,,,,,,,,,,,,,,,,,,,,,
2633709.3316221,1244225.40943058,"0","0","278",437.8,2026/05/20 13:19:07+00,,,,,,,,,,,,,,,,,,,,,
2633709.3316221,1244225.40943058,"0","0","279",437.8,2026/05/20 13:19:08+00,,,,,,,,,,,,,,,,,,,,,
2633709.3316221,1244225.40943058,"0","0","280",437.8,2026/05/20 13:19:09+00,,,,,,,,,,,,,,,,,,,,,
2633709.3316221,1244225.40943058,"0","0","281",437.7,2026/05/20 13:19:10+00,,,,,,,,,,,,,,,,,,,,,
2633709.25669146,1244225.2978222,"0","0","282",437.7,2026/05/20 13:19:11+00,,,,,,,,,,,,,,,,,,,,,
2633708.95255011,1244225.62964414,"0","0","283",437.7,2026/05/20 13:19:12+00,,,,,,,,,,,,,,,,,,,,,
2633708.34426751,1244226.29328807,"0","0","284",437.7,2026/05/20 13:19:13+00,,,,,,,,,,,,,,,,,,,,,
2633707.27693279,1244227.95497217,"0","0","285",438.3,2026/05/20 13:19:14+00,,,,,,,,,,,,,,,,,,,,,
2633704.91684202,1244231.05469536,"0","0","286",439.4,2026/05/20 13:19:15+00,,,,,,,,,,,,,,,,,,,,,
2633704.00378851,1244232.16134126,"0","0","287",439.4,2026/05/20 13:19:16+00,,,,,,,,,,,,,,,,,,,,,
2633701.71736953,1244235.59503277,"0","0","288",440.3,2026/05/20 13:19:17+00,,,,,,,,,,,,,,,,,,,,,
2633699.43789501,1244237.8057523,"0","0","289",441.3,2026/05/20 13:19:18+00,,,,,,,,,,,,,,,,,,,,,
2633697.22704252,1244241.2398745,"0","0","290",442.3,2026/05/20 13:19:19+00,,,,,,,,,,,,,,,,,,,,,
2633696.23906134,1244242.23491341,"0","0","291",442.2,2026/05/20 13:19:20+00,,,,,,,,,,,,,,,,,,,,,
2633693.20208199,1244244.77488488,"0","0","292",443.2,2026/05/20 13:19:21+00,,,,,,,,,,,,,,,,,,,,,
2633690.24003594,1244247.42646606,"0","0","293",444.3,2026/05/20 13:19:22+00,,,,,,,,,,,,,,,,,,,,,
2633688.11674032,1244248.74861274,"0","0","294",444.3,2026/05/20 13:19:23+00,,,,,,,,,,,,,,,,,,,,,
2633687.72883861,1244250.52533868,"0","0","295",444.4,2026/05/20 13:19:24+00,,,,,,,,,,,,,,,,,,,,,
2633686.94925082,1244254.74586683,"0","0","296",444.9,2026/05/20 13:19:25+00,,,,,,,,,,,,,,,,,,,,,
2633686.94168071,1244256.08001915,"0","0","297",445,2026/05/20 13:19:26+00,,,,,,,,,,,,,,,,,,,,,
2633687.45042397,1244259.64075991,"0","0","298",445.3,2026/05/20 13:19:27+00,,,,,,,,,,,,,,,,,,,,,
2633687.42960584,1244263.30967883,"0","0","299",445.7,2026/05/20 13:19:28+00,,,,,,,,,,,,,,,,,,,,,
2633688.31804759,1244266.5390254,"0","0","300",446.1,2026/05/20 13:19:29+00,,,,,,,,,,,,,,,,,,,,,
2633688.23554667,1244267.76156964,"0","0","301",446.2,2026/05/20 13:19:30+00,,,,,,,,,,,,,,,,,,,,,
2633688.97034112,1244271.43477628,"0","0","302",446.6,2026/05/20 13:19:31+00,,,,,,,,,,,,,,,,,,,,,
2633689.11326223,1244272.88096556,"0","0","303",446.8,2026/05/20 13:19:32+00,,,,,,,,,,,,,,,,,,,,,
2633689.47214192,1244276.21849038,"0","0","304",447.1,2026/05/20 13:19:33+00,,,,,,,,,,,,,,,,,,,,,
2633690.12948058,1244280.22480658,"0","0","305",447.6,2026/05/20 13:19:34+00,,,,,,,,,,,,,,,,,,,,,
2633690.12064791,1244281.78131772,"0","0","306",447.7,2026/05/20 13:19:35+00,,,,,,,,,,,,,,,,,,,,,
2633691.4618212,1244285.12441701,"0","0","307",448.1,2026/05/20 13:19:36+00,,,,,,,,,,,,,,,,,,,,,
2633691.75775638,1244286.2379259,"0","0","308",448.2,2026/05/20 13:19:37+00,,,,,,,,,,,,,,,,,,,,,
2633693.54850836,1244290.25067476,"0","0","309",448.6,2026/05/20 13:19:38+00,,,,,,,,,,,,,,,,,,,,,
2633693.84254996,1244291.69772188,"0","0","310",448.8,2026/05/20 13:19:39+00,,,,,,,,,,,,,,,,,,,,,
2633695.17867083,1244295.93025707,"0","0","311",449.2,2026/05/20 13:19:40+00,,,,,,,,,,,,,,,,,,,,,
2633695.5482727,1244297.37773314,"0","0","312",449.3,2026/05/20 13:19:41+00,,,,,,,,,,,,,,,,,,,,,
2633696.21128394,1244300.38343589,"0","0","313",449.6,2026/05/20 13:19:42+00,,,,,,,,,,,,,,,,,,,,,
2633697.47499543,1244304.05964597,"0","0","314",449.9,2026/05/20 13:19:43+00,,,,,,,,,,,,,,,,,,,,,
2633698.51580919,1244307.06749343,"0","0","315",450.2,2026/05/20 13:19:44+00,,,,,,,,,,,,,,,,,,,,,
2633700.31412333,1244309.74609206,"0","0","316",450.5,2026/05/20 13:19:45+00,,,,,,,,,,,,,,,,,,,,,
2633700.89967659,1244313.08490465,"0","0","317",450.8,2026/05/20 13:19:46+00,,,,,,,,,,,,,,,,,,,,,
2633702.24272993,1244316.09446853,"0","0","318",451.1,2026/05/20 13:19:47+00,,,,,,,,,,,,,,,,,,,,,
2633704.18774281,1244319.55218192,"0","0","319",451.4,2026/05/20 13:19:48+00,,,,,,,,,,,,,,,,,,,,,
2633705.23991182,1244320.55880189,"0","0","320",451.6,2026/05/20 13:19:49+00,,,,,,,,,,,,,,,,,,,,,
2633707.10620468,1244324.5719842,"0","0","321",452,2026/05/20 13:19:50+00,,,,,,,,,,,,,,,,,,,,,
2633707.92979671,1244325.9108558,"0","0","322",452.1,2026/05/20 13:19:51+00,,,,,,,,,,,,,,,,,,,,,
2633708.81948005,1244328.91784722,"0","0","323",452.4,2026/05/20 13:19:52+00,,,,,,,,,,,,,,,,,,,,,
2633709.70853118,1244332.03601819,"0","0","324",452.7,2026/05/20 13:19:53+00,,,,,,,,,,,,,,,,,,,,,
2633710.89982335,1244335.15590549,"0","0","325",453,2026/05/20 13:19:54+00,,,,,,,,,,,,,,,,,,,,,
2633713.30134427,1244338.06029945,"0","0","326",453.3,2026/05/20 13:19:55+00,,,,,,,,,,,,,,,,,,,,,
2633714.05189799,1244338.95402535,"0","0","327",453.4,2026/05/20 13:19:56+00,,,,,,,,,,,,,,,,,,,,,
2633715.76832095,1244342.74399364,"0","0","328",453.8,2026/05/20 13:19:57+00,,,,,,,,,,,,,,,,,,,,,
2633716.3652273,1244344.08157915,"0","0","329",454,2026/05/20 13:19:58+00,,,,,,,,,,,,,,,,,,,,,
2633717.55146206,1244348.09090296,"0","0","330",454.4,2026/05/20 13:19:59+00,,,,,,,,,,,,,,,,,,,,,
2633718.52680049,1244349.319455,"0","0","331",454.5,2026/05/20 13:20:00+00,,,,,,,,,,,,,,,,,,,,,
2633719.18916251,1244352.43634012,"0","0","332",454.8,2026/05/20 13:20:01+00,,,,,,,,,,,,,,,,,,,,,
2633721.14046831,1244354.78226555,"0","0","333",455.1,2026/05/20 13:20:02+00,,,,,,,,,,,,,,,,,,,,,
2633722.77816422,1244359.12770378,"0","0","334",455.6,2026/05/20 13:20:03+00,,,,,,,,,,,,,,,,,,,,,
2633723.22268388,1244360.68679042,"0","0","335",455.7,2026/05/20 13:20:04+00,,,,,,,,,,,,,,,,,,,,,
2633724.18601951,1244364.0277518,"0","0","336",456.1,2026/05/20 13:20:05+00,,,,,,,,,,,,,,,,,,,,,
2633725.00076014,1244366.92313735,"0","0","337",456.4,2026/05/20 13:20:06+00,,,,,,,,,,,,,,,,,,,,,
2633726.277071,1244368.37576643,"0","0","338",456.6,2026/05/20 13:20:07+00,,,,,,,,,,,,,,,,,,,,,
2633727.02825048,1244369.15831465,"0","0","339",456.7,2026/05/20 13:20:08+00,,,,,,,,,,,,,,,,,,,,,
2633727.40541919,1244369.27164032,"0","0","340",456.7,2026/05/20 13:20:09+00,,,,,,,,,,,,,,,,,,,,,
2633727.40415596,1244369.4939991,"0","0","341",456.7,2026/05/20 13:20:10+00,,,,,,,,,,,,,,,,,,,,,
2633727.40352435,1244369.60517849,"0","0","342",456.7,2026/05/20 13:20:11+00,,,,,,,,,,,,,,,,,,,,,
2633727.47845279,1244369.71678714,"0","0","343",456.8,2026/05/20 13:20:12+00,,,,,,,,,,,,,,,,,,,,,
2633727.47782117,1244369.82796653,"0","0","344",456.8,2026/05/20 13:20:13+00,,,,,,,,,,,,,,,,,,,,,
2633727.47655794,1244370.0503253,"0","0","345",456.8,2026/05/20 13:20:14+00,,,,,,,,,,,,,,,,,,,,,
2633727.47592633,1244370.1615047,"0","0","346",456.8,2026/05/20 13:20:15+00,,,,,,,,,,,,,,,,,,,,,
2633727.47529471,1244370.27268409,"0","0","347",456.8,2026/05/20 13:20:16+00,,,,,,,,,,,,,,,,,,,,,
2633727.47403148,1244370.49504286,"0","0","348",456.8,2026/05/20 13:20:17+00,,,,,,,,,,,,,,,,,,,,,
2633727.47339986,1244370.60622225,"0","0","349",456.8,2026/05/20 13:20:18+00,,,,,,,,,,,,,,,,,,,,,
2633727.54832829,1244370.71783091,"0","0","350",456.9,2026/05/20 13:20:19+00,,,,,,,,,,,,,,,,,,,,,
2633727.54769667,1244370.82901029,"0","0","351",456.9,2026/05/20 13:20:20+00,,,,,,,,,,,,,,,,,,,,,
2633727.54643344,1244371.05136907,"0","0","352",456.9,2026/05/20 13:20:21+00,,,,,,,,,,,,,,,,,,,,,
2633727.54580182,1244371.16254846,"0","0","353",456.9,2026/05/20 13:20:22+00,,,,,,,,,,,,,,,,,,,,,
2633727.54517021,1244371.27372785,"0","0","354",456.9,2026/05/20 13:20:23+00,,,,,,,,,,,,,,,,,,,,,
2633727.54390697,1244371.49608663,"0","0","355",456.9,2026/05/20 13:20:24+00,,,,,,,,,,,,,,,,,,,,,
2633727.54327535,1244371.60726602,"0","0","356",456.9,2026/05/20 13:20:25+00,,,,,,,,,,,,,,,,,,,,,
2633727.61820377,1244371.71887467,"0","0","357",457,2026/05/20 13:20:26+00,,,,,,,,,,,,,,,,,,,,,
2633727.61757215,1244371.83005406,"0","0","358",457,2026/05/20 13:20:27+00,,,,,,,,,,,,,,,,,,,,,
2633727.61630891,1244372.05241284,"0","0","359",457,2026/05/20 13:20:28+00,,,,,,,,,,,,,,,,,,,,,
2633727.61567729,1244372.16359223,"0","0","360",457,2026/05/20 13:20:29+00,,,,,,,,,,,,,,,,,,,,,
2633727.61504568,1244372.27477162,"0","0","361",457,2026/05/20 13:20:30+00,,,,,,,,,,,,,,,,,,,,,
2633727.61378244,1244372.4971304,"0","0","362",457,2026/05/20 13:20:31+00,,,,,,,,,,,,,,,,,,,,,
2633727.61315082,1244372.60830979,"0","0","363",457.1,2026/05/20 13:20:32+00,,,,,,,,,,,,,,,,,,,,,
2633727.68807922,1244372.71991844,"0","0","364",457.1,2026/05/20 13:20:33+00,,,,,,,,,,,,,,,,,,,,,
2633727.6874476,1244372.83109783,"0","0","365",457.1,2026/05/20 13:20:34+00,,,,,,,,,,,,,,,,,,,,,
2633727.68618436,1244373.05345661,"0","0","366",457.1,2026/05/20 13:20:36+00,,,,,,,,,,,,,,,,,,,,,
2633727.68555274,1244373.164636,"0","0","367",457.1,2026/05/20 13:20:37+00,,,,,,,,,,,,,,,,,,,,,
2633728.06145792,1244373.5003205,"0","0","368",457.2,2026/05/20 13:20:38+00,,,,,,,,,,,,,,,,,,,,,
2633728.36685612,1244372.94614063,"0","0","369",457.2,2026/05/20 13:20:39+00,,,,,,,,,,,,,,,,,,,,,
2633728.59479944,1244372.72506967,"0","0","370",457.3,2026/05/20 13:20:40+00,,,,,,,,,,,,,,,,,,,,,
2633728.59543108,1244372.61389028,"0","0","371",457.3,2026/05/20 13:20:41+00,,,,,,,,,,,,,,,,,,,,,
2633728.06587931,1244372.72206477,"0","0","372",457.3,2026/05/20 13:20:42+00,,,,,,,,,,,,,,,,,,,,,
2633728.06587931,1244372.72206477,"0","0","373",457.3,2026/05/20 13:20:43+00,,,,,,,,,,,,,,,,,,,,,
2633728.06524768,1244372.83324416,"0","0","374",457.3,2026/05/20 13:20:44+00,,,,,,,,,,,,,,,,,,,,,
2633727.9179174,1244372.16530929,"0","0","375",457.4,2026/05/20 13:20:45+00,,,,,,,,,,,,,,,,,,,,,
2633727.76995545,1244371.60855381,"0","0","376",457.5,2026/05/20 13:20:46+00,,,,,,,,,,,,,,,,,,,,,
2633727.47024179,1244371.1621192,"0","0","377",457.5,2026/05/20 13:20:47+00,,,,,,,,,,,,,,,,,,,,,
2633727.62325672,1244370.82943956,"0","0","378",457.5,2026/05/20 13:20:48+00,,,,,,,,,,,,,,,,,,,,,
2633727.32291139,1244370.49418435,"0","0","379",457.6,2026/05/20 13:20:49+00,,,,,,,,,,,,,,,,,,,,,
2633727.40415596,1244369.4939991,"0","0","380",457.7,2026/05/20 13:20:50+00,,,,,,,,,,,,,,,,,,,,,
2633728.15533516,1244370.27654747,"0","0","381",457.8,2026/05/20 13:20:51+00,,,,,,,,,,,,,,,,,,,,,
2633728.30582362,1244370.3885854,"0","0","382",457.8,2026/05/20 13:20:52+00,,,,,,,,,,,,,,,,,,,,,
2633727.92865501,1244370.27525966,"0","0","383",457.9,2026/05/20 13:20:53+00,,,,,,,,,,,,,,,,,,,,,
2633728.08166999,1244369.94258003,"0","0","384",457.9,2026/05/20 13:20:54+00,,,,,,,,,,,,,,,,,,,,,
2633728.45947025,1244369.94472638,"0","0","385",457.9,2026/05/20 13:20:55+00,,,,,,,,,,,,,,,,,,,,,
2633728.68741369,1244369.72365543,"0","0","386",458,2026/05/20 13:20:56+00,,,,,,,,,,,,,,,,,,,,,
2633728.76171047,1244369.94644349,"0","0","387",458,2026/05/20 13:20:57+00,,,,,,,,,,,,,,,,,,,,,
2633728.76171047,1244369.94644349,"0","0","388",458,2026/05/20 13:20:58+00,,,,,,,,,,,,,,,,,,,,,
2633728.60995873,1244370.05676432,"0","0","389",458,2026/05/20 13:20:59+00,,,,,,,,,,,,,,,,,,,,,
2633728.68488714,1244370.16837299,"0","0","390",458,2026/05/20 13:21:00+00,,,,,,,,,,,,,,,,,,,,,
2633728.60995873,1244370.05676432,"0","0","391",458,2026/05/20 13:21:01+00,,,,,,,,,,,,,,,,,,,,,
2633728.46136516,1244369.61118822,"0","0","392",458.1,2026/05/20 13:21:02+00,,,,,,,,,,,,,,,,,,,,,
2633728.68678205,1244369.83483482,"0","0","393",458.1,2026/05/20 13:21:03+00,,,,,,,,,,,,,,,,,,,,,
2633728.75981555,1244370.27998165,"0","0","394",458.2,2026/05/20 13:21:04+00,,,,,,,,,,,,,,,,,,,,,
2633727.92739176,1244370.49761844,"0","0","395",458.2,2026/05/20 13:21:05+00,,,,,,,,,,,,,,,,,,,,,
2633728.07851185,1244370.49847698,"0","0","396",458.3,2026/05/20 13:21:06+00,,,,,,,,,,,,,,,,,,,,,
2633727.8486736,1244371.05308612,"0","0","397",458.3,2026/05/20 13:21:07+00,,,,,,,,,,,,,,,,,,,,,
2633727.39657659,1244370.82815177,"0","0","398",458.4,2026/05/20 13:21:08+00,,,,,,,,,,,,,,,,,,,,,
2633727.47276825,1244370.71740164,"0","0","399",458.4,2026/05/20 13:21:09+00,,,,,,,,,,,,,,,,,,,,,
2633727.39089206,1244371.82876628,"0","0","400",458.5,2026/05/20 13:21:10+00,,,,,,,,,,,,,,,,,,,,,
2633727.54264374,1244371.71844541,"0","0","401",458.5,2026/05/20 13:21:11+00,,,,,,,,,,,,,,,,,,,,,
2633729.13319427,1244371.06038377,"0","0","402",458.7,2026/05/20 13:21:12+00,,,,,,,,,,,,,,,,,,,,,
2633728.83095411,1244371.05866665,"0","0","403",458.7,2026/05/20 13:21:13+00,,,,,,,,,,,,,,,,,,,,,
2633729.35671613,1244371.61756857,"0","0","404",458.8,2026/05/20 13:21:14+00,,,,,,,,,,,,,,,,,,,,,
2633729.58465954,1244371.39649765,"0","0","405",458.8,2026/05/20 13:21:15+00,,,,,,,,,,,,,,,,,,,,,
2633730.64313171,1244371.29132838,"0","0","406",459,2026/05/20 13:21:16+00,,,,,,,,,,,,,,,,,,,,,
2633730.87297021,1244370.73671933,"0","0","407",459,2026/05/20 13:21:17+00,,,,,,,,,,,,,,,,,,,,,
2633731.55111553,1244371.07412128,"0","0","408",459.1,2026/05/20 13:21:18+00,,,,,,,,,,,,,,,,,,,,,
2633731.62541218,1244371.29690937,"0","0","409",459.1,2026/05/20 13:21:19+00,,,,,,,,,,,,,,,,,,,,,
2633732.22926077,1244371.41152329,"0","0","410",459.2,2026/05/20 13:21:20+00,,,,,,,,,,,,,,,,,,,,,
2633732.377854,1244371.85709949,"0","0","411",459.3,2026/05/20 13:21:21+00,,,,,,,,,,,,,,,,,,,,,
2633732.52707893,1244372.19149631,"0","0","412",459.3,2026/05/20 13:21:22+00,,,,,,,,,,,,,,,,,,,,,
2633732.29913544,1244372.41256712,"0","0","413",459.3,2026/05/20 13:21:23+00,,,,,,,,,,,,,,,,,,,,,
2633731.84324852,1244372.85470876,"0","0","414",459.4,2026/05/20 13:21:24+00,,,,,,,,,,,,,,,,,,,,,
2633731.46481674,1244372.96374158,"0","0","415",459.4,2026/05/20 13:21:25+00,,,,,,,,,,,,,,,,,,,,,
2633730.78351325,1244373.1822366,"0","0","416",459.5,2026/05/20 13:21:26+00,,,,,,,,,,,,,,,,,,,,,
2633730.33015318,1244373.1796608,"0","0","417",459.6,2026/05/20 13:21:27+00,,,,,,,,,,,,,,,,,,,,,
2633730.3276265,1244373.62437836,"0","0","418",459.6,2026/05/20 13:21:28+00,,,,,,,,,,,,,,,,,,,,,
2633730.47811484,1244373.73641635,"0","0","419",459.6,2026/05/20 13:21:29+00,,,,,,,,,,,,,,,,,,,,,
2633730.32509982,1244374.06909592,"0","0","420",459.7,2026/05/20 13:21:30+00,,,,,,,,,,,,,,,,,,,,,
2633730.40065982,1244374.06952522,"0","0","421",459.7,2026/05/20 13:21:31+00,,,,,,,,,,,,,,,,,,,,,
2633730.40129149,1244373.95834582,"0","0","422",459.7,2026/05/20 13:21:32+00,,,,,,,,,,,,,,,,,,,,,
2633730.77972318,1244373.84931294,"0","0","423",459.8,2026/05/20 13:21:33+00,,,,,,,,,,,,,,,,,,,,,
2633730.6304982,1244373.51491616,"0","0","424",459.8,2026/05/20 13:21:34+00,,,,,,,,,,,,,,,,,,,,,
2633730.55556987,1244373.40330747,"0","0","425",459.8,2026/05/20 13:21:35+00,,,,,,,,,,,,,,,,,,,,,
2633730.70479486,1244373.73770425,"0","0","426",459.9,2026/05/20 13:21:36+00,,,,,,,,,,,,,,,,,,,,,
2633730.85528319,1244373.84974224,"0","0","427",459.9,2026/05/20 13:21:37+00,,,,,,,,,,,,,,,,,,,,,
2633730.70542653,1244373.62652486,"0","0","428",459.9,2026/05/20 13:21:38+00,,,,,,,,,,,,,,,,,,,,,
2633730.93273823,1244373.51663337,"0","0","429",459.9,2026/05/20 13:21:39+00,,,,,,,,,,,,,,,,,,,,,
2633731.23371489,1244373.74070938,"0","0","430",460,2026/05/20 13:21:40+00,,,,,,,,,,,,,,,,,,,,,
2633731.83440475,1244374.41122022,"0","0","431",460.1,2026/05/20 13:21:41+00,,,,,,,,,,,,,,,,,,,,,
2633732.3532174,1244376.1930957,"0","0","432",460.3,2026/05/20 13:21:42+00,,,,,,,,,,,,,,,,,,,,,
2633732.34247836,1244378.08314534,"0","0","433",460.6,2026/05/20 13:21:43+00,,,,,,,,,,,,,,,,,,,,,
2633733.5356443,1244380.8694994,"0","0","434",460.9,2026/05/20 13:21:44+00,,,,,,,,,,,,,,,,,,,,,
2633732.45885418,1244384.19887054,"0","0","435",461.4,2026/05/20 13:21:45+00,,,,,,,,,,,,,,,,,,,,,
2633732.07473778,1244385.30851786,"0","0","436",461.5,2026/05/20 13:21:46+00,,,,,,,,,,,,,,,,,,,,,
2633731.90593044,1244388.42068225,"0","0","437",461.9,2026/05/20 13:21:47+00,,,,,,,,,,,,,,,,,,,,,
2633731.74849383,1244389.53161756,"0","0","438",462.1,2026/05/20 13:21:48+00,,,,,,,,,,,,,,,,,,,,,
2633730.43871021,1244393.97149516,"0","0","439",462.7,2026/05/20 13:21:49+00,,,,,,,,,,,,,,,,,,,,,
2633729.82538895,1244395.52457235,"0","0","440",462.6,2026/05/20 13:21:50+00,,,,,,,,,,,,,,,,,,,,,
2633730.04448813,1244396.86001298,"0","0","441",462.6,2026/05/20 13:21:51+00,,,,,,,,,,,,,,,,,,,,,
2633728.67051724,1244399.2982326,"0","0","442",462.5,2026/05/20 13:21:52+00,,,,,,,,,,,,,,,,,,,,,
2633727.8928135,1244403.18521884,"0","0","443",462.4,2026/05/20 13:21:53+00,,,,,,,,,,,,,,,,,,,,,
2633727.58362714,1244404.40647517,"0","0","444",462.4,2026/05/20 13:21:54+00,,,,,,,,,,,,,,,,,,,,,
2633726.5081077,1244407.5134888,"0","0","445",462.3,2026/05/20 13:21:55+00,,,,,,,,,,,,,,,,,,,,,
2633726.12462548,1244408.51195717,"0","0","446",462.3,2026/05/20 13:21:56+00,,,,,,,,,,,,,,,,,,,,,
2633724.97291643,1244411.72972127,"0","0","447",462.2,2026/05/20 13:21:57+00,,,,,,,,,,,,,,,,,,,,,
2633724.58943473,1244412.72818976,"0","0","448",462.1,2026/05/20 13:21:58+00,,,,,,,,,,,,,,,,,,,,,
2633723.28155604,1244416.834531,"0","0","449",462,2026/05/20 13:21:59+00,,,,,,,,,,,,,,,,,,,,,
2633722.82125244,1244418.05492921,"0","0","450",462,2026/05/20 13:22:00+00,,,,,,,,,,,,,,,,,,,,,
2633722.11911425,1244421.9423456,"0","0","451",461.9,2026/05/20 13:22:01+00,,,,,,,,,,,,,,,,,,,,,
2633721.88485788,1244423.2752109,"0","0","452",461.8,2026/05/20 13:22:02+00,,,,,,,,,,,,,,,,,,,,,
2633721.93957716,1244426.94456049,"0","0","453",461.7,2026/05/20 13:22:03+00,,,,,,,,,,,,,,,,,,,,,
2633722.52763201,1244429.83865861,"0","0","454",461.6,2026/05/20 13:22:04+00,,,,,,,,,,,,,,,,,,,,,
2633722.8991131,1244430.95259869,"0","0","455",461.6,2026/05/20 13:22:05+00,,,,,,,,,,,,,,,,,,,,,
2633722.65412084,1244434.17551393,"0","0","456",461.5,2026/05/20 13:22:06+00,,,,,,,,,,,,,,,,,,,,,
2633722.33230658,1244437.62035882,"0","0","457",461.4,2026/05/20 13:22:07+00,,,,,,,,,,,,,,,,,,,,,
2633722.31462384,1244440.7333823,"0","0","458",461.3,2026/05/20 13:22:08+00,,,,,,,,,,,,,,,,,,,,,
2633721.83979732,1244444.51090713,"0","0","459",461.1,2026/05/20 13:22:09+00,,,,,,,,,,,,,,,,,,,,,
2633721.90840971,1244445.73430986,"0","0","460",461,2026/05/20 13:22:10+00,,,,,,,,,,,,,,,,,,,,,
2633721.4380044,1244448.73357888,"0","0","461",460.9,2026/05/20 13:22:11+00,,,,,,,,,,,,,,,,,,,,,
2633720.66220601,1244452.28702833,"0","0","462",460.7,2026/05/20 13:22:12+00,,,,,,,,,,,,,,,,,,,,,
2633720.35239211,1244453.61946462,"0","0","463",460.6,2026/05/20 13:22:13+00,,,,,,,,,,,,,,,,,,,,,
2633718.67493937,1244456.27832909,"0","0","464",460.4,2026/05/20 13:22:14+00,,,,,,,,,,,,,,,,,,,,,
2633717.90166936,1244459.3870613,"0","0","465",460.2,2026/05/20 13:22:15+00,,,,,,,,,,,,,,,,,,,,,
2633717.66804677,1244460.60874748,"0","0","466",460.1,2026/05/20 13:22:16+00,,,,,,,,,,,,,,,,,,,,,
2633716.43826759,1244464.27080222,"0","0","467",459.8,2026/05/20 13:22:17+00,,,,,,,,,,,,,,,,,,,,,
2633716.20464548,1244465.49248847,"0","0","468",459.7,2026/05/20 13:22:18+00,,,,,,,,,,,,,,,,,,,,,
2633714.74756044,1244469.26443568,"0","0","469",459.3,2026/05/20 13:22:19+00,,,,,,,,,,,,,,,,,,,,,
2633714.2110724,1244470.59558506,"0","0","470",459.2,2026/05/20 13:22:20+00,,,,,,,,,,,,,,,,,,,,,
2633714.8866816,1244471.37770286,"0","0","471",459.1,2026/05/20 13:22:21+00,,,,,,,,,,,,,,,,,,,,,
2633715.41496152,1244471.491886,"0","0","472",459.1,2026/05/20 13:22:22+00,,,,,,,,,,,,,,,,,,,,,
2633716.01943158,1244471.49531889,"0","0","473",459,2026/05/20 13:22:23+00,,,,,,,,,,,,,,,,,,,,,
2633716.54834289,1244471.49832271,"0","0","474",459,2026/05/20 13:22:24+00,,,,,,,,,,,,,,,,,,,,,
2633717.15281296,1244471.50175571,"0","0","475",458.9,2026/05/20 13:22:25+00,,,,,,,,,,,,,,,,,,,,,
2633717.68109282,1244471.61593906,"0","0","476",458.9,2026/05/20 13:22:26+00,,,,,,,,,,,,,,,,,,,,,
2633718.28556288,1244471.61937217,"0","0","477",458.8,2026/05/20 13:22:27+00,,,,,,,,,,,,,,,,,,,,,
2633720.46855738,1244473.07715019,"0","0","478",458.6,2026/05/20 13:22:28+00,,,,,,,,,,,,,,,,,,,,,
2633721.21846118,1244474.08205673,"0","0","479",458.5,2026/05/20 13:22:29+00,,,,,,,,,,,,,,,,,,,,,
2633722.27691486,1244473.97688594,"0","0","480",458.4,2026/05/20 13:22:30+00,,,,,,,,,,,,,,,,,,,,,
2633722.57978131,1244473.8674233,"0","0","481",458.4,2026/05/20 13:22:31+00,,,,,,,,,,,,,,,,,,,,,
2633721.66802442,1244474.75170836,"0","0","482",458.4,2026/05/20 13:22:32+00,,,,,,,,,,,,,,,,,,,,,
2633720.60957089,1244474.85687927,"0","0","483",458.5,2026/05/20 13:22:33+00,,,,,,,,,,,,,,,,,,,,,
2633720.6045189,1244475.74631464,"0","0","484",458.5,2026/05/20 13:22:34+00,,,,,,,,,,,,,,,,,,,,,
2633720.30228409,1244475.74459795,"0","0","485",458.5,2026/05/20 13:22:35+00,,,,,,,,,,,,,,,,,,,,,
2633719.24067339,1244476.40566621,"0","0","486",458.5,2026/05/20 13:22:36+00,,,,,,,,,,,,,,,,,,,,,
2633719.01652318,1244475.95966106,"0","0","487",458.5,2026/05/20 13:22:37+00,,,,,,,,,,,,,,,,,,,,,
2633719.09397629,1244475.62655195,"0","0","488",458.5,2026/05/20 13:22:38+00,,,,,,,,,,,,,,,,,,,,,
2633719.39684259,1244475.51708915,"0","0","489",458.5,2026/05/20 13:22:39+00,,,,,,,,,,,,,,,,,,,,,
2633719.62478167,1244475.29601778,"0","0","490",458.5,2026/05/20 13:22:40+00,,,,,,,,,,,,,,,,,,,,,
2633719.54669704,1244475.74030631,"0","0","491",458.5,2026/05/20 13:22:42+00,,,,,,,,,,,,,,,,,,,,,
2633718.11045021,1244475.84333188,"0","0","492",458.5,2026/05/20 13:22:43+00,,,,,,,,,,,,,,,,,,,,,
2633715.85063462,1244474.60748445,"0","0","493",458.5,2026/05/20 13:22:44+00,,,,,,,,,,,,,,,,,,,,,
2633713.89431577,1244473.15099538,"0","0","494",458.6,2026/05/20 13:22:45+00,,,,,,,,,,,,,,,,,,,,,
2633712.68411327,1244473.36648895,"0","0","495",458.6,2026/05/20 13:22:46+00,,,,,,,,,,,,,,,,,,,,,
2633714.20286449,1244472.04091753,"0","0","496",458.6,2026/05/20 13:22:47+00,,,,,,,,,,,,,,,,,,,,,
2633715.03274797,1244472.26799643,"0","0","497",458.6,2026/05/20 13:22:48+00,,,,,,,,,,,,,,,,,,,,,
2633715.40359631,1244473.49311558,"0","0","498",458.6,2026/05/20 13:22:49+00,,,,,,,,,,,,,,,,,,,,,
2633715.70077999,1244474.38426738,"0","0","499",458.6,2026/05/20 13:22:50+00,,,,,,,,,,,,,,,,,,,,,
2633716.00490911,1244474.05244556,"0","0","500",458.6,2026/05/20 13:22:51+00,,,,,,,,,,,,,,,,,,,,,
2633716.23095388,1244474.16491233,"0","0","501",458.6,2026/05/20 13:22:52+00,,,,,,,,,,,,,,,,,,,,,
2633717.74275981,1244474.06231545,"0","0","502",458.7,2026/05/20 13:22:53+00,,,,,,,,,,,,,,,,,,,,,
2633718.49455831,1244474.73368338,"0","0","503",458.7,2026/05/20 13:22:54+00,,,,,,,,,,,,,,,,,,,,,
2633719.54985444,1244475.1844092,"0","0","504",458.7,2026/05/20 13:22:55+00,,,,,,,,,,,,,,,,,,,,,
2633720.22861986,1244475.41063052,"0","0","505",458.7,2026/05/20 13:22:56+00,,,,,,,,,,,,,,,,,,,,,
2633720.22798836,1244475.52180994,"0","0","506",458.7,2026/05/20 13:22:57+00,,,,,,,,,,,,,,,,,,,,,
2633720.68070911,1244475.63556439,"0","0","507",458.7,2026/05/20 13:22:58+00,,,,,,,,,,,,,,,,,,,,,
2633721.2820212,1244476.19489491,"0","0","508",458.7,2026/05/20 13:22:59+00,,,,,,,,,,,,,,,,,,,,,
2633721.35757989,1244476.19532409,"0","0","509",458.7,2026/05/20 13:23:00+00,,,,,,,,,,,,,,,,,,,,,
2633721.43124405,1244476.52929154,"0","0","510",458.7,2026/05/20 13:23:01+00,,,,,,,,,,,,,,,,,,,,,
2633720.97662888,1244476.7490753,"0","0","511",458.7,2026/05/20 13:23:02+00,,,,,,,,,,,,,,,,,,,,,
2633720.97662888,1244476.7490753,"0","0","512",458.7,2026/05/20 13:23:03+00,,,,,,,,,,,,,,,,,,,,,
2633720.97662888,1244476.7490753,"0","0","513",458.7,2026/05/20 13:23:04+00,,,,,,,,,,,,,,,,,,,,,
2633720.97662888,1244476.7490753,"0","0","514",458.7,2026/05/20 13:23:05+00,,,,,,,,,,,,,,,,,,,,,
2633719.91691274,1244477.07660518,"0","0","515",458.7,2026/05/20 13:23:06+00,,,,,,,,,,,,,,,,,,,,,
2633719.6896052,1244477.18649711,"0","0","516",458.7,2026/05/20 13:23:07+00,,,,,,,,,,,,,,,,,,,,,
2633719.61530947,1244476.96370911,"0","0","517",458.7,2026/05/20 13:23:08+00,,,,,,,,,,,,,,,,,,,,,
2633719.38863341,1244476.96242163,"0","0","518",458.7,2026/05/20 13:23:09+00,,,,,,,,,,,,,,,,,,,,,
2633719.2381475,1244476.85038389,"0","0","519",458.7,2026/05/20 13:23:10+00,,,,,,,,,,,,,,,,,,,,,
2633719.24067339,1244476.40566621,"0","0","520",458.7,2026/05/20 13:23:11+00,,,,,,,,,,,,,,,,,,,,,
2633719.01652318,1244475.95966106,"0","0","521",458.8,2026/05/20 13:23:12+00,,,,,,,,,,,,,,,,,,,,,
2633719.01778611,1244475.73730222,"0","0","522",458.8,2026/05/20 13:23:13+00,,,,,,,,,,,,,,,,,,,,,
2633719.01526024,1244476.1820199,"0","0","523",458.8,2026/05/20 13:23:14+00,,,,,,,,,,,,,,,,,,,,,
2633718.94349034,1244475.51451422,"0","0","524",458.8,2026/05/20 13:23:15+00,,,,,,,,,,,,,,,,,,,,,
2633718.79111,1244475.73601477,"0","0","525",458.8,2026/05/20 13:23:16+00,,,,,,,,,,,,,,,,,,,,,
2633719.02031199,1244475.29258453,"0","0","526",458.8,2026/05/20 13:23:17+00,,,,,,,,,,,,,,,,,,,,,
2633718.94349034,1244475.51451422,"0","0","527",458.8,2026/05/20 13:23:18+00,,,,,,,,,,,,,,,,,,,,,
2633718.71807715,1244475.29086793,"0","0","528",458.8,2026/05/20 13:23:19+00,,,,,,,,,,,,,,,,,,,,,
2633718.49076956,1244475.40075991,"0","0","529",458.8,2026/05/20 13:23:20+00,,,,,,,,,,,,,,,,,,,,,
2633718.26409343,1244475.39947248,"0","0","530",458.8,2026/05/20 13:23:21+00,,,,,,,,,,,,,,,,,,,,,
2633718.26409343,1244475.39947248,"0","0","531",458.8,2026/05/20 13:23:22+00,,,,,,,,,,,,,,,,,,,,,
2633718.26409343,1244475.39947248,"0","0","532",458.8,2026/05/20 13:23:23+00,,,,,,,,,,,,,,,,,,,,,
2633717.81263552,1244475.06335937,"0","0","533",458.8,2026/05/20 13:23:24+00,,,,,,,,,,,,,,,,,,,,,
2633717.58659082,1244474.95089254,"0","0","534",458.8,2026/05/20 13:23:25+00,,,,,,,,,,,,,,,,,,,,,
2633717.51545219,1244474.17220746,"0","0","535",458.8,2026/05/20 13:23:26+00,,,,,,,,,,,,,,,,,,,,,
2633716.83226653,1244474.72424241,"0","0","536",458.8,2026/05/20 13:23:27+00,,,,,,,,,,,,,,,,,,,,,
2633716.75923352,1244474.2790956,"0","0","537",458.8,2026/05/20 13:23:28+00,,,,,,,,,,,,,,,,,,,,,
2633716.68935762,1244473.27805168,"0","0","538",458.9,2026/05/20 13:23:29+00,,,,,,,,,,,,,,,,,,,,,
2633717.06336271,1244473.94727384,"0","0","539",458.9,2026/05/20 13:23:30+00,,,,,,,,,,,,,,,,,,,,,
2633716.6144303,1244473.16644314,"0","0","540",458.9,2026/05/20 13:23:31+00,,,,,,,,,,,,,,,,,,,,,
2633715.93882154,1244472.38432514,"0","0","541",458.9,2026/05/20 13:23:32+00,,,,,,,,,,,,,,,,,,,,,
2633716.16676061,1244472.16325364,"0","0","542",458.9,2026/05/20 13:23:33+00,,,,,,,,,,,,,,,,,,,,,
2633715.33750856,1244471.82499516,"0","0","543",458.9,2026/05/20 13:23:34+00,,,,,,,,,,,,,,,,,,,,,
2633713.37234959,1244471.92501816,"0","0","544",458.9,2026/05/20 13:23:35+00,,,,,,,,,,,,,,,,,,,,,
2633710.26244594,1244474.01983567,"0","0","545",459,2026/05/20 13:23:36+00,,,,,,,,,,,,,,,,,,,,,
2633707.52591922,1244476.89505581,"0","0","546",459.1,2026/05/20 13:23:37+00,,,,,,,,,,,,,,,,,,,,,
2633704.87063463,1244478.77009139,"0","0","547",459.1,2026/05/20 13:23:38+00,,,,,,,,,,,,,,,,,,,,,
2633701.07755416,1244481.41695018,"0","0","548",459.2,2026/05/20 13:23:39+00,,,,,,,,,,,,,,,,,,,,,
2633699.40958435,1244482.40812892,"0","0","549",459.2,2026/05/20 13:23:40+00,,,,,,,,,,,,,,,,,,,,,
2633697.74413938,1244482.95459043,"0","0","550",459.3,2026/05/20 13:23:41+00,,,,,,,,,,,,,,,,,,,,,
2633696.07490848,1244484.16812896,"0","0","551",459.3,2026/05/20 13:23:42+00,,,,,,,,,,,,,,,,,,,,,
2633692.74654436,1244484.81633661,"0","0","552",459.5,2026/05/20 13:23:43+00,,,,,,,,,,,,,,,,,,,,,
2633691.84047226,1244484.70001145,"0","0","553",459.5,2026/05/20 13:23:44+00,,,,,,,,,,,,,,,,,,,,,
2633687.46501368,1244483.45216863,"0","0","554",459.6,2026/05/20 13:23:45+00,,,,,,,,,,,,,,,,,,,,,
2633685.88269889,1244482.66490909,"0","0","555",459.6,2026/05/20 13:23:46+00,,,,,,,,,,,,,,,,,,,,,
2633682.86161583,1244482.42540182,"0","0","556",459.7,2026/05/20 13:23:47+00,,,,,,,,,,,,,,,,,,,,,
2633679.84431693,1244481.51881951,"0","0","557",459.8,2026/05/20 13:23:48+00,,,,,,,,,,,,,,,,,,,,,
2633675.92346672,1244480.0511983,"0","0","558",459.9,2026/05/20 13:23:49+00,,,,,,,,,,,,,,,,,,,,,
2633674.64338414,1244479.2656562,"0","0","559",460,2026/05/20 13:23:50+00,,,,,,,,,,,,,,,,,,,,,
2633671.77909148,1244478.02639691,"0","0","560",460,2026/05/20 13:23:51+00,,,,,,,,,,,,,,,,,,,,,
2633668.69190471,1244476.11877691,"0","0","561",460.2,2026/05/20 13:23:52+00,,,,,,,,,,,,,,,,,,,,,
2633667.79087488,1244475.11302001,"0","0","562",460.2,2026/05/20 13:23:53+00,,,,,,,,,,,,,,,,,,,,,
2633664.39514592,1244474.31548253,"0","0","563",460.3,2026/05/20 13:23:54+00,,,,,,,,,,,,,,,,,,,,,
2633660.47302642,1244473.07023044,"0","0","564",460.4,2026/05/20 13:23:55+00,,,,,,,,,,,,,,,,,,,,,
2633659.41835583,1244472.50833572,"0","0","565",460.5,2026/05/20 13:23:56+00,,,,,,,,,,,,,,,,,,,,,
2633656.70832576,1244470.71404338,"0","0","566",460.6,2026/05/20 13:23:57+00,,,,,,,,,,,,,,,,,,,,,
2633652.71253416,1244469.1348298,"0","0","567",460.8,2026/05/20 13:23:58+00,,,,,,,,,,,,,,,,,,,,,
2633651.20387917,1244468.68154615,"0","0","568",460.9,2026/05/20 13:23:59+00,,,,,,,,,,,,,,,,,,,,,
2633647.20430403,1244467.76941284,"0","0","569",461.1,2026/05/20 13:24:00+00,,,,,,,,,,,,,,,,,,,,,
2633646.14900114,1244467.31869992,"0","0","570",461.1,2026/05/20 13:24:01+00,,,,,,,,,,,,,,,,,,,,,
2633642.45165961,1244466.40828272,"0","0","571",461.3,2026/05/20 13:24:02+00,,,,,,,,,,,,,,,,,,,,,
2633641.01604197,1244466.40014756,"0","0","572",461.4,2026/05/20 13:24:03+00,,,,,,,,,,,,,,,,,,,,,
2633638.13283763,1244468.49628739,"0","0","573",461.7,2026/05/20 13:24:04+00,,,,,,,,,,,,,,,,,,,,,
2633637.14427396,1244469.60251618,"0","0","574",461.8,2026/05/20 13:24:05+00,,,,,,,,,,,,,,,,,,,,,
2633635.23010857,1244474.03899094,"0","0","575",462.3,2026/05/20 13:24:06+00,,,,,,,,,,,,,,,,,,,,,
2633634.23965672,1244475.47875852,"0","0","576",462.6,2026/05/20 13:24:07+00,,,,,,,,,,,,,,,,,,,,,
2633631.96092863,1244477.578326,"0","0","577",462.9,2026/05/20 13:24:08+00,,,,,,,,,,,,,,,,,,,,,
2633631.12600423,1244478.24069419,"0","0","578",463.1,2026/05/20 13:24:09+00,,,,,,,,,,,,,,,,,,,,,
2633629.44607937,1244481.34430183,"0","0","579",463.6,2026/05/20 13:24:10+00,,,,,,,,,,,,,,,,,,,,,
2633629.0619884,1244482.45395612,"0","0","580",463.8,2026/05/20 13:24:11+00,,,,,,,,,,,,,,,,,,,,,
2633627.3833253,1244485.33520551,"0","0","581",464.3,2026/05/20 13:24:12+00,,,,,,,,,,,,,,,,,,,,,
2633626.92367639,1244486.44443197,"0","0","582",464.5,2026/05/20 13:24:13+00,,,,,,,,,,,,,,,,,,,,,
2633625.77266572,1244489.55103659,"0","0","583",465.1,2026/05/20 13:24:14+00,,,,,,,,,,,,,,,,,,,,,
2633625.54095241,1244490.43918819,"0","0","584",465.3,2026/05/20 13:24:15+00,,,,,,,,,,,,,,,,,,,,,
2633624.31564412,1244493.32300629,"0","0","585",465.8,2026/05/20 13:24:16+00,,,,,,,,,,,,,,,,,,,,,
2633624.08393117,1244494.21115795,"0","0","586",466,2026/05/20 13:24:17+00,,,,,,,,,,,,,,,,,,,,,
2633622.8466607,1244499.20738572,"0","0","587",466.9,2026/05/20 13:24:18+00,,,,,,,,,,,,,,,,,,,,,
2633621.99977698,1244501.98216456,"0","0","588",467.4,2026/05/20 13:24:19+00,,,,,,,,,,,,,,,,,,,,,
2633621.23160056,1244504.20147426,"0","0","589",467.7,2026/05/20 13:24:20+00,,,,,,,,,,,,,,,,,,,,,
2633619.62724641,1244507.30551281,"0","0","590",468.3,2026/05/20 13:24:21+00,,,,,,,,,,,,,,,,,,,,,
2633619.31871719,1244508.41559569,"0","0","591",468.5,2026/05/20 13:24:22+00,,,,,,,,,,,,,,,,,,,,,
2633618.24264332,1244511.63380928,"0","0","592",468.8,2026/05/20 13:24:23+00,,,,,,,,,,,,,,,,,,,,,
2633617.40583652,1244512.62971778,"0","0","593",469,2026/05/20 13:24:24+00,,,,,,,,,,,,,,,,,,,,,
2633616.03508613,1244514.51206706,"0","0","594",469.2,2026/05/20 13:24:25+00,,,,,,,,,,,,,,,,,,,,,
2633614.58185378,1244517.61696274,"0","0","595",469.6,2026/05/20 13:24:26+00,,,,,,,,,,,,,,,,,,,,,
2633614.42318332,1244518.95026045,"0","0","596",469.7,2026/05/20 13:24:27+00,,,,,,,,,,,,,,,,,,,,,
2633613.04047512,1244522.94501993,"0","0","597",470.1,2026/05/20 13:24:28+00,,,,,,,,,,,,,,,,,,,,,
2633611.81203216,1244526.38473811,"0","0","598",470.4,2026/05/20 13:24:29+00,,,,,,,,,,,,,,,,,,,,,
2633611.73206788,1244527.16256646,"0","0","599",470.5,2026/05/20 13:24:30+00,,,,,,,,,,,,,,,,,,,,,
2633611.33602349,1244530.38463156,"0","0","600",470.8,2026/05/20 13:24:31+00,,,,,,,,,,,,,,,,,,,,,
2633611.16602395,1244533.71915949,"0","0","601",471,2026/05/20 13:24:32+00,,,,,,,,,,,,,,,,,,,,,
2633610.9330556,1244534.82967067,"0","0","602",471.1,2026/05/20 13:24:33+00,,,,,,,,,,,,,,,,,,,,,
2633609.85384378,1244538.60378326,"0","0","603",471.4,2026/05/20 13:24:34+00,,,,,,,,,,,,,,,,,,,,,
2633609.54594739,1244539.60268729,"0","0","604",471.5,2026/05/20 13:24:35+00,,,,,,,,,,,,,,,,,,,,,
2633608.92323139,1244542.8234694,"0","0","605",471.7,2026/05/20 13:24:36+00,,,,,,,,,,,,,,,,,,,,,
2633609.27962047,1244546.60570957,"0","0","606",471.9,2026/05/20 13:24:37+00,,,,,,,,,,,,,,,,,,,,,
2633609.12284015,1244547.60546916,"0","0","607",472,2026/05/20 13:24:38+00,,,,,,,,,,,,,,,,,,,,,
2633608.88861387,1244548.93833937,"0","0","608",472,2026/05/20 13:24:39+00,,,,,,,,,,,,,,,,,,,,,
2633608.1953766,1244551.26925824,"0","0","609",472.2,2026/05/20 13:24:40+00,,,,,,,,,,,,,,,,,,,,,
2633608.1758653,1244554.71582137,"0","0","610",472.3,2026/05/20 13:24:41+00,,,,,,,,,,,,,,,,,,,,,
2633608.09401365,1244555.8271882,"0","0","611",472.4,2026/05/20 13:24:42+00,,,,,,,,,,,,,,,,,,,,,
2633607.54371076,1244559.60429562,"0","0","612",472.6,2026/05/20 13:24:43+00,,,,,,,,,,,,,,,,,,,,,
2633607.0809243,1244561.26942113,"0","0","613",472.6,2026/05/20 13:24:44+00,,,,,,,,,,,,,,,,,,,,,
2633606.15157598,1244565.26674904,"0","0","614",472.8,2026/05/20 13:24:45+00,,,,,,,,,,,,,,,,,,,,,
2633605.07488991,1244568.59614496,"0","0","615",473,2026/05/20 13:24:46+00,,,,,,,,,,,,,,,,,,,,,
2633603.53227392,1244574.14656427,"0","0","616",473.2,2026/05/20 13:24:48+00,,,,,,,,,,,,,,,,,,,,,
2633602.8415588,1244576.03276607,"0","0","617",473.3,2026/05/20 13:24:49+00,,,,,,,,,,,,,,,,,,,,,
2633602.07591599,1244577.80736084,"0","0","618",473.3,2026/05/20 13:24:50+00,,,,,,,,,,,,,,,,,,,,,
2633600.70078052,1244580.46797025,"0","0","619",473.4,2026/05/20 13:24:51+00,,,,,,,,,,,,,,,,,,,,,
2633600.16432795,1244581.79913035,"0","0","620",473.5,2026/05/20 13:24:52+00,,,,,,,,,,,,,,,,,,,,,
2633598.40763237,1244585.12467894,"0","0","621",473.6,2026/05/20 13:24:53+00,,,,,,,,,,,,,,,,,,,,,
2633597.94862564,1244586.12272848,"0","0","622",473.6,2026/05/20 13:24:54+00,,,,,,,,,,,,,,,,,,,,,
2633596.04018887,1244589.55860207,"0","0","623",473.7,2026/05/20 13:24:55+00,,,,,,,,,,,,,,,,,,,,,
2633595.65611095,1244590.66825885,"0","0","624",473.7,2026/05/20 13:24:56+00,,,,,,,,,,,,,,,,,,,,,
2633594.20102012,1244594.10669856,"0","0","625",473.7,2026/05/20 13:24:57+00,,,,,,,,,,,,,,,,,,,,,
2633593.74327304,1244594.88238951,"0","0","626",473.7,2026/05/20 13:24:58+00,,,,,,,,,,,,,,,,,,,,,
2633592.98078092,1244596.10108818,"0","0","627",473.7,2026/05/20 13:24:59+00,,,,,,,,,,,,,,,,,,,,,
2633591.61509006,1244597.09400776,"0","0","628",473.7,2026/05/20 13:25:00+00,,,,,,,,,,,,,,,,,,,,,
2633590.54848288,1244598.64453507,"0","0","629",473.7,2026/05/20 13:25:01+00,,,,,,,,,,,,,,,,,,,,,
2633589.71232193,1244599.52926825,"0","0","630",473.7,2026/05/20 13:25:02+00,,,,,,,,,,,,,,,,,,,,,
2633589.17964779,1244600.19335258,"0","0","631",473.7,2026/05/20 13:25:03+00,,,,,,,,,,,,,,,,,,,,,
2633588.50026277,1244600.07832568,"0","0","632",473.7,2026/05/20 13:25:04+00,,,,,,,,,,,,,,,,,,,,,
2633587.66473135,1244600.85187968,"0","0","633",473.7,2026/05/20 13:25:05+00,,,,,,,,,,,,,,,,,,,,,
2633587.20572762,1244601.84993008,"0","0","634",473.7,2026/05/20 13:25:06+00,,,,,,,,,,,,,,,,,,,,,
2633586.75175605,1244601.95854475,"0","0","635",473.7,2026/05/20 13:25:07+00,,,,,,,,,,,,,,,,,,,,,
2633585.99304017,1244602.51016751,"0","0","636",473.7,2026/05/20 13:25:08+00,,,,,,,,,,,,,,,,,,,,,
2633586.74232105,1244603.62623684,"0","0","637",473.7,2026/05/20 13:25:09+00,,,,,,,,,,,,,,,,,,,,,
2633587.72770809,1244603.07589661,"0","0","638",473.7,2026/05/20 13:25:10+00,,,,,,,,,,,,,,,,,,,,,
2633588.10738057,1244602.74449559,"0","0","639",473.7,2026/05/20 13:25:11+00,,,,,,,,,,,,,,,,,,,,,
2633588.63690919,1244602.63630852,"0","0","640",473.8,2026/05/20 13:25:12+00,,,,,,,,,,,,,,,,,,,,,
2633589.01343653,1244602.86080493,"0","0","641",473.8,2026/05/20 13:25:13+00,,,,,,,,,,,,,,,,,,,,,
2633589.31440677,1244603.08487386,"0","0","642",473.8,2026/05/20 13:25:14+00,,,,,,,,,,,,,,,,,,,,,
2633589.76523302,1244603.53215676,"0","0","643",473.8,2026/05/20 13:25:15+00,,,,,,,,,,,,,,,,,,,,,
2633589.91760529,1244603.31065282,"0","0","644",473.8,2026/05/20 13:25:16+00,,,,,,,,,,,,,,,,,,,,,
2633590.37094775,1244603.31321788,"0","0","645",473.8,2026/05/20 13:25:17+00,,,,,,,,,,,,,,,,,,,,,
2633590.90299268,1244602.76031312,"0","0","646",473.8,2026/05/20 13:25:18+00,,,,,,,,,,,,,,,,,,,,,
2633590.67757958,1244602.53667162,"0","0","647",473.8,2026/05/20 13:25:19+00,,,,,,,,,,,,,,,,,,,,,
2633591.35822244,1244602.42933983,"0","0","648",473.8,2026/05/20 13:25:20+00,,,,,,,,,,,,,,,,,,,,,
2633591.5855228,1244602.31944293,"0","0","649",473.8,2026/05/20 13:25:21+00,,,,,,,,,,,,,,,,,,,,,
2633591.36073879,1244601.98462194,"0","0","650",473.8,2026/05/20 13:25:22+00,,,,,,,,,,,,,,,,,,,,,
2633591.20899552,1244602.09494637,"0","0","651",473.8,2026/05/20 13:25:23+00,,,,,,,,,,,,,,,,,,,,,
2633591.73789517,1244602.09793905,"0","0","652",473.8,2026/05/20 13:25:24+00,,,,,,,,,,,,,,,,,,,,,
2633591.2851817,1244601.98419442,"0","0","653",473.8,2026/05/20 13:25:25+00,,,,,,,,,,,,,,,,,,,,,
2633591.4356668,1244602.09622894,"0","0","654",473.8,2026/05/20 13:25:26+00,,,,,,,,,,,,,,,,,,,,,
2633591.3601097,1244602.09580141,"0","0","655",473.8,2026/05/20 13:25:27+00,,,,,,,,,,,,,,,,,,,,,
2633591.3601097,1244602.09580141,"0","0","656",473.8,2026/05/20 13:25:28+00,,,,,,,,,,,,,,,,,,,,,
2633591.43440862,1244602.31858788,"0","0","657",473.8,2026/05/20 13:25:29+00,,,,,,,,,,,,,,,,,,,,,
2633591.43503771,1244602.20740841,"0","0","658",473.8,2026/05/20 13:25:30+00,,,,,,,,,,,,,,,,,,,,,
2633591.43503771,1244602.20740841,"0","0","659",473.8,2026/05/20 13:25:31+00,,,,,,,,,,,,,,,,,,,,,
2633591.50996571,1244602.31901541,"0","0","660",473.8,2026/05/20 13:25:32+00,,,,,,,,,,,,,,,,,,,,,
2633591.50933662,1244602.43019488,"0","0","661",473.8,2026/05/20 13:25:33+00,,,,,,,,,,,,,,,,,,,,,
2633591.50933662,1244602.43019488,"0","0","662",473.8,2026/05/20 13:25:34+00,,,,,,,,,,,,,,,,,,,,,
2633591.50870753,1244602.54137435,"0","0","663",473.8,2026/05/20 13:25:35+00,,,,,,,,,,,,,,,,,,,,,
2633591.66107989,1244602.31987046,"0","0","664",473.8,2026/05/20 13:25:36+00,,,,,,,,,,,,,,,,,,,,,
2633591.50996571,1244602.31901541,"0","0","665",473.8,2026/05/20 13:25:37+00,,,,,,,,,,,,,,,,,,,,,
2633591.73600789,1244602.43147746,"0","0","666",473.8,2026/05/20 13:25:38+00,,,,,,,,,,,,,,,,,,,,,
2633591.88649297,1244602.543512,"0","0","667",473.8,2026/05/20 13:25:39+00,,,,,,,,,,,,,,,,,,,,,
2633591.35759336,1244602.5405193,"0","0","668",473.8,2026/05/20 13:25:40+00,,,,,,,,,,,,,,,,,,,,,
2633590.90299268,1244602.76031312,"0","0","669",473.8,2026/05/20 13:25:41+00,,,,,,,,,,,,,,,,,,,,,
2633590.74873314,1244603.31535545,"0","0","670",473.8,2026/05/20 13:25:42+00,,,,,,,,,,,,,,,,,,,,,
2633590.52269098,1244603.20289343,"0","0","671",473.8,2026/05/20 13:25:43+00,,,,,,,,,,,,,,,,,,,,,
2633589.84016104,1244603.64376374,"0","0","672",473.8,2026/05/20 13:25:44+00,,,,,,,,,,,,,,,,,,,,,
2633589.53793275,1244603.64205372,"0","0","673",473.8,2026/05/20 13:25:45+00,,,,,,,,,,,,,,,,,,,,,
2633589.00966228,1244603.52788177,"0","0","674",473.8,2026/05/20 13:25:46+00,,,,,,,,,,,,,,,,,,,,,
2633588.70806302,1244603.41499233,"0","0","675",473.8,2026/05/20 13:25:47+00,,,,,,,,,,,,,,,,,,,,,
2633588.55694887,1244603.41413735,"0","0","676",473.8,2026/05/20 13:25:48+00,,,,,,,,,,,,,,,,,,,,,
2633588.40520569,1244603.52446184,"0","0","677",473.8,2026/05/20 13:25:49+00,,,,,,,,,,,,,,,,,,,,,
2633588.10360641,1244603.41157243,"0","0","678",473.8,2026/05/20 13:25:50+00,,,,,,,,,,,,,,,,,,,,,
2633588.33090667,1244603.30167541,"0","0","679",473.8,2026/05/20 13:25:51+00,,,,,,,,,,,,,,,,,,,,,
2633588.70806302,1244603.41499233,"0","0","680",473.9,2026/05/20 13:25:52+00,,,,,,,,,,,,,,,,,,,,,
2633588.63439305,1244603.08102642,"0","0","681",473.9,2026/05/20 13:25:53+00,,,,,,,,,,,,,,,,,,,,,
2633588.78550721,1244603.0818814,"0","0","682",473.9,2026/05/20 13:25:54+00,,,,,,,,,,,,,,,,,,,,,
2633589.08836457,1244602.9724119,"0","0","683",473.9,2026/05/20 13:25:55+00,,,,,,,,,,,,,,,,,,,,,
2633589.61852225,1244602.75304545,"0","0","684",473.9,2026/05/20 13:25:56+00,,,,,,,,,,,,,,,,,,,,,
2633589.76963642,1244602.75390045,"0","0","685",473.9,2026/05/20 13:25:57+00,,,,,,,,,,,,,,,,,,,,,
2633590.22360799,1244602.64528602,"0","0","686",473.9,2026/05/20 13:25:58+00,,,,,,,,,,,,,,,,,,,,,
2633590.3778675,1244602.09024368,"0","0","687",473.9,2026/05/20 13:25:59+00,,,,,,,,,,,,,,,,,,,,,
2633590.15245435,1244601.8666022,"0","0","688",473.9,2026/05/20 13:26:00+00,,,,,,,,,,,,,,,,,,,,,
2633590.22864051,1244601.75585024,"0","0","689",473.9,2026/05/20 13:26:01+00,,,,,,,,,,,,,,,,,,,,,
2633590.07815538,1244601.64381575,"0","0","690",473.9,2026/05/20 13:26:02+00,,,,,,,,,,,,,,,,,,,,,
2633590.07752632,1244601.75499522,"0","0","691",473.9,2026/05/20 13:26:03+00,,,,,,,,,,,,,,,,,,,,,
2633590.07752632,1244601.75499522,"0","0","692",473.9,2026/05/20 13:26:04+00,,,,,,,,,,,,,,,,,,,,,
2633589.77592698,1244601.64210573,"0","0","693",473.9,2026/05/20 13:26:05+00,,,,,,,,,,,,,,,,,,,,,
2633589.85211314,1244601.53135376,"0","0","694",473.9,2026/05/20 13:26:06+00,,,,,,,,,,,,,,,,,,,,,
2633589.77592698,1244601.64210573,"0","0","695",473.9,2026/05/20 13:26:07+00,,,,,,,,,,,,,,,,,,,,,
2633589.7771851,1244601.41974678,"0","0","696",473.9,2026/05/20 13:26:08+00,,,,,,,,,,,,,,,,,,,,,
2633589.85337126,1244601.30899481,"0","0","697",473.9,2026/05/20 13:26:09+00,,,,,,,,,,,,,,,,,,,,,
2633589.85400032,1244601.19781534,"0","0","698",473.9,2026/05/20 13:26:10+00,,,,,,,,,,,,,,,,,,,,,
2633589.85400032,1244601.19781534,"0","0","699",473.9,2026/05/20 13:26:11+00,,,,,,,,,,,,,,,,,,,,,
2633589.9282993,1244601.42060179,"0","0","700",473.9,2026/05/20 13:26:12+00,,,,,,,,,,,,,,,,,,,,,
2633589.701628,1244601.41931928,"0","0","701",473.9,2026/05/20 13:26:13+00,,,,,,,,,,,,,,,,,,,,,
2633589.77592698,1244601.64210573,"0","0","702",473.9,2026/05/20 13:26:14+00,,,,,,,,,,,,,,,,,,,,,
2633589.39814149,1244601.63996822,"0","0","703",473.9,2026/05/20 13:26:15+00,,,,,,,,,,,,,,,,,,,,,
2633588.79431374,1244601.52536878,"0","0","704",473.9,2026/05/20 13:26:16+00,,,,,,,,,,,,,,,,,,,,,
2633588.49334341,1244601.30129987,"0","0","705",473.9,2026/05/20 13:26:17+00,,,,,,,,,,,,,,,,,,,,,
2633588.26918821,1244600.85529952,"0","0","706",473.9,2026/05/20 13:26:18+00,,,,,,,,,,,,,,,,,,,,,
2633588.11681595,1244601.0768035,"0","0","707",473.9,2026/05/20 13:26:19+00,,,,,,,,,,,,,,,,,,,,,
2633588.71938568,1244601.41376181,"0","0","708",473.9,2026/05/20 13:26:20+00,,,,,,,,,,,,,,,,,,,,,
2633588.94731507,1244601.19268535,"0","0","709",473.9,2026/05/20 13:26:21+00,,,,,,,,,,,,,,,,,,,,,
2633589.24954348,1244601.19439533,"0","0","710",473.9,2026/05/20 13:26:22+00,,,,,,,,,,,,,,,,,,,,,
2633590.37535123,1244602.53496157,"0","0","711",473.9,2026/05/20 13:26:23+00,,,,,,,,,,,,,,,,,,,,,
2633590.45027925,1244602.64656855,"0","0","712",473.9,2026/05/20 13:26:24+00,,,,,,,,,,,,,,,,,,,,,
2633590.75250759,1244602.64827861,"0","0","713",474,2026/05/20 13:26:25+00,,,,,,,,,,,,,,,,,,,,,
2633591.35381884,1244603.20759614,"0","0","714",474,2026/05/20 13:26:26+00,,,,,,,,,,,,,,,,,,,,,
2633591.95701727,1244603.43337531,"0","0","715",474,2026/05/20 13:26:27+00,,,,,,,,,,,,,,,,,,,,,
2633592.78185397,1244604.54987295,"0","0","716",474,2026/05/20 13:26:28+00,,,,,,,,,,,,,,,,,,,,,
2633592.70503868,1244604.77180435,"0","0","717",474,2026/05/20 13:26:29+00,,,,,,,,,,,,,,,,,,,,,
2633593.30572041,1244605.44230155,"0","0","718",474,2026/05/20 13:26:30+00,,,,,,,,,,,,,,,,,,,,,
2633593.30383304,1244605.77583997,"0","0","719",474,2026/05/20 13:26:31+00,,,,,,,,,,,,,,,,,,,,,
2633593.4518015,1244606.33259244,"0","0","720",474,2026/05/20 13:26:32+00,,,,,,,,,,,,,,,,,,,,,
2633594.27978322,1244606.89319293,"0","0","721",474,2026/05/20 13:26:33+00,,,,,,,,,,,,,,,,,,,,,
2633593.90199806,1244606.89105513,"0","0","722",474,2026/05/20 13:26:34+00,,,,,,,,,,,,,,,,,,,,,
2633594.43215557,1244606.67168911,"0","0","723",474,2026/05/20 13:26:35+00,,,,,,,,,,,,,,,,,,,,,
2633594.35471111,1244607.00479996,"0","0","724",474,2026/05/20 13:26:36+00,,,,,,,,,,,,,,,,,,,,,
2633594.20737189,1244606.336868,"0","0","725",474,2026/05/20 13:26:37+00,,,,,,,,,,,,,,,,,,,,,
2633593.52735854,1244606.33301999,"0","0","726",474,2026/05/20 13:26:38+00,,,,,,,,,,,,,,,,,,,,,
2633593.75465879,1244606.22312318,"0","0","727",474,2026/05/20 13:26:39+00,,,,,,,,,,,,,,,,,,,,,
2633593.53176243,1244605.55476368,"0","0","728",474,2026/05/20 13:26:40+00,,,,,,,,,,,,,,,,,,,,,
2633594.2961409,1244604.00252663,"0","0","729",474.1,2026/05/20 13:26:41+00,,,,,,,,,,,,,,,,,,,,,
2633593.38945608,1244603.99739596,"0","0","730",474.1,2026/05/20 13:26:42+00,,,,,,,,,,,,,,,,,,,,,
2633593.093519,1244602.88389104,"0","0","731",474.1,2026/05/20 13:26:43+00,,,,,,,,,,,,,,,,,,,,,
2633593.1728508,1244602.21724175,"0","0","732",474.1,2026/05/20 13:26:44+00,,,,,,,,,,,,,,,,,,,,,
2633592.94366307,1244602.660677,"0","0","733",474.1,2026/05/20 13:26:45+00,,,,,,,,,,,,,,,,,,,,,
2633591.81596864,1244601.65364869,"0","0","734",474.1,2026/05/20 13:26:46+00,,,,,,,,,,,,,,,,,,,,,
2633591.4356668,1244602.09622894,"0","0","735",474.1,2026/05/20 13:26:47+00,,,,,,,,,,,,,,,,,,,,,
2633590.97917884,1244602.64956117,"0","0","736",474.1,2026/05/20 13:26:48+00,,,,,,,,,,,,,,,,,,,,,
2633590.29539068,1244603.31279036,"0","0","737",474.1,2026/05/20 13:26:49+00,,,,,,,,,,,,,,,,,,,,,
2633589.3905929,1244602.97412189,"0","0","738",474.1,2026/05/20 13:26:50+00,,,,,,,,,,,,,,,,,,,,,
2633589.01280749,1244602.9719844,"0","0","739",474.1,2026/05/20 13:26:51+00,,,,,,,,,,,,,,,,,,,,,
2633588.70995013,1244603.0814539,"0","0","740",474.1,2026/05/20 13:26:52+00,,,,,,,,,,,,,,,,,,,,,
2633588.33216473,1244603.07931647,"0","0","741",474.1,2026/05/20 13:26:53+00,,,,,,,,,,,,,,,,,,,,,
2633588.02930739,1244603.188786,"0","0","742",474.1,2026/05/20 13:26:54+00,,,,,,,,,,,,,,,,,,,,,
2633587.65089298,1244603.29782808,"0","0","743",474.1,2026/05/20 13:26:55+00,,,,,,,,,,,,,,,,,,,,,
2633587.34866467,1244603.29611818,"0","0","744",474.2,2026/05/20 13:26:56+00,,,,,,,,,,,,,,,,,,,,,
2633586.97025028,1244603.4051603,"0","0","745",474.2,2026/05/20 13:26:57+00,,,,,,,,,,,,,,,,,,,,,
2633586.66802197,1244603.40345044,"0","0","746",474.2,2026/05/20 13:26:58+00,,,,,,,,,,,,,,,,,,,,,
2633586.2896076,1244603.5124926,"0","0","747",474.2,2026/05/20 13:26:59+00,,,,,,,,,,,,,,,,,,,,,
2633585.9873793,1244603.51078277,"0","0","748",474.2,2026/05/20 13:27:00+00,,,,,,,,,,,,,,,,,,,,,
2633585.60896495,1244603.61982497,"0","0","749",474.2,2026/05/20 13:27:01+00,,,,,,,,,,,,,,,,,,,,,
2633584.99758973,1244604.8393796,"0","0","750",474.2,2026/05/20 13:27:02+00,,,,,,,,,,,,,,,,,,,,,
2633582.95063095,1244606.05081321,"0","0","751",474.2,2026/05/20 13:27:03+00,,,,,,,,,,,,,,,,,,,,,
2633580.67134196,1244608.26158063,"0","0","752",474.2,2026/05/20 13:27:04+00,,,,,,,,,,,,,,,,,,,,,
2633577.71329945,1244610.2461438,"0","0","753",474.3,2026/05/20 13:27:05+00,,,,,,,,,,,,,,,,,,,,,
2633576.65361518,1244610.57369942,"0","0","754",474.3,2026/05/20 13:27:06+00,,,,,,,,,,,,,,,,,,,,,
2633572.94063432,1244612.44281219,"0","0","755",474.4,2026/05/20 13:27:07+00,,,,,,,,,,,,,,,,,,,,,
2633571.49939364,1244613.43530916,"0","0","756",474.5,2026/05/20 13:27:08+00,,,,,,,,,,,,,,,,,,,,,
2633567.56728913,1244613.96898976,"0","0","757",474.7,2026/05/20 13:27:09+00,,,,,,,,,,,,,,,,,,,,,
2633566.20789281,1244613.85012046,"0","0","758",474.8,2026/05/20 13:27:10+00,,,,,,,,,,,,,,,,,,,,,
2633562.50497406,1244613.94036812,"0","0","759",475,2026/05/20 13:27:11+00,,,,,,,,,,,,,,,,,,,,,
2633561.59954782,1244613.71288336,"0","0","760",475.1,2026/05/20 13:27:12+00,,,,,,,,,,,,,,,,,,,,,
2633557.66241679,1244615.13600637,"0","0","761",475.3,2026/05/20 13:27:13+00,,,,,,,,,,,,,,,,,,,,,
2633556.14939298,1244615.46100312,"0","0","762",475.4,2026/05/20 13:27:14+00,,,,,,,,,,,,,,,,,,,,,
2633553.20015953,1244615.88906583,"0","0","763",475.6,2026/05/20 13:27:15+00,,,,,,,,,,,,,,,,,,,,,
2633549.94932718,1244616.20424255,"0","0","764",475.8,2026/05/20 13:27:16+00,,,,,,,,,,,,,,,,,,,,,
2633546.92767892,1244616.07598399,"0","0","765",476,2026/05/20 13:27:17+00,,,,,,,,,,,,,,,,,,,,,
2633543.8204225,1244617.72617177,"0","0","766",476.2,2026/05/20 13:27:18+00,,,,,,,,,,,,,,,,,,,,,
2633542.38295702,1244618.05159895,"0","0","767",476.3,2026/05/20 13:27:19+00,,,,,,,,,,,,,,,,,,,,,
2633539.72653163,1244620.14906823,"0","0","768",476.6,2026/05/20 13:27:20+00,,,,,,,,,,,,,,,,,,,,,
2633536.01796488,1244621.2399478,"0","0","769",476.9,2026/05/20 13:27:21+00,,,,,,,,,,,,,,,,,,,,,
2633535.03572585,1244621.23439924,"0","0","770",476.9,2026/05/20 13:27:22+00,,,,,,,,,,,,,,,,,,,,,
2633532.15765785,1244622.44115564,"0","0","771",477.2,2026/05/20 13:27:23+00,,,,,,,,,,,,,,,,,,,,,
2633531.02304944,1244622.65711318,"0","0","772",477.3,2026/05/20 13:27:24+00,,,,,,,,,,,,,,,,,,,,,
2633528.59204474,1244624.97822672,"0","0","773",477.5,2026/05/20 13:27:25+00,,,,,,,,,,,,,,,,,,,,,
2633525.56223846,1244626.29531237,"0","0","774",477.7,2026/05/20 13:27:26+00,,,,,,,,,,,,,,,,,,,,,
2633521.9279794,1244627.60898645,"0","0","775",478,2026/05/20 13:27:27+00,,,,,,,,,,,,,,,,,,,,,
2633521.01815935,1244628.15976429,"0","0","776",478.1,2026/05/20 13:27:28+00,,,,,,,,,,,,,,,,,,,,,
2633517.45820378,1244629.69622672,"0","0","777",478.4,2026/05/20 13:27:29+00,,,,,,,,,,,,,,,,,,,,,
2633516.1706008,1244630.24487241,"0","0","778",478.5,2026/05/20 13:27:30+00,,,,,,,,,,,,,,,,,,,,,
2633513.29316868,1244631.34045851,"0","0","779",478.7,2026/05/20 13:27:31+00,,,,,,,,,,,,,,,,,,,,,
2633512.08112316,1244631.88953162,"0","0","780",478.8,2026/05/20 13:27:32+00,,,,,,,,,,,,,,,,,,,,,
2633508.90209335,1244632.87223434,"0","0","781",479.1,2026/05/20 13:27:33+00,,,,,,,,,,,,,,,,,,,,,
2633507.7674878,1244633.08819633,"0","0","782",479.2,2026/05/20 13:27:34+00,,,,,,,,,,,,,,,,,,,,,
2633505.11547374,1244634.40742478,"0","0","783",479.4,2026/05/20 13:27:35+00,,,,,,,,,,,,,,,,,,,,,
2633504.05579786,1244634.73499341,"0","0","784",479.5,2026/05/20 13:27:36+00,,,,,,,,,,,,,,,,,,,,,
2633500.72314805,1244636.16156566,"0","0","785",479.7,2026/05/20 13:27:37+00,,,,,,,,,,,,,,,,,,,,,
2633499.66347273,1244636.48913508,"0","0","786",479.8,2026/05/20 13:27:38+00,,,,,,,,,,,,,,,,,,,,,
2633496.33647072,1244636.91509437,"0","0","787",480.1,2026/05/20 13:27:39+00,,,,,,,,,,,,,,,,,,,,,
2633495.35109785,1244637.46544986,"0","0","788",480.1,2026/05/20 13:27:40+00,,,,,,,,,,,,,,,,,,,,,
2633491.79868126,1244637.66777382,"0","0","789",480.4,2026/05/20 13:27:41+00,,,,,,,,,,,,,,,,,,,,,
2633490.51484559,1244637.54934814,"0","0","790",480.5,2026/05/20 13:27:42+00,,,,,,,,,,,,,,,,,,,,,
2633488.17070828,1244637.8696737,"0","0","791",480.6,2026/05/20 13:27:43+00,,,,,,,,,,,,,,,,,,,,,
2633487.03798587,1244637.7521012,"0","0","792",480.7,2026/05/20 13:27:44+00,,,,,,,,,,,,,,,,,,,,,
2633486.28367373,1244637.52548032,"0","0","793",480.8,2026/05/20 13:27:45+00,,,,,,,,,,,,,,,,,,,,,
2633486.20748997,1244637.63623363,"0","0","794",480.8,2026/05/20 13:27:46+00,,,,,,,,,,,,,,,,,,,,,
2633485.44941517,1244638.07668982,"0","0","795",480.8,2026/05/20 13:27:47+00,,,,,,,,,,,,,,,,,,,,,
2633485.37887534,1244637.18682769,"0","0","796",480.9,2026/05/20 13:27:48+00,,,,,,,,,,,,,,,,,,,,,
2633485.45568619,1244636.96489488,"0","0","797",480.9,2026/05/20 13:27:49+00,,,,,,,,,,,,,,,,,,,,,
2633485.22838915,1244637.07479586,"0","0","798",480.9,2026/05/20 13:27:50+00,,,,,,,,,,,,,,,,,,,,,
2633485.60742659,1244636.85456773,"0","0","799",480.9,2026/05/20 13:27:51+00,,,,,,,,,,,,,,,,,,,,,
2633485.98583695,1244636.74551913,"0","0","800",481,2026/05/20 13:27:52+00,,,,,,,,,,,,,,,,,,,,,
2633485.98583695,1244636.74551913,"0","0","801",481,2026/05/20 13:27:53+00,,,,,,,,,,,,,,,,,,,,,
2633486.06264783,1244636.52358632,"0","0","802",481,2026/05/20 13:27:54+00,,,,,,,,,,,,,,,,,,,,,
2633486.21501537,1244636.3020797,"0","0","803",481,2026/05/20 13:27:55+00,,,,,,,,,,,,,,,,,,,,,
2633486.06452917,1244636.19004784,"0","0","804",481,2026/05/20 13:27:56+00,,,,,,,,,,,,,,,,,,,,,
2633486.06390206,1244636.30122733,"0","0","805",481,2026/05/20 13:27:57+00,,,,,,,,,,,,,,,,,,,,,
2633486.06390206,1244636.30122733,"0","0","806",481,2026/05/20 13:27:58+00,,,,,,,,,,,,,,,,,,,,,
2633485.76355676,1244635.96598413,"0","0","807",481,2026/05/20 13:27:59+00,,,,,,,,,,,,,,,,,,,,,
2633485.83848631,1244636.07758981,"0","0","808",481.1,2026/05/20 13:28:00+00,,,,,,,,,,,,,,,,,,,,,
2633485.53814098,1244635.74234662,"0","0","809",481.1,2026/05/20 13:28:01+00,,,,,,,,,,,,,,,,,,,,,
2633485.53876809,1244635.63116712,"0","0","810",481.1,2026/05/20 13:28:02+00,,,,,,,,,,,,,,,,,,,,,
2633485.69113563,1244635.40966049,"0","0","811",481.1,2026/05/20 13:28:03+00,,,,,,,,,,,,,,,,,,,,,
2633485.5412765,1244635.18644915,"0","0","812",481.1,2026/05/20 13:28:04+00,,,,,,,,,,,,,,,,,,,,,
2633485.31335229,1244635.40752962,"0","0","813",481.1,2026/05/20 13:28:05+00,,,,,,,,,,,,,,,,,,,,,
2633485.99273519,1244635.52254469,"0","0","814",481.2,2026/05/20 13:28:06+00,,,,,,,,,,,,,,,,,,,,,
2633486.44482094,1244635.74746079,"0","0","815",481.2,2026/05/20 13:28:07+00,,,,,,,,,,,,,,,,,,,,,
2633486.67023668,1244635.97109834,"0","0","816",481.2,2026/05/20 13:28:08+00,,,,,,,,,,,,,,,,,,,,,
2633486.89502528,1244636.30591539,"0","0","817",481.3,2026/05/20 13:28:09+00,,,,,,,,,,,,,,,,,,,,,
2633486.81570585,1244636.97256616,"0","0","818",481.3,2026/05/20 13:28:10+00,,,,,,,,,,,,,,,,,,,,,
2633486.6608298,1244637.63879074,"0","0","819",481.3,2026/05/20 13:28:11+00,,,,,,,,,,,,,,,,,,,,,
2633486.6558128,1244638.5282267,"0","0","820",481.4,2026/05/20 13:28:12+00,,,,,,,,,,,,,,,,,,,,,
2633486.3441795,1244640.19421437,"0","0","821",481.5,2026/05/20 13:28:13+00,,,,,,,,,,,,,,,,,,,,,
2633486.63888042,1244641.53007306,"0","0","822",481.5,2026/05/20 13:28:14+00,,,,,,,,,,,,,,,,,,,,,
2633487.0191719,1244641.08748603,"0","0","823",481.6,2026/05/20 13:28:15+00,,,,,,,,,,,,,,,,,,,,,
2633486.48714012,1244641.64040018,"0","0","824",481.6,2026/05/20 13:28:16+00,,,,,,,,,,,,,,,,,,,,,
2633487.69102837,1244642.53665526,"0","0","825",481.7,2026/05/20 13:28:17+00,,,,,,,,,,,,,,,,,,,,,
2633488.44596698,1244642.65209682,"0","0","826",481.7,2026/05/20 13:28:18+00,,,,,,,,,,,,,,,,,,,,,
2633487.99764473,1244641.7601036,"0","0","827",481.8,2026/05/20 13:28:19+00,,,,,,,,,,,,,,,,,,,,,
2633487.69604553,1244641.64721929,"0","0","828",481.8,2026/05/20 13:28:20+00,,,,,,,,,,,,,,,,,,,,,
2633488.37542766,1244641.76223465,"0","0","829",481.8,2026/05/20 13:28:21+00,,,,,,,,,,,,,,,,,,,,,
2633489.05794562,1244641.3213526,"0","0","830",481.9,2026/05/20 13:28:22+00,,,,,,,,,,,,,,,,,,,,,
2633488.98364337,1244641.09856739,"0","0","831",481.9,2026/05/20 13:28:23+00,,,,,,,,,,,,,,,,,,,,,
2633489.36142635,1244641.1006985,"0","0","832",481.9,2026/05/20 13:28:24+00,,,,,,,,,,,,,,,,,,,,,
2633488.68016266,1244641.31922152,"0","0","833",481.9,2026/05/20 13:28:25+00,,,,,,,,,,,,,,,,,,,,,
2633488.83441168,1244640.76417647,"0","0","834",482,2026/05/20 13:28:26+00,,,,,,,,,,,,,,,,,,,,,
2633488.45412005,1244641.20676338,"0","0","835",482,2026/05/20 13:28:27+00,,,,,,,,,,,,,,,,,,,,,
2633487.85217589,1244640.75863574,"0","0","836",482,2026/05/20 13:28:28+00,,,,,,,,,,,,,,,,,,,,,
2633487.24521455,1244641.19994411,"0","0","837",482.1,2026/05/20 13:28:29+00,,,,,,,,,,,,,,,,,,,,,
2633486.64640592,1244640.19591912,"0","0","838",482.1,2026/05/20 13:28:30+00,,,,,,,,,,,,,,,,,,,,,
2633486.19181205,1244640.41572099,"0","0","839",482.1,2026/05/20 13:28:31+00,,,,,,,,,,,,,,,,,,,,,
2633485.89146697,1244640.08047778,"0","0","840",482.2,2026/05/20 13:28:32+00,,,,,,,,,,,,,,,,,,,,,
2633485.21333879,1244639.74310373,"0","0","841",482.2,2026/05/20 13:28:33+00,,,,,,,,,,,,,,,,,,,,,
2633484.53270219,1244639.85044773,"0","0","842",482.2,2026/05/20 13:28:34+00,,,,,,,,,,,,,,,,,,,,,
2633484.30916777,1244639.29327177,"0","0","843",482.3,2026/05/20 13:28:35+00,,,,,,,,,,,,,,,,,,,,,
2633482.56697621,1244640.06172683,"0","0","844",482.3,2026/05/20 13:28:36+00,,,,,,,,,,,,,,,,,,,,,
2633481.20570321,1244640.27641552,"0","0","845",482.4,2026/05/20 13:28:37+00,,,,,,,,,,,,,,,,,,,,,
2633479.91935992,1244640.60271012,"0","0","846",482.4,2026/05/20 13:28:38+00,,,,,,,,,,,,,,,,,,,,,
2633476.88518396,1244642.6980772,"0","0","847",482.6,2026/05/20 13:28:39+00,,,,,,,,,,,,,,,,,,,,,
2633475.82613807,1244642.91447139,"0","0","848",482.6,2026/05/20 13:28:40+00,,,,,,,,,,,,,,,,,,,,,
2633472.03890669,1244644.56086252,"0","0","849",482.7,2026/05/20 13:28:41+00,,,,,,,,,,,,,,,,,,,,,
2633470.60207857,1244644.77512765,"0","0","850",482.8,2026/05/20 13:28:42+00,,,,,,,,,,,,,,,,,,,,,
2633466.82487791,1244644.64265015,"0","0","851",482.9,2026/05/20 13:28:43+00,,,,,,,,,,,,,,,,,,,,,
2633465.84138929,1244644.85947205,"0","0","852",482.9,2026/05/20 13:28:44+00,,,,,,,,,,,,,,,,,,,,,
2633462.05854862,1244645.72761308,"0","0","853",483,2026/05/20 13:28:45+00,,,,,,,,,,,,,,,,,,,,,
2633460.62172116,1244645.94188063,"0","0","854",483.1,2026/05/20 13:28:46+00,,,,,,,,,,,,,,,,,,,,,
2633456.91631818,1244646.4769123,"0","0","855",483.2,2026/05/20 13:28:47+00,,,,,,,,,,,,,,,,,,,,,
2633455.40393457,1244646.6907553,"0","0","856",483.2,2026/05/20 13:28:48+00,,,,,,,,,,,,,,,,,,,,,
2633451.02353556,1244646.33252259,"0","0","857",483.3,2026/05/20 13:28:49+00,,,,,,,,,,,,,,,,,,,,,
2633449.66414448,1244646.21368002,"0","0","858",483.4,2026/05/20 13:28:50+00,,,,,,,,,,,,,,,,,,,,,
2633446.86291546,1244647.19854466,"0","0","859",483.4,2026/05/20 13:28:51+00,,,,,,,,,,,,,,,,,,,,,
2633443.90932172,1244648.40491834,"0","0","860",483.5,2026/05/20 13:28:52+00,,,,,,,,,,,,,,,,,,,,,
2633440.43184385,1244648.71887826,"0","0","861",483.6,2026/05/20 13:28:53+00,,,,,,,,,,,,,,,,,,,,,
2633437.25158274,1244649.92397847,"0","0","862",483.7,2026/05/20 13:28:54+00,,,,,,,,,,,,,,,,,,,,,
2633433.16589758,1244650.90161523,"0","0","863",483.8,2026/05/20 13:28:55+00,,,,,,,,,,,,,,,,,,,,,
2633431.80588111,1244650.89395627,"0","0","864",483.8,2026/05/20 13:28:56+00,,,,,,,,,,,,,,,,,,,,,
2633427.79387593,1244652.20556074,"0","0","865",483.9,2026/05/20 13:28:57+00,,,,,,,,,,,,,,,,,,,,,
2633426.35517334,1244652.75337512,"0","0","866",483.9,2026/05/20 13:28:58+00,,,,,,,,,,,,,,,,,,,,,
2633422.33941511,1244654.73206033,"0","0","867",484,2026/05/20 13:29:00+00,,,,,,,,,,,,,,,,,,,,,
2633420.82515723,1244655.27945069,"0","0","868",484.1,2026/05/20 13:29:01+00,,,,,,,,,,,,,,,,,,,,,
2633418.08760278,1244658.37716494,"0","0","869",484.1,2026/05/20 13:29:02+00,,,,,,,,,,,,,,,,,,,,,
2633417.02480697,1244659.2606467,"0","0","870",484.1,2026/05/20 13:29:03+00,,,,,,,,,,,,,,,,,,,,,
2633414.44525248,1244661.13623867,"0","0","871",484.1,2026/05/20 13:29:04+00,,,,,,,,,,,,,,,,,,,,,
2633412.1660477,1244663.34707126,"0","0","872",484.1,2026/05/20 13:29:05+00,,,,,,,,,,,,,,,,,,,,,
2633409.28427137,1244665.22096455,"0","0","873",484.2,2026/05/20 13:29:06+00,,,,,,,,,,,,,,,,,,,,,
2633408.37259065,1244666.10529829,"0","0","874",484.2,2026/05/20 13:29:07+00,,,,,,,,,,,,,,,,,,,,,
2633406.24512815,1244668.20580406,"0","0","875",484.2,2026/05/20 13:29:08+00,,,,,,,,,,,,,,,,,,,,,
2633403.13856407,1244669.74488635,"0","0","876",484.2,2026/05/20 13:29:09+00,,,,,,,,,,,,,,,,,,,,,
2633401.9265367,1244670.29398205,"0","0","877",484.3,2026/05/20 13:29:10+00,,,,,,,,,,,,,,,,,,,,,
2633398.36351027,1244672.38641379,"0","0","878",484.3,2026/05/20 13:29:11+00,,,,,,,,,,,,,,,,,,,,,
2633397.22578917,1244673.15829456,"0","0","879",484.3,2026/05/20 13:29:12+00,,,,,,,,,,,,,,,,,,,,,
2633393.51415533,1244674.80516107,"0","0","880",484.4,2026/05/20 13:29:13+00,,,,,,,,,,,,,,,,,,,,,
2633392.30338061,1244675.13189973,"0","0","881",484.4,2026/05/20 13:29:14+00,,,,,,,,,,,,,,,,,,,,,
2633388.21897094,1244675.88720853,"0","0","882",484.5,2026/05/20 13:29:15+00,,,,,,,,,,,,,,,,,,,,,
2633386.93326585,1244676.10234384,"0","0","883",484.5,2026/05/20 13:29:16+00,,,,,,,,,,,,,,,,,,,,,
2633382.92253814,1244677.19161976,"0","0","884",484.5,2026/05/20 13:29:17+00,,,,,,,,,,,,,,,,,,,,,
2633381.63495806,1244677.74029476,"0","0","885",484.5,2026/05/20 13:29:18+00,,,,,,,,,,,,,,,,,,,,,
2633379.59181701,1244678.28472178,"0","0","886",484.6,2026/05/20 13:29:19+00,,,,,,,,,,,,,,,,,,,,,
2633378.00263811,1244678.72051877,"0","0","887",484.6,2026/05/20 13:29:20+00,,,,,,,,,,,,,,,,,,,,,
2633376.86804625,1244678.93650587,"0","0","888",484.6,2026/05/20 13:29:21+00,,,,,,,,,,,,,,,,,,,,,
2633377.32325815,1244678.60551606,"0","0","889",484.6,2026/05/20 13:29:22+00,,,,,,,,,,,,,,,,,,,,,
2633376.41595969,1244678.71159812,"0","0","890",484.6,2026/05/20 13:29:23+00,,,,,,,,,,,,,,,,,,,,,
2633375.356924,1244678.92801029,"0","0","891",484.6,2026/05/20 13:29:24+00,,,,,,,,,,,,,,,,,,,,,
2633374.90421235,1244678.81428217,"0","0","892",484.6,2026/05/20 13:29:25+00,,,,,,,,,,,,,,,,,,,,,
2633373.99503893,1244679.25390315,"0","0","893",484.7,2026/05/20 13:29:26+00,,,,,,,,,,,,,,,,,,,,,
2633374.22108223,1244679.36635693,"0","0","894",484.7,2026/05/20 13:29:27+00,,,,,,,,,,,,,,,,,,,,,
2633373.84080165,1244679.80895124,"0","0","895",484.7,2026/05/20 13:29:28+00,,,,,,,,,,,,,,,,,,,,,
2633373.99191385,1244679.80980074,"0","0","896",484.7,2026/05/20 13:29:29+00,,,,,,,,,,,,,,,,,,,,,
2633373.76212049,1244680.36442409,"0","0","897",484.7,2026/05/20 13:29:30+00,,,,,,,,,,,,,,,,,,,,,
2633373.91510772,1244680.03173503,"0","0","898",484.7,2026/05/20 13:29:31+00,,,,,,,,,,,,,,,,,,,,,
2633373.53732723,1244680.02961129,"0","0","899",484.7,2026/05/20 13:29:32+00,,,,,,,,,,,,,,,,,,,,,
2633373.23510283,1244680.02791231,"0","0","900",484.7,2026/05/20 13:29:33+00,,,,,,,,,,,,,,,,,,,,,
2633373.23447783,1244680.13909183,"0","0","901",484.7,2026/05/20 13:29:34+00,,,,,,,,,,,,,,,,,,,,,
2633372.85544736,1244680.35932717,"0","0","902",484.7,2026/05/20 13:29:35+00,,,,,,,,,,,,,,,,,,,,,
2633373.38371502,1244680.47347987,"0","0","903",484.7,2026/05/20 13:29:36+00,,,,,,,,,,,,,,,,,,,,,
2633373.91073262,1244680.80999166,"0","0","904",484.7,2026/05/20 13:29:37+00,,,,,,,,,,,,,,,,,,,,,
2633374.21108192,1244681.14522923,"0","0","905",484.7,2026/05/20 13:29:38+00,,,,,,,,,,,,,,,,,,,,,
2633374.66066826,1244681.81485489,"0","0","906",484.7,2026/05/20 13:29:39+00,,,,,,,,,,,,,,,,,,,,,
2633374.96164249,1244682.03891298,"0","0","907",484.7,2026/05/20 13:29:40+00,,,,,,,,,,,,,,,,,,,,,
2633375.3400479,1244681.92985729,"0","0","908",484.7,2026/05/20 13:29:41+00,,,,,,,,,,,,,,,,,,,,,
2633375.86831537,1244682.04401022,"0","0","909",484.7,2026/05/20 13:29:42+00,,,,,,,,,,,,,,,,,,,,,
2633375.86519011,1244682.59990782,"0","0","910",484.7,2026/05/20 13:29:43+00,,,,,,,,,,,,,,,,,,,,,
2633376.1699146,1244682.15688885,"0","0","911",484.7,2026/05/20 13:29:44+00,,,,,,,,,,,,,,,,,,,,,
2633376.62325103,1244682.15943754,"0","0","912",484.7,2026/05/20 13:29:45+00,,,,,,,,,,,,,,,,,,,,,
2633376.47401407,1244681.82504942,"0","0","913",484.7,2026/05/20 13:29:46+00,,,,,,,,,,,,,,,,,,,,,
2633377.45811829,1244681.49703313,"0","0","914",484.7,2026/05/20 13:29:47+00,,,,,,,,,,,,,,,,,,,,,
2633377.68353636,1244681.72066656,"0","0","915",484.7,2026/05/20 13:29:48+00,,,,,,,,,,,,,,,,,,,,,
2633378.36291596,1244681.83566931,"0","0","916",484.7,2026/05/20 13:29:49+00,,,,,,,,,,,,,,,,,,,,,
2633379.26771352,1244682.17430563,"0","0","917",484.8,2026/05/20 13:29:50+00,,,,,,,,,,,,,,,,,,,,,
2633378.88618252,1244682.83925866,"0","0","918",484.8,2026/05/20 13:29:51+00,,,,,,,,,,,,,,,,,,,,,
2633378.96048837,1244683.06204251,"0","0","919",484.8,2026/05/20 13:29:52+00,,,,,,,,,,,,,,,,,,,,,
2633378.95986326,1244683.17322203,"0","0","920",484.8,2026/05/20 13:29:53+00,,,,,,,,,,,,,,,,,,,,,
2633378.35666498,1244682.9474645,"0","0","921",484.8,2026/05/20 13:29:54+00,,,,,,,,,,,,,,,,,,,,,
2633378.50840221,1244682.8371346,"0","0","922",484.8,2026/05/20 13:29:55+00,,,,,,,,,,,,,,,,,,,,,
2633378.35791518,1244682.72510546,"0","0","923",484.8,2026/05/20 13:29:56+00,,,,,,,,,,,,,,,,,,,,,
2633377.83152308,1244682.27741375,"0","0","924",484.8,2026/05/20 13:29:57+00,,,,,,,,,,,,,,,,,,,,,
2633377.15339368,1244681.94005203,"0","0","925",484.8,2026/05/20 13:29:58+00,,,,,,,,,,,,,,,,,,,,,
2633376.39783294,1244681.93580416,"0","0","926",484.8,2026/05/20 13:29:59+00,,,,,,,,,,,,,,,,,,,,,
2633375.86706526,1244682.26636926,"0","0","927",484.8,2026/05/20 13:30:00+00,,,,,,,,,,,,,,,,,,,,,
2633375.33942286,1244682.04103681,"0","0","928",484.8,2026/05/20 13:30:01+00,,,,,,,,,,,,,,,,,,,,,
2633374.96039242,1244682.26127202,"0","0","929",484.8,2026/05/20 13:30:02+00,,,,,,,,,,,,,,,,,,,,,
2633375.1864356,1244682.37372584,"0","0","930",484.8,2026/05/20 13:30:03+00,,,,,,,,,,,,,,,,,,,,,
2633374.73684936,1244681.70410013,"0","0","931",484.8,2026/05/20 13:30:04+00,,,,,,,,,,,,,,,,,,,,,
2633374.51080615,1244681.59164633,"0","0","932",484.8,2026/05/20 13:30:05+00,,,,,,,,,,,,,,,,,,,,,
2633373.9856637,1244680.92159593,"0","0","933",484.8,2026/05/20 13:30:06+00,,,,,,,,,,,,,,,,,,,,,
2633373.22885282,1244681.1397075,"0","0","934",484.8,2026/05/20 13:30:07+00,,,,,,,,,,,,,,,,,,,,,
2633372.92912847,1244680.69329046,"0","0","935",484.8,2026/05/20 13:30:08+00,,,,,,,,,,,,,,,,,,,,,
2633373.45614608,1244681.02980221,"0","0","936",484.8,2026/05/20 13:30:09+00,,,,,,,,,,,,,,,,,,,,,
2633372.93037846,1244680.47093143,"0","0","937",484.8,2026/05/20 13:30:10+00,,,,,,,,,,,,,,,,,,,,,
2633372.92725348,1244681.02682902,"0","0","938",484.8,2026/05/20 13:30:11+00,,,,,,,,,,,,,,,,,,,,,
2633373.07711566,1244681.25003754,"0","0","939",484.8,2026/05/20 13:30:12+00,,,,,,,,,,,,,,,,,,,,,
2633373.30440891,1244681.14013225,"0","0","940",484.8,2026/05/20 13:30:13+00,,,,,,,,,,,,,,,,,,,,,
2633373.08024065,1244680.69413994,"0","0","941",484.8,2026/05/20 13:30:14+00,,,,,,,,,,,,,,,,,,,,,
2633373.00593455,1244680.47135617,"0","0","942",484.8,2026/05/20 13:30:15+00,,,,,,,,,,,,,,,,,,,,,
2633372.6275291,1244680.580412,"0","0","943",484.8,2026/05/20 13:30:16+00,,,,,,,,,,,,,,,,,,,,,
2633372.85919732,1244679.69225006,"0","0","944",484.8,2026/05/20 13:30:17+00,,,,,,,,,,,,,,,,,,,,,
2633373.69093946,1244679.58574271,"0","0","945",484.8,2026/05/20 13:30:18+00,,,,,,,,,,,,,,,,,,,,,
2633373.84080165,1244679.80895124,"0","0","946",484.9,2026/05/20 13:30:19+00,,,,,,,,,,,,,,,,,,,,,
2633373.68968944,1244679.80810174,"0","0","947",484.9,2026/05/20 13:30:20+00,,,,,,,,,,,,,,,,,,,,,
2633374.14052598,1244680.25536832,"0","0","948",484.9,2026/05/20 13:30:21+00,,,,,,,,,,,,,,,,,,,,,
2633374.13802591,1244680.7000864,"0","0","949",484.9,2026/05/20 13:30:22+00,,,,,,,,,,,,,,,,,,,,,
2633374.28726302,1244681.03447447,"0","0","950",484.9,2026/05/20 13:30:23+00,,,,,,,,,,,,,,,,,,,,,
2633373.9094826,1244681.0323507,"0","0","951",484.9,2026/05/20 13:30:24+00,,,,,,,,,,,,,,,,,,,,,
2633373.98441367,1244681.14395497,"0","0","952",484.9,2026/05/20 13:30:25+00,,,,,,,,,,,,,,,,,,,,,
2633374.2835129,1244681.70155158,"0","0","953",484.9,2026/05/20 13:30:26+00,,,,,,,,,,,,,,,,,,,,,
2633374.43400003,1244681.81358062,"0","0","954",484.9,2026/05/20 13:30:27+00,,,,,,,,,,,,,,,,,,,,,
2633374.20608176,1244682.03466539,"0","0","955",484.9,2026/05/20 13:30:28+00,,,,,,,,,,,,,,,,,,,,,
2633374.20608176,1244682.03466539,"0","0","956",484.9,2026/05/20 13:30:29+00,,,,,,,,,,,,,,,,,,,,,
2633374.20608176,1244682.03466539,"0","0","957",484.9,2026/05/20 13:30:30+00,,,,,,,,,,,,,,,,,,,,,
2633374.57948694,1244682.8150458,"0","0","958",484.9,2026/05/20 13:30:31+00,,,,,,,,,,,,,,,,,,,,,
2633374.50268083,1244683.03698008,"0","0","959",484.9,2026/05/20 13:30:32+00,,,,,,,,,,,,,,,,,,,,,
2633374.72934901,1244683.03825437,"0","0","960",484.9,2026/05/20 13:30:33+00,,,,,,,,,,,,,,,,,,,,,
2633374.80615513,1244682.81632009,"0","0","961",484.9,2026/05/20 13:30:34+00,,,,,,,,,,,,,,,,,,,,,
2633374.88171119,1244682.81674485,"0","0","962",484.9,2026/05/20 13:30:35+00,,,,,,,,,,,,,,,,,,,,,
2633374.80615513,1244682.81632009,"0","0","963",484.9,2026/05/20 13:30:36+00,,,,,,,,,,,,,,,,,,,,,
2633374.95601719,1244683.03952865,"0","0","964",484.9,2026/05/20 13:30:37+00,,,,,,,,,,,,,,,,,,,,,
2633375.03657353,1244682.15051726,"0","0","965",484.9,2026/05/20 13:30:38+00,,,,,,,,,,,,,,,,,,,,,
2633375.79150919,1244682.26594448,"0","0","966",484.9,2026/05/20 13:30:39+00,,,,,,,,,,,,,,,,,,,,,
2633376.24547067,1244682.15731363,"0","0","967",484.9,2026/05/20 13:30:40+00,,,,,,,,,,,,,,,,,,,,,
2633376.32040168,1244682.26891793,"0","0","968",484.9,2026/05/20 13:30:41+00,,,,,,,,,,,,,,,,,,,,,
2633376.17053966,1244682.04570933,"0","0","969",484.9,2026/05/20 13:30:42+00,,,,,,,,,,,,,,,,,,,,,
2633376.62700142,1244681.49236043,"0","0","970",484.9,2026/05/20 13:30:43+00,,,,,,,,,,,,,,,,,,,,,
2633377.38068698,1244681.83014689,"0","0","971",484.9,2026/05/20 13:30:44+00,,,,,,,,,,,,,,,,,,,,,
2633378.2124289,1244681.72364018,"0","0","972",484.9,2026/05/20 13:30:45+00,,,,,,,,,,,,,,,,,,,,,
2633379.19590813,1244681.5068037,"0","0","973",484.9,2026/05/20 13:30:46+00,,,,,,,,,,,,,,,,,,,,,
2633379.80035676,1244681.51020227,"0","0","974",484.9,2026/05/20 13:30:47+00,,,,,,,,,,,,,,,,,,,,,
2633380.48286203,1244681.06930767,"0","0","975",484.9,2026/05/20 13:30:48+00,,,,,,,,,,,,,,,,,,,,,
2633380.41168189,1244680.29062621,"0","0","976",484.9,2026/05/20 13:30:49+00,,,,,,,,,,,,,,,,,,,,,
2633380.71390628,1244680.29232555,"0","0","977",484.9,2026/05/20 13:30:50+00,,,,,,,,,,,,,,,,,,,,,
2633381.01550551,1244680.40520443,"0","0","978",484.9,2026/05/20 13:30:51+00,,,,,,,,,,,,,,,,,,,,,
2633380.93682369,1244680.96067718,"0","0","979",484.9,2026/05/20 13:30:52+00,,,,,,,,,,,,,,,,,,,,,
2633381.00800374,1244681.73935865,"0","0","980",484.9,2026/05/20 13:30:53+00,,,,,,,,,,,,,,,,,,,,,
2633380.55341701,1244681.95916866,"0","0","981",484.9,2026/05/20 13:30:54+00,,,,,,,,,,,,,,,,,,,,,
2633380.93369796,1244681.51657477,"0","0","982",484.9,2026/05/20 13:30:55+00,,,,,,,,,,,,,,,,,,,,,
2633380.4841123,1244680.84694864,"0","0","983",484.9,2026/05/20 13:30:56+00,,,,,,,,,,,,,,,,,,,,,
2633380.41168189,1244680.29062621,"0","0","984",484.9,2026/05/20 13:30:57+00,,,,,,,,,,,,,,,,,,,,,
2633380.25931944,1244680.51213558,"0","0","985",484.9,2026/05/20 13:30:58+00,,,,,,,,,,,,,,,,,,,,,
2633378.75194822,1244679.83656203,"0","0","986",485,2026/05/20 13:30:59+00,,,,,,,,,,,,,,,,,,,,,
2633377.62048195,1244679.49665139,"0","0","987",485,2026/05/20 13:31:00+00,,,,,,,,,,,,,,,,,,,,,
2633377.92333146,1244679.38717107,"0","0","988",485,2026/05/20 13:31:01+00,,,,,,,,,,,,,,,,,,,,,
2633377.089714,1244679.82721638,"0","0","989",485,2026/05/20 13:31:02+00,,,,,,,,,,,,,,,,,,,,,
2633377.089714,1244679.82721638,"0","0","990",485,2026/05/20 13:31:03+00,,,,,,,,,,,,,,,,,,,,,
2633377.16589517,1244679.71646166,"0","0","991",485,2026/05/20 13:31:04+00,,,,,,,,,,,,,,,,,,,,,
2633377.16589517,1244679.71646166,"0","0","992",485,2026/05/20 13:31:06+00,,,,,,,,,,,,,,,,,,,,,
2633376.26109712,1244679.37782566,"0","0","993",485,2026/05/20 13:31:07+00,,,,,,,,,,,,,,,,,,,,,
2633376.33602816,1244679.48942996,"0","0","994",485,2026/05/20 13:31:08+00,,,,,,,,,,,,,,,,,,,,,
2633376.33602816,1244679.48942996,"0","0","995",485,2026/05/20 13:31:09+00,,,,,,,,,,,,,,,,,,,,,
2633376.18554101,1244679.37740088,"0","0","996",485,2026/05/20 13:31:10+00,,,,,,,,,,,,,,,,,,,,,
2633376.10810974,1244679.71051466,"0","0","997",485,2026/05/20 13:31:11+00,,,,,,,,,,,,,,,,,,,,,
2633375.80651038,1244679.59763603,"0","0","998",485,2026/05/20 13:31:12+00,,,,,,,,,,,,,,,,,,,,,
2633375.43060498,1244679.26197361,"0","0","999",485,2026/05/20 13:31:13+00,,,,,,,,,,,,,,,,,,,,,
2633375.43123003,1244679.15079409,"0","0","1000",485,2026/05/20 13:31:14+00,,,,,,,,,,,,,,,,,,,,,
2633375.43123003,1244679.15079409,"0","0","1001",485,2026/05/20 13:31:15+00,,,,,,,,,,,,,,,,,,,,,
2633375.43123003,1244679.15079409,"0","0","1002",485,2026/05/20 13:31:16+00,,,,,,,,,,,,,,,,,,,,,
2633375.43123003,1244679.15079409,"0","0","1003",485,2026/05/20 13:31:17+00,,,,,,,,,,,,,,,,,,,,,
2633375.50553605,1244679.3735779,"0","0","1004",485,2026/05/20 13:31:18+00,,,,,,,,,,,,,,,,,,,,,
2633375.50553605,1244679.3735779,"0","0","1005",485,2026/05/20 13:31:19+00,,,,,,,,,,,,,,,,,,,,,
2633375.65539817,1244679.59678648,"0","0","1006",485,2026/05/20 13:31:20+00,,,,,,,,,,,,,,,,,,,,,
2633375.65539817,1244679.59678648,"0","0","1007",485,2026/05/20 13:31:21+00,,,,,,,,,,,,,,,,,,,,,
2633375.65539817,1244679.59678648,"0","0","1008",485,2026/05/20 13:31:22+00,,,,,,,,,,,,,,,,,,,,,
2633375.35442383,1244679.37272836,"0","0","1009",485,2026/05/20 13:31:23+00,,,,,,,,,,,,,,,,,,,,,
2633373.92198287,1244678.80876032,"0","0","1010",485,2026/05/20 13:31:24+00,,,,,,,,,,,,,,,,,,,,,
2633372.56322279,1244678.57875593,"0","0","1011",485,2026/05/20 13:31:25+00,,,,,,,,,,,,,,,,,,,,,
2633369.02145912,1244676.89110173,"0","0","1012",485.1,2026/05/20 13:31:26+00,,,,,,,,,,,,,,,,,,,,,
2633367.36547297,1244675.76996363,"0","0","1013",485.1,2026/05/20 13:31:27+00,,,,,,,,,,,,,,,,,,,,,
2633363.2891896,1244675.07995588,"0","0","1014",485.2,2026/05/20 13:31:28+00,,,,,,,,,,,,,,,,,,,,,
2633361.7025102,1244675.07103917,"0","0","1015",485.2,2026/05/20 13:31:29+00,,,,,,,,,,,,,,,,,,,,,
2633360.64222488,1244675.50981301,"0","0","1016",485.3,2026/05/20 13:31:30+00,,,,,,,,,,,,,,,,,,,,,
2633358.074565,1244675.27301876,"0","0","1017",485.3,2026/05/20 13:31:31+00,,,,,,,,,,,,,,,,,,,,,
2633353.68980923,1244675.69311462,"0","0","1018",485.4,2026/05/20 13:31:32+00,,,,,,,,,,,,,,,,,,,,,
2633352.32979846,1244675.6854739,"0","0","1019",485.5,2026/05/20 13:31:33+00,,,,,,,,,,,,,,,,,,,,,
2633348.84921903,1244676.5553852,"0","0","1020",485.6,2026/05/20 13:31:34+00,,,,,,,,,,,,,,,,,,,,,
2633347.86698917,1244676.54986768,"0","0","1021",485.6,2026/05/20 13:31:35+00,,,,,,,,,,,,,,,,,,,,,
2633345.21315705,1244678.20270644,"0","0","1022",485.7,2026/05/20 13:31:36+00,,,,,,,,,,,,,,,,,,,,,
2633341.51028267,1244678.29309226,"0","0","1023",485.9,2026/05/20 13:31:37+00,,,,,,,,,,,,,,,,,,,,,
2633340.53055065,1244677.84285786,"0","0","1024",485.9,2026/05/20 13:31:38+00,,,,,,,,,,,,,,,,,,,,,
2633337.49956496,1244679.38239894,"0","0","1025",486,2026/05/20 13:31:39+00,,,,,,,,,,,,,,,,,,,,,
2633336.43865792,1244679.93235664,"0","0","1026",486,2026/05/20 13:31:40+00,,,,,,,,,,,,,,,,,,,,,
2633335.74179698,1244682.93038535,"0","0","1027",486.5,2026/05/20 13:31:41+00,,,,,,,,,,,,,,,,,,,,,
2633334.51417175,1244686.25898298,"0","0","1028",487,2026/05/20 13:31:42+00,,,,,,,,,,,,,,,,,,,,,
2633333.97529137,1244688.03488567,"0","0","1029",487.2,2026/05/20 13:31:43+00,,,,,,,,,,,,,,,,,,,,,
2633333.81731249,1244689.25701197,"0","0","1030",487.4,2026/05/20 13:31:44+00,,,,,,,,,,,,,,,,,,,,,
2633331.98773902,1244692.13749819,"0","0","1031",488,2026/05/20 13:31:45+00,,,,,,,,,,,,,,,,,,,,,
2633331.60496553,1244693.02481334,"0","0","1032",488.1,2026/05/20 13:31:46+00,,,,,,,,,,,,,,,,,,,,,
2633329.99457167,1244697.24072717,"0","0","1033",488.8,2026/05/20 13:31:47+00,,,,,,,,,,,,,,,,,,,,,
2633329.38263448,1244698.57148802,"0","0","1034",489.1,2026/05/20 13:31:48+00,,,,,,,,,,,,,,,,,,,,,
2633328.30862425,1244701.45621733,"0","0","1035",489.6,2026/05/20 13:31:49+00,,,,,,,,,,,,,,,,,,,,,
2633327.08225519,1244704.5624576,"0","0","1036",490.2,2026/05/20 13:31:50+00,,,,,,,,,,,,,,,,,,,,,
2633326.77379073,1244705.67255631,"0","0","1037",490.4,2026/05/20 13:31:51+00,,,,,,,,,,,,,,,,,,,,,
2633324.33478711,1244709.43908811,"0","0","1038",491.2,2026/05/20 13:31:52+00,,,,,,,,,,,,,,,,,,,,,
2633322.12370167,1244712.98453415,"0","0","1039",492,2026/05/20 13:31:53+00,,,,,,,,,,,,,,,,,,,,,
2633321.28697295,1244713.98048502,"0","0","1040",492.3,2026/05/20 13:31:54+00,,,,,,,,,,,,,,,,,,,,,
2633320.52268007,1244715.53275776,"0","0","1041",492.7,2026/05/20 13:31:55+00,,,,,,,,,,,,,,,,,,,,,
2633319.23199418,1244716.63734407,"0","0","1042",493,2026/05/20 13:31:56+00,,,,,,,,,,,,,,,,,,,,,
2633318.69811291,1244717.523812,"0","0","1043",493.2,2026/05/20 13:31:57+00,,,,,,,,,,,,,,,,,,,,,
2633317.63035084,1244719.29674802,"0","0","1044",493.7,2026/05/20 13:31:58+00,,,,,,,,,,,,,,,,,,,,,
2633315.87697387,1244722.06648394,"0","0","1045",494.3,2026/05/20 13:31:59+00,,,,,,,,,,,,,,,,,,,,,
2633315.11642692,1244722.95168019,"0","0","1046",494.6,2026/05/20 13:32:00+00,,,,,,,,,,,,,,,,,,,,,
2633313.67213702,1244724.50013788,"0","0","1047",495,2026/05/20 13:32:01+00,,,,,,,,,,,,,,,,,,,,,
2633313.35868502,1244726.49967365,"0","0","1048",495.5,2026/05/20 13:32:02+00,,,,,,,,,,,,,,,,,,,,,
2633312.2097559,1244729.27280257,"0","0","1049",496.1,2026/05/20 13:32:03+00,,,,,,,,,,,,,,,,,,,,,
2633311.13451176,1244732.37989431,"0","0","1050",496.7,2026/05/20 13:32:04+00,,,,,,,,,,,,,,,,,,,,,
2633309.75767099,1244735.37411098,"0","0","1051",497.4,2026/05/20 13:32:05+00,,,,,,,,,,,,,,,,,,,,,
2633309.30059579,1244736.03864466,"0","0","1052",497.6,2026/05/20 13:32:06+00,,,,,,,,,,,,,,,,,,,,,
2633309.05334414,1244739.7062978,"0","0","1053",498.3,2026/05/20 13:32:07+00,,,,,,,,,,,,,,,,,,,,,
2633308.51821885,1244740.81512579,"0","0","1054",498.6,2026/05/20 13:32:08+00,,,,,,,,,,,,,,,,,,,,,
2633307.97311323,1244743.70282655,"0","0","1055",499.1,2026/05/20 13:32:09+00,,,,,,,,,,,,,,,,,,,,,
2633307.51291999,1244744.9232581,"0","0","1056",499.4,2026/05/20 13:32:10+00,,,,,,,,,,,,,,,,,,,,,
2633306.21725288,1244746.91728369,"0","0","1057",499.9,2026/05/20 13:32:11+00,,,,,,,,,,,,,,,,,,,,,
2633305.8301205,1244748.58285746,"0","0","1058",500.2,2026/05/20 13:32:12+00,,,,,,,,,,,,,,,,,,,,,
2633305.29562033,1244749.58050622,"0","0","1059",500.4,2026/05/20 13:32:13+00,,,,,,,,,,,,,,,,,,,,,
2633305.96127107,1244752.14145073,"0","0","1060",500.9,2026/05/20 13:32:14+00,,,,,,,,,,,,,,,,,,,,,
2633306.16735284,1244755.81164747,"0","0","1061",501.7,2026/05/20 13:32:15+00,,,,,,,,,,,,,,,,,,,,,
2633305.48299049,1244756.58608937,"0","0","1062",501.9,2026/05/20 13:32:16+00,,,,,,,,,,,,,,,,,,,,,
2633305.0852555,1244760.14171557,"0","0","1063",502.6,2026/05/20 13:32:17+00,,,,,,,,,,,,,,,,,,,,,
2633305.23075205,1244761.14317927,"0","0","1064",502.8,2026/05/20 13:32:18+00,,,,,,,,,,,,,,,,,,,,,
2633303.24823319,1244764.35636582,"0","0","1065",503.5,2026/05/20 13:32:19+00,,,,,,,,,,,,,,,,,,,,,
2633302.63630878,1244765.68712967,"0","0","1066",503.8,2026/05/20 13:32:20+00,,,,,,,,,,,,,,,,,,,,,
2633300.81363387,1244767.34465103,"0","0","1067",504.3,2026/05/20 13:32:21+00,,,,,,,,,,,,,,,,,,,,,
2633299.75274592,1244767.89461543,"0","0","1068",504.5,2026/05/20 13:32:22+00,,,,,,,,,,,,,,,,,,,,,
2633298.30847088,1244769.44307705,"0","0","1069",504.9,2026/05/20 13:32:23+00,,,,,,,,,,,,,,,,,,,,,
2633298.07245201,1244771.109499,"0","0","1070",505.3,2026/05/20 13:32:24+00,,,,,,,,,,,,,,,,,,,,,
2633296.40151343,1244772.65668976,"0","0","1071",505.7,2026/05/20 13:32:25+00,,,,,,,,,,,,,,,,,,,,,
2633295.03528949,1244773.76085774,"0","0","1072",506.1,2026/05/20 13:32:26+00,,,,,,,,,,,,,,,,,,,,,
2633294.19358558,1244775.64624905,"0","0","1073",506.5,2026/05/20 13:32:27+00,,,,,,,,,,,,,,,,,,,,,
2633292.75056087,1244776.97235295,"0","0","1074",506.9,2026/05/20 13:32:28+00,,,,,,,,,,,,,,,,,,,,,
2633291.9881539,1244778.19109096,"0","0","1075",507.2,2026/05/20 13:32:29+00,,,,,,,,,,,,,,,,,,,,,
2633290.77304171,1244779.29610735,"0","0","1076",507.5,2026/05/20 13:32:30+00,,,,,,,,,,,,,,,,,,,,,
2633289.85952581,1244780.51399827,"0","0","1077",507.8,2026/05/20 13:32:31+00,,,,,,,,,,,,,,,,,,,,,
2633287.88886647,1244781.61477852,"0","0","1078",508.3,2026/05/20 13:32:32+00,,,,,,,,,,,,,,,,,,,,,
2633287.5017414,1244783.28035364,"0","0","1079",508.6,2026/05/20 13:32:33+00,,,,,,,,,,,,,,,,,,,,,
2633286.13115792,1244785.16278062,"0","0","1080",509,2026/05/20 13:32:34+00,,,,,,,,,,,,,,,,,,,,,
2633282.65626238,1244785.03211504,"0","0","1081",509.7,2026/05/20 13:32:35+00,,,,,,,,,,,,,,,,,,,,,
2633281.44426978,1244785.58123557,"0","0","1082",510,2026/05/20 13:32:36+00,,,,,,,,,,,,,,,,,,,,,
2633280.07867487,1244786.57422749,"0","0","1083",510.3,2026/05/20 13:32:37+00,,,,,,,,,,,,,,,,,,,,,
2633279.15955305,1244788.79273612,"0","0","1084",510.8,2026/05/20 13:32:38+00,,,,,,,,,,,,,,,,,,,,,
2633278.70248535,1244789.45727226,"0","0","1085",510.9,2026/05/20 13:32:39+00,,,,,,,,,,,,,,,,,,,,,
2633278.24479452,1244790.23298799,"0","0","1086",511.1,2026/05/20 13:32:40+00,,,,,,,,,,,,,,,,,,,,,
2633277.25759782,1244791.11691866,"0","0","1087",511.4,2026/05/20 13:32:41+00,,,,,,,,,,,,,,,,,,,,,
2633276.11492974,1244792.77825944,"0","0","1088",511.8,2026/05/20 13:32:42+00,,,,,,,,,,,,,,,,,,,,,
2633275.04906328,1244794.2176648,"0","0","1089",512.1,2026/05/20 13:32:43+00,,,,,,,,,,,,,,,,,,,,,
2633274.81492136,1244795.5505491,"0","0","1090",512.4,2026/05/20 13:32:44+00,,,,,,,,,,,,,,,,,,,,,
2633275.33757197,1244796.66530917,"0","0","1091",512.6,2026/05/20 13:32:45+00,,,,,,,,,,,,,,,,,,,,,
2633274.57766373,1244797.43933122,"0","0","1092",512.8,2026/05/20 13:32:46+00,,,,,,,,,,,,,,,,,,,,,
2633274.50148597,1244797.55008731,"0","0","1093",512.9,2026/05/20 13:32:47+00,,,,,,,,,,,,,,,,,,,,,
2633273.96637226,1244798.65891859,"0","0","1094",513.1,2026/05/20 13:32:48+00,,,,,,,,,,,,,,,,,,,,,
2633273.43001247,1244799.99010906,"0","0","1095",513.4,2026/05/20 13:32:49+00,,,,,,,,,,,,,,,,,,,,,
2633272.96609181,1244801.87762088,"0","0","1096",513.8,2026/05/20 13:32:50+00,,,,,,,,,,,,,,,,,,,,,
2633272.27488476,1244803.87504194,"0","0","1097",514.2,2026/05/20 13:32:51+00,,,,,,,,,,,,,,,,,,,,,
2633272.6420642,1244805.76721185,"0","0","1098",514.6,2026/05/20 13:32:52+00,,,,,,,,,,,,,,,,,,,,,
2633273.01422847,1244806.76994526,"0","0","1099",514.8,2026/05/20 13:32:53+00,,,,,,,,,,,,,,,,,,,,,
2633272.78257999,1244807.65811141,"0","0","1100",515,2026/05/20 13:32:54+00,,,,,,,,,,,,,,,,,,,,,
2633272.16879746,1244809.32241728,"0","0","1101",515.4,2026/05/20 13:32:55+00,,,,,,,,,,,,,,,,,,,,,
2633271.70363168,1244811.43228837,"0","0","1102",515.8,2026/05/20 13:32:56+00,,,,,,,,,,,,,,,,,,,,,
2633271.47136046,1244812.43163415,"0","0","1103",516,2026/05/20 13:32:57+00,,,,,,,,,,,,,,,,,,,,,
2633271.16415803,1244813.31937694,"0","0","1104",516.1,2026/05/20 13:32:58+00,,,,,,,,,,,,,,,,,,,,,
2633271.15668083,1244814.65353177,"0","0","1105",516.4,2026/05/20 13:32:59+00,,,,,,,,,,,,,,,,,,,,,
2633270.84511689,1244816.31953156,"0","0","1106",516.7,2026/05/20 13:33:00+00,,,,,,,,,,,,,,,,,,,,,
2633270.60910747,1244817.98595482,"0","0","1107",517,2026/05/20 13:33:01+00,,,,,,,,,,,,,,,,,,,,,
2633270.14705829,1244819.53992823,"0","0","1108",517.2,2026/05/20 13:33:02+00,,,,,,,,,,,,,,,,,,,,,
2633269.08119803,1244820.97933477,"0","0","1109",517.6,2026/05/20 13:33:03+00,,,,,,,,,,,,,,,,,,,,,
2633268.01658436,1244822.19638236,"0","0","1110",517.8,2026/05/20 13:33:04+00,,,,,,,,,,,,,,,,,,,,,
2633267.85737629,1244823.64087001,"0","0","1111",517.9,2026/05/20 13:33:05+00,,,,,,,,,,,,,,,,,,,,,
2633267.70003739,1244824.75181894,"0","0","1112",517.9,2026/05/20 13:33:06+00,,,,,,,,,,,,,,,,,,,,,
2633267.84616159,1244825.64210232,"0","0","1113",517.9,2026/05/20 13:33:07+00,,,,,,,,,,,,,,,,,,,,,
2633267.77185342,1244825.41931978,"0","0","1114",517.9,2026/05/20 13:33:08+00,,,,,,,,,,,,,,,,,,,,,
2633267.92732319,1244824.64190957,"0","0","1115",517.9,2026/05/20 13:33:09+00,,,,,,,,,,,,,,,,,,,,,
2633268.15523204,1244824.42082062,"0","0","1116",517.9,2026/05/20 13:33:10+00,,,,,,,,,,,,,,,,,,,,,
2633268.07780866,1244824.75393594,"0","0","1117",517.9,2026/05/20 13:33:11+00,,,,,,,,,,,,,,,,,,,,,
2633268.38002567,1244824.75562955,"0","0","1118",517.9,2026/05/20 13:33:12+00,,,,,,,,,,,,,,,,,,,,,
2633268.90703626,1244825.09213212,"0","0","1119",517.9,2026/05/20 13:33:13+00,,,,,,,,,,,,,,,,,,,,,
2633268.90703626,1244825.09213212,"0","0","1120",517.9,2026/05/20 13:33:14+00,,,,,,,,,,,,,,,,,,,,,
2633268.75530471,1244825.20246488,"0","0","1121",517.9,2026/05/20 13:33:15+00,,,,,,,,,,,,,,,,,,,,,
2633268.75343554,1244825.5360036,"0","0","1122",517.9,2026/05/20 13:33:16+00,,,,,,,,,,,,,,,,,,,,,
2633268.75281248,1244825.64718317,"0","0","1123",517.9,2026/05/20 13:33:17+00,,,,,,,,,,,,,,,,,,,,,
2633268.52490366,1244825.86827209,"0","0","1124",518,2026/05/20 13:33:18+00,,,,,,,,,,,,,,,,,,,,,
2633268.90267485,1244825.87038914,"0","0","1125",518,2026/05/20 13:33:19+00,,,,,,,,,,,,,,,,,,,,,
2633269.27857684,1244826.20604493,"0","0","1126",518,2026/05/20 13:33:20+00,,,,,,,,,,,,,,,,,,,,,
2633269.65821723,1244825.8746233,"0","0","1127",518,2026/05/20 13:33:21+00,,,,,,,,,,,,,,,,,,,,,
2633269.88550302,1244825.76471399,"0","0","1128",518,2026/05/20 13:33:22+00,,,,,,,,,,,,,,,,,,,,,
2633269.96230342,1244825.54277827,"0","0","1129",518,2026/05/20 13:33:23+00,,,,,,,,,,,,,,,,,,,,,
2633270.34007463,1244825.54489541,"0","0","1130",518,2026/05/20 13:33:24+00,,,,,,,,,,,,,,,,,,,,,
2633270.34069772,1244825.43371584,"0","0","1131",518,2026/05/20 13:33:25+00,,,,,,,,,,,,,,,,,,,,,
2633270.49492165,1244824.87866483,"0","0","1132",518,2026/05/20 13:33:26+00,,,,,,,,,,,,,,,,,,,,,
2633270.49554473,1244824.76748527,"0","0","1133",518,2026/05/20 13:33:27+00,,,,,,,,,,,,,,,,,,,,,
2633270.94949335,1244824.6588463,"0","0","1134",518,2026/05/20 13:33:28+00,,,,,,,,,,,,,,,,,,,,,
2633271.32851082,1244824.43860435,"0","0","1135",518,2026/05/20 13:33:29+00,,,,,,,,,,,,,,,,,,,,,
2633271.55330427,1244824.7734134,"0","0","1136",518,2026/05/20 13:33:30+00,,,,,,,,,,,,,,,,,,,,,
2633271.62885852,1244824.77383685,"0","0","1137",518,2026/05/20 13:33:31+00,,,,,,,,,,,,,,,,,,,,,
2633271.40032645,1244825.10610523,"0","0","1138",518,2026/05/20 13:33:32+00,,,,,,,,,,,,,,,,,,,,,
2633271.1730406,1244825.21601448,"0","0","1139",518,2026/05/20 13:33:33+00,,,,,,,,,,,,,,,,,,,,,
2633270.56736045,1244825.43498613,"0","0","1140",518,2026/05/20 13:33:34+00,,,,,,,,,,,,,,,,,,,,,
2633270.56798354,1244825.32380656,"0","0","1141",518,2026/05/20 13:33:35+00,,,,,,,,,,,,,,,,,,,,,
2633270.26576656,1244825.32211284,"0","0","1142",518,2026/05/20 13:33:36+00,,,,,,,,,,,,,,,,,,,,,
2633270.11528115,1244825.21008641,"0","0","1143",518,2026/05/20 13:33:37+00,,,,,,,,,,,,,,,,,,,,,
2633269.96105726,1244825.76513742,"0","0","1144",518,2026/05/20 13:33:38+00,,,,,,,,,,,,,,,,,,,,,
2633270.03723458,1244825.65438127,"0","0","1145",518,2026/05/20 13:33:39+00,,,,,,,,,,,,,,,,,,,,,
2633270.26327422,1244825.76683113,"0","0","1146",518,2026/05/20 13:33:40+00,,,,,,,,,,,,,,,,,,,,,
2633270.03848074,1244825.43202213,"0","0","1147",518,2026/05/20 13:33:41+00,,,,,,,,,,,,,,,,,,,,,
2633270.18958923,1244825.43286898,"0","0","1148",518,2026/05/20 13:33:42+00,,,,,,,,,,,,,,,,,,,,,
2633270.2638973,1244825.65565156,"0","0","1149",518,2026/05/20 13:33:43+00,,,,,,,,,,,,,,,,,,,,,
2633270.48931385,1244825.87928099,"0","0","1150",518,2026/05/20 13:33:44+00,,,,,,,,,,,,,,,,,,,,,
2633270.48993694,1244825.76810142,"0","0","1151",518,2026/05/20 13:33:45+00,,,,,,,,,,,,,,,,,,,,,
2633270.5580141,1244827.10267973,"0","0","1152",518,2026/05/20 13:33:46+00,,,,,,,,,,,,,,,,,,,,,
2633270.93266973,1244827.66069477,"0","0","1153",518,2026/05/20 13:33:47+00,,,,,,,,,,,,,,,,,,,,,
2633271.237379,1244827.21767024,"0","0","1154",518,2026/05/20 13:33:48+00,,,,,,,,,,,,,,,,,,,,,
2633271.01196253,1244826.99404077,"0","0","1155",518,2026/05/20 13:33:49+00,,,,,,,,,,,,,,,,,,,,,
2633271.16057858,1244827.43960594,"0","0","1156",518,2026/05/20 13:33:50+00,,,,,,,,,,,,,,,,,,,,,
2633271.2361328,1244827.44002938,"0","0","1157",518,2026/05/20 13:33:51+00,,,,,,,,,,,,,,,,,,,,,
2633271.2361328,1244827.44002938,"0","0","1158",518,2026/05/20 13:33:52+00,,,,,,,,,,,,,,,,,,,,,
2633271.32165668,1244825.66157965,"0","0","1159",518,2026/05/20 13:33:53+00,,,,,,,,,,,,,,,,,,,,,
2633271.62574297,1244825.32973472,"0","0","1160",518,2026/05/20 13:33:54+00,,,,,,,,,,,,,,,,,,,,,
2633271.62948163,1244824.66265728,"0","0","1161",518,2026/05/20 13:33:55+00,,,,,,,,,,,,,,,,,,,,,
2633272.16023076,1244824.33208271,"0","0","1162",518,2026/05/20 13:33:56+00,,,,,,,,,,,,,,,,,,,,,
2633272.54174081,1244823.66712255,"0","0","1163",518,2026/05/20 13:33:57+00,,,,,,,,,,,,,,,,,,,,,
2633273.22359863,1244823.337395,"0","0","1164",518,2026/05/20 13:33:58+00,,,,,,,,,,,,,,,,,,,,,
2633273.60136998,1244823.33951234,"0","0","1165",518,2026/05/20 13:33:59+00,,,,,,,,,,,,,,,,,,,,,
2633273.67505481,1244823.67347453,"0","0","1166",518,2026/05/20 13:34:00+00,,,,,,,,,,,,,,,,,,,,,
2633273.97727187,1244823.67516842,"0","0","1167",518,2026/05/20 13:34:01+00,,,,,,,,,,,,,,,,,,,,,
2633274.35566637,1244823.56610625,"0","0","1168",518,2026/05/20 13:34:02+00,,,,,,,,,,,,,,,,,,,,,
2633274.73468404,1244823.34586452,"0","0","1169",518,2026/05/20 13:34:03+00,,,,,,,,,,,,,,,,,,,,,
2633275.41342611,1244823.57203508,"0","0","1170",517.9,2026/05/20 13:34:04+00,,,,,,,,,,,,,,,,,,,,,
2633275.64133528,1244823.35094642,"0","0","1171",517.9,2026/05/20 13:34:05+00,,,,,,,,,,,,,,,,,,,,,
2633275.71688955,1244823.35136992,"0","0","1172",517.9,2026/05/20 13:34:06+00,,,,,,,,,,,,,,,,,,,,,
2633275.64008891,1244823.57330557,"0","0","1173",517.9,2026/05/20 13:34:07+00,,,,,,,,,,,,,,,,,,,,,
2633275.5626651,1244823.90642079,"0","0","1174",517.9,2026/05/20 13:34:08+00,,,,,,,,,,,,,,,,,,,,,
2633275.55767963,1244824.79585736,"0","0","1175",517.9,2026/05/20 13:34:09+00,,,,,,,,,,,,,,,,,,,,,
2633275.55456371,1244825.35175522,"0","0","1176",517.9,2026/05/20 13:34:10+00,,,,,,,,,,,,,,,,,,,,,
2633275.10061507,1244825.46039383,"0","0","1177",517.9,2026/05/20 13:34:11+00,,,,,,,,,,,,,,,,,,,,,
2633274.64728961,1244825.45785291,"0","0","1178",517.9,2026/05/20 13:34:12+00,,,,,,,,,,,,,,,,,,,,,
2633274.56986587,1244825.79096814,"0","0","1179",517.9,2026/05/20 13:34:13+00,,,,,,,,,,,,,,,,,,,,,
2633274.34444947,1244825.56733855,"0","0","1180",517.9,2026/05/20 13:34:14+00,,,,,,,,,,,,,,,,,,,,,
2633274.34943476,1244824.67790197,"0","0","1181",517.9,2026/05/20 13:34:15+00,,,,,,,,,,,,,,,,,,,,,
2633274.27512682,1244824.45511934,"0","0","1182",517.9,2026/05/20 13:34:16+00,,,,,,,,,,,,,,,,,,,,,
2633274.35317372,1244824.01082454,"0","0","1183",517.9,2026/05/20 13:34:17+00,,,,,,,,,,,,,,,,,,,,,
2633274.20393467,1244823.67643886,"0","0","1184",517.9,2026/05/20 13:34:18+00,,,,,,,,,,,,,,,,,,,,,
2633273.82865594,1244823.22960319,"0","0","1185",517.8,2026/05/20 13:34:19+00,,,,,,,,,,,,,,,,,,,,,
2633273.90483337,1244823.11884709,"0","0","1186",517.8,2026/05/20 13:34:20+00,,,,,,,,,,,,,,,,,,,,,
2633273.68128629,1244822.56167881,"0","0","1187",517.8,2026/05/20 13:34:21+00,,,,,,,,,,,,,,,,,,,,,
2633273.22920688,1244822.33677885,"0","0","1188",517.8,2026/05/20 13:34:22+00,,,,,,,,,,,,,,,,,,,,,
2633273.23169944,1244821.89206056,"0","0","1189",517.8,2026/05/20 13:34:23+00,,,,,,,,,,,,,,,,,,,,,
2633273.00254403,1244822.33550845,"0","0","1190",517.8,2026/05/20 13:34:24+00,,,,,,,,,,,,,,,,,,,,,
2633272.70095003,1244822.22263503,"0","0","1191",517.8,2026/05/20 13:34:25+00,,,,,,,,,,,,,,,,,,,,,
2633273.22983002,1244822.22559927,"0","0","1192",517.8,2026/05/20 13:34:26+00,,,,,,,,,,,,,,,,,,,,,
2633273.45462345,1244822.5604084,"0","0","1193",517.8,2026/05/20 13:34:27+00,,,,,,,,,,,,,,,,,,,,,
2633273.37470717,1244823.33824193,"0","0","1194",517.7,2026/05/20 13:34:28+00,,,,,,,,,,,,,,,,,,,,,
2633273.52581571,1244823.33908887,"0","0","1195",517.7,2026/05/20 13:34:29+00,,,,,,,,,,,,,,,,,,,,,
2633273.97851818,1244823.45280928,"0","0","1196",517.7,2026/05/20 13:34:30+00,,,,,,,,,,,,,,,,,,,,,
2633274.13087303,1244823.23129709,"0","0","1197",517.7,2026/05/20 13:34:31+00,,,,,,,,,,,,,,,,,,,,,
2633274.88579258,1244823.34671149,"0","0","1198",517.7,2026/05/20 13:34:32+00,,,,,,,,,,,,,,,,,,,,,
2633274.95947733,1244823.6806737,"0","0","1199",517.7,2026/05/20 13:34:33+00,,,,,,,,,,,,,,,,,,,,,
2633274.80774563,1244823.7910063,"0","0","1200",517.7,2026/05/20 13:34:34+00,,,,,,,,,,,,,,,,,,,,,
2633274.80400662,1244824.45808373,"0","0","1201",517.7,2026/05/20 13:34:35+00,,,,,,,,,,,,,,,,,,,,,
2633274.72658286,1244824.79119896,"0","0","1202",517.7,2026/05/20 13:34:36+00,,,,,,,,,,,,,,,,,,,,,
2633274.72346702,1244825.34709682,"0","0","1203",517.7,2026/05/20 13:34:37+00,,,,,,,,,,,,,,,,,,,,,
2633274.94888341,1244825.57072643,"0","0","1204",517.7,2026/05/20 13:34:38+00,,,,,,,,,,,,,,,,,,,,,
2633274.87208283,1244825.79266208,"0","0","1205",517.6,2026/05/20 13:34:39+00,,,,,,,,,,,,,,,,,,,,,
2633275.02194496,1244826.01586821,"0","0","1206",517.6,2026/05/20 13:34:40+00,,,,,,,,,,,,,,,,,,,,,
2633275.09687602,1244826.12747127,"0","0","1207",517.6,2026/05/20 13:34:41+00,,,,,,,,,,,,,,,,,,,,,
2633274.94514438,1244826.23780386,"0","0","1208",517.6,2026/05/20 13:34:42+00,,,,,,,,,,,,,,,,,,,,,
2633274.8683438,1244826.45973952,"0","0","1209",517.6,2026/05/20 13:34:43+00,,,,,,,,,,,,,,,,,,,,,
2633274.72035118,1244825.90299468,"0","0","1210",517.6,2026/05/20 13:34:44+00,,,,,,,,,,,,,,,,,,,,,
2633274.87457551,1244825.3479438,"0","0","1211",517.6,2026/05/20 13:34:45+00,,,,,,,,,,,,,,,,,,,,,
2633275.02693035,1244825.12643163,"0","0","1212",517.6,2026/05/20 13:34:46+00,,,,,,,,,,,,,,,,,,,,,
2633274.8002676,1244825.12516116,"0","0","1213",517.6,2026/05/20 13:34:47+00,,,,,,,,,,,,,,,,,,,,,
2633274.9557383,1244824.34775113,"0","0","1214",517.6,2026/05/20 13:34:48+00,,,,,,,,,,,,,,,,,,,,,
2633274.57921334,1244824.12327455,"0","0","1215",517.5,2026/05/20 13:34:49+00,,,,,,,,,,,,,,,,,,,,,
2633274.43059747,1244823.6777093,"0","0","1216",517.5,2026/05/20 13:34:50+00,,,,,,,,,,,,,,,,,,,,,
2633273.75185537,1244823.45153886,"0","0","1217",517.5,2026/05/20 13:34:51+00,,,,,,,,,,,,,,,,,,,,,
2633273.45213087,1244823.00512669,"0","0","1218",517.5,2026/05/20 13:34:52+00,,,,,,,,,,,,,,,,,,,,,
2633273.00005149,1244822.78022674,"0","0","1219",517.5,2026/05/20 13:34:53+00,,,,,,,,,,,,,,,,,,,,,
2633272.32193236,1244822.44287689,"0","0","1220",517.5,2026/05/20 13:34:54+00,,,,,,,,,,,,,,,,,,,,,
2633272.0946464,1244822.5527861,"0","0","1221",517.5,2026/05/20 13:34:55+00,,,,,,,,,,,,,,,,,,,,,
2633271.79242927,1244822.55109229,"0","0","1222",517.4,2026/05/20 13:34:56+00,,,,,,,,,,,,,,,,,,,,,
2633271.79242927,1244822.55109229,"0","0","1223",517.4,2026/05/20 13:34:57+00,,,,,,,,,,,,,,,,,,,,,
2633271.71313633,1244823.21774628,"0","0","1224",517.4,2026/05/20 13:34:58+00,,,,,,,,,,,,,,,,,,,,,
2633271.71313633,1244823.21774628,"0","0","1225",517.4,2026/05/20 13:34:59+00,,,,,,,,,,,,,,,,,,,,,
2633271.71313633,1244823.21774628,"0","0","1226",517.4,2026/05/20 13:35:00+00,,,,,,,,,,,,,,,,,,,,,
2633271.63508962,1244823.66204112,"0","0","1227",517.4,2026/05/20 13:35:01+00,,,,,,,,,,,,,,,,,,,,,
2633271.55828913,1244823.88397683,"0","0","1228",517.4,2026/05/20 13:35:02+00,,,,,,,,,,,,,,,,,,,,,
2633271.25669518,1244823.77110348,"0","0","1229",517.4,2026/05/20 13:35:03+00,,,,,,,,,,,,,,,,,,,,,
2633271.25669518,1244823.77110348,"0","0","1230",517.4,2026/05/20 13:35:04+00,,,,,,,,,,,,,,,,,,,,,
2633271.10496355,1244823.88143617,"0","0","1231",517.4,2026/05/20 13:35:05+00,,,,,,,,,,,,,,,,,,,,,
2633270.95323193,1244823.99176886,"0","0","1232",517.4,2026/05/20 13:35:06+00,,,,,,,,,,,,,,,,,,,,,
2633270.65039179,1244824.10125469,"0","0","1233",517.4,2026/05/20 13:35:07+00,,,,,,,,,,,,,,,,,,,,,
2633270.8021234,1244823.99092199,"0","0","1234",517.4,2026/05/20 13:35:08+00,,,,,,,,,,,,,,,,,,,,,
2633270.57546062,1244823.98965168,"0","0","1235",517.4,2026/05/20 13:35:09+00,,,,,,,,,,,,,,,,,,,,,
2633270.19644314,1244824.20989368,"0","0","1236",517.4,2026/05/20 13:35:10+00,,,,,,,,,,,,,,,,,,,,,
2633270.12275812,1244823.87593153,"0","0","1237",517.4,2026/05/20 13:35:11+00,,,,,,,,,,,,,,,,,,,,,
2633270.04845002,1244823.65314896,"0","0","1238",517.3,2026/05/20 13:35:12+00,,,,,,,,,,,,,,,,,,,,,
2633269.97351883,1244823.54154596,"0","0","1239",517.3,2026/05/20 13:35:13+00,,,,,,,,,,,,,,,,,,,,,
2633269.97414191,1244823.43036639,"0","0","1240",517.3,2026/05/20 13:35:14+00,,,,,,,,,,,,,,,,,,,,,
2633270.35315943,1244823.21012438,"0","0","1241",517.3,2026/05/20 13:35:15+00,,,,,,,,,,,,,,,,,,,,,
2633270.20205088,1244823.20927753,"0","0","1242",517.3,2026/05/20 13:35:17+00,,,,,,,,,,,,,,,,,,,,,
2633270.12711969,1244823.09767453,"0","0","1243",517.3,2026/05/20 13:35:18+00,,,,,,,,,,,,,,,,,,,,,
2633270.95572431,1244823.54705057,"0","0","1244",517.3,2026/05/20 13:35:19+00,,,,,,,,,,,,,,,,,,,,,
2633271.18176402,1244823.65950046,"0","0","1245",517.3,2026/05/20 13:35:20+00,,,,,,,,,,,,,,,,,,,,,
2633271.41154234,1244823.10487293,"0","0","1246",517.3,2026/05/20 13:35:21+00,,,,,,,,,,,,,,,,,,,,,
2633271.40904992,1244823.54959122,"0","0","1247",517.3,2026/05/20 13:35:22+00,,,,,,,,,,,,,,,,,,,,,
2633271.71936744,1244822.10595056,"0","0","1248",517.2,2026/05/20 13:35:23+00,,,,,,,,,,,,,,,,,,,,,
2633272.09402328,1244822.66396567,"0","0","1249",517.2,2026/05/20 13:35:24+00,,,,,,,,,,,,,,,,,,,,,
2633272.54797208,1244822.55532683,"0","0","1250",517.2,2026/05/20 13:35:25+00,,,,,,,,,,,,,,,,,,,,,
2633272.99880522,1244823.00258588,"0","0","1251",517.2,2026/05/20 13:35:26+00,,,,,,,,,,,,,,,,,,,,,
2633273.1486675,1244823.22579196,"0","0","1252",517.2,2026/05/20 13:35:27+00,,,,,,,,,,,,,,,,,,,,,
2633273.52456942,1244823.56144801,"0","0","1253",517.2,2026/05/20 13:35:28+00,,,,,,,,,,,,,,,,,,,,,
2633273.67318536,1244824.00701325,"0","0","1254",517.1,2026/05/20 13:35:29+00,,,,,,,,,,,,,,,,,,,,,
2633274.6528981,1244824.45723676,"0","0","1255",517.1,2026/05/20 13:35:30+00,,,,,,,,,,,,,,,,,,,,,
2633275.4815022,1244824.90661344,"0","0","1256",517.1,2026/05/20 13:35:31+00,,,,,,,,,,,,,,,,,,,,,
2633276.23517511,1244825.24438716,"0","0","1257",517.1,2026/05/20 13:35:32+00,,,,,,,,,,,,,,,,,,,,,
2633277.06377897,1244825.69376406,"0","0","1258",517,2026/05/20 13:35:33+00,,,,,,,,,,,,,,,,,,,,,
2633277.8174517,1244826.03153798,"0","0","1259",517,2026/05/20 13:35:34+00,,,,,,,,,,,,,,,,,,,,,
2633280.29827604,1244828.26910629,"0","0","1260",517,2026/05/20 13:35:35+00,,,,,,,,,,,,,,,,,,,,,
2633282.47563515,1244830.72734045,"0","0","1261",516.9,2026/05/20 13:35:36+00,,,,,,,,,,,,,,,,,,,,,
2633285.48969839,1244832.18961906,"0","0","1262",516.9,2026/05/20 13:35:37+00,,,,,,,,,,,,,,,,,,,,,
2633286.62114057,1244832.52951223,"0","0","1263",516.8,2026/05/20 13:35:38+00,,,,,,,,,,,,,,,,,,,,,
2633289.1887349,1244832.76627561,"0","0","1264",516.8,2026/05/20 13:35:39+00,,,,,,,,,,,,,,,,,,,,,
2633290.24399917,1244833.21692538,"0","0","1265",516.8,2026/05/20 13:35:40+00,,,,,,,,,,,,,,,,,,,,,
2633293.25244758,1244835.67982412,"0","0","1266",516.8,2026/05/20 13:35:41+00,,,,,,,,,,,,,,,,,,,,,
2633294.07980163,1244836.35156256,"0","0","1267",516.8,2026/05/20 13:35:42+00,,,,,,,,,,,,,,,,,,,,,
2633298.22592322,1244838.04256292,"0","0","1268",516.8,2026/05/20 13:35:43+00,,,,,,,,,,,,,,,,,,,,,
2633299.80881712,1244838.71854007,"0","0","1269",516.9,2026/05/20 13:35:44+00,,,,,,,,,,,,,,,,,,,,,
2633301.38609764,1244840.39513381,"0","0","1270",516.9,2026/05/20 13:35:45+00,,,,,,,,,,,,,,,,,,,,,
2633303.27307785,1244840.73926848,"0","0","1271",516.9,2026/05/20 13:35:46+00,,,,,,,,,,,,,,,,,,,,,
2633306.50817908,1244843.20344555,"0","0","1272",517,2026/05/20 13:35:47+00,,,,,,,,,,,,,,,,,,,,,
2633308.45574084,1244846.21631556,"0","0","1273",517.2,2026/05/20 13:35:48+00,,,,,,,,,,,,,,,,,,,,,
2633308.90469803,1244846.9971161,"0","0","1274",517.2,2026/05/20 13:35:49+00,,,,,,,,,,,,,,,,,,,,,
2633310.32337979,1244850.00701933,"0","0","1275",517.3,2026/05/20 13:35:50+00,,,,,,,,,,,,,,,,,,,,,
2633311.14573907,1244851.56819679,"0","0","1276",517.4,2026/05/20 13:35:51+00,,,,,,,,,,,,,,,,,,,,,
2633311.88193825,1244855.01900323,"0","0","1277",517.6,2026/05/20 13:35:52+00,,,,,,,,,,,,,,,,,,,,,
2633313.22319103,1244858.36202199,"0","0","1278",517.8,2026/05/20 13:35:53+00,,,,,,,,,,,,,,,,,,,,,
2633313.51979123,1244859.36433411,"0","0","1279",517.8,2026/05/20 13:35:54+00,,,,,,,,,,,,,,,,,,,,,
2633313.73147897,1244862.03391595,"0","0","1280",518,2026/05/20 13:35:55+00,,,,,,,,,,,,,,,,,,,,,
2633314.17918642,1244863.03707608,"0","0","1281",518,2026/05/20 13:35:56+00,,,,,,,,,,,,,,,,,,,,,
2633314.6262698,1244864.15141583,"0","0","1282",518.1,2026/05/20 13:35:57+00,,,,,,,,,,,,,,,,,,,,,
2633315.13268454,1244868.1568487,"0","0","1283",518.4,2026/05/20 13:35:58+00,,,,,,,,,,,,,,,,,,,,,
2633314.65752506,1244872.04559007,"0","0","1284",518.6,2026/05/20 13:35:59+00,,,,,,,,,,,,,,,,,,,,,
2633314.65128584,1244873.15738589,"0","0","1285",518.7,2026/05/20 13:36:00+00,,,,,,,,,,,,,,,,,,,,,
2633314.02689161,1244876.71174062,"0","0","1286",518.9,2026/05/20 13:36:01+00,,,,,,,,,,,,,,,,,,,,,
2633313.64413243,1244877.59905736,"0","0","1287",519,2026/05/20 13:36:02+00,,,,,,,,,,,,,,,,,,,,,
2633313.7777702,1244880.71293369,"0","0","1288",519.3,2026/05/20 13:36:03+00,,,,,,,,,,,,,,,,,,,,,
2633313.92326209,1244881.71439792,"0","0","1289",519.4,2026/05/20 13:36:04+00,,,,,,,,,,,,,,,,,,,,,
2633313.60295477,1244884.93690996,"0","0","1290",519.6,2026/05/20 13:36:05+00,,,,,,,,,,,,,,,,,,,,,
2633313.59733963,1244885.93752624,"0","0","1291",519.7,2026/05/20 13:36:06+00,,,,,,,,,,,,,,,,,,,,,
2633314.71067611,1244889.50163285,"0","0","1292",520,2026/05/20 13:36:07+00,,,,,,,,,,,,,,,,,,,,,
2633315.1590052,1244890.39361354,"0","0","1293",520,2026/05/20 13:36:08+00,,,,,,,,,,,,,,,,,,,,,
2633314.68509518,1244894.05999596,"0","0","1294",520.3,2026/05/20 13:36:09+00,,,,,,,,,,,,,,,,,,,,,
2633314.2255358,1244895.16924789,"0","0","1295",520.4,2026/05/20 13:36:10+00,,,,,,,,,,,,,,,,,,,,,
2633314.51839038,1244896.83863769,"0","0","1296",520.5,2026/05/20 13:36:11+00,,,,,,,,,,,,,,,,,,,,,
2633314.35480532,1244899.06138151,"0","0","1297",520.7,2026/05/20 13:36:12+00,,,,,,,,,,,,,,,,,,,,,
2633313.66546698,1244900.72525948,"0","0","1298",520.8,2026/05/20 13:36:13+00,,,,,,,,,,,,,,,,,,,,,
2633313.65548447,1244902.50413294,"0","0","1299",521,2026/05/20 13:36:14+00,,,,,,,,,,,,,,,,,,,,,
2633313.04606722,1244903.39017784,"0","0","1300",521.1,2026/05/20 13:36:15+00,,,,,,,,,,,,,,,,,,,,,
2633312.89371294,1244903.61168908,"0","0","1301",521.1,2026/05/20 13:36:16+00,,,,,,,,,,,,,,,,,,,,,
2633313.19530202,1244903.72456456,"0","0","1302",521.1,2026/05/20 13:36:17+00,,,,,,,,,,,,,,,,,,,,,
2633312.88934569,1244904.38994622,"0","0","1303",521.2,2026/05/20 13:36:18+00,,,,,,,,,,,,,,,,,,,,,
2633312.50596453,1244905.3884427,"0","0","1304",521.2,2026/05/20 13:36:19+00,,,,,,,,,,,,,,,,,,,,,
2633312.42791577,1244905.8327371,"0","0","1305",521.3,2026/05/20 13:36:20+00,,,,,,,,,,,,,,,,,,,,,
2633312.65519932,1244905.72282941,"0","0","1306",521.3,2026/05/20 13:36:21+00,,,,,,,,,,,,,,,,,,,,,
2633312.71889863,1244907.83566564,"0","0","1307",521.5,2026/05/20 13:36:22+00,,,,,,,,,,,,,,,,,,,,,
2633311.73608325,1244907.9413337,"0","0","1308",521.6,2026/05/20 13:36:23+00,,,,,,,,,,,,,,,,,,,,,
2633311.35956502,1244907.71685473,"0","0","1309",521.6,2026/05/20 13:36:24+00,,,,,,,,,,,,,,,,,,,,,
2633310.52785604,1244907.8233709,"0","0","1310",521.7,2026/05/20 13:36:25+00,,,,,,,,,,,,,,,,,,,,,
2633310.07391304,1244907.93200686,"0","0","1311",521.7,2026/05/20 13:36:26+00,,,,,,,,,,,,,,,,,,,,,
2633309.84538195,1244908.26427383,"0","0","1312",521.7,2026/05/20 13:36:27+00,,,,,,,,,,,,,,,,,,,,,
2633309.99711217,1244908.15394211,"0","0","1313",521.7,2026/05/20 13:36:28+00,,,,,,,,,,,,,,,,,,,,,
2633309.61747473,1244908.48536122,"0","0","1314",521.8,2026/05/20 13:36:29+00,,,,,,,,,,,,,,,,,,,,,
2633309.69178025,1244908.70814434,"0","0","1315",521.8,2026/05/20 13:36:30+00,,,,,,,,,,,,,,,,,,,,,
2633309.69178025,1244908.70814434,"0","0","1316",521.8,2026/05/20 13:36:31+00,,,,,,,,,,,,,,,,,,,,,
2633309.23970881,1244908.48324158,"0","0","1317",521.8,2026/05/20 13:36:32+00,,,,,,,,,,,,,,,,,,,,,
2633309.31339051,1244908.81720429,"0","0","1318",521.9,2026/05/20 13:36:33+00,,,,,,,,,,,,,,,,,,,,,
2633309.38956752,1244908.70644862,"0","0","1319",521.9,2026/05/20 13:36:34+00,,,,,,,,,,,,,,,,,,,,,
2633309.39081518,1244908.48408943,"0","0","1320",521.9,2026/05/20 13:36:35+00,,,,,,,,,,,,,,,,,,,,,
2633309.391439,1244908.37290984,"0","0","1321",521.9,2026/05/20 13:36:36+00,,,,,,,,,,,,,,,,,,,,,
2633309.31526199,1244908.48366551,"0","0","1322",521.9,2026/05/20 13:36:37+00,,,,,,,,,,,,,,,,,,,,,
2633309.24095646,1244908.26088239,"0","0","1323",521.9,2026/05/20 13:36:38+00,,,,,,,,,,,,,,,,,,,,,
2633309.24095646,1244908.26088239,"0","0","1324",521.9,2026/05/20 13:36:39+00,,,,,,,,,,,,,,,,,,,,,
2633309.24095646,1244908.26088239,"0","0","1325",521.9,2026/05/20 13:36:40+00,,,,,,,,,,,,,,,,,,,,,
2633309.24095646,1244908.26088239,"0","0","1326",521.9,2026/05/20 13:36:41+00,,,,,,,,,,,,,,,,,,,,,
2633308.71333177,1244908.03555575,"0","0","1327",522,2026/05/20 13:36:42+00,,,,,,,,,,,,,,,,,,,,,
2633308.7901326,1244907.81362048,"0","0","1328",522,2026/05/20 13:36:43+00,,,,,,,,,,,,,,,,,,,,,
2633308.71520322,1244907.70201697,"0","0","1329",522,2026/05/20 13:36:44+00,,,,,,,,,,,,,,,,,,,,,
2633308.63965002,1244907.70159305,"0","0","1330",522,2026/05/20 13:36:45+00,,,,,,,,,,,,,,,,,,,,,
2633308.79200404,1244907.4800817,"0","0","1331",522,2026/05/20 13:36:46+00,,,,,,,,,,,,,,,,,,,,,
2633308.94311044,1244907.48092954,"0","0","1332",522.1,2026/05/20 13:36:47+00,,,,,,,,,,,,,,,,,,,,,
2633308.86693342,1244907.59168521,"0","0","1333",522.1,2026/05/20 13:36:48+00,,,,,,,,,,,,,,,,,,,,,
2633308.94311044,1244907.48092954,"0","0","1334",522.1,2026/05/20 13:36:49+00,,,,,,,,,,,,,,,,,,,,,
2633308.79200404,1244907.4800817,"0","0","1335",522.1,2026/05/20 13:36:50+00,,,,,,,,,,,,,,,,,,,,,
2633308.71582703,1244907.59083737,"0","0","1336",522.1,2026/05/20 13:36:51+00,,,,,,,,,,,,,,,,,,,,,
2633308.79200404,1244907.4800817,"0","0","1337",522.1,2026/05/20 13:36:52+00,,,,,,,,,,,,,,,,,,,,,
2633308.56409683,1244907.70116913,"0","0","1338",522.1,2026/05/20 13:36:53+00,,,,,,,,,,,,,,,,,,,,,
2633308.48854363,1244907.70074521,"0","0","1339",522.1,2026/05/20 13:36:54+00,,,,,,,,,,,,,,,,,,,,,
2633308.48854363,1244907.70074521,"0","0","1340",522.1,2026/05/20 13:36:55+00,,,,,,,,,,,,,,,,,,,,,
2633308.48854363,1244907.70074521,"0","0","1341",522.1,2026/05/20 13:36:56+00,,,,,,,,,,,,,,,,,,,,,
2633308.48854363,1244907.70074521,"0","0","1342",522.1,2026/05/20 13:36:57+00,,,,,,,,,,,,,,,,,,,,,
2633309.32150025,1244907.37186958,"0","0","1343",522.2,2026/05/20 13:36:58+00,,,,,,,,,,,,,,,,,,,,,
2633309.32150025,1244907.37186958,"0","0","1344",522.2,2026/05/20 13:36:59+00,,,,,,,,,,,,,,,,,,,,,
2633309.32212408,1244907.26068998,"0","0","1345",522.2,2026/05/20 13:37:00+00,,,,,,,,,,,,,,,,,,,,,
2633309.3983011,1244907.14993431,"0","0","1346",522.2,2026/05/20 13:37:01+00,,,,,,,,,,,,,,,,,,,,,
2633309.3983011,1244907.14993431,"0","0","1347",522.2,2026/05/20 13:37:02+00,,,,,,,,,,,,,,,,,,,,,
2633309.47385431,1244907.15035824,"0","0","1348",522.2,2026/05/20 13:37:03+00,,,,,,,,,,,,,,,,,,,,,
2633309.47385431,1244907.15035824,"0","0","1349",522.2,2026/05/20 13:37:04+00,,,,,,,,,,,,,,,,,,,,,
2633309.47385431,1244907.15035824,"0","0","1350",522.2,2026/05/20 13:37:05+00,,,,,,,,,,,,,,,,,,,,,
2633309.47385431,1244907.15035824,"0","0","1351",522.2,2026/05/20 13:37:06+00,,,,,,,,,,,,,,,,,,,,,
2633309.62496071,1244907.1512061,"0","0","1352",522.3,2026/05/20 13:37:07+00,,,,,,,,,,,,,,,,,,,,,
2633309.77731478,1244906.92969478,"0","0","1353",522.3,2026/05/20 13:37:08+00,,,,,,,,,,,,,,,,,,,,,
2633309.77793862,1244906.81851519,"0","0","1354",522.3,2026/05/20 13:37:09+00,,,,,,,,,,,,,,,,,,,,,
2633309.77793862,1244906.81851519,"0","0","1355",522.3,2026/05/20 13:37:10+00,,,,,,,,,,,,,,,,,,,,,
2633309.62558454,1244907.04002651,"0","0","1356",522.3,2026/05/20 13:37:11+00,,,,,,,,,,,,,,,,,,,,,
2633309.62558454,1244907.04002651,"0","0","1357",522.3,2026/05/20 13:37:12+00,,,,,,,,,,,,,,,,,,,,,
2633309.70113774,1244907.04045044,"0","0","1358",522.3,2026/05/20 13:37:13+00,,,,,,,,,,,,,,,,,,,,,
2633309.77731478,1244906.92969478,"0","0","1359",522.3,2026/05/20 13:37:14+00,,,,,,,,,,,,,,,,,,,,,
2633309.77731478,1244906.92969478,"0","0","1360",522.3,2026/05/20 13:37:15+00,,,,,,,,,,,,,,,,,,,,,
2633309.77731478,1244906.92969478,"0","0","1361",522.3,2026/05/20 13:37:16+00,,,,,,,,,,,,,,,,,,,,,
2633309.77731478,1244906.92969478,"0","0","1362",522.3,2026/05/20 13:37:17+00,,,,,,,,,,,,,,,,,,,,,
2633309.77731478,1244906.92969478,"0","0","1363",522.3,2026/05/20 13:37:18+00,,,,,,,,,,,,,,,,,,,,,
2633309.77731478,1244906.92969478,"0","0","1364",522.3,2026/05/20 13:37:19+00,,,,,,,,,,,,,,,,,,,,,
2633309.54753602,1244907.48432095,"0","0","1365",522.4,2026/05/20 13:37:20+00,,,,,,,,,,,,,,,,,,,,,
2633309.54753602,1244907.48432095,"0","0","1366",522.4,2026/05/20 13:37:21+00,,,,,,,,,,,,,,,,,,,,,
2633309.54753602,1244907.48432095,"0","0","1367",522.4,2026/05/20 13:37:23+00,,,,,,,,,,,,,,,,,,,,,
2633309.39580579,1244907.59465269,"0","0","1368",522.4,2026/05/20 13:37:24+00,,,,,,,,,,,,,,,,,,,,,
2633309.39580579,1244907.59465269,"0","0","1369",522.4,2026/05/20 13:37:25+00,,,,,,,,,,,,,,,,,,,,,
2633309.39580579,1244907.59465269,"0","0","1370",522.4,2026/05/20 13:37:26+00,,,,,,,,,,,,,,,,,,,,,
2633309.39580579,1244907.59465269,"0","0","1371",522.4,2026/05/20 13:37:27+00,,,,,,,,,,,,,,,,,,,,,
2633309.39580579,1244907.59465269,"0","0","1372",522.4,2026/05/20 13:37:28+00,,,,,,,,,,,,,,,,,,,,,
2633309.01866364,1244907.48135347,"0","0","1373",522.4,2026/05/20 13:37:29+00,,,,,,,,,,,,,,,,,,,,,
2633309.16977003,1244907.48220131,"0","0","1374",522.4,2026/05/20 13:37:30+00,,,,,,,,,,,,,,,,,,,,,
2633309.17101768,1244907.25984213,"0","0","1375",522.4,2026/05/20 13:37:31+00,,,,,,,,,,,,,,,,,,,,,
2633309.17101768,1244907.25984213,"0","0","1376",522.4,2026/05/20 13:37:32+00,,,,,,,,,,,,,,,,,,,,,
2633309.17101768,1244907.25984213,"0","0","1377",522.4,2026/05/20 13:37:33+00,,,,,,,,,,,,,,,,,,,,,
2633309.17101768,1244907.25984213,"0","0","1378",522.4,2026/05/20 13:37:34+00,,,,,,,,,,,,,,,,,,,,,
2633309.17101768,1244907.25984213,"0","0","1379",522.4,2026/05/20 13:37:35+00,,,,,,,,,,,,,,,,,,,,,
2633309.17101768,1244907.25984213,"0","0","1380",522.4,2026/05/20 13:37:36+00,,,,,,,,,,,,,,,,,,,,,
2633309.17101768,1244907.25984213,"0","0","1381",522.4,2026/05/20 13:37:37+00,,,,,,,,,,,,,,,,,,,,,
2633309.17101768,1244907.25984213,"0","0","1382",522.4,2026/05/20 13:37:38+00,,,,,,,,,,,,,,,,,,,,,
2633309.17101768,1244907.25984213,"0","0","1383",522.4,2026/05/20 13:37:39+00,,,,,,,,,,,,,,,,,,,,,
2633309.17101768,1244907.25984213,"0","0","1384",522.4,2026/05/20 13:37:40+00,,,,,,,,,,,,,,,,,,,,,
2633309.17101768,1244907.25984213,"0","0","1385",522.4,2026/05/20 13:37:41+00,,,,,,,,,,,,,,,,,,,,,
2633309.17101768,1244907.25984213,"0","0","1386",522.4,2026/05/20 13:37:42+00,,,,,,,,,,,,,,,,,,,,,
2633309.17101768,1244907.25984213,"0","0","1387",522.4,2026/05/20 13:37:43+00,,,,,,,,,,,,,,,,,,,,,
2633309.17101768,1244907.25984213,"0","0","1388",522.4,2026/05/20 13:37:44+00,,,,,,,,,,,,,,,,,,,,,
2633308.18820227,1244907.36551077,"0","0","1389",522.5,2026/05/20 13:37:45+00,,,,,,,,,,,,,,,,,,,,,
2633308.18820227,1244907.36551077,"0","0","1390",522.5,2026/05/20 13:37:46+00,,,,,,,,,,,,,,,,,,,,,
2633308.18820227,1244907.36551077,"0","0","1391",522.5,2026/05/20 13:37:47+00,,,,,,,,,,,,,,,,,,,,,
2633308.18820227,1244907.36551077,"0","0","1392",522.5,2026/05/20 13:37:48+00,,,,,,,,,,,,,,,,,,,,,
2633308.18820227,1244907.36551077,"0","0","1393",522.5,2026/05/20 13:37:49+00,,,,,,,,,,,,,,,,,,,,,
2633308.18820227,1244907.36551077,"0","0","1394",522.5,2026/05/20 13:37:50+00,,,,,,,,,,,,,,,,,,,,,
2633308.18820227,1244907.36551077,"0","0","1395",522.5,2026/05/20 13:37:51+00,,,,,,,,,,,,,,,,,,,,,
2633307.66432023,1244906.47310666,"0","0","1396",522.6,2026/05/20 13:37:52+00,,,,,,,,,,,,,,,,,,,,,
2633307.58876702,1244906.47268276,"0","0","1397",522.6,2026/05/20 13:37:53+00,,,,,,,,,,,,,,,,,,,,,
2633307.58876702,1244906.47268276,"0","0","1398",522.6,2026/05/20 13:37:54+00,,,,,,,,,,,,,,,,,,,,,
2633307.74112104,1244906.25117138,"0","0","1399",522.6,2026/05/20 13:37:55+00,,,,,,,,,,,,,,,,,,,,,
2633307.81605045,1244906.36277488,"0","0","1400",522.7,2026/05/20 13:37:56+00,,,,,,,,,,,,,,,,,,,,,
2633307.89160366,1244906.36319879,"0","0","1401",522.7,2026/05/20 13:37:57+00,,,,,,,,,,,,,,,,,,,,,
2633307.89160366,1244906.36319879,"0","0","1402",522.7,2026/05/20 13:37:58+00,,,,,,,,,,,,,,,,,,,,,
2633308.1182633,1244906.36447052,"0","0","1403",522.7,2026/05/20 13:37:59+00,,,,,,,,,,,,,,,,,,,,,
2633308.19444032,1244906.25371484,"0","0","1404",522.7,2026/05/20 13:38:00+00,,,,,,,,,,,,,,,,,,,,,
2633307.96715688,1244906.3636227,"0","0","1405",522.7,2026/05/20 13:38:01+00,,,,,,,,,,,,,,,,,,,,,
2633308.04271009,1244906.36404661,"0","0","1406",522.7,2026/05/20 13:38:02+00,,,,,,,,,,,,,,,,,,,,,
2633307.96715688,1244906.3636227,"0","0","1407",522.7,2026/05/20 13:38:03+00,,,,,,,,,,,,,,,,,,,,,
2633308.04208629,1244906.4752262,"0","0","1408",522.7,2026/05/20 13:38:04+00,,,,,,,,,,,,,,,,,,,,,
2633308.11701569,1244906.58682971,"0","0","1409",522.7,2026/05/20 13:38:05+00,,,,,,,,,,,,,,,,,,,,,
2633308.11701569,1244906.58682971,"0","0","1410",522.7,2026/05/20 13:38:06+00,,,,,,,,,,,,,,,,,,,,,
2633308.1925689,1244906.58725363,"0","0","1411",522.7,2026/05/20 13:38:07+00,,,,,,,,,,,,,,,,,,,,,
2633308.04271009,1244906.36404661,"0","0","1412",522.8,2026/05/20 13:38:08+00,,,,,,,,,,,,,,,,,,,,,
2633306.98122243,1244907.02518952,"0","0","1413",522.9,2026/05/20 13:38:09+00,,,,,,,,,,,,,,,,,,,,,
2633307.43267028,1244907.3612717,"0","0","1414",522.9,2026/05/20 13:38:10+00,,,,,,,,,,,,,,,,,,,,,
2633307.5069759,1244907.58405479,"0","0","1415",522.9,2026/05/20 13:38:11+00,,,,,,,,,,,,,,,,,,,,,
2633308.56409683,1244907.70116913,"0","0","1416",523,2026/05/20 13:38:12+00,,,,,,,,,,,,,,,,,,,,,
2633309.0904739,1244908.14885495,"0","0","1417",523.1,2026/05/20 13:38:13+00,,,,,,,,,,,,,,,,,,,,,
2633310.37363042,1244908.37842099,"0","0","1418",523.2,2026/05/20 13:38:14+00,,,,,,,,,,,,,,,,,,,,,
2633312.48974351,1244908.27911211,"0","0","1419",523.3,2026/05/20 13:38:15+00,,,,,,,,,,,,,,,,,,,,,
2633313.01799192,1244908.3932595,"0","0","1420",523.4,2026/05/20 13:38:16+00,,,,,,,,,,,,,,,,,,,,,
2633314.30239608,1244908.4004672,"0","0","1421",523.5,2026/05/20 13:38:17+00,,,,,,,,,,,,,,,,,,,,,
2633314.75197163,1244909.07008872,"0","0","1422",523.5,2026/05/20 13:38:18+00,,,,,,,,,,,,,,,,,,,,,
2633314.82440516,1244909.62641068,"0","0","1423",523.6,2026/05/20 13:38:19+00,,,,,,,,,,,,,,,,,,,,,
2633314.8974626,1244910.07155305,"0","0","1424",523.6,2026/05/20 13:38:20+00,,,,,,,,,,,,,,,,,,,,,
2633314.9698961,1244910.62787501,"0","0","1425",523.6,2026/05/20 13:38:21+00,,,,,,,,,,,,,,,,,,,,,
2633315.04295353,1244911.07301739,"0","0","1426",523.6,2026/05/20 13:38:22+00,,,,,,,,,,,,,,,,,,,,,
2633315.19156408,1244911.51858377,"0","0","1427",523.6,2026/05/20 13:38:23+00,,,,,,,,,,,,,,,,,,,,,
2633315.26399754,1244912.07490574,"0","0","1428",523.7,2026/05/20 13:38:24+00,,,,,,,,,,,,,,,,,,,,,
2633315.33705492,1244912.52004812,"0","0","1429",523.7,2026/05/20 13:38:25+00,,,,,,,,,,,,,,,,,,,,,
2633315.40948835,1244913.07637009,"0","0","1430",523.7,2026/05/20 13:38:26+00,,,,,,,,,,,,,,,,,,,,,
2633315.48254571,1244913.52151247,"0","0","1431",523.7,2026/05/20 13:38:27+00,,,,,,,,,,,,,,,,,,,,,
2633317.58368149,1244916.09051568,"0","0","1432",523.7,2026/05/20 13:38:28+00,,,,,,,,,,,,,,,,,,,,,
2633320.44533827,1244917.77432354,"0","0","1433",523.8,2026/05/20 13:38:29+00,,,,,,,,,,,,,,,,,,,,,
2633321.42066353,1244919.00281206,"0","0","1434",523.8,2026/05/20 13:38:30+00,,,,,,,,,,,,,,,,,,,,,
2633324.65384182,1244921.80053834,"0","0","1435",523.9,2026/05/20 13:38:31+00,,,,,,,,,,,,,,,,,,,,,
2633325.7059668,1244922.80709252,"0","0","1436",523.9,2026/05/20 13:38:32+00,,,,,,,,,,,,,,,,,,,,,
2633328.03312956,1244925.4885515,"0","0","1437",524,2026/05/20 13:38:33+00,,,,,,,,,,,,,,,,,,,,,
2633330.73618218,1244928.50567121,"0","0","1438",524,2026/05/20 13:38:34+00,,,,,,,,,,,,,,,,,,,,,
2633331.63782335,1244929.40019846,"0","0","1439",524,2026/05/20 13:38:35+00,,,,,,,,,,,,,,,,,,,,,
2633334.95153847,1244931.30891786,"0","0","1440",524.1,2026/05/20 13:38:36+00,,,,,,,,,,,,,,,,,,,,,
2633335.62589561,1244932.31335257,"0","0","1441",524.2,2026/05/20 13:38:37+00,,,,,,,,,,,,,,,,,,,,,
2633338.85656236,1244935.55580509,"0","0","1442",524.3,2026/05/20 13:38:38+00,,,,,,,,,,,,,,,,,,,,,
2633339.90743367,1244936.78472102,"0","0","1443",524.3,2026/05/20 13:38:39+00,,,,,,,,,,,,,,,,,,,,,
2633342.46124284,1244939.46745873,"0","0","1444",524.4,2026/05/20 13:38:40+00,,,,,,,,,,,,,,,,,,,,,
2633343.4371844,1244940.58477135,"0","0","1445",524.4,2026/05/20 13:38:41+00,,,,,,,,,,,,,,,,,,,,,
2633346.98004585,1244942.05005223,"0","0","1446",524.5,2026/05/20 13:38:42+00,,,,,,,,,,,,,,,,,,,,,
2633349.99091343,1244944.06826209,"0","0","1447",524.6,2026/05/20 13:38:43+00,,,,,,,,,,,,,,,,,,,,,
2633350.96810203,1244944.96321677,"0","0","1448",524.7,2026/05/20 13:38:44+00,,,,,,,,,,,,,,,,,,,,,
2633354.27930352,1244947.31666547,"0","0","1449",524.8,2026/05/20 13:38:45+00,,,,,,,,,,,,,,,,,,,,,
2633355.18031357,1244948.32237595,"0","0","1450",524.9,2026/05/20 13:38:46+00,,,,,,,,,,,,,,,,,,,,,
2633358.26110507,1244951.34163096,"0","0","1451",525.1,2026/05/20 13:38:47+00,,,,,,,,,,,,,,,,,,,,,
2633359.31259431,1244952.45937079,"0","0","1452",525.2,2026/05/20 13:38:48+00,,,,,,,,,,,,,,,,,,,,,
2633362.70184021,1244954.3685304,"0","0","1453",525.4,2026/05/20 13:38:49+00,,,,,,,,,,,,,,,,,,,,,
2633364.05991243,1244954.7097123,"0","0","1454",525.4,2026/05/20 13:38:50+00,,,,,,,,,,,,,,,,,,,,,
2633367.37360295,1244956.61844997,"0","0","1455",525.6,2026/05/20 13:38:51+00,,,,,,,,,,,,,,,,,,,,,
2633368.42946411,1244956.95793421,"0","0","1456",525.7,2026/05/20 13:38:52+00,,,,,,,,,,,,,,,,,,,,,
2633371.51899434,1244958.42068177,"0","0","1457",525.9,2026/05/20 13:38:53+00,,,,,,,,,,,,,,,,,,,,,
2633372.57422994,1244958.87134635,"0","0","1458",526,2026/05/20 13:38:54+00,,,,,,,,,,,,,,,,,,,,,
2633375.66313307,1244960.44527568,"0","0","1459",526.1,2026/05/20 13:38:55+00,,,,,,,,,,,,,,,,,,,,,
2633376.56476258,1244961.33980984,"0","0","1460",526.2,2026/05/20 13:38:56+00,,,,,,,,,,,,,,,,,,,,,
2633379.80351805,1244963.13695011,"0","0","1461",526.4,2026/05/20 13:38:57+00,,,,,,,,,,,,,,,,,,,,,
2633381.00923196,1244963.69964546,"0","0","1462",526.4,2026/05/20 13:38:58+00,,,,,,,,,,,,,,,,,,,,,
2633384.17430805,1244965.16282448,"0","0","1463",526.5,2026/05/20 13:38:59+00,,,,,,,,,,,,,,,,,,,,,
2633387.63658993,1244967.51714172,"0","0","1464",526.6,2026/05/20 13:39:00+00,,,,,,,,,,,,,,,,,,,,,
2633389.29249009,1244968.63828635,"0","0","1465",526.7,2026/05/20 13:39:01+00,,,,,,,,,,,,,,,,,,,,,
2633392.07854874,1244970.32170409,"0","0","1466",526.7,2026/05/20 13:39:02+00,,,,,,,,,,,,,,,,,,,,,
2633394.79030431,1244971.78233894,"0","0","1467",526.8,2026/05/20 13:39:03+00,,,,,,,,,,,,,,,,,,,,,
2633397.65128678,1244973.57736394,"0","0","1468",526.8,2026/05/20 13:39:04+00,,,,,,,,,,,,,,,,,,,,,
2633398.63096535,1244974.02760813,"0","0","1469",526.8,2026/05/20 13:39:05+00,,,,,,,,,,,,,,,,,,,,,
2633402.55030373,1244975.71740693,"0","0","1470",526.8,2026/05/20 13:39:06+00,,,,,,,,,,,,,,,,,,,,,
2633403.98266989,1244976.28138233,"0","0","1471",526.8,2026/05/20 13:39:07+00,,,,,,,,,,,,,,,,,,,,,
2633406.76997211,1244977.74244781,"0","0","1472",526.7,2026/05/20 13:39:08+00,,,,,,,,,,,,,,,,,,,,,
2633410.45952022,1244979.98687437,"0","0","1473",526.7,2026/05/20 13:39:09+00,,,,,,,,,,,,,,,,,,,,,
2633411.96931415,1244980.21773812,"0","0","1474",526.6,2026/05/20 13:39:10+00,,,,,,,,,,,,,,,,,,,,,
2633416.11905643,1244981.24174401,"0","0","1475",526.5,2026/05/20 13:39:11+00,,,,,,,,,,,,,,,,,,,,,
2633417.47774532,1244981.47175858,"0","0","1476",526.5,2026/05/20 13:39:12+00,,,,,,,,,,,,,,,,,,,,,
2633420.56975442,1244982.48981339,"0","0","1477",526.4,2026/05/20 13:39:13+00,,,,,,,,,,,,,,,,,,,,,
2633423.20281535,1244984.50593396,"0","0","1478",526.4,2026/05/20 13:39:14+00,,,,,,,,,,,,,,,,,,,,,
2633426.66820064,1244986.30437611,"0","0","1479",526.3,2026/05/20 13:39:15+00,,,,,,,,,,,,,,,,,,,,,
2633428.02438372,1244986.97911152,"0","0","1480",526.3,2026/05/20 13:39:16+00,,,,,,,,,,,,,,,,,,,,,
2633430.95902263,1244989.10811694,"0","0","1481",526.2,2026/05/20 13:39:17+00,,,,,,,,,,,,,,,,,,,,,
2633431.93869612,1244989.55836666,"0","0","1482",526.2,2026/05/20 13:39:18+00,,,,,,,,,,,,,,,,,,,,,
2633434.27016772,1244991.46161062,"0","0","1483",526.1,2026/05/20 13:39:19+00,,,,,,,,,,,,,,,,,,,,,
2633435.17366225,1244992.02261496,"0","0","1484",526.1,2026/05/20 13:39:20+00,,,,,,,,,,,,,,,,,,,,,
2633437.05933406,1244992.5891516,"0","0","1485",526.1,2026/05/20 13:39:21+00,,,,,,,,,,,,,,,,,,,,,
2633438.41488827,1244993.375069,"0","0","1486",526.1,2026/05/20 13:39:22+00,,,,,,,,,,,,,,,,,,,,,
2633439.39205538,1244994.27003838,"0","0","1487",526,2026/05/20 13:39:23+00,,,,,,,,,,,,,,,,,,,,,
2633440.37172737,1244994.7202895,"0","0","1488",526,2026/05/20 13:39:24+00,,,,,,,,,,,,,,,,,,,,,
2633441.0491909,1244995.16883835,"0","0","1489",526,2026/05/20 13:39:25+00,,,,,,,,,,,,,,,,,,,,,
2633442.25176086,1244996.28744424,"0","0","1490",526,2026/05/20 13:39:26+00,,,,,,,,,,,,,,,,,,,,,
2633443.07970184,1244996.84802418,"0","0","1491",526,2026/05/20 13:39:27+00,,,,,,,,,,,,,,,,,,,,,
2633443.53176148,1244997.0729372,"0","0","1492",526,2026/05/20 13:39:28+00,,,,,,,,,,,,,,,,,,,,,
2633444.13680428,1244996.96516274,"0","0","1493",525.9,2026/05/20 13:39:29+00,,,,,,,,,,,,,,,,,,,,,
2633444.21172997,1244997.07676799,"0","0","1494",525.9,2026/05/20 13:39:30+00,,,,,,,,,,,,,,,,,,,,,
2633444.28728203,1244997.07719364,"0","0","1495",525.9,2026/05/20 13:39:31+00,,,,,,,,,,,,,,,,,,,,,
2633444.36283408,1244997.07761929,"0","0","1496",525.9,2026/05/20 13:39:32+00,,,,,,,,,,,,,,,,,,,,,
2633444.43775976,1244997.18922455,"0","0","1497",525.9,2026/05/20 13:39:33+00,,,,,,,,,,,,,,,,,,,,,
2633444.51331182,1244997.1896502,"0","0","1498",525.9,2026/05/20 13:39:34+00,,,,,,,,,,,,,,,,,,,,,
2633444.58886387,1244997.19007585,"0","0","1499",525.9,2026/05/20 13:39:35+00,,,,,,,,,,,,,,,,,,,,,
2633444.66378955,1244997.30168111,"0","0","1500",525.9,2026/05/20 13:39:36+00,,,,,,,,,,,,,,,,,,,,,
2633444.81489365,1244997.30253242,"0","0","1501",525.9,2026/05/20 13:39:37+00,,,,,,,,,,,,,,,,,,,,,
2633444.8904457,1244997.30295807,"0","0","1502",525.9,2026/05/20 13:39:38+00,,,,,,,,,,,,,,,,,,,,,
2633444.96537137,1244997.41456334,"0","0","1503",525.9,2026/05/20 13:39:39+00,,,,,,,,,,,,,,,,,,,,,
2633445.04092342,1244997.41498899,"0","0","1504",525.9,2026/05/20 13:39:40+00,,,,,,,,,,,,,,,,,,,,,
2633445.11647547,1244997.41541465,"0","0","1505",525.9,2026/05/20 13:39:41+00,,,,,,,,,,,,,,,,,,,,,
2633445.19140114,1244997.52701992,"0","0","1506",525.9,2026/05/20 13:39:42+00,,,,,,,,,,,,,,,,,,,,,
2633445.26695319,1244997.52744558,"0","0","1507",525.9,2026/05/20 13:39:43+00,,,,,,,,,,,,,,,,,,,,,
2633445.34250524,1244997.52787124,"0","0","1508",525.9,2026/05/20 13:39:44+00,,,,,,,,,,,,,,,,,,,,,
2633445.4174309,1244997.63947651,"0","0","1509",525.9,2026/05/20 13:39:45+00,,,,,,,,,,,,,,,,,,,,,
2633445.49298294,1244997.63990217,"0","0","1510",525.9,2026/05/20 13:39:46+00,,,,,,,,,,,,,,,,,,,,,
2633445.56853499,1244997.64032783,"0","0","1511",525.9,2026/05/20 13:39:47+00,,,,,,,,,,,,,,,,,,,,,
2633445.64346064,1244997.75193311,"0","0","1512",525.9,2026/05/20 13:39:48+00,,,,,,,,,,,,,,,,,,,,,
2633445.71901269,1244997.75235877,"0","0","1513",525.9,2026/05/20 13:39:49+00,,,,,,,,,,,,,,,,,,,,,
2633445.79456474,1244997.75278444,"0","0","1514",525.9,2026/05/20 13:39:50+00,,,,,,,,,,,,,,,,,,,,,
2633445.86949038,1244997.86438971,"0","0","1515",525.9,2026/05/20 13:39:51+00,,,,,,,,,,,,,,,,,,,,,
2633445.94504243,1244997.86481538,"0","0","1516",525.9,2026/05/20 13:39:52+00,,,,,,,,,,,,,,,,,,,,,
2633446.01996807,1244997.97642066,"0","0","1517",525.9,2026/05/20 13:39:53+00,,,,,,,,,,,,,,,,,,,,,
2633446.17107216,1244997.977272,"0","0","1518",525.9,2026/05/20 13:39:54+00,,,,,,,,,,,,,,,,,,,,,
2633446.2466242,1244997.97769767,"0","0","1519",525.9,2026/05/20 13:39:55+00,,,,,,,,,,,,,,,,,,,,,
2633446.32154984,1244998.08930296,"0","0","1520",525.9,2026/05/20 13:39:56+00,,,,,,,,,,,,,,,,,,,,,
2633446.39710188,1244998.08972863,"0","0","1521",525.9,2026/05/20 13:39:57+00,,,,,,,,,,,,,,,,,,,,,
2633446.47265392,1244998.09015431,"0","0","1522",525.9,2026/05/20 13:39:58+00,,,,,,,,,,,,,,,,,,,,,
2633446.54757955,1244998.20175959,"0","0","1523",525.9,2026/05/20 13:39:59+00,,,,,,,,,,,,,,,,,,,,,
2633446.62313159,1244998.20218526,"0","0","1524",525.9,2026/05/20 13:40:00+00,,,,,,,,,,,,,,,,,,,,,
2633446.69868363,1244998.20261094,"0","0","1525",525.9,2026/05/20 13:40:01+00,,,,,,,,,,,,,,,,,,,,,
2633446.77360926,1244998.31421623,"0","0","1526",525.9,2026/05/20 13:40:02+00,,,,,,,,,,,,,,,,,,,,,
2633446.84916129,1244998.31464191,"0","0","1527",525.9,2026/05/20 13:40:03+00,,,,,,,,,,,,,,,,,,,,,
2633446.92471333,1244998.31506759,"0","0","1528",525.9,2026/05/20 13:40:04+00,,,,,,,,,,,,,,,,,,,,,
2633446.99963895,1244998.42667288,"0","0","1529",525.9,2026/05/20 13:40:05+00,,,,,,,,,,,,,,,,,,,,,
2633447.07519099,1244998.42709857,"0","0","1530",525.9,2026/05/20 13:40:06+00,,,,,,,,,,,,,,,,,,,,,
2633447.15074303,1244998.42752425,"0","0","1531",525.9,2026/05/20 13:40:07+00,,,,,,,,,,,,,,,,,,,,,
2633447.22566864,1244998.53912954,"0","0","1532",525.9,2026/05/20 13:40:08+00,,,,,,,,,,,,,,,,,,,,,
2633447.30122068,1244998.53955523,"0","0","1533",525.9,2026/05/20 13:40:09+00,,,,,,,,,,,,,,,,,,,,,
2633447.45232475,1244998.5404066,"0","0","1534",525.9,2026/05/20 13:40:10+00,,,,,,,,,,,,,,,,,,,,,
2633447.52725035,1244998.6520119,"0","0","1535",525.9,2026/05/20 13:40:11+00,,,,,,,,,,,,,,,,,,,,,
2633447.60280239,1244998.65243759,"0","0","1536",525.9,2026/05/20 13:40:12+00,,,,,,,,,,,,,,,,,,,,,
2633447.67835442,1244998.65286328,"0","0","1537",525.9,2026/05/20 13:40:13+00,,,,,,,,,,,,,,,,,,,,,
2633447.75328002,1244998.76446858,"0","0","1538",525.9,2026/05/20 13:40:14+00,,,,,,,,,,,,,,,,,,,,,
2633447.82883206,1244998.76489427,"0","0","1539",525.9,2026/05/20 13:40:15+00,,,,,,,,,,,,,,,,,,,,,
2633447.90438409,1244998.76531996,"0","0","1540",525.9,2026/05/20 13:40:16+00,,,,,,,,,,,,,,,,,,,,,
2633447.97930969,1244998.87692527,"0","0","1541",525.8,2026/05/20 13:40:17+00,,,,,,,,,,,,,,,,,,,,,
2633448.05486172,1244998.87735097,"0","0","1542",525.8,2026/05/20 13:40:18+00,,,,,,,,,,,,,,,,,,,,,
2633450.536802,1245000.89263238,"0","0","1543",525.8,2026/05/20 13:40:19+00,,,,,,,,,,,,,,,,,,,,,
2633454.97995923,1245003.47488296,"0","0","1544",525.6,2026/05/20 13:40:20+00,,,,,,,,,,,,,,,,,,,,,
2633459.11275841,1245007.50076842,"0","0","1545",525.4,2026/05/20 13:40:21+00,,,,,,,,,,,,,,,,,,,,,
2633462.65367128,1245009.29965756,"0","0","1546",525.3,2026/05/20 13:40:22+00,,,,,,,,,,,,,,,,,,,,,
2633464.83088772,1245011.75795993,"0","0","1547",525.1,2026/05/20 13:40:23+00,,,,,,,,,,,,,,,,,,,,,
2633467.92161932,1245012.99839876,"0","0","1548",525,2026/05/20 13:40:24+00,,,,,,,,,,,,,,,,,,,,,
2633468.90003239,1245013.67101384,"0","0","1549",525,2026/05/20 13:40:25+00,,,,,,,,,,,,,,,,,,,,,
2633471.99515039,1245014.13319754,"0","0","1550",524.8,2026/05/20 13:40:26+00,,,,,,,,,,,,,,,,,,,,,
2633473.05287611,1245014.13916166,"0","0","1551",524.8,2026/05/20 13:40:27+00,,,,,,,,,,,,,,,,,,,,,
2633475.91820323,1245015.15596741,"0","0","1552",524.6,2026/05/20 13:40:28+00,,,,,,,,,,,,,,,,,,,,,
2633478.93651406,1245015.84008791,"0","0","1553",524.4,2026/05/20 13:40:29+00,,,,,,,,,,,,,,,,,,,,,
2633483.2354423,1245017.19853192,"0","0","1554",524.2,2026/05/20 13:40:30+00,,,,,,,,,,,,,,,,,,,,,
2633487.15974556,1245017.99895003,"0","0","1555",523.9,2026/05/20 13:40:31+00,,,,,,,,,,,,,,,,,,,,,
2633491.30568508,1245019.69008634,"0","0","1556",523.6,2026/05/20 13:40:32+00,,,,,,,,,,,,,,,,,,,,,
2633493.26877642,1245019.92352834,"0","0","1557",523.4,2026/05/20 13:40:33+00,,,,,,,,,,,,,,,,,,,,,
2633497.27176513,1245020.16848139,"0","0","1558",523,2026/05/20 13:40:34+00,,,,,,,,,,,,,,,,,,,,,
2633501.50831069,1245019.19174062,"0","0","1559",522.5,2026/05/20 13:40:35+00,,,,,,,,,,,,,,,,,,,,,
2633504.98871231,1245018.3219182,"0","0","1560",522.1,2026/05/20 13:40:36+00,,,,,,,,,,,,,,,,,,,,,
2633509.30143988,1245017.23442982,"0","0","1561",521.7,2026/05/20 13:40:37+00,,,,,,,,,,,,,,,,,,,,,
2633513.38186461,1245017.14628143,"0","0","1562",521.2,2026/05/20 13:40:38+00,,,,,,,,,,,,,,,,,,,,,
2633517.84632599,1245015.94847273,"0","0","1563",520.7,2026/05/20 13:40:39+00,,,,,,,,,,,,,,,,,,,,,
2633519.51160481,1245015.40195986,"0","0","1564",520.5,2026/05/20 13:40:40+00,,,,,,,,,,,,,,,,,,,,,
2633523.81868645,1245015.31509849,"0","0","1565",520.1,2026/05/20 13:40:41+00,,,,,,,,,,,,,,,,,,,,,
2633525.707482,1245015.32576536,"0","0","1566",519.9,2026/05/20 13:40:42+00,,,,,,,,,,,,,,,,,,,,,
2633530.01142392,1245015.7948065,"0","0","1567",519.4,2026/05/20 13:40:43+00,,,,,,,,,,,,,,,,,,,,,
2633531.52308825,1245015.69216193,"0","0","1568",519.3,2026/05/20 13:40:44+00,,,,,,,,,,,,,,,,,,,,,
2633534.77432866,1245015.26579515,"0","0","1569",519,2026/05/20 13:40:45+00,,,,,,,,,,,,,,,,,,,,,
2633537.79702969,1245015.17168844,"0","0","1570",518.7,2026/05/20 13:40:46+00,,,,,,,,,,,,,,,,,,,,,
2633541.19748995,1245015.07971767,"0","0","1571",518.4,2026/05/20 13:40:47+00,,,,,,,,,,,,,,,,,,,,,
2633545.42964868,1245014.88126552,"0","0","1572",518,2026/05/20 13:40:48+00,,,,,,,,,,,,,,,,,,,,,
2633547.24352084,1245014.78033272,"0","0","1573",517.8,2026/05/20 13:40:49+00,,,,,,,,,,,,,,,,,,,,,
2633552.00391444,1245014.69605363,"0","0","1574",517.4,2026/05/20 13:40:50+00,,,,,,,,,,,,,,,,,,,,,
2633555.55799274,1245014.16022676,"0","0","1575",517.1,2026/05/20 13:40:51+00,,,,,,,,,,,,,,,,,,,,,
2633558.73054136,1245014.28934406,"0","0","1576",516.8,2026/05/20 13:40:52+00,,,,,,,,,,,,,,,,,,,,,
2633561.74947188,1245014.86232715,"0","0","1577",516.6,2026/05/20 13:40:53+00,,,,,,,,,,,,,,,,,,,,,
2633563.1824422,1245015.31516151,"0","0","1578",516.5,2026/05/20 13:40:54+00,,,,,,,,,,,,,,,,,,,,,
2633566.64776733,1245017.11368569,"0","0","1579",516.2,2026/05/20 13:40:55+00,,,,,,,,,,,,,,,,,,,,,
2633568.08073674,1245017.56652123,"0","0","1580",516,2026/05/20 13:40:56+00,,,,,,,,,,,,,,,,,,,,,
2633571.17961776,1245017.36167918,"0","0","1581",515.8,2026/05/20 13:40:57+00,,,,,,,,,,,,,,,,,,,,,
2633574.20797769,1245016.26697466,"0","0","1582",515.5,2026/05/20 13:40:58+00,,,,,,,,,,,,,,,,,,,,,
2633578.96459721,1245016.84979482,"0","0","1583",515.2,2026/05/20 13:40:59+00,,,,,,,,,,,,,,,,,,,,,
2633580.77784047,1245016.86005189,"0","0","1584",515,2026/05/20 13:41:00+00,,,,,,,,,,,,,,,,,,,,,
2633582.962553,1245017.98424255,"0","0","1585",514.8,2026/05/20 13:41:01+00,,,,,,,,,,,,,,,,,,,,,
2633584.01587507,1245018.76848367,"0","0","1586",514.7,2026/05/20 13:41:02+00,,,,,,,,,,,,,,,,,,,,,
2633585.53005574,1245018.22113449,"0","0","1587",514.6,2026/05/20 13:41:03+00,,,,,,,,,,,,,,,,,,,,,
2633585.76111428,1245017.44415967,"0","0","1588",514.5,2026/05/20 13:41:04+00,,,,,,,,,,,,,,,,,,,,,
2633586.66584869,1245017.78282797,"0","0","1589",514.4,2026/05/20 13:41:05+00,,,,,,,,,,,,,,,,,,,,,
2633586.66396156,1245018.11636676,"0","0","1590",514.4,2026/05/20 13:41:06+00,,,,,,,,,,,,,,,,,,,,,
2633585.67927224,1245018.55552819,"0","0","1591",514.3,2026/05/20 13:41:07+00,,,,,,,,,,,,,,,,,,,,,
2633586.51474511,1245017.78197304,"0","0","1592",514.2,2026/05/20 13:41:08+00,,,,,,,,,,,,,,,,,,,,,
2633585.83603705,1245017.55576672,"0","0","1593",514.2,2026/05/20 13:41:09+00,,,,,,,,,,,,,,,,,,,,,
2633585.76048525,1245017.55533927,"0","0","1594",514.2,2026/05/20 13:41:10+00,,,,,,,,,,,,,,,,,,,,,
2633585.30843253,1245017.33041538,"0","0","1595",514.1,2026/05/20 13:41:11+00,,,,,,,,,,,,,,,,,,,,,
2633585.46142318,1245016.99773149,"0","0","1596",514.1,2026/05/20 13:41:12+00,,,,,,,,,,,,,,,,,,,,,
2633585.159845,1245016.8848421,"0","0","1597",514.1,2026/05/20 13:41:13+00,,,,,,,,,,,,,,,,,,,,,
2633585.16047401,1245016.7736625,"0","0","1598",514.1,2026/05/20 13:41:14+00,,,,,,,,,,,,,,,,,,,,,
2633584.93318959,1245016.88355977,"0","0","1599",514.1,2026/05/20 13:41:15+00,,,,,,,,,,,,,,,,,,,,,
2633584.48050778,1245016.76981553,"0","0","1600",514,2026/05/20 13:41:16+00,,,,,,,,,,,,,,,,,,,,,
2633584.48239479,1245016.43627674,"0","0","1601",514,2026/05/20 13:41:17+00,,,,,,,,,,,,,,,,,,,,,
2633584.40872998,1245016.10231052,"0","0","1602",514,2026/05/20 13:41:18+00,,,,,,,,,,,,,,,,,,,,,
2633584.33443617,1245015.87952389,"0","0","1603",513.9,2026/05/20 13:41:19+00,,,,,,,,,,,,,,,,,,,,,
2633584.18521953,1245015.54513024,"0","0","1604",513.9,2026/05/20 13:41:20+00,,,,,,,,,,,,,,,,,,,,,
2633583.88489922,1245015.20988172,"0","0","1605",513.9,2026/05/20 13:41:21+00,,,,,,,,,,,,,,,,,,,,,
2633583.35603646,1245015.20688974,"0","0","1606",513.8,2026/05/20 13:41:22+00,,,,,,,,,,,,,,,,,,,,,
2633582.97827734,1245015.20475264,"0","0","1607",513.8,2026/05/20 13:41:23+00,,,,,,,,,,,,,,,,,,,,,
2633582.22150119,1245015.42283771,"0","0","1608",513.7,2026/05/20 13:41:24+00,,,,,,,,,,,,,,,,,,,,,
2633581.91866495,1245015.53230768,"0","0","1609",513.7,2026/05/20 13:41:25+00,,,,,,,,,,,,,,,,,,,,,
2633581.23744069,1245015.75082027,"0","0","1610",513.6,2026/05/20 13:41:26+00,,,,,,,,,,,,,,,,,,,,,
2633581.01015631,1245015.86071769,"0","0","1611",513.6,2026/05/20 13:41:27+00,,,,,,,,,,,,,,,,,,,,,
2633580.55810327,1245015.63579416,"0","0","1612",513.6,2026/05/20 13:41:28+00,,,,,,,,,,,,,,,,,,,,,
2633580.02986947,1245015.52162288,"0","0","1613",513.5,2026/05/20 13:41:29+00,,,,,,,,,,,,,,,,,,,,,
2633579.88002366,1245015.29840893,"0","0","1614",513.5,2026/05/20 13:41:30+00,,,,,,,,,,,,,,,,,,,,,
2633580.33144782,1245015.63451201,"0","0","1615",513.5,2026/05/20 13:41:31+00,,,,,,,,,,,,,,,,,,,,,
2633580.32956105,1245015.96805079,"0","0","1616",513.4,2026/05/20 13:41:32+00,,,,,,,,,,,,,,,,,,,,,
2633580.40448394,1245016.07965777,"0","0","1617",513.4,2026/05/20 13:41:34+00,,,,,,,,,,,,,,,,,,,,,
2633580.85779481,1245016.0822221,"0","0","1618",513.4,2026/05/20 13:41:35+00,,,,,,,,,,,,,,,,,,,,,
2633581.31299251,1245015.75124767,"0","0","1619",513.3,2026/05/20 13:41:36+00,,,,,,,,,,,,,,,,,,,,,
2633581.53901901,1245015.86370946,"0","0","1620",513.3,2026/05/20 13:41:37+00,,,,,,,,,,,,,,,,,,,,,
2633582.06913963,1245015.64434209,"0","0","1621",513.3,2026/05/20 13:41:38+00,,,,,,,,,,,,,,,,,,,,,
2633582.21646951,1245016.31227448,"0","0","1622",513.2,2026/05/20 13:41:39+00,,,,,,,,,,,,,,,,,,,,,
2633582.29265028,1245016.20152229,"0","0","1623",513.2,2026/05/20 13:41:40+00,,,,,,,,,,,,,,,,,,,,,
2633583.27733974,1245015.7623603,"0","0","1624",513.1,2026/05/20 13:41:41+00,,,,,,,,,,,,,,,,,,,,,
2633583.65321186,1245016.09803621,"0","0","1625",513.1,2026/05/20 13:41:42+00,,,,,,,,,,,,,,,,,,,,,
2633583.19990099,1245016.09547167,"0","0","1626",513,2026/05/20 13:41:43+00,,,,,,,,,,,,,,,,,,,,,
2633583.80242852,1245016.43242985,"0","0","1627",513,2026/05/20 13:41:44+00,,,,,,,,,,,,,,,,,,,,,
2633584.02908394,1245016.43371214,"0","0","1628",512.9,2026/05/20 13:41:45+00,,,,,,,,,,,,,,,,,,,,,
2633584.40810098,1245016.21349012,"0","0","1629",512.9,2026/05/20 13:41:46+00,,,,,,,,,,,,,,,,,,,,,
2633584.10652273,1245016.10060078,"0","0","1630",512.9,2026/05/20 13:41:47+00,,,,,,,,,,,,,,,,,,,,,
2633584.63412741,1245016.32595202,"0","0","1631",512.8,2026/05/20 13:41:48+00,,,,,,,,,,,,,,,,,,,,,
2633584.33317817,1245016.10188308,"0","0","1632",512.8,2026/05/20 13:41:49+00,,,,,,,,,,,,,,,,,,,,,
2633584.10903871,1245015.6558824,"0","0","1633",512.8,2026/05/20 13:41:50+00,,,,,,,,,,,,,,,,,,,,,
2633584.03411589,1245015.54427537,"0","0","1634",512.7,2026/05/20 13:41:51+00,,,,,,,,,,,,,,,,,,,,,
2633583.96045105,1245015.21030915,"0","0","1635",512.7,2026/05/20 13:41:52+00,,,,,,,,,,,,,,,,,,,,,
2633583.88489922,1245015.20988172,"0","0","1636",512.7,2026/05/20 13:41:53+00,,,,,,,,,,,,,,,,,,,,,
2633583.88489922,1245015.20988172,"0","0","1637",512.7,2026/05/20 13:41:54+00,,,,,,,,,,,,,,,,,,,,,
2633583.88489922,1245015.20988172,"0","0","1638",512.7,2026/05/20 13:41:55+00,,,,,,,,,,,,,,,,,,,,,
2633583.88489922,1245015.20988172,"0","0","1639",512.7,2026/05/20 13:41:56+00,,,,,,,,,,,,,,,,,,,,,
2633583.58520787,1245014.76345363,"0","0","1640",512.7,2026/05/20 13:41:57+00,,,,,,,,,,,,,,,,,,,,,
2633583.58520787,1245014.76345363,"0","0","1641",512.7,2026/05/20 13:41:58+00,,,,,,,,,,,,,,,,,,,,,
2633583.58520787,1245014.76345363,"0","0","1642",512.7,2026/05/20 13:41:59+00,,,,,,,,,,,,,,,,,,,,,
2633583.58520787,1245014.76345363,"0","0","1643",512.7,2026/05/20 13:42:00+00,,,,,,,,,,,,,,,,,,,,,
2633583.58520787,1245014.76345363,"0","0","1644",512.7,2026/05/20 13:42:01+00,,,,,,,,,,,,,,,,,,,,,
2633583.58520787,1245014.76345363,"0","0","1645",512.7,2026/05/20 13:42:02+00,,,,,,,,,,,,,,,,,,,,,
2633583.58520787,1245014.76345363,"0","0","1646",512.7,2026/05/20 13:42:03+00,,,,,,,,,,,,,,,,,,,,,
2633583.58520787,1245014.76345363,"0","0","1647",512.7,2026/05/20 13:42:04+00,,,,,,,,,,,,,,,,,,,,,
2633583.58520787,1245014.76345363,"0","0","1648",512.7,2026/05/20 13:42:05+00,,,,,,,,,,,,,,,,,,,,,
2633583.58520787,1245014.76345363,"0","0","1649",512.7,2026/05/20 13:42:06+00,,,,,,,,,,,,,,,,,,,,,
2633583.58520787,1245014.76345363,"0","0","1650",512.7,2026/05/20 13:42:07+00,,,,,,,,,,,,,,,,,,,,,
2633583.51720384,1245013.42887106,"0","0","1651",512.5,2026/05/20 13:42:08+00,,,,,,,,,,,,,,,,,,,,,
2633583.51720384,1245013.42887106,"0","0","1652",512.5,2026/05/20 13:42:09+00,,,,,,,,,,,,,,,,,,,,,
2633583.51720384,1245013.42887106,"0","0","1653",512.5,2026/05/20 13:42:10+00,,,,,,,,,,,,,,,,,,,,,
2633583.44290996,1245013.20608445,"0","0","1654",512.5,2026/05/20 13:42:11+00,,,,,,,,,,,,,,,,,,,,,
2633583.44353895,1245013.09490485,"0","0","1655",512.5,2026/05/20 13:42:12+00,,,,,,,,,,,,,,,,,,,,,
2633583.52034876,1245012.87297308,"0","0","1656",512.5,2026/05/20 13:42:13+00,,,,,,,,,,,,,,,,,,,,,
2633584.1228766,1245013.20993129,"0","0","1657",512.4,2026/05/20 13:42:14+00,,,,,,,,,,,,,,,,,,,,,
2633583.44039403,1245013.65080283,"0","0","1658",512.3,2026/05/20 13:42:15+00,,,,,,,,,,,,,,,,,,,,,
2633583.51342994,1245014.09594864,"0","0","1659",512.3,2026/05/20 13:42:16+00,,,,,,,,,,,,,,,,,,,,,
2633583.51342994,1245014.09594864,"0","0","1660",512.3,2026/05/20 13:42:17+00,,,,,,,,,,,,,,,,,,,,,
2633584.19339648,1245014.09979549,"0","0","1661",512.2,2026/05/20 13:42:18+00,,,,,,,,,,,,,,,,,,,,,
2633584.26454533,1245014.87848009,"0","0","1662",512.1,2026/05/20 13:42:19+00,,,,,,,,,,,,,,,,,,,,,
2633585.09750248,1245014.54964314,"0","0","1663",512.1,2026/05/20 13:42:20+00,,,,,,,,,,,,,,,,,,,,,
2633585.39656471,1245015.10725091,"0","0","1664",512,2026/05/20 13:42:21+00,,,,,,,,,,,,,,,,,,,,,
2633585.62510725,1245014.77499447,"0","0","1665",512,2026/05/20 13:42:22+00,,,,,,,,,,,,,,,,,,,,,
2633585.39845177,1245014.77371212,"0","0","1666",511.9,2026/05/20 13:42:23+00,,,,,,,,,,,,,,,,,,,,,
2633585.17179628,1245014.77242978,"0","0","1667",511.9,2026/05/20 13:42:24+00,,,,,,,,,,,,,,,,,,,,,
2633585.70003006,1245014.88660152,"0","0","1668",511.9,2026/05/20 13:42:25+00,,,,,,,,,,,,,,,,,,,,,
2633585.85239177,1245014.66509723,"0","0","1669",511.8,2026/05/20 13:42:26+00,,,,,,,,,,,,,,,,,,,,,
2633585.85176274,1245014.77627682,"0","0","1670",511.8,2026/05/20 13:42:27+00,,,,,,,,,,,,,,,,,,,,,
2633585.39845177,1245014.77371212,"0","0","1671",511.8,2026/05/20 13:42:28+00,,,,,,,,,,,,,,,,,,,,,
2633585.47526164,1245014.55178038,"0","0","1672",511.8,2026/05/20 13:42:29+00,,,,,,,,,,,,,,,,,,,,,
2633585.54452325,1245015.66400378,"0","0","1673",511.7,2026/05/20 13:42:30+00,,,,,,,,,,,,,,,,,,,,,
2633585.0937284,1245015.21672071,"0","0","1674",511.6,2026/05/20 13:42:31+00,,,,,,,,,,,,,,,,,,,,,
2633585.16802219,1245015.43950735,"0","0","1675",511.6,2026/05/20 13:42:32+00,,,,,,,,,,,,,,,,,,,,,
2633585.32101288,1245015.10682346,"0","0","1676",511.5,2026/05/20 13:42:33+00,,,,,,,,,,,,,,,,,,,,,
2633585.99972124,1245015.33302971,"0","0","1677",511.5,2026/05/20 13:42:34+00,,,,,,,,,,,,,,,,,,,,,
2633586.90445596,1245015.67169804,"0","0","1678",511.4,2026/05/20 13:42:35+00,,,,,,,,,,,,,,,,,,,,,
2633586.67968764,1245015.33687686,"0","0","1679",511.3,2026/05/20 13:42:36+00,,,,,,,,,,,,,,,,,,,,,
2633586.83016224,1245015.44891139,"0","0","1680",511.3,2026/05/20 13:42:37+00,,,,,,,,,,,,,,,,,,,,,
2633587.28410221,1245015.34029661,"0","0","1681",511.3,2026/05/20 13:42:38+00,,,,,,,,,,,,,,,,,,,,,
2633587.43583492,1245015.22997196,"0","0","1682",511.2,2026/05/20 13:42:39+00,,,,,,,,,,,,,,,,,,,,,
2633587.51012862,1245015.45275862,"0","0","1683",511.2,2026/05/20 13:42:40+00,,,,,,,,,,,,,,,,,,,,,
2633587.73678408,1245015.45404105,"0","0","1684",511.2,2026/05/20 13:42:41+00,,,,,,,,,,,,,,,,,,,,,
2633587.73678408,1245015.45404105,"0","0","1685",511.2,2026/05/20 13:42:42+00,,,,,,,,,,,,,,,,,,,,,
2633587.73678408,1245015.45404105,"0","0","1686",511.2,2026/05/20 13:42:43+00,,,,,,,,,,,,,,,,,,,,,
2633587.73678408,1245015.45404105,"0","0","1687",511.2,2026/05/20 13:42:44+00,,,,,,,,,,,,,,,,,,,,,
2633588.41612139,1245015.56906799,"0","0","1688",511.1,2026/05/20 13:42:45+00,,,,,,,,,,,,,,,,,,,,,
2633588.41549231,1245015.68024759,"0","0","1689",511.1,2026/05/20 13:42:46+00,,,,,,,,,,,,,,,,,,,,,
2633588.33868235,1245015.9021793,"0","0","1690",511.1,2026/05/20 13:42:47+00,,,,,,,,,,,,,,,,,,,,,
2633588.33931142,1245015.7909997,"0","0","1691",511.1,2026/05/20 13:42:48+00,,,,,,,,,,,,,,,,,,,,,
2633588.3374242,1245016.12453849,"0","0","1692",511,2026/05/20 13:42:49+00,,,,,,,,,,,,,,,,,,,,,
2633588.25998517,1245016.45764979,"0","0","1693",511,2026/05/20 13:42:50+00,,,,,,,,,,,,,,,,,,,,,
2633588.03144254,1245016.78990612,"0","0","1694",511,2026/05/20 13:42:51+00,,,,,,,,,,,,,,,,,,,,,
2633588.1057362,1245017.0126928,"0","0","1695",510.9,2026/05/20 13:42:52+00,,,,,,,,,,,,,,,,,,,,,
2633588.02955533,1245017.12344491,"0","0","1696",510.9,2026/05/20 13:42:53+00,,,,,,,,,,,,,,,,,,,,,
2633587.95337446,1245017.23419703,"0","0","1697",510.9,2026/05/20 13:42:54+00,,,,,,,,,,,,,,,,,,,,,
2633587.95211633,1245017.45655622,"0","0","1698",510.9,2026/05/20 13:42:55+00,,,,,,,,,,,,,,,,,,,,,
2633587.87656453,1245017.45612873,"0","0","1699",510.9,2026/05/20 13:42:56+00,,,,,,,,,,,,,,,,,,,,,
2633588.40479802,1245017.57030072,"0","0","1700",510.8,2026/05/20 13:42:57+00,,,,,,,,,,,,,,,,,,,,,
2633589.15842868,1245017.90811442,"0","0","1701",510.7,2026/05/20 13:42:58+00,,,,,,,,,,,,,,,,,,,,,
2633589.30764498,1245018.2425082,"0","0","1702",510.7,2026/05/20 13:42:59+00,,,,,,,,,,,,,,,,,,,,,
2633590.51395708,1245018.69406668,"0","0","1703",510.6,2026/05/20 13:43:00+00,,,,,,,,,,,,,,,,,,,,,
2633592.02121779,1245019.36969473,"0","0","1704",510.4,2026/05/20 13:43:01+00,,,,,,,,,,,,,,,,,,,,,
2633595.26553948,1245020.16633671,"0","0","1705",510.1,2026/05/20 13:43:02+00,,,,,,,,,,,,,,,,,,,,,
2633599.33652458,1245021.74594147,"0","0","1706",509.6,2026/05/20 13:43:03+00,,,,,,,,,,,,,,,,,,,,,
2633600.76634386,1245022.75468291,"0","0","1707",509.5,2026/05/20 13:43:04+00,,,,,,,,,,,,,,,,,,,,,
2633604.15610162,1245024.55280142,"0","0","1708",509.1,2026/05/20 13:43:05+00,,,,,,,,,,,,,,,,,,,,,
2633605.21319609,1245024.66996874,"0","0","1709",509,2026/05/20 13:43:06+00,,,,,,,,,,,,,,,,,,,,,
2633608.37944363,1245025.91090859,"0","0","1710",508.8,2026/05/20 13:43:07+00,,,,,,,,,,,,,,,,,,,,,
2633609.58827062,1245025.91775259,"0","0","1711",508.7,2026/05/20 13:43:08+00,,,,,,,,,,,,,,,,,,,,,
2633613.21475158,1245025.93828603,"0","0","1712",508.4,2026/05/20 13:43:09+00,,,,,,,,,,,,,,,,,,,,,
2633617.43053509,1245028.63055482,"0","0","1713",508,2026/05/20 13:43:10+00,,,,,,,,,,,,,,,,,,,,,
2633620.13906046,1245030.64719103,"0","0","1714",507.7,2026/05/20 13:43:11+00,,,,,,,,,,,,,,,,,,,,,
2633623.90782536,1245032.22510116,"0","0","1715",507.4,2026/05/20 13:43:12+00,,,,,,,,,,,,,,,,,,,,,
2633625.34204634,1245032.45559139,"0","0","1716",507.3,2026/05/20 13:43:13+00,,,,,,,,,,,,,,,,,,,,,
2633627.15150599,1245033.13294023,"0","0","1717",507.1,2026/05/20 13:43:14+00,,,,,,,,,,,,,,,,,,,,,
2633627.97501569,1245034.47180324,"0","0","1718",507,2026/05/20 13:43:15+00,,,,,,,,,,,,,,,,,,,,,
2633631.89865857,1245035.38349687,"0","0","1719",506.7,2026/05/20 13:43:16+00,,,,,,,,,,,,,,,,,,,,,
2633633.3303588,1245036.05870742,"0","0","1720",506.5,2026/05/20 13:43:17+00,,,,,,,,,,,,,,,,,,,,,
2633637.1765583,1245037.30351528,"0","0","1721",506.2,2026/05/20 13:43:18+00,,,,,,,,,,,,,,,,,,,,,
2633641.33504344,1245036.77116475,"0","0","1722",505.9,2026/05/20 13:43:19+00,,,,,,,,,,,,,,,,,,,,,
2633644.50316742,1245037.67858516,"0","0","1723",505.6,2026/05/20 13:43:20+00,,,,,,,,,,,,,,,,,,,,,
2633646.98376457,1245039.91630829,"0","0","1724",505.4,2026/05/20 13:43:21+00,,,,,,,,,,,,,,,,,,,,,
2633647.58187475,1245041.03153016,"0","0","1725",505.3,2026/05/20 13:43:22+00,,,,,,,,,,,,,,,,,,,,,
2633650.28786325,1245043.49289861,"0","0","1726",505,2026/05/20 13:43:23+00,,,,,,,,,,,,,,,,,,,,,
2633651.34306268,1245043.94361295,"0","0","1727",504.9,2026/05/20 13:43:24+00,,,,,,,,,,,,,,,,,,,,,
2633655.33783487,1245045.63400761,"0","0","1728",504.6,2026/05/20 13:43:25+00,,,,,,,,,,,,,,,,,,,,,
2633656.99870571,1245045.86579053,"0","0","1729",504.5,2026/05/20 13:43:26+00,,,,,,,,,,,,,,,,,,,,,
2633660.62013098,1245046.77578977,"0","0","1730",504.2,2026/05/20 13:43:27+00,,,,,,,,,,,,,,,,,,,,,
2633664.31710657,1245047.68621969,"0","0","1731",503.9,2026/05/20 13:43:28+00,,,,,,,,,,,,,,,,,,,,,
2633667.9391602,1245048.48504382,"0","0","1732",503.7,2026/05/20 13:43:29+00,,,,,,,,,,,,,,,,,,,,,
2633672.31798806,1245049.0657965,"0","0","1733",503.3,2026/05/20 13:43:30+00,,,,,,,,,,,,,,,,,,,,,
2633673.98201073,1245048.7416862,"0","0","1734",503.2,2026/05/20 13:43:31+00,,,,,,,,,,,,,,,,,,,,,
2633678.06367838,1245048.43129204,"0","0","1735",502.9,2026/05/20 13:43:32+00,,,,,,,,,,,,,,,,,,,,,
2633679.49978576,1245048.3282566,"0","0","1736",502.7,2026/05/20 13:43:33+00,,,,,,,,,,,,,,,,,,,,,
2633683.12751471,1245048.12647366,"0","0","1737",502.4,2026/05/20 13:43:34+00,,,,,,,,,,,,,,,,,,,,,
2633686.52417327,1245048.70166388,"0","0","1738",502.1,2026/05/20 13:43:35+00,,,,,,,,,,,,,,,,,,,,,
2633690.30805299,1245047.61130606,"0","0","1739",501.7,2026/05/20 13:43:36+00,,,,,,,,,,,,,,,,,,,,,
2633694.39540195,1245046.30030681,"0","0","1740",501.3,2026/05/20 13:43:37+00,,,,,,,,,,,,,,,,,,,,,
2633697.34695658,1245045.42759552,"0","0","1741",501,2026/05/20 13:43:38+00,,,,,,,,,,,,,,,,,,,,,
2633700.60513618,1245043.77834421,"0","0","1742",500.6,2026/05/20 13:43:39+00,,,,,,,,,,,,,,,,,,,,,
2633703.86205511,1245042.35145388,"0","0","1743",500.3,2026/05/20 13:43:40+00,,,,,,,,,,,,,,,,,,,,,
2633705.0022712,1245041.13491289,"0","0","1744",500.1,2026/05/20 13:43:41+00,,,,,,,,,,,,,,,,,,,,,
2633708.41345232,1245039.15298507,"0","0","1745",499.7,2026/05/20 13:43:42+00,,,,,,,,,,,,,,,,,,,,,
2633711.14656599,1245036.83365896,"0","0","1746",499.3,2026/05/20 13:43:43+00,,,,,,,,,,,,,,,,,,,,,
2633713.95270763,1245034.95948156,"0","0","1747",498.9,2026/05/20 13:43:44+00,,,,,,,,,,,,,,,,,,,,,
2633715.70554897,1245032.30104075,"0","0","1748",498.5,2026/05/20 13:43:45+00,,,,,,,,,,,,,,,,,,,,,
2633719.03929255,1245030.65222875,"0","0","1749",498.1,2026/05/20 13:43:46+00,,,,,,,,,,,,,,,,,,,,,
2633720.02841071,1245029.43483238,"0","0","1750",497.9,2026/05/20 13:43:47+00,,,,,,,,,,,,,,,,,,,,,
2633723.96783365,1245027.56709736,"0","0","1751",497.4,2026/05/20 13:43:48+00,,,,,,,,,,,,,,,,,,,,,
2633725.33092187,1245027.01892548,"0","0","1752",497.2,2026/05/20 13:43:49+00,,,,,,,,,,,,,,,,,,,,,
2633726.85206213,1245025.248637,"0","0","1753",496.9,2026/05/20 13:43:50+00,,,,,,,,,,,,,,,,,,,,,
2633728.88943105,1245025.70494551,"0","0","1754",496.7,2026/05/20 13:43:51+00,,,,,,,,,,,,,,,,,,,,,
2633732.59335918,1245025.39244257,"0","0","1755",496.6,2026/05/20 13:43:52+00,,,,,,,,,,,,,,,,,,,,,
2633735.82375853,1245028.63511238,"0","0","1756",496.5,2026/05/20 13:43:53+00,,,,,,,,,,,,,,,,,,,,,
2633736.79645207,1245030.30838799,"0","0","1757",496.5,2026/05/20 13:43:54+00,,,,,,,,,,,,,,,,,,,,,
2633739.42559326,1245032.99172688,"0","0","1758",496.4,2026/05/20 13:43:55+00,,,,,,,,,,,,,,,,,,,,,
2633740.25286925,1245033.66352798,"0","0","1759",496.3,2026/05/20 13:43:56+00,,,,,,,,,,,,,,,,,,,,,
2633743.26229308,1245035.90429739,"0","0","1760",496.3,2026/05/20 13:43:57+00,,,,,,,,,,,,,,,,,,,,,
2633743.93656914,1245036.90877885,"0","0","1761",496.2,2026/05/20 13:43:58+00,,,,,,,,,,,,,,,,,,,,,
2633746.57076053,1245038.70268427,"0","0","1762",496.2,2026/05/20 13:43:59+00,,,,,,,,,,,,,,,,,,,,,
2633749.65446669,1245041.16624563,"0","0","1763",496.1,2026/05/20 13:44:00+00,,,,,,,,,,,,,,,,,,,,,
2633750.86076206,1245041.61783679,"0","0","1764",496,2026/05/20 13:44:01+00,,,,,,,,,,,,,,,,,,,,,
2633754.01938418,1245044.19300958,"0","0","1765",495.9,2026/05/20 13:44:02+00,,,,,,,,,,,,,,,,,,,,,
2633754.84476035,1245045.19835151,"0","0","1766",495.9,2026/05/20 13:44:03+00,,,,,,,,,,,,,,,,,,,,,
2633758.3087458,1245047.21934713,"0","0","1767",495.8,2026/05/20 13:44:04+00,,,,,,,,,,,,,,,,,,,,,
2633759.51567157,1245047.55976047,"0","0","1768",495.8,2026/05/20 13:44:05+00,,,,,,,,,,,,,,,,,,,,,
2633760.80004556,1245047.56706499,"0","0","1769",495.7,2026/05/20 13:44:06+00,,,,,,,,,,,,,,,,,,,,,
2633761.40572149,1245047.34814334,"0","0","1770",495.7,2026/05/20 13:44:07+00,,,,,,,,,,,,,,,,,,,,,
2633761.10098656,1245047.79114292,"0","0","1771",495.7,2026/05/20 13:44:08+00,,,,,,,,,,,,,,,,,,,,,
2633762.60632358,1245048.80035318,"0","0","1772",495.7,2026/05/20 13:44:09+00,,,,,,,,,,,,,,,,,,,,,
2633763.5828004,1245049.80655575,"0","0","1773",495.6,2026/05/20 13:44:10+00,,,,,,,,,,,,,,,,,,,,,
2633763.88310881,1245050.1418134,"0","0","1774",495.6,2026/05/20 13:44:11+00,,,,,,,,,,,,,,,,,,,,,
2633764.03231444,1245050.47621161,"0","0","1775",495.6,2026/05/20 13:44:12+00,,,,,,,,,,,,,,,,,,,,,
2633763.80566032,1245050.47492244,"0","0","1776",495.6,2026/05/20 13:44:13+00,,,,,,,,,,,,,,,,,,,,,
2633764.18404957,1245050.36589148,"0","0","1777",495.6,2026/05/20 13:44:14+00,,,,,,,,,,,,,,,,,,,,,
2633763.95866019,1245050.14224313,"0","0","1778",495.6,2026/05/20 13:44:15+00,,,,,,,,,,,,,,,,,,,,,
2633764.03484395,1245050.03149327,"0","0","1779",495.6,2026/05/20 13:44:16+00,,,,,,,,,,,,,,,,,,,,,
2633764.10976295,1245050.14310258,"0","0","1780",495.6,2026/05/20 13:44:17+00,,,,,,,,,,,,,,,,,,,,,
2633764.1859467,1245050.03235272,"0","0","1781",495.6,2026/05/20 13:44:18+00,,,,,,,,,,,,,,,,,,,,,
2633764.26213046,1245049.92160287,"0","0","1782",495.6,2026/05/20 13:44:19+00,,,,,,,,,,,,,,,,,,,,,
2633764.26276284,1245049.81042328,"0","0","1783",495.6,2026/05/20 13:44:20+00,,,,,,,,,,,,,,,,,,,,,
2633764.18784384,1245049.69881396,"0","0","1784",495.6,2026/05/20 13:44:21+00,,,,,,,,,,,,,,,,,,,,,
2633764.18784384,1245049.69881396,"0","0","1785",495.6,2026/05/20 13:44:22+00,,,,,,,,,,,,,,,,,,,,,
2633764.11292483,1245049.58720465,"0","0","1786",495.6,2026/05/20 13:44:23+00,,,,,,,,,,,,,,,,,,,,,
2633764.11229246,1245049.69838424,"0","0","1787",495.6,2026/05/20 13:44:24+00,,,,,,,,,,,,,,,,,,,,,
2633764.34021137,1245049.47731425,"0","0","1788",495.6,2026/05/20 13:44:25+00,,,,,,,,,,,,,,,,,,,,,
2633764.41639514,1245049.36656439,"0","0","1789",495.6,2026/05/20 13:44:26+00,,,,,,,,,,,,,,,,,,,,,
2633764.26592474,1245049.25452535,"0","0","1790",495.5,2026/05/20 13:44:27+00,,,,,,,,,,,,,,,,,,,,,
2633764.19100573,1245049.14291603,"0","0","1791",495.5,2026/05/20 13:44:28+00,,,,,,,,,,,,,,,,,,,,,
2633764.19227049,1245048.92055686,"0","0","1792",495.5,2026/05/20 13:44:29+00,,,,,,,,,,,,,,,,,,,,,
2633764.19163811,1245049.03173645,"0","0","1793",495.5,2026/05/20 13:44:30+00,,,,,,,,,,,,,,,,,,,,,
2633764.1167191,1245048.92012713,"0","0","1794",495.5,2026/05/20 13:44:31+00,,,,,,,,,,,,,,,,,,,,,
2633764.1167191,1245048.92012713,"0","0","1795",495.5,2026/05/20 13:44:32+00,,,,,,,,,,,,,,,,,,,,,
2633764.1167191,1245048.92012713,"0","0","1796",495.5,2026/05/20 13:44:33+00,,,,,,,,,,,,,,,,,,,,,
2633764.1167191,1245048.92012713,"0","0","1797",495.5,2026/05/20 13:44:34+00,,,,,,,,,,,,,,,,,,,,,
2633764.1167191,1245048.92012713,"0","0","1798",495.5,2026/05/20 13:44:35+00,,,,,,,,,,,,,,,,,,,,,
2633764.41955705,1245048.81066646,"0","0","1799",495.5,2026/05/20 13:44:36+00,,,,,,,,,,,,,,,,,,,,,
2633764.41955705,1245048.81066646,"0","0","1800",495.5,2026/05/20 13:44:37+00,,,,,,,,,,,,,,,,,,,,,
2633764.41955705,1245048.81066646,"0","0","1801",495.5,2026/05/20 13:44:38+00,,,,,,,,,,,,,,,,,,,,,
2633764.64684363,1245048.70077608,"0","0","1802",495.5,2026/05/20 13:44:39+00,,,,,,,,,,,,,,,,,,,,,
2633764.64684363,1245048.70077608,"0","0","1803",495.5,2026/05/20 13:44:40+00,,,,,,,,,,,,,,,,,,,,,
2633764.57192462,1245048.58916675,"0","0","1804",495.5,2026/05/20 13:44:41+00,,,,,,,,,,,,,,,,,,,,,
2633764.64747601,1245048.58959649,"0","0","1805",495.5,2026/05/20 13:44:42+00,,,,,,,,,,,,,,,,,,,,,
2633764.572557,1245048.47798717,"0","0","1806",495.5,2026/05/20 13:44:43+00,,,,,,,,,,,,,,,,,,,,,
2633764.6481084,1245048.4784169,"0","0","1807",495.5,2026/05/20 13:44:44+00,,,,,,,,,,,,,,,,,,,,,
2633764.7236598,1245048.47884663,"0","0","1808",495.5,2026/05/20 13:44:45+00,,,,,,,,,,,,,,,,,,,,,
2633764.94904921,1245048.70249502,"0","0","1809",495.5,2026/05/20 13:44:46+00,,,,,,,,,,,,,,,,,,,,,
2633765.025233,1245048.59174517,"0","0","1810",495.5,2026/05/20 13:44:47+00,,,,,,,,,,,,,,,,,,,,,
2633764.80363793,1245047.70101927,"0","0","1811",495.5,2026/05/20 13:44:48+00,,,,,,,,,,,,,,,,,,,,,
2633764.42777803,1245047.36533184,"0","0","1812",495.5,2026/05/20 13:44:49+00,,,,,,,,,,,,,,,,,,,,,
2633764.05255047,1245046.91846485,"0","0","1813",495.4,2026/05/20 13:44:50+00,,,,,,,,,,,,,,,,,,,,,
2633762.92244096,1245046.35612112,"0","0","1814",495.4,2026/05/20 13:44:51+00,,,,,,,,,,,,,,,,,,,,,
2633762.4691324,1245046.35354287,"0","0","1815",495.4,2026/05/20 13:44:52+00,,,,,,,,,,,,,,,,,,,,,
2633762.09263994,1245046.12903517,"0","0","1816",495.4,2026/05/20 13:44:53+00,,,,,,,,,,,,,,,,,,,,,
2633761.10161888,1245047.67996333,"0","0","1817",495.3,2026/05/20 13:44:54+00,,,,,,,,,,,,,,,,,,,,,
2633760.42418543,1245047.23137781,"0","0","1818",495.3,2026/05/20 13:44:55+00,,,,,,,,,,,,,,,,,,,,,
2633760.41975927,1245048.00963492,"0","0","1819",495.3,2026/05/20 13:44:56+00,,,,,,,,,,,,,,,,,,,,,
2633760.79435472,1245048.56768127,"0","0","1820",495.3,2026/05/20 13:44:57+00,,,,,,,,,,,,,,,,,,,,,
2633761.32005288,1245049.12658703,"0","0","1821",495.3,2026/05/20 13:44:58+00,,,,,,,,,,,,,,,,,,,,,
2633761.47115567,1245049.12744642,"0","0","1822",495.3,2026/05/20 13:44:59+00,,,,,,,,,,,,,,,,,,,,,
2633761.54417774,1245049.57259445,"0","0","1823",495.2,2026/05/20 13:45:00+00,,,,,,,,,,,,,,,,,,,,,
2633762.8215954,1245050.80287487,"0","0","1824",495.2,2026/05/20 13:45:01+00,,,,,,,,,,,,,,,,,,,,,
2633763.27490362,1245050.80545315,"0","0","1825",495.2,2026/05/20 13:45:02+00,,,,,,,,,,,,,,,,,,,,,
2633763.65076336,1245051.14114052,"0","0","1826",495.2,2026/05/20 13:45:03+00,,,,,,,,,,,,,,,,,,,,,
2633764.02409356,1245051.92154625,"0","0","1827",495.2,2026/05/20 13:45:04+00,,,,,,,,,,,,,,,,,,,,,
2633764.4767693,1245052.03530421,"0","0","1828",495.1,2026/05/20 13:45:05+00,,,,,,,,,,,,,,,,,,,,,
2633765.53195864,1245052.48603891,"0","0","1829",495.1,2026/05/20 13:45:06+00,,,,,,,,,,,,,,,,,,,,,
2633765.82910475,1245053.3771946,"0","0","1830",495.1,2026/05/20 13:45:07+00,,,,,,,,,,,,,,,,,,,,,
2633766.27545617,1245054.60274858,"0","0","1831",495.1,2026/05/20 13:45:08+00,,,,,,,,,,,,,,,,,,,,,
2633766.73002895,1245054.38296796,"0","0","1832",495,2026/05/20 13:45:09+00,,,,,,,,,,,,,,,,,,,,,
2633767.03160181,1245054.4958666,"0","0","1833",495,2026/05/20 13:45:10+00,,,,,,,,,,,,,,,,,,,,,
2633767.33254223,1245054.71994484,"0","0","1834",495,2026/05/20 13:45:11+00,,,,,,,,,,,,,,,,,,,,,
2633767.63348262,1245054.9440231,"0","0","1835",495,2026/05/20 13:45:12+00,,,,,,,,,,,,,,,,,,,,,
2633767.93442298,1245055.16810138,"0","0","1836",495,2026/05/20 13:45:13+00,,,,,,,,,,,,,,,,,,,,,
2633768.23599578,1245055.28100008,"0","0","1837",495,2026/05/20 13:45:14+00,,,,,,,,,,,,,,,,,,,,,
2633768.53693611,1245055.50507838,"0","0","1838",495,2026/05/20 13:45:15+00,,,,,,,,,,,,,,,,,,,,,
2633768.83787642,1245055.72915671,"0","0","1839",495,2026/05/20 13:45:16+00,,,,,,,,,,,,,,,,,,,,,
2633769.06326539,1245055.95280525,"0","0","1840",495,2026/05/20 13:45:17+00,,,,,,,,,,,,,,,,,,,,,
2633769.36483813,1245056.06570401,"0","0","1841",495,2026/05/20 13:45:18+00,,,,,,,,,,,,,,,,,,,,,
2633769.66577838,1245056.28978237,"0","0","1842",495,2026/05/20 13:45:19+00,,,,,,,,,,,,,,,,,,,,,
2633769.9667186,1245056.51386076,"0","0","1843",495,2026/05/20 13:45:20+00,,,,,,,,,,,,,,,,,,,,,
2633770.26829129,1245056.62675956,"0","0","1844",494.9,2026/05/20 13:45:21+00,,,,,,,,,,,,,,,,,,,,,
2633770.56923147,1245056.85083797,"0","0","1845",494.9,2026/05/20 13:45:22+00,,,,,,,,,,,,,,,,,,,,,
2633770.87017163,1245057.0749164,"0","0","1846",494.9,2026/05/20 13:45:23+00,,,,,,,,,,,,,,,,,,,,,
2633771.17111177,1245057.29899484,"0","0","1847",494.9,2026/05/20 13:45:24+00,,,,,,,,,,,,,,,,,,,,,
2633771.4726844,1245057.4118937,"0","0","1848",494.9,2026/05/20 13:45:25+00,,,,,,,,,,,,,,,,,,,,,
2633771.7736245,1245057.63597218,"0","0","1849",494.9,2026/05/20 13:45:26+00,,,,,,,,,,,,,,,,,,,,,
2633774.70620781,1245060.09868705,"0","0","1850",494.8,2026/05/20 13:45:27+00,,,,,,,,,,,,,,,,,,,,,
2633776.12523386,1245062.99752393,"0","0","1851",494.7,2026/05/20 13:45:28+00,,,,,,,,,,,,,,,,,,,,,
2633780.4171013,1245065.57915928,"0","0","1852",494.6,2026/05/20 13:45:29+00,,,,,,,,,,,,,,,,,,,,,
2633782.0722674,1245066.81159359,"0","0","1853",494.6,2026/05/20 13:45:30+00,,,,,,,,,,,,,,,,,,,,,
2633785.75592371,1245070.05687074,"0","0","1854",494.5,2026/05/20 13:45:31+00,,,,,,,,,,,,,,,,,,,,,
2633787.4847401,1245071.62327535,"0","0","1855",494.4,2026/05/20 13:45:32+00,,,,,,,,,,,,,,,,,,,,,
2633790.72394437,1245073.30946122,"0","0","1856",494.4,2026/05/20 13:45:33+00,,,,,,,,,,,,,,,,,,,,,
2633793.12385712,1245076.43625242,"0","0","1857",494.3,2026/05/20 13:45:34+00,,,,,,,,,,,,,,,,,,,,,
2633795.97960525,1245079.12090704,"0","0","1858",494.2,2026/05/20 13:45:35+00,,,,,,,,,,,,,,,,,,,,,
2633797.48556136,1245080.01894665,"0","0","1859",494.1,2026/05/20 13:45:36+00,,,,,,,,,,,,,,,,,,,,,
2633800.94571347,1245082.70704495,"0","0","1860",494,2026/05/20 13:45:37+00,,,,,,,,,,,,,,,,,,,,,
2633801.99709603,1245083.82486374,"0","0","1861",494,2026/05/20 13:45:38+00,,,,,,,,,,,,,,,,,,,,,
2633804.24842924,1245086.50608074,"0","0","1862",493.9,2026/05/20 13:45:39+00,,,,,,,,,,,,,,,,,,,,,
2633807.48572103,1245088.52581462,"0","0","1863",493.9,2026/05/20 13:45:40+00,,,,,,,,,,,,,,,,,,,,,
2633808.83993803,1245089.53417618,"0","0","1864",493.8,2026/05/20 13:45:41+00,,,,,,,,,,,,,,,,,,,,,
2633812.3787967,1245091.66681355,"0","0","1865",493.7,2026/05/20 13:45:42+00,,,,,,,,,,,,,,,,,,,,,
2633813.58444372,1245092.22959713,"0","0","1866",493.7,2026/05/20 13:45:43+00,,,,,,,,,,,,,,,,,,,,,
2633817.04711489,1245094.47298654,"0","0","1867",493.9,2026/05/20 13:45:44+00,,,,,,,,,,,,,,,,,,,,,
2633818.70733255,1245094.81599443,"0","0","1868",494,2026/05/20 13:45:45+00,,,,,,,,,,,,,,,,,,,,,
2633822.33377133,1245094.83665591,"0","0","1869",494.3,2026/05/20 13:45:46+00,,,,,,,,,,,,,,,,,,,,,
2633823.46766694,1245094.73193348,"0","0","1870",494.3,2026/05/20 13:45:47+00,,,,,,,,,,,,,,,,,,,,,
2633826.72648865,1245092.97157173,"0","0","1871",494.6,2026/05/20 13:45:48+00,,,,,,,,,,,,,,,,,,,,,
2633830.80876808,1245092.5501032,"0","0","1872",494.9,2026/05/20 13:45:49+00,,,,,,,,,,,,,,,,,,,,,
2633833.60414905,1245092.56603527,"0","0","1873",495.2,2026/05/20 13:45:50+00,,,,,,,,,,,,,,,,,,,,,
2633834.8104276,1245093.01764359,"0","0","1874",495.2,2026/05/20 13:45:51+00,,,,,,,,,,,,,,,,,,,,,
2633836.93725834,1245091.02846896,"0","0","1875",494.8,2026/05/20 13:45:52+00,,,,,,,,,,,,,,,,,,,,,
2633838.3060466,1245089.47970667,"0","0","1876",494.6,2026/05/20 13:45:53+00,,,,,,,,,,,,,,,,,,,,,
2633839.67546936,1245087.81976511,"0","0","1877",494.3,2026/05/20 13:45:54+00,,,,,,,,,,,,,,,,,,,,,
2633841.20296684,1245084.93770981,"0","0","1878",493.8,2026/05/20 13:45:55+00,,,,,,,,,,,,,,,,,,,,,
2633844.16530034,1245082.17501858,"0","0","1879",493.3,2026/05/20 13:45:56+00,,,,,,,,,,,,,,,,,,,,,
2633845.0027,1245081.067961,"0","0","1880",493.1,2026/05/20 13:45:57+00,,,,,,,,,,,,,,,,,,,,,
2633848.64372844,1245078.53150809,"0","0","1881",492.4,2026/05/20 13:45:58+00,,,,,,,,,,,,,,,,,,,,,
2633849.93253364,1245077.76057483,"0","0","1882",492.2,2026/05/20 13:45:59+00,,,,,,,,,,,,,,,,,,,,,
2633852.74884502,1245074.10758962,"0","0","1883",491.5,2026/05/20 13:46:00+00,,,,,,,,,,,,,,,,,,,,,
2633853.89035395,1245072.66871801,"0","0","1884",491.2,2026/05/20 13:46:01+00,,,,,,,,,,,,,,,,,,,,,
2633855.20198831,1245067.89532093,"0","0","1885",490.5,2026/05/20 13:46:02+00,,,,,,,,,,,,,,,,,,,,,
2633856.11938193,1245066.01043878,"0","0","1886",490.2,2026/05/20 13:46:03+00,,,,,,,,,,,,,,,,,,,,,
2633857.72434655,1245062.79528008,"0","0","1887",489.8,2026/05/20 13:46:04+00,,,,,,,,,,,,,,,,,,,,,
2633859.70706918,1245059.58227656,"0","0","1888",489.3,2026/05/20 13:46:05+00,,,,,,,,,,,,,,,,,,,,,
2633862.2142135,1245057.15054761,"0","0","1889",488.9,2026/05/20 13:46:06+00,,,,,,,,,,,,,,,,,,,,,
2633864.49724296,1245054.27280841,"0","0","1890",488.5,2026/05/20 13:46:07+00,,,,,,,,,,,,,,,,,,,,,
2633867.38405121,1245051.509698,"0","0","1891",488.1,2026/05/20 13:46:08+00,,,,,,,,,,,,,,,,,,,,,
2633868.61380615,1245047.84766886,"0","0","1892",487.7,2026/05/20 13:46:09+00,,,,,,,,,,,,,,,,,,,,,
2633870.22258858,1245043.96543626,"0","0","1893",487.3,2026/05/20 13:46:10+00,,,,,,,,,,,,,,,,,,,,,
2633872.96083918,1245040.7567482,"0","0","1894",487,2026/05/20 13:46:11+00,,,,,,,,,,,,,,,,,,,,,
2633873.87633926,1245039.20540766,"0","0","1895",486.8,2026/05/20 13:46:12+00,,,,,,,,,,,,,,,,,,,,,
2633876.99171731,1245036.11005673,"0","0","1896",486.5,2026/05/20 13:46:13+00,,,,,,,,,,,,,,,,,,,,,
2633877.98086719,1245034.89268672,"0","0","1897",486.4,2026/05/20 13:46:14+00,,,,,,,,,,,,,,,,,,,,,
2633880.86515284,1245032.57430131,"0","0","1898",486.2,2026/05/20 13:46:15+00,,,,,,,,,,,,,,,,,,,,,
2633883.82943473,1245029.4780916,"0","0","1899",486,2026/05/20 13:46:16+00,,,,,,,,,,,,,,,,,,,,,
2633884.59256678,1245028.14824939,"0","0","1900",485.9,2026/05/20 13:46:17+00,,,,,,,,,,,,,,,,,,,,,
2633887.09909985,1245025.82771074,"0","0","1901",485.7,2026/05/20 13:46:18+00,,,,,,,,,,,,,,,,,,,,,
2633890.73510214,1245024.1807206,"0","0","1902",485.6,2026/05/20 13:46:19+00,,,,,,,,,,,,,,,,,,,,,
2633893.47273812,1245021.08322177,"0","0","1903",485.5,2026/05/20 13:46:20+00,,,,,,,,,,,,,,,,,,,,,
2633894.46125905,1245019.97703412,"0","0","1904",485.4,2026/05/20 13:46:21+00,,,,,,,,,,,,,,,,,,,,,
2633896.66432254,1245017.87713315,"0","0","1905",485.4,2026/05/20 13:46:22+00,,,,,,,,,,,,,,,,,,,,,
2633899.99939498,1245016.00606394,"0","0","1906",485.3,2026/05/20 13:46:23+00,,,,,,,,,,,,,,,,,,,,,
2633901.21203367,1245015.34589007,"0","0","1907",485.2,2026/05/20 13:46:24+00,,,,,,,,,,,,,,,,,,,,,
2633903.79286051,1245013.24814917,"0","0","1908",485.2,2026/05/20 13:46:25+00,,,,,,,,,,,,,,,,,,,,,
2633906.89937704,1245011.70932803,"0","0","1909",485.1,2026/05/20 13:46:26+00,,,,,,,,,,,,,,,,,,,,,
2633909.62686554,1245010.39070971,"0","0","1910",485.1,2026/05/20 13:46:27+00,,,,,,,,,,,,,,,,,,,,,
2633912.50545906,1245009.07295589,"0","0","1911",485.1,2026/05/20 13:46:28+00,,,,,,,,,,,,,,,,,,,,,
2633915.16184456,1245006.9756516,"0","0","1912",485,2026/05/20 13:46:29+00,,,,,,,,,,,,,,,,,,,,,
2633917.44047217,1245004.87619009,"0","0","1913",485,2026/05/20 13:46:30+00,,,,,,,,,,,,,,,,,,,,,
2633918.65883255,1245003.2154038,"0","0","1914",485,2026/05/20 13:46:31+00,,,,,,,,,,,,,,,,,,,,,
2633920.02448581,1245002.22255853,"0","0","1915",485,2026/05/20 13:46:32+00,,,,,,,,,,,,,,,,,,,,,
2633920.40923411,1245001.00174202,"0","0","1916",485,2026/05/20 13:46:33+00,,,,,,,,,,,,,,,,,,,,,
2633920.86762865,1245000.11489592,"0","0","1917",485,2026/05/20 13:46:34+00,,,,,,,,,,,,,,,,,,,,,
2633920.95016914,1244998.89235255,"0","0","1918",485.1,2026/05/20 13:46:35+00,,,,,,,,,,,,,,,,,,,,,
2633921.41046989,1244997.67196784,"0","0","1919",485.1,2026/05/20 13:46:36+00,,,,,,,,,,,,,,,,,,,,,
2633921.48919856,1244997.1165018,"0","0","1920",485.1,2026/05/20 13:46:37+00,,,,,,,,,,,,,,,,,,,,,
2633921.87140616,1244996.34040362,"0","0","1921",485.1,2026/05/20 13:46:38+00,,,,,,,,,,,,,,,,,,,,,
2633922.70438491,1244996.01161415,"0","0","1922",485.1,2026/05/20 13:46:39+00,,,,,,,,,,,,,,,,,,,,,
2633923.30308322,1244997.01568417,"0","0","1923",485.2,2026/05/20 13:46:40+00,,,,,,,,,,,,,,,,,,,,,
2633923.37418775,1244997.79437281,"0","0","1924",485.2,2026/05/20 13:46:41+00,,,,,,,,,,,,,,,,,,,,,
2633923.14816697,1244997.68189798,"0","0","1925",485.2,2026/05/20 13:46:42+00,,,,,,,,,,,,,,,,,,,,,
2633923.1462609,1244998.01543664,"0","0","1926",485.2,2026/05/20 13:46:43+00,,,,,,,,,,,,,,,,,,,,,
2633922.99515682,1244998.01457313,"0","0","1927",485.2,2026/05/20 13:46:44+00,,,,,,,,,,,,,,,,,,,,,
2633923.1462609,1244998.01543664,"0","0","1928",485.2,2026/05/20 13:46:45+00,,,,,,,,,,,,,,,,,,,,,
2633923.14499019,1244998.23779575,"0","0","1929",485.2,2026/05/20 13:46:46+00,,,,,,,,,,,,,,,,,,,,,
2633923.21927152,1244998.46058662,"0","0","1930",485.2,2026/05/20 13:46:47+00,,,,,,,,,,,,,,,,,,,,,
2633923.06816744,1244998.45972311,"0","0","1931",485.2,2026/05/20 13:46:48+00,,,,,,,,,,,,,,,,,,,,,
2633922.99198005,1244998.5704709,"0","0","1932",485.2,2026/05/20 13:46:49+00,,,,,,,,,,,,,,,,,,,,,
2633922.91515731,1244998.79239826,"0","0","1933",485.2,2026/05/20 13:46:50+00,,,,,,,,,,,,,,,,,,,,,
2633922.91515731,1244998.79239826,"0","0","1934",485.2,2026/05/20 13:46:51+00,,,,,,,,,,,,,,,,,,,,,
2633922.83896993,1244998.90314606,"0","0","1935",485.2,2026/05/20 13:46:52+00,,,,,,,,,,,,,,,,,,,,,
2633922.68850121,1244998.79110301,"0","0","1936",485.2,2026/05/20 13:46:53+00,,,,,,,,,,,,,,,,,,,,,
2633922.5367618,1244998.90141906,"0","0","1937",485.2,2026/05/20 13:46:54+00,,,,,,,,,,,,,,,,,,,,,
2633922.61358453,1244998.6794917,"0","0","1938",485.2,2026/05/20 13:46:55+00,,,,,,,,,,,,,,,,,,,,,
2633922.91388661,1244999.01475737,"0","0","1939",485.2,2026/05/20 13:46:56+00,,,,,,,,,,,,,,,,,,,,,
2633922.7634179,1244998.90271431,"0","0","1940",485.2,2026/05/20 13:46:57+00,,,,,,,,,,,,,,,,,,,,,
2633922.61612591,1244998.23477348,"0","0","1941",485.3,2026/05/20 13:46:58+00,,,,,,,,,,,,,,,,,,,,,
2633922.6173966,1244998.01241437,"0","0","1942",485.3,2026/05/20 13:46:59+00,,,,,,,,,,,,,,,,,,,,,
2633922.46502183,1244998.23390998,"0","0","1943",485.3,2026/05/20 13:47:00+00,,,,,,,,,,,,,,,,,,,,,
2633922.16217833,1244998.34336255,"0","0","1944",485.3,2026/05/20 13:47:01+00,,,,,,,,,,,,,,,,,,,,,
2633921.78505347,1244998.23002429,"0","0","1945",485.3,2026/05/20 13:47:02+00,,,,,,,,,,,,,,,,,,,,,
2633921.10762638,1244997.78142046,"0","0","1946",485.3,2026/05/20 13:47:03+00,,,,,,,,,,,,,,,,,,,,,
2633920.65939659,1244996.88939367,"0","0","1947",485.3,2026/05/20 13:47:04+00,,,,,,,,,,,,,,,,,,,,,
2633920.5108337,1244996.443812,"0","0","1948",485.3,2026/05/20 13:47:05+00,,,,,,,,,,,,,,,,,,,,,
2633920.43782286,1244995.99866207,"0","0","1949",485.3,2026/05/20 13:47:06+00,,,,,,,,,,,,,,,,,,,,,
2633921.19143758,1244996.336518,"0","0","1950",485.4,2026/05/20 13:47:07+00,,,,,,,,,,,,,,,,,,,,,
2633921.64474997,1244996.3391084,"0","0","1951",485.4,2026/05/20 13:47:08+00,,,,,,,,,,,,,,,,,,,,,
2633921.94505222,1244996.67437401,"0","0","1952",485.4,2026/05/20 13:47:09+00,,,,,,,,,,,,,,,,,,,,,
2633922.09806235,1244996.34169884,"0","0","1953",485.4,2026/05/20 13:47:10+00,,,,,,,,,,,,,,,,,,,,,
2633922.39963527,1244996.45460537,"0","0","1954",485.4,2026/05/20 13:47:11+00,,,,,,,,,,,,,,,,,,,,,
2633922.47455199,1244996.56621667,"0","0","1955",485.4,2026/05/20 13:47:12+00,,,,,,,,,,,,,,,,,,,,,
2633922.69803143,1244997.12340969,"0","0","1956",485.4,2026/05/20 13:47:13+00,,,,,,,,,,,,,,,,,,,,,
2633922.85104159,1244996.79073453,"0","0","1957",485.4,2026/05/20 13:47:14+00,,,,,,,,,,,,,,,,,,,,,
2633922.77421883,1244997.01266189,"0","0","1958",485.4,2026/05/20 13:47:15+00,,,,,,,,,,,,,,,,,,,,,
2633922.62629146,1244996.45590062,"0","0","1959",485.4,2026/05/20 13:47:16+00,,,,,,,,,,,,,,,,,,,,,
2633922.47518733,1244996.45503712,"0","0","1960",485.4,2026/05/20 13:47:17+00,,,,,,,,,,,,,,,,,,,,,
2633922.39836458,1244996.67696448,"0","0","1961",485.4,2026/05/20 13:47:18+00,,,,,,,,,,,,,,,,,,,,,
2633922.77739558,1244996.45676412,"0","0","1962",485.4,2026/05/20 13:47:19+00,,,,,,,,,,,,,,,,,,,,,
2633922.69803143,1244997.12340969,"0","0","1963",485.4,2026/05/20 13:47:20+00,,,,,,,,,,,,,,,,,,,,,
2633922.24408377,1244997.23199876,"0","0","1964",485.5,2026/05/20 13:47:21+00,,,,,,,,,,,,,,,,,,,,,
2633922.09170899,1244997.45349438,"0","0","1965",485.5,2026/05/20 13:47:22+00,,,,,,,,,,,,,,,,,,,,,
2633921.94251089,1244997.11909223,"0","0","1966",485.5,2026/05/20 13:47:23+00,,,,,,,,,,,,,,,,,,,,,
2633921.86695884,1244997.11866049,"0","0","1967",485.5,2026/05/20 13:47:24+00,,,,,,,,,,,,,,,,,,,,,
2633921.86695884,1244997.11866049,"0","0","1968",485.5,2026/05/20 13:47:25+00,,,,,,,,,,,,,,,,,,,,,
2633922.0155216,1244997.56424219,"0","0","1969",485.5,2026/05/20 13:47:26+00,,,,,,,,,,,,,,,,,,,,,
2633922.24090707,1244997.78789653,"0","0","1970",485.5,2026/05/20 13:47:27+00,,,,,,,,,,,,,,,,,,,,,
2633922.16599036,1244997.67628523,"0","0","1971",485.5,2026/05/20 13:47:28+00,,,,,,,,,,,,,,,,,,,,,
2633922.09297966,1244997.23113527,"0","0","1972",485.5,2026/05/20 13:47:29+00,,,,,,,,,,,,,,,,,,,,,
2633922.24535445,1244997.00963965,"0","0","1973",485.5,2026/05/20 13:47:30+00,,,,,,,,,,,,,,,,,,,,,
2633922.39518787,1244997.23286225,"0","0","1974",485.5,2026/05/20 13:47:31+00,,,,,,,,,,,,,,,,,,,,,
2633922.093615,1244997.11995572,"0","0","1975",485.5,2026/05/20 13:47:32+00,,,,,,,,,,,,,,,,,,,,,
2633922.01933361,1244996.89716487,"0","0","1976",485.5,2026/05/20 13:47:33+00,,,,,,,,,,,,,,,,,,,,,
2633921.79204211,1244997.0070492,"0","0","1977",485.5,2026/05/20 13:47:34+00,,,,,,,,,,,,,,,,,,,,,
2633921.79204211,1244997.0070492,"0","0","1978",485.5,2026/05/20 13:47:35+00,,,,,,,,,,,,,,,,,,,,,
2633921.56602127,1244996.89457443,"0","0","1979",485.5,2026/05/20 13:47:36+00,,,,,,,,,,,,,,,,,,,,,
2633921.57046856,1244996.11631756,"0","0","1980",485.5,2026/05/20 13:47:37+00,,,,,,,,,,,,,,,,,,,,,
2633921.1152502,1244996.44726582,"0","0","1981",485.5,2026/05/20 13:47:38+00,,,,,,,,,,,,,,,,,,,,,
2633920.58892699,1244995.99952551,"0","0","1982",485.5,2026/05/20 13:47:39+00,,,,,,,,,,,,,,,,,,,,,
2633920.28989523,1244995.44190086,"0","0","1983",485.5,2026/05/20 13:47:40+00,,,,,,,,,,,,,,,,,,,,,
2633919.61183242,1244995.10447675,"0","0","1984",485.5,2026/05/20 13:47:41+00,,,,,,,,,,,,,,,,,,,,,
2633919.69246683,1244994.21547204,"0","0","1985",485.5,2026/05/20 13:47:42+00,,,,,,,,,,,,,,,,,,,,,
2633919.695008,1244993.77075383,"0","0","1986",485.5,2026/05/20 13:47:43+00,,,,,,,,,,,,,,,,,,,,,
2633919.92293488,1244993.54968986,"0","0","1987",485.5,2026/05/20 13:47:44+00,,,,,,,,,,,,,,,,,,,,,
2633919.7699248,1244993.88236509,"0","0","1988",485.5,2026/05/20 13:47:45+00,,,,,,,,,,,,,,,,,,,,,
2633920.07086259,1244994.10645106,"0","0","1989",485.5,2026/05/20 13:47:46+00,,,,,,,,,,,,,,,,,,,,,
2633920.59845662,1244994.33183221,"0","0","1990",485.5,2026/05/20 13:47:47+00,,,,,,,,,,,,,,,,,,,,,
2633921.05113384,1244994.44560212,"0","0","1991",485.6,2026/05/20 13:47:48+00,,,,,,,,,,,,,,,,,,,,,
2633921.42762363,1244994.67011989,"0","0","1992",485.6,2026/05/20 13:47:49+00,,,,,,,,,,,,,,,,,,,,,
2633921.88030081,1244994.78388987,"0","0","1993",485.6,2026/05/20 13:47:50+00,,,,,,,,,,,,,,,,,,,,,
2633921.87648882,1244995.45096719,"0","0","1994",485.6,2026/05/20 13:47:52+00,,,,,,,,,,,,,,,,,,,,,
2633921.49491649,1244996.11588582,"0","0","1995",485.6,2026/05/20 13:47:53+00,,,,,,,,,,,,,,,,,,,,,
2633921.41809378,1244996.33781319,"0","0","1996",485.6,2026/05/20 13:47:54+00,,,,,,,,,,,,,,,,,,,,,
2633921.25873047,1244997.78228393,"0","0","1997",485.5,2026/05/20 13:47:55+00,,,,,,,,,,,,,,,,,,,,,
2633920.88097025,1244997.78012528,"0","0","1998",485.5,2026/05/20 13:47:56+00,,,,,,,,,,,,,,,,,,,,,
2633920.50575124,1244997.33324844,"0","0","1999",485.5,2026/05/20 13:47:57+00,,,,,,,,,,,,,,,,,,,,,
2633920.13053219,1244996.88637162,"0","0","2000",485.5,2026/05/20 13:47:58+00,,,,,,,,,,,,,,,,,,,,,
2633919.75531307,1244996.43949482,"0","0","2001",485.5,2026/05/20 13:47:59+00,,,,,,,,,,,,,,,,,,,,,
2633919.30390654,1244996.1033659,"0","0","2002",485.5,2026/05/20 13:48:00+00,,,,,,,,,,,,,,,,,,,,,
2633918.92868732,1244995.65648916,"0","0","2003",485.5,2026/05/20 13:48:01+00,,,,,,,,,,,,,,,,,,,,,
2633918.55346803,1244995.20961245,"0","0","2004",485.5,2026/05/20 13:48:02+00,,,,,,,,,,,,,,,,,,,,,
2633918.17824869,1244994.76273576,"0","0","2005",485.5,2026/05/20 13:48:03+00,,,,,,,,,,,,,,,,,,,,,
2633917.80302929,1244994.31585909,"0","0","2006",485.5,2026/05/20 13:48:04+00,,,,,,,,,,,,,,,,,,,,,
2633916.54087687,1244990.41723616,"0","0","2007",485.5,2026/05/20 13:48:05+00,,,,,,,,,,,,,,,,,,,,,
2633915.8805994,1244986.96678504,"0","0","2008",485.4,2026/05/20 13:48:06+00,,,,,,,,,,,,,,,,,,,,,
2633916.20631144,1244982.85486832,"0","0","2009",485.3,2026/05/20 13:48:07+00,,,,,,,,,,,,,,,,,,,,,
2633916.38854206,1244977.40793373,"0","0","2010",485.1,2026/05/20 13:48:08+00,,,,,,,,,,,,,,,,,,,,,
2633916.6298093,1244974.85209913,"0","0","2011",485,2026/05/20 13:48:09+00,,,,,,,,,,,,,,,,,,,,,
2633917.10218053,1244971.51930277,"0","0","2012",484.9,2026/05/20 13:48:10+00,,,,,,,,,,,,,,,,,,,,,
2633915.99747967,1244966.5097481,"0","0","2013",484.7,2026/05/20 13:48:11+00,,,,,,,,,,,,,,,,,,,,,
2633913.44648133,1244963.38204478,"0","0","2014",484.6,2026/05/20 13:48:12+00,,,,,,,,,,,,,,,,,,,,,
2633911.50498154,1244959.36835906,"0","0","2015",484.4,2026/05/20 13:48:13+00,,,,,,,,,,,,,,,,,,,,,
2633909.0339759,1244955.4628325,"0","0","2016",484.3,2026/05/20 13:48:14+00,,,,,,,,,,,,,,,,,,,,,
2633907.92608975,1244951.00917726,"0","0","2017",484.2,2026/05/20 13:48:15+00,,,,,,,,,,,,,,,,,,,,,
2633905.82585638,1244948.3287849,"0","0","2018",484.1,2026/05/20 13:48:16+00,,,,,,,,,,,,,,,,,,,,,
2633903.35293738,1244944.75679944,"0","0","2019",484.1,2026/05/20 13:48:17+00,,,,,,,,,,,,,,,,,,,,,
2633901.7066512,1244941.96781808,"0","0","2020",484.1,2026/05/20 13:48:18+00,,,,,,,,,,,,,,,,,,,,,
2633900.74033858,1244939.18272041,"0","0","2021",484,2026/05/20 13:48:19+00,,,,,,,,,,,,,,,,,,,,,
2633899.24515525,1244936.39460272,"0","0","2022",484,2026/05/20 13:48:20+00,,,,,,,,,,,,,,,,,,,,,
2633898.73787175,1244932.61147829,"0","0","2023",484.1,2026/05/20 13:48:21+00,,,,,,,,,,,,,,,,,,,,,
2633897.62489443,1244929.04726155,"0","0","2024",484.1,2026/05/20 13:48:22+00,,,,,,,,,,,,,,,,,,,,,
2633897.25411331,1244927.82212951,"0","0","2025",484.1,2026/05/20 13:48:23+00,,,,,,,,,,,,,,,,,,,,,
2633894.93355606,1244924.02865154,"0","0","2026",484.7,2026/05/20 13:48:24+00,,,,,,,,,,,,,,,,,,,,,
2633894.18691347,1244922.46782414,"0","0","2027",484.9,2026/05/20 13:48:25+00,,,,,,,,,,,,,,,,,,,,,
2633891.25875394,1244919.22679427,"0","0","2028",485.5,2026/05/20 13:48:26+00,,,,,,,,,,,,,,,,,,,,,
2633890.66258116,1244917.77800957,"0","0","2029",485.7,2026/05/20 13:48:27+00,,,,,,,,,,,,,,,,,,,,,
2633889.02135902,1244914.09959567,"0","0","2030",486.2,2026/05/20 13:48:28+00,,,,,,,,,,,,,,,,,,,,,
2633888.50010359,1244912.76242206,"0","0","2031",486.4,2026/05/20 13:48:29+00,,,,,,,,,,,,,,,,,,,,,
2633887.30965906,1244909.53131472,"0","0","2032",487.2,2026/05/20 13:48:30+00,,,,,,,,,,,,,,,,,,,,,
2633887.01442773,1244908.30661468,"0","0","2033",487.5,2026/05/20 13:48:31+00,,,,,,,,,,,,,,,,,,,,,
2633884.5370381,1244905.51289417,"0","0","2034",488.5,2026/05/20 13:48:32+00,,,,,,,,,,,,,,,,,,,,,
2633883.63674547,1244904.39592377,"0","0","2035",488.7,2026/05/20 13:48:33+00,,,,,,,,,,,,,,,,,,,,,
2633880.55302278,1244901.93229356,"0","0","2036",489.2,2026/05/20 13:48:34+00,,,,,,,,,,,,,,,,,,,,,
2633879.65336338,1244900.70414424,"0","0","2037",489.3,2026/05/20 13:48:35+00,,,,,,,,,,,,,,,,,,,,,
2633877.02866732,1244897.24248736,"0","0","2038",489.7,2026/05/20 13:48:36+00,,,,,,,,,,,,,,,,,,,,,
2633876.05281867,1244896.12508696,"0","0","2039",489.8,2026/05/20 13:48:37+00,,,,,,,,,,,,,,,,,,,,,
2633873.65033769,1244893.44298178,"0","0","2040",490,2026/05/20 13:48:38+00,,,,,,,,,,,,,,,,,,,,,
2633870.86881875,1244890.9810812,"0","0","2041",490.2,2026/05/20 13:48:39+00,,,,,,,,,,,,,,,,,,,,,
2633868.76727845,1244888.52306145,"0","0","2042",490.4,2026/05/20 13:48:40+00,,,,,,,,,,,,,,,,,,,,,
2633866.59779432,1244884.73045712,"0","0","2043",490.6,2026/05/20 13:48:41+00,,,,,,,,,,,,,,,,,,,,,
2633865.4727374,1244883.27865786,"0","0","2044",490.7,2026/05/20 13:48:42+00,,,,,,,,,,,,,,,,,,,,,
2633862.76486117,1244881.15073074,"0","0","2045",490.8,2026/05/20 13:48:43+00,,,,,,,,,,,,,,,,,,,,,
2633860.28935115,1244878.023482,"0","0","2046",490.9,2026/05/20 13:48:44+00,,,,,,,,,,,,,,,,,,,,,
2633857.73638254,1244875.22934197,"0","0","2047",491,2026/05/20 13:48:45+00,,,,,,,,,,,,,,,,,,,,,
2633855.71101887,1244872.66057837,"0","0","2048",491,2026/05/20 13:48:46+00,,,,,,,,,,,,,,,,,,,,,
2633853.91231446,1244870.09310808,"0","0","2049",491.1,2026/05/20 13:48:47+00,,,,,,,,,,,,,,,,,,,,,
2633851.05395461,1244867.85314512,"0","0","2050",491.1,2026/05/20 13:48:48+00,,,,,,,,,,,,,,,,,,,,,
2633848.57272732,1244865.72651709,"0","0","2051",491.2,2026/05/20 13:48:49+00,,,,,,,,,,,,,,,,,,,,,
2633845.56896079,1244862.4850795,"0","0","2052",491.2,2026/05/20 13:48:50+00,,,,,,,,,,,,,,,,,,,,,
2633844.74484188,1244861.25736638,"0","0","2053",491.2,2026/05/20 13:48:51+00,,,,,,,,,,,,,,,,,,,,,
2633842.03821574,1244858.90708982,"0","0","2054",491.3,2026/05/20 13:48:52+00,,,,,,,,,,,,,,,,,,,,,
2633839.86299949,1244856.11511126,"0","0","2055",491.3,2026/05/20 13:48:53+00,,,,,,,,,,,,,,,,,,,,,
2633837.53477219,1244853.65581074,"0","0","2056",491.4,2026/05/20 13:48:54+00,,,,,,,,,,,,,,,,,,,,,
2633837.00906363,1244853.09689851,"0","0","2057",491.4,2026/05/20 13:48:55+00,,,,,,,,,,,,,,,,,,,,,
2633837.23889394,1244852.54229289,"0","0","2058",491.4,2026/05/20 13:48:56+00,,,,,,,,,,,,,,,,,,,,,
2633837.23699276,1244852.87583145,"0","0","2059",491.4,2026/05/20 13:48:57+00,,,,,,,,,,,,,,,,,,,,,
2633837.92141399,1244852.1014508,"0","0","2060",491.4,2026/05/20 13:48:58+00,,,,,,,,,,,,,,,,,,,,,
2633837.85093,1244851.21158397,"0","0","2061",491.4,2026/05/20 13:48:59+00,,,,,,,,,,,,,,,,,,,,,
2633838.076958,1244851.3240555,"0","0","2062",491.4,2026/05/20 13:49:00+00,,,,,,,,,,,,,,,,,,,,,
2633838.07315554,1244851.99113262,"0","0","2063",491.4,2026/05/20 13:49:01+00,,,,,,,,,,,,,,,,,,,,,
2633838.07062057,1244852.43585069,"0","0","2064",491.4,2026/05/20 13:49:02+00,,,,,,,,,,,,,,,,,,,,,
2633838.1480757,1244852.1027428,"0","0","2065",491.4,2026/05/20 13:49:03+00,,,,,,,,,,,,,,,,,,,,,
2633838.07125431,1244852.32467117,"0","0","2066",491.4,2026/05/20 13:49:04+00,,,,,,,,,,,,,,,,,,,,,
2633837.92014651,1244852.32380983,"0","0","2067",491.4,2026/05/20 13:49:05+00,,,,,,,,,,,,,,,,,,,,,
2633837.76903871,1244852.3229485,"0","0","2068",491.4,2026/05/20 13:49:06+00,,,,,,,,,,,,,,,,,,,,,
2633837.84839504,1244851.65630205,"0","0","2069",491.4,2026/05/20 13:49:07+00,,,,,,,,,,,,,,,,,,,,,
2633837.17157849,1244851.09652847,"0","0","2070",491.4,2026/05/20 13:49:08+00,,,,,,,,,,,,,,,,,,,,,
2633837.32458751,1244850.76385123,"0","0","2071",491.4,2026/05/20 13:49:09+00,,,,,,,,,,,,,,,,,,,,,
2633837.1741134,1244850.65181039,"0","0","2072",491.4,2026/05/20 13:49:10+00,,,,,,,,,,,,,,,,,,,,,
2633837.17538085,1244850.42945135,"0","0","2073",491.4,2026/05/20 13:49:11+00,,,,,,,,,,,,,,,,,,,,,
2633836.80077982,1244849.87140047,"0","0","2074",491.4,2026/05/20 13:49:12+00,,,,,,,,,,,,,,,,,,,,,
2633836.64903824,1244849.98171868,"0","0","2075",491.4,2026/05/20 13:49:13+00,,,,,,,,,,,,,,,,,,,,,
2633836.42174274,1244850.09160624,"0","0","2076",491.4,2026/05/20 13:49:14+00,,,,,,,,,,,,,,,,,,,,,
2633836.19254612,1244850.53503238,"0","0","2077",491.4,2026/05/20 13:49:15+00,,,,,,,,,,,,,,,,,,,,,
2633835.96461694,1244850.75609948,"0","0","2078",491.4,2026/05/20 13:49:16+00,,,,,,,,,,,,,,,,,,,,,
2633836.3398517,1244851.20297079,"0","0","2079",491.4,2026/05/20 13:49:17+00,,,,,,,,,,,,,,,,,,,,,
2633836.18620903,1244851.64682758,"0","0","2080",491.4,2026/05/20 13:49:18+00,,,,,,,,,,,,,,,,,,,,,
2633836.85795584,1244853.0960372,"0","0","2081",491.4,2026/05/20 13:49:19+00,,,,,,,,,,,,,,,,,,,,,
2633836.85542096,1244853.54075528,"0","0","2082",491.4,2026/05/20 13:49:20+00,,,,,,,,,,,,,,,,,,,,,
2633836.62432328,1244854.31771997,"0","0","2083",491.4,2026/05/20 13:49:21+00,,,,,,,,,,,,,,,,,,,,,
2633836.54686826,1244854.65082788,"0","0","2084",491.4,2026/05/20 13:49:22+00,,,,,,,,,,,,,,,,,,,,,
2633835.86941823,1244854.20223396,"0","0","2085",491.4,2026/05/20 13:49:23+00,,,,,,,,,,,,,,,,,,,,,
2633835.34307586,1244853.7545014,"0","0","2086",491.4,2026/05/20 13:49:24+00,,,,,,,,,,,,,,,,,,,,,
2633834.89038625,1244853.64073808,"0","0","2087",491.4,2026/05/20 13:49:25+00,,,,,,,,,,,,,,,,,,,,,
2633834.51451786,1244853.30504638,"0","0","2088",491.4,2026/05/20 13:49:26+00,,,,,,,,,,,,,,,,,,,,,
2633834.73674376,1244854.08459491,"0","0","2089",491.4,2026/05/20 13:49:27+00,,,,,,,,,,,,,,,,,,,,,
2633834.36087539,1244853.74890321,"0","0","2090",491.4,2026/05/20 13:49:28+00,,,,,,,,,,,,,,,,,,,,,
2633834.36404376,1244853.19300561,"0","0","2091",491.4,2026/05/20 13:49:29+00,,,,,,,,,,,,,,,,,,,,,
2633834.14181778,1244852.4134571,"0","0","2092",491.4,2026/05/20 13:49:30+00,,,,,,,,,,,,,,,,,,,,,
2633833.84150317,1244852.07819606,"0","0","2093",491.4,2026/05/20 13:49:31+00,,,,,,,,,,,,,,,,,,,,,
2633833.08913238,1244851.51799233,"0","0","2094",491.4,2026/05/20 13:49:32+00,,,,,,,,,,,,,,,,,,,,,
2633832.41484992,1244850.51350122,"0","0","2095",491.4,2026/05/20 13:49:33+00,,,,,,,,,,,,,,,,,,,,,
2633831.43391614,1244850.28554448,"0","0","2096",491.4,2026/05/20 13:49:34+00,,,,,,,,,,,,,,,,,,,,,
2633831.51010369,1244850.17479554,"0","0","2097",491.4,2026/05/20 13:49:35+00,,,,,,,,,,,,,,,,,,,,,
2633831.13613572,1244849.50556549,"0","0","2098",491.4,2026/05/20 13:49:36+00,,,,,,,,,,,,,,,,,,,,,
2633830.30821041,1244848.94493154,"0","0","2099",491.4,2026/05/20 13:49:37+00,,,,,,,,,,,,,,,,,,,,,
2633828.9507737,1244848.49246332,"0","0","2100",491.4,2026/05/20 13:49:38+00,,,,,,,,,,,,,,,,,,,,,
2633827.82126576,1244847.81892799,"0","0","2101",491.4,2026/05/20 13:49:39+00,,,,,,,,,,,,,,,,,,,,,
2633827.06952739,1244847.14754551,"0","0","2102",491.4,2026/05/20 13:49:40+00,,,,,,,,,,,,,,,,,,,,,
2633826.39397635,1244846.36541414,"0","0","2103",491.4,2026/05/20 13:49:41+00,,,,,,,,,,,,,,,,,,,,,
2633825.71779163,1244845.69446236,"0","0","2104",491.4,2026/05/20 13:49:42+00,,,,,,,,,,,,,,,,,,,,,
2633825.11462674,1244845.46865924,"0","0","2105",491.4,2026/05/20 13:49:43+00,,,,,,,,,,,,,,,,,,,,,
2633824.96225177,1244845.69015727,"0","0","2106",491.4,2026/05/20 13:49:44+00,,,,,,,,,,,,,,,,,,,,,
2633824.05750438,1244845.35145273,"0","0","2107",491.4,2026/05/20 13:49:45+00,,,,,,,,,,,,,,,,,,,,,
2633823.68353527,1244844.68222317,"0","0","2108",491.4,2026/05/20 13:49:46+00,,,,,,,,,,,,,,,,,,,,,
2633824.88986526,1244845.13382917,"0","0","2109",491.4,2026/05/20 13:49:47+00,,,,,,,,,,,,,,,,,,,,,
2633824.96541926,1244845.13425967,"0","0","2110",491.4,2026/05/20 13:49:48+00,,,,,,,,,,,,,,,,,,,,,
2633825.18954723,1244845.58026927,"0","0","2111",491.4,2026/05/20 13:49:49+00,,,,,,,,,,,,,,,,,,,,,
2633825.49239669,1244845.47081178,"0","0","2112",491.4,2026/05/20 13:49:50+00,,,,,,,,,,,,,,,,,,,,,
2633825.864465,1244846.47358002,"0","0","2113",491.4,2026/05/20 13:49:51+00,,,,,,,,,,,,,,,,,,,,,
2633826.7730133,1244846.14520772,"0","0","2114",491.4,2026/05/20 13:49:52+00,,,,,,,,,,,,,,,,,,,,,
2633827.5215841,1244847.37248776,"0","0","2115",491.4,2026/05/20 13:49:53+00,,,,,,,,,,,,,,,,,,,,,
2633827.74824599,1244847.37377937,"0","0","2116",491.4,2026/05/20 13:49:54+00,,,,,,,,,,,,,,,,,,,,,
2633828.27839086,1244847.15443413,"0","0","2117",491.4,2026/05/20 13:49:55+00,,,,,,,,,,,,,,,,,,,,,
2633828.8079022,1244847.04626846,"0","0","2118",491.4,2026/05/20 13:49:56+00,,,,,,,,,,,,,,,,,,,,,
2633829.63646151,1244847.49572268,"0","0","2119",491.4,2026/05/20 13:49:57+00,,,,,,,,,,,,,,,,,,,,,
2633830.69358338,1244847.61293018,"0","0","2120",491.4,2026/05/20 13:49:58+00,,,,,,,,,,,,,,,,,,,,,
2633831.15007522,1244847.05961607,"0","0","2121",491.4,2026/05/20 13:49:59+00,,,,,,,,,,,,,,,,,,,,,
2633831.82562555,1244847.84174798,"0","0","2122",491.4,2026/05/20 13:50:00+00,,,,,,,,,,,,,,,,,,,,,
2633832.12784138,1244847.84347036,"0","0","2123",491.4,2026/05/20 13:50:01+00,,,,,,,,,,,,,,,,,,,,,
2633831.90117951,1244847.84217857,"0","0","2124",491.4,2026/05/20 13:50:02+00,,,,,,,,,,,,,,,,,,,,,
2633831.21992665,1244848.06066232,"0","0","2125",491.4,2026/05/20 13:50:03+00,,,,,,,,,,,,,,,,,,,,,
2633831.07262041,1244847.39272404,"0","0","2126",491.4,2026/05/20 13:50:04+00,,,,,,,,,,,,,,,,,,,,,
2633830.92151249,1244847.39186288,"0","0","2127",491.4,2026/05/20 13:50:05+00,,,,,,,,,,,,,,,,,,,,,
2633830.99326479,1244848.05937057,"0","0","2128",491.4,2026/05/20 13:50:06+00,,,,,,,,,,,,,,,,,,,,,
2633830.0161321,1244847.16433695,"0","0","2129",491.4,2026/05/20 13:50:07+00,,,,,,,,,,,,,,,,,,,,,
2633829.71645058,1244846.7178966,"0","0","2130",491.4,2026/05/20 13:50:08+00,,,,,,,,,,,,,,,,,,,,,
2633829.49485732,1244845.82716876,"0","0","2131",491.4,2026/05/20 13:50:09+00,,,,,,,,,,,,,,,,,,,,,
2633828.8224743,1244844.48913952,"0","0","2132",491.4,2026/05/20 13:50:10+00,,,,,,,,,,,,,,,,,,,,,
2633828.52469324,1244843.70916068,"0","0","2133",491.4,2026/05/20 13:50:11+00,,,,,,,,,,,,,,,,,,,,,
2633828.15199164,1244842.8175718,"0","0","2134",491.4,2026/05/20 13:50:12+00,,,,,,,,,,,,,,,,,,,,,
2633827.8542104,1244842.037593,"0","0","2135",491.3,2026/05/20 13:50:13+00,,,,,,,,,,,,,,,,,,,,,
2633826.35960134,1244839.13831492,"0","0","2136",491.2,2026/05/20 13:50:14+00,,,,,,,,,,,,,,,,,,,,,
2633825.7615039,1244838.0230756,"0","0","2137",491.1,2026/05/20 13:50:15+00,,,,,,,,,,,,,,,,,,,,,
2633825.63953712,1244832.90795682,"0","0","2138",490.8,2026/05/20 13:50:16+00,,,,,,,,,,,,,,,,,,,,,
2633826.2598083,1244830.13191307,"0","0","2139",490.7,2026/05/20 13:50:17+00,,,,,,,,,,,,,,,,,,,,,
2633826.79502289,1244829.02313159,"0","0","2140",490.6,2026/05/20 13:50:18+00,,,,,,,,,,,,,,,,,,,,,
2633830.43556355,1244826.59784871,"0","0","2141",490.3,2026/05/20 13:50:19+00,,,,,,,,,,,,,,,,,,,,,
2633831.95361802,1244825.38348574,"0","0","2142",490.2,2026/05/20 13:50:20+00,,,,,,,,,,,,,,,,,,,,,
2633835.06781783,1244822.51047356,"0","0","2143",489.8,2026/05/20 13:50:21+00,,,,,,,,,,,,,,,,,,,,,
2633836.22141063,1244818.95918882,"0","0","2144",489.5,2026/05/20 13:50:22+00,,,,,,,,,,,,,,,,,,,,,
2633838.50451787,1244816.08144142,"0","0","2145",489.3,2026/05/20 13:50:23+00,,,,,,,,,,,,,,,,,,,,,
2633840.03842108,1244812.08759284,"0","0","2146",488.9,2026/05/20 13:50:24+00,,,,,,,,,,,,,,,,,,,,,
2633841.41487939,1244809.20467834,"0","0","2147",488.7,2026/05/20 13:50:25+00,,,,,,,,,,,,,,,,,,,,,
2633843.32275578,1244805.8800613,"0","0","2148",488.4,2026/05/20 13:50:26+00,,,,,,,,,,,,,,,,,,,,,
2633844.78111027,1244801.88578332,"0","0","2149",488,2026/05/20 13:50:27+00,,,,,,,,,,,,,,,,,,,,,
2633845.39378701,1244800.44389585,"0","0","2150",487.9,2026/05/20 13:50:28+00,,,,,,,,,,,,,,,,,,,,,
2633845.64327037,1244796.44272604,"0","0","2151",487.6,2026/05/20 13:50:29+00,,,,,,,,,,,,,,,,,,,,,
2633845.65087693,1244795.10857201,"0","0","2152",487.5,2026/05/20 13:50:30+00,,,,,,,,,,,,,,,,,,,,,
2633848.01272212,1244791.67536172,"0","0","2153",487.1,2026/05/20 13:50:31+00,,,,,,,,,,,,,,,,,,,,,
2633848.7739743,1244790.67905425,"0","0","2154",487,2026/05/20 13:50:32+00,,,,,,,,,,,,,,,,,,,,,
2633849.84378512,1244788.57267515,"0","0","2155",486.8,2026/05/20 13:50:33+00,,,,,,,,,,,,,,,,,,,,,
2633850.30535497,1244787.1299266,"0","0","2156",486.6,2026/05/20 13:50:34+00,,,,,,,,,,,,,,,,,,,,,
2633850.76755901,1244785.57599859,"0","0","2157",486.5,2026/05/20 13:50:35+00,,,,,,,,,,,,,,,,,,,,,
2633851.39545452,1244781.46580385,"0","0","2158",486.1,2026/05/20 13:50:36+00,,,,,,,,,,,,,,,,,,,,,
2633851.70781761,1244779.68865527,"0","0","2159",485.9,2026/05/20 13:50:37+00,,,,,,,,,,,,,,,,,,,,,
2633851.27794603,1244775.57242884,"0","0","2160",485.5,2026/05/20 13:50:38+00,,,,,,,,,,,,,,,,,,,,,
2633852.28298353,1244771.57556802,"0","0","2161",485.1,2026/05/20 13:50:39+00,,,,,,,,,,,,,,,,,,,,,
2633852.89693317,1244769.91132245,"0","0","2162",484.9,2026/05/20 13:50:40+00,,,,,,,,,,,,,,,,,,,,,
2633853.29499658,1244766.35573297,"0","0","2163",484.5,2026/05/20 13:50:41+00,,,,,,,,,,,,,,,,,,,,,
2633854.14575666,1244762.91390829,"0","0","2164",484.1,2026/05/20 13:50:42+00,,,,,,,,,,,,,,,,,,,,,
2633853.40986091,1244759.46303535,"0","0","2165",483.7,2026/05/20 13:50:43+00,,,,,,,,,,,,,,,,,,,,,
2633851.46127831,1244756.67234587,"0","0","2166",483.3,2026/05/20 13:50:44+00,,,,,,,,,,,,,,,,,,,,,
2633851.47966386,1244753.44814067,"0","0","2167",482.9,2026/05/20 13:50:45+00,,,,,,,,,,,,,,,,,,,,,
2633852.77361175,1244751.78777279,"0","0","2168",482.7,2026/05/20 13:50:46+00,,,,,,,,,,,,,,,,,,,,,
2633852.63327948,1244749.89685978,"0","0","2169",482.5,2026/05/20 13:50:47+00,,,,,,,,,,,,,,,,,,,,,
2633851.43517388,1244747.99991489,"0","0","2170",482.2,2026/05/20 13:50:48+00,,,,,,,,,,,,,,,,,,,,,
2633850.68405935,1244747.21735011,"0","0","2171",482.1,2026/05/20 13:50:49+00,,,,,,,,,,,,,,,,,,,,,
2633850.00786591,1244746.54639573,"0","0","2172",482,2026/05/20 13:50:50+00,,,,,,,,,,,,,,,,,,,,,
2633849.40278996,1244746.65412867,"0","0","2173",481.9,2026/05/20 13:50:51+00,,,,,,,,,,,,,,,,,,,,,
2633849.40278996,1244746.65412867,"0","0","2174",481.9,2026/05/20 13:50:52+00,,,,,,,,,,,,,,,,,,,,,
2633849.40278996,1244746.65412867,"0","0","2175",481.9,2026/05/20 13:50:53+00,,,,,,,,,,,,,,,,,,,,,
2633849.40278996,1244746.65412867,"0","0","2176",481.9,2026/05/20 13:50:54+00,,,,,,,,,,,,,,,,,,,,,
2633849.40278996,1244746.65412867,"0","0","2177",481.9,2026/05/20 13:50:55+00,,,,,,,,,,,,,,,,,,,,,
2633849.40278996,1244746.65412867,"0","0","2178",481.9,2026/05/20 13:50:56+00,,,,,,,,,,,,,,,,,,,,,
2633849.40278996,1244746.65412867,"0","0","2179",481.9,2026/05/20 13:50:57+00,,,,,,,,,,,,,,,,,,,,,
2633849.40278996,1244746.65412867,"0","0","2180",481.9,2026/05/20 13:50:58+00,,,,,,,,,,,,,,,,,,,,,
2633849.40278996,1244746.65412867,"0","0","2181",481.9,2026/05/20 13:50:59+00,,,,,,,,,,,,,,,,,,,,,
2633849.40278996,1244746.65412867,"0","0","2182",481.9,2026/05/20 13:51:00+00,,,,,,,,,,,,,,,,,,,,,
2633849.40278996,1244746.65412867,"0","0","2183",481.9,2026/05/20 13:51:01+00,,,,,,,,,,,,,,,,,,,,,
2633849.40278996,1244746.65412867,"0","0","2184",481.9,2026/05/20 13:51:02+00,,,,,,,,,,,,,,,,,,,,,
2633849.40278996,1244746.65412867,"0","0","2185",481.9,2026/05/20 13:51:03+00,,,,,,,,,,,,,,,,,,,,,
2633849.40278996,1244746.65412867,"0","0","2186",481.9,2026/05/20 13:51:04+00,,,,,,,,,,,,,,,,,,,,,
2633849.40278996,1244746.65412867,"0","0","2187",481.9,2026/05/20 13:51:05+00,,,,,,,,,,,,,,,,,,,,,
2633849.40278996,1244746.65412867,"0","0","2188",481.9,2026/05/20 13:51:06+00,,,,,,,,,,,,,,,,,,,,,
2633849.40278996,1244746.65412867,"0","0","2189",481.9,2026/05/20 13:51:07+00,,,,,,,,,,,,,,,,,,,,,
2633849.25484917,1244746.0973696,"0","0","2190",481.9,2026/05/20 13:51:08+00,,,,,,,,,,,,,,,,,,,,,
2633849.40532574,1244746.20941072,"0","0","2191",481.9,2026/05/20 13:51:09+00,,,,,,,,,,,,,,,,,,,,,
2633849.48151494,1244746.09866205,"0","0","2192",481.8,2026/05/20 13:51:10+00,,,,,,,,,,,,,,,,,,,,,
2633850.01166965,1244745.87931881,"0","0","2193",481.8,2026/05/20 13:51:11+00,,,,,,,,,,,,,,,,,,,,,
2633850.31389068,1244745.88104212,"0","0","2194",481.7,2026/05/20 13:51:12+00,,,,,,,,,,,,,,,,,,,,,
2633851.06754134,1244746.2188889,"0","0","2195",481.7,2026/05/20 13:51:13+00,,,,,,,,,,,,,,,,,,,,,
2633851.06754134,1244746.2188889,"0","0","2196",481.7,2026/05/20 13:51:14+00,,,,,,,,,,,,,,,,,,,,,
2633851.21548195,1244746.77564801,"0","0","2197",481.6,2026/05/20 13:51:15+00,,,,,,,,,,,,,,,,,,,,,
2633851.44278168,1244746.66576104,"0","0","2198",481.6,2026/05/20 13:51:16+00,,,,,,,,,,,,,,,,,,,,,
2633851.81485201,1244747.66853065,"0","0","2199",481.5,2026/05/20 13:51:17+00,,,,,,,,,,,,,,,,,,,,,
2633851.81421802,1244747.77971014,"0","0","2200",481.4,2026/05/20 13:51:18+00,,,,,,,,,,,,,,,,,,,,,
2633851.88913926,1244747.89132047,"0","0","2201",481.4,2026/05/20 13:51:19+00,,,,,,,,,,,,,,,,,,,,,
2633851.51009513,1244748.11152522,"0","0","2202",481.4,2026/05/20 13:51:20+00,,,,,,,,,,,,,,,,,,,,,
2633851.43327193,1244748.33345335,"0","0","2203",481.4,2026/05/20 13:51:21+00,,,,,,,,,,,,,,,,,,,,,
2633851.80661013,1244749.11386399,"0","0","2204",481.3,2026/05/20 13:51:22+00,,,,,,,,,,,,,,,,,,,,,
2633851.88026338,1244749.4478333,"0","0","2205",481.2,2026/05/20 13:51:23+00,,,,,,,,,,,,,,,,,,,,,
2633851.88026338,1244749.4478333,"0","0","2206",481.2,2026/05/20 13:51:24+00,,,,,,,,,,,,,,,,,,,,,
2633852.02756984,1244750.11577193,"0","0","2207",481.2,2026/05/20 13:51:25+00,,,,,,,,,,,,,,,,,,,,,
2633851.64725786,1244750.55833565,"0","0","2208",481.1,2026/05/20 13:51:26+00,,,,,,,,,,,,,,,,,,,,,
2633852.09868707,1244750.89445919,"0","0","2209",481.1,2026/05/20 13:51:27+00,,,,,,,,,,,,,,,,,,,,,
2633851.64472191,1244751.0030536,"0","0","2210",481,2026/05/20 13:51:28+00,,,,,,,,,,,,,,,,,,,,,
2633852.17297427,1244751.11724902,"0","0","2211",480.9,2026/05/20 13:51:29+00,,,,,,,,,,,,,,,,,,,,,
2633851.7202771,1244751.00348444,"0","0","2212",480.9,2026/05/20 13:51:30+00,,,,,,,,,,,,,,,,,,,,,
2633852.17043828,1244751.56196697,"0","0","2213",480.8,2026/05/20 13:51:31+00,,,,,,,,,,,,,,,,,,,,,
2633852.32154865,1244751.56282868,"0","0","2214",480.8,2026/05/20 13:51:32+00,,,,,,,,,,,,,,,,,,,,,
2633851.86948552,1244751.3378846,"0","0","2215",480.8,2026/05/20 13:51:33+00,,,,,,,,,,,,,,,,,,,,,
2633852.24599346,1244751.56239783,"0","0","2216",480.7,2026/05/20 13:51:34+00,,,,,,,,,,,,,,,,,,,,,
2633852.24726146,1244751.34003885,"0","0","2217",480.7,2026/05/20 13:51:35+00,,,,,,,,,,,,,,,,,,,,,
2633852.32471865,1244751.00693123,"0","0","2218",480.7,2026/05/20 13:51:36+00,,,,,,,,,,,,,,,,,,,,,
2633852.70376263,1244750.78672654,"0","0","2219",480.6,2026/05/20 13:51:37+00,,,,,,,,,,,,,,,,,,,,,
2633852.85550704,1244750.67640877,"0","0","2220",480.6,2026/05/20 13:51:38+00,,,,,,,,,,,,,,,,,,,,,
2633853.00788546,1244750.45491151,"0","0","2221",480.6,2026/05/20 13:51:39+00,,,,,,,,,,,,,,,,,,,,,
2633852.93233026,1244750.45448065,"0","0","2222",480.6,2026/05/20 13:51:40+00,,,,,,,,,,,,,,,,,,,,,
2633853.3869295,1244750.23470686,"0","0","2223",480.5,2026/05/20 13:51:41+00,,,,,,,,,,,,,,,,,,,,,
2633853.53803991,1244750.23556859,"0","0","2224",480.5,2026/05/20 13:51:42+00,,,,,,,,,,,,,,,,,,,,,
2633853.68915031,1244750.23643033,"0","0","2225",480.5,2026/05/20 13:51:43+00,,,,,,,,,,,,,,,,,,,,,
2633853.68915031,1244750.23643033,"0","0","2226",480.5,2026/05/20 13:51:44+00,,,,,,,,,,,,,,,,,,,,,
2633853.91644995,1244750.12654345,"0","0","2227",480.4,2026/05/20 13:51:45+00,,,,,,,,,,,,,,,,,,,,,
2633853.99200515,1244750.12697433,"0","0","2228",480.4,2026/05/20 13:51:46+00,,,,,,,,,,,,,,,,,,,,,
2633853.91708398,1244750.01536396,"0","0","2229",480.4,2026/05/20 13:51:47+00,,,,,,,,,,,,,,,,,,,,,
2633853.99263919,1244750.01579484,"0","0","2230",480.4,2026/05/20 13:51:48+00,,,,,,,,,,,,,,,,,,,,,
2633853.99327322,1244749.90461535,"0","0","2231",480.4,2026/05/20 13:51:49+00,,,,,,,,,,,,,,,,,,,,,
2633853.99390725,1244749.79343586,"0","0","2232",480.4,2026/05/20 13:51:50+00,,,,,,,,,,,,,,,,,,,,,
2633853.92025413,1244749.45946653,"0","0","2233",480.4,2026/05/20 13:51:51+00,,,,,,,,,,,,,,,,,,,,,
2633853.76977773,1244749.3474253,"0","0","2234",480.3,2026/05/20 13:51:52+00,,,,,,,,,,,,,,,,,,,,,
2633853.84533295,1244749.34785617,"0","0","2235",480.3,2026/05/20 13:51:53+00,,,,,,,,,,,,,,,,,,,,,
2633853.76977773,1244749.3474253,"0","0","2236",480.3,2026/05/20 13:51:54+00,,,,,,,,,,,,,,,,,,,,,
2633853.69422252,1244749.34699442,"0","0","2237",480.3,2026/05/20 13:51:55+00,,,,,,,,,,,,,,,,,,,,,
2633853.61739925,1244749.56892253,"0","0","2238",480.3,2026/05/20 13:51:56+00,,,,,,,,,,,,,,,,,,,,,
2633853.61739925,1244749.56892253,"0","0","2239",480.3,2026/05/20 13:51:57+00,,,,,,,,,,,,,,,,,,,,,
2633853.76724162,1244749.79214325,"0","0","2240",480.3,2026/05/20 13:51:58+00,,,,,,,,,,,,,,,,,,,,,
2633853.91771801,1244749.90418448,"0","0","2241",480.2,2026/05/20 13:51:59+00,,,,,,,,,,,,,,,,,,,,,
2633854.06882843,1244749.90504623,"0","0","2242",480.2,2026/05/20 13:52:00+00,,,,,,,,,,,,,,,,,,,,,
2633854.06882843,1244749.90504623,"0","0","2243",480.2,2026/05/20 13:52:01+00,,,,,,,,,,,,,,,,,,,,,
2633854.06946246,1244749.79386674,"0","0","2244",480.2,2026/05/20 13:52:02+00,,,,,,,,,,,,,,,,,,,,,
2633854.06946246,1244749.79386674,"0","0","2245",480.2,2026/05/20 13:52:04+00,,,,,,,,,,,,,,,,,,,,,
2633854.07073052,1244749.57150776,"0","0","2246",480.2,2026/05/20 13:52:05+00,,,,,,,,,,,,,,,,,,,,,
2633854.07263262,1244749.2379693,"0","0","2247",480.2,2026/05/20 13:52:06+00,,,,,,,,,,,,,,,,,,,,,
2633854.07580279,1244748.68207186,"0","0","2248",480.1,2026/05/20 13:52:07+00,,,,,,,,,,,,,,,,,,,,,
2633854.00214966,1244748.34810253,"0","0","2249",480.1,2026/05/20 13:52:08+00,,,,,,,,,,,,,,,,,,,,,
2633853.7011968,1244748.12402006,"0","0","2250",480,2026/05/20 13:52:09+00,,,,,,,,,,,,,,,,,,,,,
2633853.17167617,1244748.23218348,"0","0","2251",480,2026/05/20 13:52:10+00,,,,,,,,,,,,,,,,,,,,,
2633853.02119973,1244748.12014226,"0","0","2252",480,2026/05/20 13:52:11+00,,,,,,,,,,,,,,,,,,,,,
2633852.94754653,1244747.78617294,"0","0","2253",479.9,2026/05/20 13:52:12+00,,,,,,,,,,,,,,,,,,,,,
2633853.17357822,1244747.89864501,"0","0","2254",479.9,2026/05/20 13:52:13+00,,,,,,,,,,,,,,,,,,,,,
2633853.098657,1244747.78703466,"0","0","2255",479.9,2026/05/20 13:52:14+00,,,,,,,,,,,,,,,,,,,,,
2633853.25040149,1244747.6767169,"0","0","2256",479.9,2026/05/20 13:52:15+00,,,,,,,,,,,,,,,,,,,,,
2633853.85357532,1244747.90252283,"0","0","2257",479.8,2026/05/20 13:52:16+00,,,,,,,,,,,,,,,,,,,,,
2633853.77802009,1244747.90209196,"0","0","2258",479.8,2026/05/20 13:52:17+00,,,,,,,,,,,,,,,,,,,,,
2633853.85357532,1244747.90252283,"0","0","2259",479.8,2026/05/20 13:52:18+00,,,,,,,,,,,,,,,,,,,,,
2633853.92913055,1244747.9029537,"0","0","2260",479.8,2026/05/20 13:52:19+00,,,,,,,,,,,,,,,,,,,,,
2633854.15579625,1244747.90424633,"0","0","2261",479.7,2026/05/20 13:52:20+00,,,,,,,,,,,,,,,,,,,,,
2633854.15579625,1244747.90424633,"0","0","2262",479.7,2026/05/20 13:52:21+00,,,,,,,,,,,,,,,,,,,,,
2633854.45865122,1244747.79479035,"0","0","2263",479.7,2026/05/20 13:52:22+00,,,,,,,,,,,,,,,,,,,,,
2633854.60976169,1244747.79565212,"0","0","2264",479.7,2026/05/20 13:52:23+00,,,,,,,,,,,,,,,,,,,,,
2633854.83769549,1244747.57458579,"0","0","2265",479.7,2026/05/20 13:52:24+00,,,,,,,,,,,,,,,,,,,,,
2633855.0643612,1244747.57587845,"0","0","2266",479.6,2026/05/20 13:52:25+00,,,,,,,,,,,,,,,,,,,,,
2633855.13991644,1244747.57630934,"0","0","2267",479.6,2026/05/20 13:52:26+00,,,,,,,,,,,,,,,,,,,,,
2633855.0643612,1244747.57587845,"0","0","2268",479.6,2026/05/20 13:52:27+00,,,,,,,,,,,,,,,,,,,,,
2633855.0643612,1244747.57587845,"0","0","2269",479.6,2026/05/20 13:52:28+00,,,,,,,,,,,,,,,,,,,,,
2633855.29166097,1244747.46599164,"0","0","2270",479.6,2026/05/20 13:52:29+00,,,,,,,,,,,,,,,,,,,,,
2633855.29356313,1244747.13245317,"0","0","2271",479.6,2026/05/20 13:52:30+00,,,,,,,,,,,,,,,,,,,,,
2633855.36975243,1244747.02170458,"0","0","2272",479.6,2026/05/20 13:52:31+00,,,,,,,,,,,,,,,,,,,,,
2633855.44720985,1244746.68859701,"0","0","2273",479.5,2026/05/20 13:52:32+00,,,,,,,,,,,,,,,,,,,,,
2633855.52656946,1244746.02195098,"0","0","2274",479.4,2026/05/20 13:52:33+00,,,,,,,,,,,,,,,,,,,,,
2633855.76020993,1244744.80026931,"0","0","2275",479.3,2026/05/20 13:52:34+00,,,,,,,,,,,,,,,,,,,,,
2633856.91446384,1244741.13780985,"0","0","2276",478.9,2026/05/20 13:52:35+00,,,,,,,,,,,,,,,,,,,,,
2633858.13349467,1244739.3658328,"0","0","2277",478.7,2026/05/20 13:52:36+00,,,,,,,,,,,,,,,,,,,,,
2633859.73727857,1244736.37303642,"0","0","2278",478.3,2026/05/20 13:52:37+00,,,,,,,,,,,,,,,,,,,,,
2633860.12329935,1244734.92985789,"0","0","2279",478.1,2026/05/20 13:52:38+00,,,,,,,,,,,,,,,,,,,,,
2633857.87566047,1244731.58154527,"0","0","2280",477.6,2026/05/20 13:52:39+00,,,,,,,,,,,,,,,,,,,,,
2633856.8248592,1244730.35253814,"0","0","2281",477.4,2026/05/20 13:52:40+00,,,,,,,,,,,,,,,,,,,,,
2633854.49595485,1244728.00441126,"0","0","2282",477,2026/05/20 13:52:41+00,,,,,,,,,,,,,,,,,,,,,
2633851.40642163,1244726.54141271,"0","0","2283",476.6,2026/05/20 13:52:42+00,,,,,,,,,,,,,,,,,,,,,
2633850.58038279,1244725.64723766,"0","0","2284",476.5,2026/05/20 13:52:43+00,,,,,,,,,,,,,,,,,,,,,
2633848.40829051,1244722.29935955,"0","0","2285",476,2026/05/20 13:52:44+00,,,,,,,,,,,,,,,,,,,,,
2633847.81145298,1244720.9617594,"0","0","2286",475.8,2026/05/20 13:52:45+00,,,,,,,,,,,,,,,,,,,,,
2633847.98284942,1244717.40487765,"0","0","2287",475.3,2026/05/20 13:52:46+00,,,,,,,,,,,,,,,,,,,,,
2633848.31740186,1244711.73644746,"0","0","2288",474.4,2026/05/20 13:52:47+00,,,,,,,,,,,,,,,,,,,,,
2633850.07229957,1244708.74451029,"0","0","2289",473.9,2026/05/20 13:52:48+00,,,,,,,,,,,,,,,,,,,,,
2633851.90465677,1244705.41946608,"0","0","2290",473.3,2026/05/20 13:52:49+00,,,,,,,,,,,,,,,,,,,,,
2633852.51354096,1244704.64465657,"0","0","2291",473.2,2026/05/20 13:52:50+00,,,,,,,,,,,,,,,,,,,,,
2633853.59224456,1244700.981766,"0","0","2292",472.6,2026/05/20 13:52:51+00,,,,,,,,,,,,,,,,,,,,,
2633853.60238885,1244699.20289443,"0","0","2293",472.3,2026/05/20 13:52:52+00,,,,,,,,,,,,,,,,,,,,,
2633855.36109718,1244695.54388209,"0","0","2294",471.7,2026/05/20 13:52:53+00,,,,,,,,,,,,,,,,,,,,,
2633856.57569826,1244694.55016123,"0","0","2295",471.4,2026/05/20 13:52:54+00,,,,,,,,,,,,,,,,,,,,,
2633859.17059832,1244690.00645435,"0","0","2296",470.5,2026/05/20 13:52:55+00,,,,,,,,,,,,,,,,,,,,,
2633861.53312674,1244686.46207096,"0","0","2297",469.8,2026/05/20 13:52:56+00,,,,,,,,,,,,,,,,,,,,,
2633862.44804332,1244685.02190959,"0","0","2298",469.5,2026/05/20 13:52:57+00,,,,,,,,,,,,,,,,,,,,,
2633863.980093,1244681.36160701,"0","0","2299",468.8,2026/05/20 13:52:58+00,,,,,,,,,,,,,,,,,,,,,
2633865.73944717,1244677.59141846,"0","0","2300",468.1,2026/05/20 13:52:59+00,,,,,,,,,,,,,,,,,,,,,
2633868.85374034,1244674.71842519,"0","0","2301",467.3,2026/05/20 13:53:00+00,,,,,,,,,,,,,,,,,,,,,
2633869.5534096,1244671.27574143,"0","0","2302",466.7,2026/05/20 13:53:01+00,,,,,,,,,,,,,,,,,,,,,
2633871.38769216,1244667.6171652,"0","0","2303",466.1,2026/05/20 13:53:02+00,,,,,,,,,,,,,,,,,,,,,
2633871.92229519,1244666.61956774,"0","0","2304",465.9,2026/05/20 13:53:03+00,,,,,,,,,,,,,,,,,,,,,
2633871.86513528,1244663.39493227,"0","0","2305",465.4,2026/05/20 13:53:04+00,,,,,,,,,,,,,,,,,,,,,
2633872.10005092,1244661.9508926,"0","0","2306",465.2,2026/05/20 13:53:05+00,,,,,,,,,,,,,,,,,,,,,
2633874.61244203,1244658.62973582,"0","0","2307",464.7,2026/05/20 13:53:06+00,,,,,,,,,,,,,,,,,,,,,
2633875.82705386,1244657.63601902,"0","0","2308",464.4,2026/05/20 13:53:07+00,,,,,,,,,,,,,,,,,,,,,
2633878.7800977,1244656.54104012,"0","0","2309",464,2026/05/20 13:53:08+00,,,,,,,,,,,,,,,,,,,,,
2633881.21122761,1244654.22007011,"0","0","2310",463.5,2026/05/20 13:53:09+00,,,,,,,,,,,,,,,,,,,,,
2633884.23983061,1244653.12552518,"0","0","2311",463.1,2026/05/20 13:53:10+00,,,,,,,,,,,,,,,,,,,,,
2633888.32749444,1244651.81466116,"0","0","2312",462.5,2026/05/20 13:53:11+00,,,,,,,,,,,,,,,,,,,,,
2633889.84560524,1244650.60031359,"0","0","2313",462.2,2026/05/20 13:53:12+00,,,,,,,,,,,,,,,,,,,,,
2633893.85961988,1244648.95548371,"0","0","2314",461.6,2026/05/20 13:53:13+00,,,,,,,,,,,,,,,,,,,,,
2633894.99868041,1244647.96133947,"0","0","2315",461.4,2026/05/20 13:53:14+00,,,,,,,,,,,,,,,,,,,,,
2633898.25395875,1244646.86809591,"0","0","2316",461,2026/05/20 13:53:15+00,,,,,,,,,,,,,,,,,,,,,
2633901.21018668,1244645.21723098,"0","0","2317",460.5,2026/05/20 13:53:16+00,,,,,,,,,,,,,,,,,,,,,
2633904.69912204,1244642.90231144,"0","0","2318",459.9,2026/05/20 13:53:17+00,,,,,,,,,,,,,,,,,,,,,
2633905.760089,1244642.35245557,"0","0","2319",459.8,2026/05/20 13:53:18+00,,,,,,,,,,,,,,,,,,,,,
2633909.16775572,1244641.0377222,"0","0","2320",459.2,2026/05/20 13:53:19+00,,,,,,,,,,,,,,,,,,,,,
2633910.07761023,1244640.48700396,"0","0","2321",459.1,2026/05/20 13:53:20+00,,,,,,,,,,,,,,,,,,,,,
2633912.42240539,1244640.0556659,"0","0","2322",458.7,2026/05/20 13:53:21+00,,,,,,,,,,,,,,,,,,,,,
2633913.70877315,1244639.72946522,"0","0","2323",458.5,2026/05/20 13:53:22+00,,,,,,,,,,,,,,,,,,,,,
2633912.88336653,1244638.72410225,"0","0","2324",458.3,2026/05/20 13:53:23+00,,,,,,,,,,,,,,,,,,,,,
2633911.82557378,1244638.71805959,"0","0","2325",458.2,2026/05/20 13:53:24+00,,,,,,,,,,,,,,,,,,,,,
2633912.05160854,1244638.83053388,"0","0","2326",458.1,2026/05/20 13:53:25+00,,,,,,,,,,,,,,,,,,,,,
2633911.67064991,1244639.38427306,"0","0","2327",458.1,2026/05/20 13:53:26+00,,,,,,,,,,,,,,,,,,,,,
2633911.67064991,1244639.38427306,"0","0","2328",458.1,2026/05/20 13:53:27+00,,,,,,,,,,,,,,,,,,,,,
2633911.67064991,1244639.38427306,"0","0","2329",458.1,2026/05/20 13:53:28+00,,,,,,,,,,,,,,,,,,,,,
2633911.74493632,1244639.60706357,"0","0","2330",458,2026/05/20 13:53:29+00,,,,,,,,,,,,,,,,,,,,,
2633911.44143967,1244639.82769603,"0","0","2331",458,2026/05/20 13:53:30+00,,,,,,,,,,,,,,,,,,,,,
2633911.28969135,1244639.93801227,"0","0","2332",457.9,2026/05/20 13:53:31+00,,,,,,,,,,,,,,,,,,,,,
2633911.21286456,1244640.15993957,"0","0","2333",457.9,2026/05/20 13:53:32+00,,,,,,,,,,,,,,,,,,,,,
2633911.13730795,1244640.15950796,"0","0","2334",457.9,2026/05/20 13:53:33+00,,,,,,,,,,,,,,,,,,,,,
2633911.13730795,1244640.15950796,"0","0","2335",457.9,2026/05/20 13:53:34+00,,,,,,,,,,,,,,,,,,,,,
