<?xml version="1.0"?>
<gpx version="1.1" creator="Generated by Swisstopo App. See https://www.swisstopo.ch/app for more information." xmlns="http://www.topografix.com/GPX/1/1" xmlns:xsi="http://www.w3.org/2001/XMLSchema-instance" xmlns:swisstopo="https://prod-static.swisstopo-app.ch/xmlschemas/SwisstopoExtensions" xsi:schemaLocation="http://www.topografix.com/GPX/1/1 http://www.topografix.com/GPX/1/1/gpx.xsd https://swisstopo-app.ch/xmlschemas/SwisstopoExtensions https://prod-static.swisstopo-app.ch/xmlschemas/SwisstopoExtensions.xsd">
	<metadata>
		<name>Vitaparcours_wollerau_20260524</name>
		<desc />
		<time>2026-05-24T08:04:07Z</time>
		<extensions>
			<swisstopo:tour_type>3</swisstopo:tour_type>
		</extensions>
	</metadata>
	<wpt lat="47.1880275856" lon="8.7002224678">
		<ele>603.9</ele>
		<name>Startpunkt</name>
		<extensions>
			<swisstopo:waypoint_id>1</swisstopo:waypoint_id>
			<swisstopo:waypoint_routepoint_id>1897946760</swisstopo:waypoint_routepoint_id>
			<swisstopo:waypoint_meters_into_tour>0.000000</swisstopo:waypoint_meters_into_tour>
			<swisstopo:waypoint_is_controlpoint>1</swisstopo:waypoint_is_controlpoint>
		</extensions>
	</wpt>
	<wpt lat="47.1879794671" lon="8.7002108300">
		<ele>602.9</ele>
		<name>Ziel</name>
		<extensions>
			<swisstopo:waypoint_id>2</swisstopo:waypoint_id>
			<swisstopo:waypoint_routepoint_id>728704160</swisstopo:waypoint_routepoint_id>
			<swisstopo:waypoint_meters_into_tour>2779.480510</swisstopo:waypoint_meters_into_tour>
			<swisstopo:waypoint_is_controlpoint>1</swisstopo:waypoint_is_controlpoint>
			<swisstopo:waypoint_stage_before distance="2779.480510" duration="2817.000000" ascent="51.111108" descent="52.120495" />
		</extensions>
	</wpt>
	<trk>
		<name>Swisstopo Route</name>
		<trkseg>
			<trkpt lat="47.1880275856" lon="8.7002224678">
				<ele>603.9</ele>
				<time>2026-05-24T07:13:46Z</time>
				<extensions>
					<swisstopo:routepoint_id>1897946760</swisstopo:routepoint_id>
				</extensions>
			</trkpt>
			<trkpt lat="47.1880137820" lon="8.7002270503">
				<ele>604.8</ele>
				<time>2026-05-24T07:13:47Z</time>
				<extensions>
					<swisstopo:routepoint_id>69102782</swisstopo:routepoint_id>
				</extensions>
			</trkpt>
			<trkpt lat="47.1880137877" lon="8.7002270559">
				<ele>604.8</ele>
				<time>2026-05-24T07:13:48Z</time>
				<extensions>
					<swisstopo:routepoint_id>1769287694</swisstopo:routepoint_id>
				</extensions>
			</trkpt>
			<trkpt lat="47.1880137253" lon="8.7002270010">
				<ele>604.8</ele>
				<time>2026-05-24T07:13:49Z</time>
				<extensions>
					<swisstopo:routepoint_id>212213049</swisstopo:routepoint_id>
				</extensions>
			</trkpt>
			<trkpt lat="47.1880131202" lon="8.7002264751">
				<ele>604.8</ele>
				<time>2026-05-24T07:13:50Z</time>
				<extensions>
					<swisstopo:routepoint_id>1841860523</swisstopo:routepoint_id>
				</extensions>
			</trkpt>
			<trkpt lat="47.1880110328" lon="8.7002247278">
				<ele>604.8</ele>
				<time>2026-05-24T07:13:51Z</time>
				<extensions>
					<swisstopo:routepoint_id>173038556</swisstopo:routepoint_id>
				</extensions>
			</trkpt>
			<trkpt lat="47.1880063472" lon="8.7002208819">
				<ele>604.6</ele>
				<time>2026-05-24T07:13:52Z</time>
				<extensions>
					<swisstopo:routepoint_id>566152654</swisstopo:routepoint_id>
				</extensions>
			</trkpt>
			<trkpt lat="47.1879989891" lon="8.7002145386">
				<ele>604.5</ele>
				<time>2026-05-24T07:13:53Z</time>
				<extensions>
					<swisstopo:routepoint_id>1975099568</swisstopo:routepoint_id>
				</extensions>
			</trkpt>
			<trkpt lat="47.1879873497" lon="8.7002055610">
				<ele>604.3</ele>
				<time>2026-05-24T07:13:54Z</time>
				<extensions>
					<swisstopo:routepoint_id>1843707697</swisstopo:routepoint_id>
				</extensions>
			</trkpt>
			<trkpt lat="47.1879720277" lon="8.7001950877">
				<ele>604.0</ele>
				<time>2026-05-24T07:13:55Z</time>
				<extensions>
					<swisstopo:routepoint_id>1153720916</swisstopo:routepoint_id>
				</extensions>
			</trkpt>
			<trkpt lat="47.1879550028" lon="8.7001840485">
				<ele>603.8</ele>
				<time>2026-05-24T07:13:56Z</time>
				<extensions>
					<swisstopo:routepoint_id>957586449</swisstopo:routepoint_id>
				</extensions>
			</trkpt>
			<trkpt lat="47.1879365316" lon="8.7001741549">
				<ele>603.5</ele>
				<time>2026-05-24T07:13:57Z</time>
				<extensions>
					<swisstopo:routepoint_id>912997725</swisstopo:routepoint_id>
				</extensions>
			</trkpt>
			<trkpt lat="47.1879177092" lon="8.7001648411">
				<ele>603.4</ele>
				<time>2026-05-24T07:13:58Z</time>
				<extensions>
					<swisstopo:routepoint_id>982106260</swisstopo:routepoint_id>
				</extensions>
			</trkpt>
			<trkpt lat="47.1878985578" lon="8.7001553723">
				<ele>603.3</ele>
				<time>2026-05-24T07:13:59Z</time>
				<extensions>
					<swisstopo:routepoint_id>700600978</swisstopo:routepoint_id>
				</extensions>
			</trkpt>
			<trkpt lat="47.1878804593" lon="8.7001465186">
				<ele>603.2</ele>
				<time>2026-05-24T07:14:00Z</time>
				<extensions>
					<swisstopo:routepoint_id>347800745</swisstopo:routepoint_id>
				</extensions>
			</trkpt>
			<trkpt lat="47.1878610715" lon="8.7001368759">
				<ele>603.2</ele>
				<time>2026-05-24T07:14:01Z</time>
				<extensions>
					<swisstopo:routepoint_id>36634081</swisstopo:routepoint_id>
				</extensions>
			</trkpt>
			<trkpt lat="47.1878443225" lon="8.7001271460">
				<ele>603.2</ele>
				<time>2026-05-24T07:14:02Z</time>
				<extensions>
					<swisstopo:routepoint_id>1528676325</swisstopo:routepoint_id>
				</extensions>
			</trkpt>
			<trkpt lat="47.1878293890" lon="8.7001162330">
				<ele>603.3</ele>
				<time>2026-05-24T07:14:03Z</time>
				<extensions>
					<swisstopo:routepoint_id>2116125214</swisstopo:routepoint_id>
				</extensions>
			</trkpt>
			<trkpt lat="47.1878143019" lon="8.7001058815">
				<ele>603.1</ele>
				<time>2026-05-24T07:14:04Z</time>
				<extensions>
					<swisstopo:routepoint_id>1239793731</swisstopo:routepoint_id>
				</extensions>
			</trkpt>
			<trkpt lat="47.1878028746" lon="8.7001006753">
				<ele>602.6</ele>
				<time>2026-05-24T07:14:05Z</time>
				<extensions>
					<swisstopo:routepoint_id>179410076</swisstopo:routepoint_id>
				</extensions>
			</trkpt>
			<trkpt lat="47.1877917688" lon="8.7000975269">
				<ele>602.2</ele>
				<time>2026-05-24T07:14:06Z</time>
				<extensions>
					<swisstopo:routepoint_id>278106944</swisstopo:routepoint_id>
				</extensions>
			</trkpt>
			<trkpt lat="47.1877810752" lon="8.7000946304">
				<ele>601.5</ele>
				<time>2026-05-24T07:14:07Z</time>
				<extensions>
					<swisstopo:routepoint_id>1218991936</swisstopo:routepoint_id>
				</extensions>
			</trkpt>
			<trkpt lat="47.1877729134" lon="8.7000923555">
				<ele>601.1</ele>
				<time>2026-05-24T07:14:08Z</time>
				<extensions>
					<swisstopo:routepoint_id>603475972</swisstopo:routepoint_id>
				</extensions>
			</trkpt>
			<trkpt lat="47.1877656168" lon="8.7000891980">
				<ele>600.5</ele>
				<time>2026-05-24T07:14:09Z</time>
				<extensions>
					<swisstopo:routepoint_id>55396623</swisstopo:routepoint_id>
				</extensions>
			</trkpt>
			<trkpt lat="47.1877568685" lon="8.7000850612">
				<ele>600.5</ele>
				<time>2026-05-24T07:14:10Z</time>
				<extensions>
					<swisstopo:routepoint_id>1190623610</swisstopo:routepoint_id>
				</extensions>
			</trkpt>
			<trkpt lat="47.1877494069" lon="8.7000799038">
				<ele>600.3</ele>
				<time>2026-05-24T07:14:11Z</time>
				<extensions>
					<swisstopo:routepoint_id>558390524</swisstopo:routepoint_id>
				</extensions>
			</trkpt>
			<trkpt lat="47.1877403329" lon="8.7000744017">
				<ele>600.4</ele>
				<time>2026-05-24T07:14:12Z</time>
				<extensions>
					<swisstopo:routepoint_id>365999478</swisstopo:routepoint_id>
				</extensions>
			</trkpt>
			<trkpt lat="47.1877296712" lon="8.7000683355">
				<ele>600.7</ele>
				<time>2026-05-24T07:14:13Z</time>
				<extensions>
					<swisstopo:routepoint_id>960061738</swisstopo:routepoint_id>
				</extensions>
			</trkpt>
			<trkpt lat="47.1877196622" lon="8.7000603194">
				<ele>600.9</ele>
				<time>2026-05-24T07:14:14Z</time>
				<extensions>
					<swisstopo:routepoint_id>1712990655</swisstopo:routepoint_id>
				</extensions>
			</trkpt>
			<trkpt lat="47.1877074069" lon="8.7000479889">
				<ele>601.2</ele>
				<time>2026-05-24T07:14:15Z</time>
				<extensions>
					<swisstopo:routepoint_id>1068166903</swisstopo:routepoint_id>
				</extensions>
			</trkpt>
			<trkpt lat="47.1876962761" lon="8.7000355996">
				<ele>601.5</ele>
				<time>2026-05-24T07:14:16Z</time>
				<extensions>
					<swisstopo:routepoint_id>1865333448</swisstopo:routepoint_id>
				</extensions>
			</trkpt>
			<trkpt lat="47.1876832305" lon="8.7000199253">
				<ele>602.0</ele>
				<time>2026-05-24T07:14:17Z</time>
				<extensions>
					<swisstopo:routepoint_id>1692981630</swisstopo:routepoint_id>
				</extensions>
			</trkpt>
			<trkpt lat="47.1876687237" lon="8.7000019115">
				<ele>602.4</ele>
				<time>2026-05-24T07:14:18Z</time>
				<extensions>
					<swisstopo:routepoint_id>1931416307</swisstopo:routepoint_id>
				</extensions>
			</trkpt>
			<trkpt lat="47.1876541111" lon="8.6999812013">
				<ele>602.9</ele>
				<time>2026-05-24T07:14:19Z</time>
				<extensions>
					<swisstopo:routepoint_id>2098547344</swisstopo:routepoint_id>
				</extensions>
			</trkpt>
			<trkpt lat="47.1876375390" lon="8.6999589034">
				<ele>603.4</ele>
				<time>2026-05-24T07:14:20Z</time>
				<extensions>
					<swisstopo:routepoint_id>13792280</swisstopo:routepoint_id>
				</extensions>
			</trkpt>
			<trkpt lat="47.1876223323" lon="8.6999359746">
				<ele>603.9</ele>
				<time>2026-05-24T07:14:21Z</time>
				<extensions>
					<swisstopo:routepoint_id>2026099731</swisstopo:routepoint_id>
				</extensions>
			</trkpt>
			<trkpt lat="47.1876068981" lon="8.6999103419">
				<ele>604.4</ele>
				<time>2026-05-24T07:14:22Z</time>
				<extensions>
					<swisstopo:routepoint_id>9988438</swisstopo:routepoint_id>
				</extensions>
			</trkpt>
			<trkpt lat="47.1875918695" lon="8.6998846717">
				<ele>605.0</ele>
				<time>2026-05-24T07:14:23Z</time>
				<extensions>
					<swisstopo:routepoint_id>371953000</swisstopo:routepoint_id>
				</extensions>
			</trkpt>
			<trkpt lat="47.1875760251" lon="8.6998580925">
				<ele>605.4</ele>
				<time>2026-05-24T07:14:24Z</time>
				<extensions>
					<swisstopo:routepoint_id>89174583</swisstopo:routepoint_id>
				</extensions>
			</trkpt>
			<trkpt lat="47.1875611534" lon="8.6998299959">
				<ele>605.8</ele>
				<time>2026-05-24T07:14:25Z</time>
				<extensions>
					<swisstopo:routepoint_id>1961114522</swisstopo:routepoint_id>
				</extensions>
			</trkpt>
			<trkpt lat="47.1875457572" lon="8.6998019521">
				<ele>606.2</ele>
				<time>2026-05-24T07:14:26Z</time>
				<extensions>
					<swisstopo:routepoint_id>872757098</swisstopo:routepoint_id>
				</extensions>
			</trkpt>
			<trkpt lat="47.1875315356" lon="8.6997728505">
				<ele>606.6</ele>
				<time>2026-05-24T07:14:27Z</time>
				<extensions>
					<swisstopo:routepoint_id>1115237076</swisstopo:routepoint_id>
				</extensions>
			</trkpt>
			<trkpt lat="47.1875172859" lon="8.6997437798">
				<ele>607.0</ele>
				<time>2026-05-24T07:14:28Z</time>
				<extensions>
					<swisstopo:routepoint_id>552265316</swisstopo:routepoint_id>
				</extensions>
			</trkpt>
			<trkpt lat="47.1875034220" lon="8.6997145132">
				<ele>607.5</ele>
				<time>2026-05-24T07:14:29Z</time>
				<extensions>
					<swisstopo:routepoint_id>498843678</swisstopo:routepoint_id>
				</extensions>
			</trkpt>
			<trkpt lat="47.1874896924" lon="8.6996846032">
				<ele>607.8</ele>
				<time>2026-05-24T07:14:30Z</time>
				<extensions>
					<swisstopo:routepoint_id>289538258</swisstopo:routepoint_id>
				</extensions>
			</trkpt>
			<trkpt lat="47.1874763715" lon="8.6996561759">
				<ele>608.1</ele>
				<time>2026-05-24T07:14:31Z</time>
				<extensions>
					<swisstopo:routepoint_id>71558104</swisstopo:routepoint_id>
				</extensions>
			</trkpt>
			<trkpt lat="47.1874644332" lon="8.6996276651">
				<ele>608.5</ele>
				<time>2026-05-24T07:14:32Z</time>
				<extensions>
					<swisstopo:routepoint_id>86211608</swisstopo:routepoint_id>
				</extensions>
			</trkpt>
			<trkpt lat="47.1874538091" lon="8.6996009292">
				<ele>608.9</ele>
				<time>2026-05-24T07:14:33Z</time>
				<extensions>
					<swisstopo:routepoint_id>1554517578</swisstopo:routepoint_id>
				</extensions>
			</trkpt>
			<trkpt lat="47.1874436202" lon="8.6995738431">
				<ele>609.3</ele>
				<time>2026-05-24T07:14:34Z</time>
				<extensions>
					<swisstopo:routepoint_id>490884044</swisstopo:routepoint_id>
				</extensions>
			</trkpt>
			<trkpt lat="47.1874353246" lon="8.6995495307">
				<ele>609.6</ele>
				<time>2026-05-24T07:14:35Z</time>
				<extensions>
					<swisstopo:routepoint_id>1803439381</swisstopo:routepoint_id>
				</extensions>
			</trkpt>
			<trkpt lat="47.1874240023" lon="8.6995293402">
				<ele>610.0</ele>
				<time>2026-05-24T07:14:36Z</time>
				<extensions>
					<swisstopo:routepoint_id>821482709</swisstopo:routepoint_id>
				</extensions>
			</trkpt>
			<trkpt lat="47.1874120337" lon="8.6995100853">
				<ele>610.4</ele>
				<time>2026-05-24T07:14:37Z</time>
				<extensions>
					<swisstopo:routepoint_id>487523600</swisstopo:routepoint_id>
				</extensions>
			</trkpt>
			<trkpt lat="47.1874010551" lon="8.6994863986">
				<ele>610.8</ele>
				<time>2026-05-24T07:14:38Z</time>
				<extensions>
					<swisstopo:routepoint_id>1159031895</swisstopo:routepoint_id>
				</extensions>
			</trkpt>
			<trkpt lat="47.1873896840" lon="8.6994664337">
				<ele>611.3</ele>
				<time>2026-05-24T07:14:39Z</time>
				<extensions>
					<swisstopo:routepoint_id>24897328</swisstopo:routepoint_id>
				</extensions>
			</trkpt>
			<trkpt lat="47.1873772263" lon="8.6994462045">
				<ele>611.7</ele>
				<time>2026-05-24T07:14:40Z</time>
				<extensions>
					<swisstopo:routepoint_id>1837564178</swisstopo:routepoint_id>
				</extensions>
			</trkpt>
			<trkpt lat="47.1873641101" lon="8.6994261815">
				<ele>612.1</ele>
				<time>2026-05-24T07:14:41Z</time>
				<extensions>
					<swisstopo:routepoint_id>978812139</swisstopo:routepoint_id>
				</extensions>
			</trkpt>
			<trkpt lat="47.1873506223" lon="8.6994038569">
				<ele>612.5</ele>
				<time>2026-05-24T07:14:42Z</time>
				<extensions>
					<swisstopo:routepoint_id>1170884153</swisstopo:routepoint_id>
				</extensions>
			</trkpt>
			<trkpt lat="47.1873400316" lon="8.6993751256">
				<ele>612.9</ele>
				<time>2026-05-24T07:14:43Z</time>
				<extensions>
					<swisstopo:routepoint_id>1657302010</swisstopo:routepoint_id>
				</extensions>
			</trkpt>
			<trkpt lat="47.1873302835" lon="8.6993457097">
				<ele>613.4</ele>
				<time>2026-05-24T07:14:44Z</time>
				<extensions>
					<swisstopo:routepoint_id>1411980480</swisstopo:routepoint_id>
				</extensions>
			</trkpt>
			<trkpt lat="47.1873210268" lon="8.6993169487">
				<ele>613.8</ele>
				<time>2026-05-24T07:14:45Z</time>
				<extensions>
					<swisstopo:routepoint_id>1461628010</swisstopo:routepoint_id>
				</extensions>
			</trkpt>
			<trkpt lat="47.1873123238" lon="8.6992891284">
				<ele>614.1</ele>
				<time>2026-05-24T07:14:46Z</time>
				<extensions>
					<swisstopo:routepoint_id>516526037</swisstopo:routepoint_id>
				</extensions>
			</trkpt>
			<trkpt lat="47.1873044145" lon="8.6992618478">
				<ele>614.3</ele>
				<time>2026-05-24T07:14:47Z</time>
				<extensions>
					<swisstopo:routepoint_id>1124202685</swisstopo:routepoint_id>
				</extensions>
			</trkpt>
			<trkpt lat="47.1872964079" lon="8.6992360363">
				<ele>614.7</ele>
				<time>2026-05-24T07:14:48Z</time>
				<extensions>
					<swisstopo:routepoint_id>913400489</swisstopo:routepoint_id>
				</extensions>
			</trkpt>
			<trkpt lat="47.1872885154" lon="8.6992109761">
				<ele>615.1</ele>
				<time>2026-05-24T07:14:49Z</time>
				<extensions>
					<swisstopo:routepoint_id>1308909867</swisstopo:routepoint_id>
				</extensions>
			</trkpt>
			<trkpt lat="47.1872823883" lon="8.6991850911">
				<ele>615.4</ele>
				<time>2026-05-24T07:14:50Z</time>
				<extensions>
					<swisstopo:routepoint_id>25654801</swisstopo:routepoint_id>
				</extensions>
			</trkpt>
			<trkpt lat="47.1872758464" lon="8.6991581440">
				<ele>615.9</ele>
				<time>2026-05-24T07:14:51Z</time>
				<extensions>
					<swisstopo:routepoint_id>1683511007</swisstopo:routepoint_id>
				</extensions>
			</trkpt>
			<trkpt lat="47.1872670993" lon="8.6991316979">
				<ele>616.4</ele>
				<time>2026-05-24T07:14:52Z</time>
				<extensions>
					<swisstopo:routepoint_id>1672445424</swisstopo:routepoint_id>
				</extensions>
			</trkpt>
			<trkpt lat="47.1872596011" lon="8.6991046301">
				<ele>616.6</ele>
				<time>2026-05-24T07:14:53Z</time>
				<extensions>
					<swisstopo:routepoint_id>376785585</swisstopo:routepoint_id>
				</extensions>
			</trkpt>
			<trkpt lat="47.1872524365" lon="8.6990787583">
				<ele>617.0</ele>
				<time>2026-05-24T07:14:54Z</time>
				<extensions>
					<swisstopo:routepoint_id>1853535739</swisstopo:routepoint_id>
				</extensions>
			</trkpt>
			<trkpt lat="47.1872465194" lon="8.6990574729">
				<ele>617.4</ele>
				<time>2026-05-24T07:14:55Z</time>
				<extensions>
					<swisstopo:routepoint_id>977381991</swisstopo:routepoint_id>
				</extensions>
			</trkpt>
			<trkpt lat="47.1872415095" lon="8.6990397185">
				<ele>617.6</ele>
				<time>2026-05-24T07:14:56Z</time>
				<extensions>
					<swisstopo:routepoint_id>756706834</swisstopo:routepoint_id>
				</extensions>
			</trkpt>
			<trkpt lat="47.1872378582" lon="8.6990266456">
				<ele>618.0</ele>
				<time>2026-05-24T07:14:57Z</time>
				<extensions>
					<swisstopo:routepoint_id>573601504</swisstopo:routepoint_id>
				</extensions>
			</trkpt>
			<trkpt lat="47.1872319807" lon="8.6990142553">
				<ele>618.2</ele>
				<time>2026-05-24T07:14:58Z</time>
				<extensions>
					<swisstopo:routepoint_id>466386345</swisstopo:routepoint_id>
				</extensions>
			</trkpt>
			<trkpt lat="47.1872264818" lon="8.6990019238">
				<ele>618.4</ele>
				<time>2026-05-24T07:14:59Z</time>
				<extensions>
					<swisstopo:routepoint_id>239988865</swisstopo:routepoint_id>
				</extensions>
			</trkpt>
			<trkpt lat="47.1872219545" lon="8.6989873837">
				<ele>618.5</ele>
				<time>2026-05-24T07:15:00Z</time>
				<extensions>
					<swisstopo:routepoint_id>518564989</swisstopo:routepoint_id>
				</extensions>
			</trkpt>
			<trkpt lat="47.1872170945" lon="8.6989716588">
				<ele>618.5</ele>
				<time>2026-05-24T07:15:01Z</time>
				<extensions>
					<swisstopo:routepoint_id>1033130597</swisstopo:routepoint_id>
				</extensions>
			</trkpt>
			<trkpt lat="47.1872122994" lon="8.6989565725">
				<ele>618.5</ele>
				<time>2026-05-24T07:15:02Z</time>
				<extensions>
					<swisstopo:routepoint_id>1420657784</swisstopo:routepoint_id>
				</extensions>
			</trkpt>
			<trkpt lat="47.1872064088" lon="8.6989399077">
				<ele>618.6</ele>
				<time>2026-05-24T07:15:03Z</time>
				<extensions>
					<swisstopo:routepoint_id>1272188342</swisstopo:routepoint_id>
				</extensions>
			</trkpt>
			<trkpt lat="47.1871996055" lon="8.6989219139">
				<ele>618.6</ele>
				<time>2026-05-24T07:15:04Z</time>
				<extensions>
					<swisstopo:routepoint_id>1322274462</swisstopo:routepoint_id>
				</extensions>
			</trkpt>
			<trkpt lat="47.1871943876" lon="8.6989093783">
				<ele>618.8</ele>
				<time>2026-05-24T07:15:05Z</time>
				<extensions>
					<swisstopo:routepoint_id>1306103678</swisstopo:routepoint_id>
				</extensions>
			</trkpt>
			<trkpt lat="47.1871889548" lon="8.6988979012">
				<ele>618.9</ele>
				<time>2026-05-24T07:15:06Z</time>
				<extensions>
					<swisstopo:routepoint_id>106676512</swisstopo:routepoint_id>
				</extensions>
			</trkpt>
			<trkpt lat="47.1871838353" lon="8.6988854188">
				<ele>619.1</ele>
				<time>2026-05-24T07:15:07Z</time>
				<extensions>
					<swisstopo:routepoint_id>1910775586</swisstopo:routepoint_id>
				</extensions>
			</trkpt>
			<trkpt lat="47.1871777198" lon="8.6988734338">
				<ele>619.1</ele>
				<time>2026-05-24T07:15:08Z</time>
				<extensions>
					<swisstopo:routepoint_id>934816664</swisstopo:routepoint_id>
				</extensions>
			</trkpt>
			<trkpt lat="47.1871732793" lon="8.6988658394">
				<ele>619.3</ele>
				<time>2026-05-24T07:15:09Z</time>
				<extensions>
					<swisstopo:routepoint_id>473310396</swisstopo:routepoint_id>
				</extensions>
			</trkpt>
			<trkpt lat="47.1871702454" lon="8.6988613304">
				<ele>619.6</ele>
				<time>2026-05-24T07:15:10Z</time>
				<extensions>
					<swisstopo:routepoint_id>648397084</swisstopo:routepoint_id>
				</extensions>
			</trkpt>
			<trkpt lat="47.1871666297" lon="8.6988543608">
				<ele>619.7</ele>
				<time>2026-05-24T07:15:11Z</time>
				<extensions>
					<swisstopo:routepoint_id>1277765910</swisstopo:routepoint_id>
				</extensions>
			</trkpt>
			<trkpt lat="47.1871628458" lon="8.6988455921">
				<ele>619.9</ele>
				<time>2026-05-24T07:15:12Z</time>
				<extensions>
					<swisstopo:routepoint_id>575179370</swisstopo:routepoint_id>
				</extensions>
			</trkpt>
			<trkpt lat="47.1871598895" lon="8.6988378213">
				<ele>620.0</ele>
				<time>2026-05-24T07:15:13Z</time>
				<extensions>
					<swisstopo:routepoint_id>1215776443</swisstopo:routepoint_id>
				</extensions>
			</trkpt>
			<trkpt lat="47.1871570489" lon="8.6988289154">
				<ele>620.0</ele>
				<time>2026-05-24T07:15:14Z</time>
				<extensions>
					<swisstopo:routepoint_id>247776296</swisstopo:routepoint_id>
				</extensions>
			</trkpt>
			<trkpt lat="47.1871559581" lon="8.6988227272">
				<ele>620.1</ele>
				<time>2026-05-24T07:15:15Z</time>
				<extensions>
					<swisstopo:routepoint_id>405415339</swisstopo:routepoint_id>
				</extensions>
			</trkpt>
			<trkpt lat="47.1871534114" lon="8.6988116692">
				<ele>620.3</ele>
				<time>2026-05-24T07:15:16Z</time>
				<extensions>
					<swisstopo:routepoint_id>1997474289</swisstopo:routepoint_id>
				</extensions>
			</trkpt>
			<trkpt lat="47.1871502088" lon="8.6987993006">
				<ele>620.1</ele>
				<time>2026-05-24T07:15:17Z</time>
				<extensions>
					<swisstopo:routepoint_id>2086005319</swisstopo:routepoint_id>
				</extensions>
			</trkpt>
			<trkpt lat="47.1871467994" lon="8.6987869938">
				<ele>620.0</ele>
				<time>2026-05-24T07:15:18Z</time>
				<extensions>
					<swisstopo:routepoint_id>1820859158</swisstopo:routepoint_id>
				</extensions>
			</trkpt>
			<trkpt lat="47.1871438222" lon="8.6987764132">
				<ele>620.2</ele>
				<time>2026-05-24T07:15:19Z</time>
				<extensions>
					<swisstopo:routepoint_id>1537898756</swisstopo:routepoint_id>
				</extensions>
			</trkpt>
			<trkpt lat="47.1871416704" lon="8.6987685560">
				<ele>620.2</ele>
				<time>2026-05-24T07:15:20Z</time>
				<extensions>
					<swisstopo:routepoint_id>351216800</swisstopo:routepoint_id>
				</extensions>
			</trkpt>
			<trkpt lat="47.1871383185" lon="8.6987581433">
				<ele>620.3</ele>
				<time>2026-05-24T07:15:21Z</time>
				<extensions>
					<swisstopo:routepoint_id>1615695644</swisstopo:routepoint_id>
				</extensions>
			</trkpt>
			<trkpt lat="47.1871360430" lon="8.6987509610">
				<ele>620.6</ele>
				<time>2026-05-24T07:15:22Z</time>
				<extensions>
					<swisstopo:routepoint_id>65972393</swisstopo:routepoint_id>
				</extensions>
			</trkpt>
			<trkpt lat="47.1871335203" lon="8.6987435348">
				<ele>621.0</ele>
				<time>2026-05-24T07:15:23Z</time>
				<extensions>
					<swisstopo:routepoint_id>696447299</swisstopo:routepoint_id>
				</extensions>
			</trkpt>
			<trkpt lat="47.1871285572" lon="8.6987301563">
				<ele>621.2</ele>
				<time>2026-05-24T07:15:24Z</time>
				<extensions>
					<swisstopo:routepoint_id>1403878143</swisstopo:routepoint_id>
				</extensions>
			</trkpt>
			<trkpt lat="47.1871228981" lon="8.6987152506">
				<ele>621.6</ele>
				<time>2026-05-24T07:15:25Z</time>
				<extensions>
					<swisstopo:routepoint_id>577119812</swisstopo:routepoint_id>
				</extensions>
			</trkpt>
			<trkpt lat="47.1871160318" lon="8.6986974471">
				<ele>621.8</ele>
				<time>2026-05-24T07:15:26Z</time>
				<extensions>
					<swisstopo:routepoint_id>1616530432</swisstopo:routepoint_id>
				</extensions>
			</trkpt>
			<trkpt lat="47.1871077630" lon="8.6986761936">
				<ele>621.9</ele>
				<time>2026-05-24T07:15:27Z</time>
				<extensions>
					<swisstopo:routepoint_id>1211352427</swisstopo:routepoint_id>
				</extensions>
			</trkpt>
			<trkpt lat="47.1870933581" lon="8.6986396528">
				<ele>622.2</ele>
				<time>2026-05-24T07:15:28Z</time>
				<extensions>
					<swisstopo:routepoint_id>1055267029</swisstopo:routepoint_id>
				</extensions>
			</trkpt>
			<trkpt lat="47.1870767573" lon="8.6985979107">
				<ele>622.2</ele>
				<time>2026-05-24T07:15:29Z</time>
				<extensions>
					<swisstopo:routepoint_id>1952999477</swisstopo:routepoint_id>
				</extensions>
			</trkpt>
			<trkpt lat="47.1870608465" lon="8.6985581152">
				<ele>622.5</ele>
				<time>2026-05-24T07:15:30Z</time>
				<extensions>
					<swisstopo:routepoint_id>1922149191</swisstopo:routepoint_id>
				</extensions>
			</trkpt>
			<trkpt lat="47.1870459581" lon="8.6985210425">
				<ele>622.7</ele>
				<time>2026-05-24T07:15:31Z</time>
				<extensions>
					<swisstopo:routepoint_id>964951316</swisstopo:routepoint_id>
				</extensions>
			</trkpt>
			<trkpt lat="47.1870313369" lon="8.6984847841">
				<ele>622.8</ele>
				<time>2026-05-24T07:15:32Z</time>
				<extensions>
					<swisstopo:routepoint_id>140265868</swisstopo:routepoint_id>
				</extensions>
			</trkpt>
			<trkpt lat="47.1870178111" lon="8.6984513509">
				<ele>623.0</ele>
				<time>2026-05-24T07:15:33Z</time>
				<extensions>
					<swisstopo:routepoint_id>1658882717</swisstopo:routepoint_id>
				</extensions>
			</trkpt>
			<trkpt lat="47.1870053188" lon="8.6984205588">
				<ele>623.1</ele>
				<time>2026-05-24T07:15:34Z</time>
				<extensions>
					<swisstopo:routepoint_id>61635618</swisstopo:routepoint_id>
				</extensions>
			</trkpt>
			<trkpt lat="47.1869930609" lon="8.6983910145">
				<ele>623.1</ele>
				<time>2026-05-24T07:15:35Z</time>
				<extensions>
					<swisstopo:routepoint_id>822713872</swisstopo:routepoint_id>
				</extensions>
			</trkpt>
			<trkpt lat="47.1869817682" lon="8.6983632875">
				<ele>623.2</ele>
				<time>2026-05-24T07:15:36Z</time>
				<extensions>
					<swisstopo:routepoint_id>1852327318</swisstopo:routepoint_id>
				</extensions>
			</trkpt>
			<trkpt lat="47.1869704708" lon="8.6983354665">
				<ele>623.2</ele>
				<time>2026-05-24T07:15:37Z</time>
				<extensions>
					<swisstopo:routepoint_id>2142286714</swisstopo:routepoint_id>
				</extensions>
			</trkpt>
			<trkpt lat="47.1869588909" lon="8.6983069582">
				<ele>623.3</ele>
				<time>2026-05-24T07:15:38Z</time>
				<extensions>
					<swisstopo:routepoint_id>701976596</swisstopo:routepoint_id>
				</extensions>
			</trkpt>
			<trkpt lat="47.1869477491" lon="8.6982795368">
				<ele>623.5</ele>
				<time>2026-05-24T07:15:39Z</time>
				<extensions>
					<swisstopo:routepoint_id>1992976001</swisstopo:routepoint_id>
				</extensions>
			</trkpt>
			<trkpt lat="47.1869372331" lon="8.6982536602">
				<ele>623.5</ele>
				<time>2026-05-24T07:15:40Z</time>
				<extensions>
					<swisstopo:routepoint_id>1645206548</swisstopo:routepoint_id>
				</extensions>
			</trkpt>
			<trkpt lat="47.1869268683" lon="8.6982305731">
				<ele>623.8</ele>
				<time>2026-05-24T07:15:41Z</time>
				<extensions>
					<swisstopo:routepoint_id>2134497111</swisstopo:routepoint_id>
				</extensions>
			</trkpt>
			<trkpt lat="47.1869172015" lon="8.6982107537">
				<ele>623.8</ele>
				<time>2026-05-24T07:15:42Z</time>
				<extensions>
					<swisstopo:routepoint_id>778621442</swisstopo:routepoint_id>
				</extensions>
			</trkpt>
			<trkpt lat="47.1869097336" lon="8.6981920132">
				<ele>623.9</ele>
				<time>2026-05-24T07:15:43Z</time>
				<extensions>
					<swisstopo:routepoint_id>1672714523</swisstopo:routepoint_id>
				</extensions>
			</trkpt>
			<trkpt lat="47.1869031809" lon="8.6981748842">
				<ele>624.1</ele>
				<time>2026-05-24T07:15:44Z</time>
				<extensions>
					<swisstopo:routepoint_id>604565184</swisstopo:routepoint_id>
				</extensions>
			</trkpt>
			<trkpt lat="47.1868989893" lon="8.6981636496">
				<ele>624.2</ele>
				<time>2026-05-24T07:15:45Z</time>
				<extensions>
					<swisstopo:routepoint_id>1181913531</swisstopo:routepoint_id>
				</extensions>
			</trkpt>
			<trkpt lat="47.1868956334" lon="8.6981545573">
				<ele>624.4</ele>
				<time>2026-05-24T07:15:46Z</time>
				<extensions>
					<swisstopo:routepoint_id>196980767</swisstopo:routepoint_id>
				</extensions>
			</trkpt>
			<trkpt lat="47.1868955669" lon="8.6981536864">
				<ele>624.6</ele>
				<time>2026-05-24T07:15:47Z</time>
				<extensions>
					<swisstopo:routepoint_id>1383450942</swisstopo:routepoint_id>
				</extensions>
			</trkpt>
			<trkpt lat="47.1868966247" lon="8.6981556876">
				<ele>624.8</ele>
				<time>2026-05-24T07:15:48Z</time>
				<extensions>
					<swisstopo:routepoint_id>854536125</swisstopo:routepoint_id>
				</extensions>
			</trkpt>
			<trkpt lat="47.1868984323" lon="8.6981596354">
				<ele>625.0</ele>
				<time>2026-05-24T07:15:49Z</time>
				<extensions>
					<swisstopo:routepoint_id>1965505386</swisstopo:routepoint_id>
				</extensions>
			</trkpt>
			<trkpt lat="47.1869007914" lon="8.6981643207">
				<ele>625.1</ele>
				<time>2026-05-24T07:15:50Z</time>
				<extensions>
					<swisstopo:routepoint_id>1655564348</swisstopo:routepoint_id>
				</extensions>
			</trkpt>
			<trkpt lat="47.1869035020" lon="8.6981692393">
				<ele>625.3</ele>
				<time>2026-05-24T07:15:51Z</time>
				<extensions>
					<swisstopo:routepoint_id>124382657</swisstopo:routepoint_id>
				</extensions>
			</trkpt>
			<trkpt lat="47.1869064024" lon="8.6981740994">
				<ele>625.3</ele>
				<time>2026-05-24T07:15:52Z</time>
				<extensions>
					<swisstopo:routepoint_id>997727668</swisstopo:routepoint_id>
				</extensions>
			</trkpt>
			<trkpt lat="47.1869093664" lon="8.6981786888">
				<ele>625.4</ele>
				<time>2026-05-24T07:15:53Z</time>
				<extensions>
					<swisstopo:routepoint_id>1256600300</swisstopo:routepoint_id>
				</extensions>
			</trkpt>
			<trkpt lat="47.1869122984" lon="8.6981828623">
				<ele>625.4</ele>
				<time>2026-05-24T07:15:54Z</time>
				<extensions>
					<swisstopo:routepoint_id>1327057502</swisstopo:routepoint_id>
				</extensions>
			</trkpt>
			<trkpt lat="47.1869147020" lon="8.6981869019">
				<ele>625.5</ele>
				<time>2026-05-24T07:15:55Z</time>
				<extensions>
					<swisstopo:routepoint_id>90278372</swisstopo:routepoint_id>
				</extensions>
			</trkpt>
			<trkpt lat="47.1869165285" lon="8.6981907633">
				<ele>625.5</ele>
				<time>2026-05-24T07:15:56Z</time>
				<extensions>
					<swisstopo:routepoint_id>1185143422</swisstopo:routepoint_id>
				</extensions>
			</trkpt>
			<trkpt lat="47.1869178187" lon="8.6981943743">
				<ele>625.5</ele>
				<time>2026-05-24T07:15:57Z</time>
				<extensions>
					<swisstopo:routepoint_id>794667629</swisstopo:routepoint_id>
				</extensions>
			</trkpt>
			<trkpt lat="47.1869186241" lon="8.6981976918">
				<ele>625.4</ele>
				<time>2026-05-24T07:15:58Z</time>
				<extensions>
					<swisstopo:routepoint_id>778039910</swisstopo:routepoint_id>
				</extensions>
			</trkpt>
			<trkpt lat="47.1869190014" lon="8.6982006947">
				<ele>625.4</ele>
				<time>2026-05-24T07:15:59Z</time>
				<extensions>
					<swisstopo:routepoint_id>488840787</swisstopo:routepoint_id>
				</extensions>
			</trkpt>
			<trkpt lat="47.1869194380" lon="8.6982030110">
				<ele>625.4</ele>
				<time>2026-05-24T07:16:00Z</time>
				<extensions>
					<swisstopo:routepoint_id>1822157334</swisstopo:routepoint_id>
				</extensions>
			</trkpt>
			<trkpt lat="47.1869216036" lon="8.6982100595">
				<ele>625.4</ele>
				<time>2026-05-24T07:16:01Z</time>
				<extensions>
					<swisstopo:routepoint_id>1881506318</swisstopo:routepoint_id>
				</extensions>
			</trkpt>
			<trkpt lat="47.1869239631" lon="8.6982174522">
				<ele>625.3</ele>
				<time>2026-05-24T07:16:02Z</time>
				<extensions>
					<swisstopo:routepoint_id>779984551</swisstopo:routepoint_id>
				</extensions>
			</trkpt>
			<trkpt lat="47.1869275394" lon="8.6982276029">
				<ele>625.3</ele>
				<time>2026-05-24T07:16:03Z</time>
				<extensions>
					<swisstopo:routepoint_id>960167369</swisstopo:routepoint_id>
				</extensions>
			</trkpt>
			<trkpt lat="47.1869310441" lon="8.6982362758">
				<ele>625.2</ele>
				<time>2026-05-24T07:16:04Z</time>
				<extensions>
					<swisstopo:routepoint_id>1340847225</swisstopo:routepoint_id>
				</extensions>
			</trkpt>
			<trkpt lat="47.1869342539" lon="8.6982429339">
				<ele>625.1</ele>
				<time>2026-05-24T07:16:05Z</time>
				<extensions>
					<swisstopo:routepoint_id>2073402604</swisstopo:routepoint_id>
				</extensions>
			</trkpt>
			<trkpt lat="47.1869371779" lon="8.6982477951">
				<ele>625.1</ele>
				<time>2026-05-24T07:16:06Z</time>
				<extensions>
					<swisstopo:routepoint_id>460425559</swisstopo:routepoint_id>
				</extensions>
			</trkpt>
			<trkpt lat="47.1869398340" lon="8.6982510911">
				<ele>625.1</ele>
				<time>2026-05-24T07:16:07Z</time>
				<extensions>
					<swisstopo:routepoint_id>988789972</swisstopo:routepoint_id>
				</extensions>
			</trkpt>
			<trkpt lat="47.1869422462" lon="8.6982530546">
				<ele>625.0</ele>
				<time>2026-05-24T07:16:08Z</time>
				<extensions>
					<swisstopo:routepoint_id>1364598918</swisstopo:routepoint_id>
				</extensions>
			</trkpt>
			<trkpt lat="47.1869424293" lon="8.6982466163">
				<ele>625.1</ele>
				<time>2026-05-24T07:16:09Z</time>
				<extensions>
					<swisstopo:routepoint_id>1836148513</swisstopo:routepoint_id>
				</extensions>
			</trkpt>
			<trkpt lat="47.1869416497" lon="8.6982412442">
				<ele>625.0</ele>
				<time>2026-05-24T07:16:10Z</time>
				<extensions>
					<swisstopo:routepoint_id>808050601</swisstopo:routepoint_id>
				</extensions>
			</trkpt>
			<trkpt lat="47.1869405106" lon="8.6982377122">
				<ele>625.0</ele>
				<time>2026-05-24T07:16:11Z</time>
				<extensions>
					<swisstopo:routepoint_id>219867379</swisstopo:routepoint_id>
				</extensions>
			</trkpt>
			<trkpt lat="47.1869383192" lon="8.6982343495">
				<ele>624.9</ele>
				<time>2026-05-24T07:16:12Z</time>
				<extensions>
					<swisstopo:routepoint_id>1639166013</swisstopo:routepoint_id>
				</extensions>
			</trkpt>
			<trkpt lat="47.1869357063" lon="8.6982322877">
				<ele>624.8</ele>
				<time>2026-05-24T07:16:13Z</time>
				<extensions>
					<swisstopo:routepoint_id>1542956775</swisstopo:routepoint_id>
				</extensions>
			</trkpt>
			<trkpt lat="47.1869328639" lon="8.6982294832">
				<ele>624.7</ele>
				<time>2026-05-24T07:16:14Z</time>
				<extensions>
					<swisstopo:routepoint_id>1609479900</swisstopo:routepoint_id>
				</extensions>
			</trkpt>
			<trkpt lat="47.1869302118" lon="8.6982265885">
				<ele>624.6</ele>
				<time>2026-05-24T07:16:15Z</time>
				<extensions>
					<swisstopo:routepoint_id>824661688</swisstopo:routepoint_id>
				</extensions>
			</trkpt>
			<trkpt lat="47.1869285644" lon="8.6982236155">
				<ele>624.5</ele>
				<time>2026-05-24T07:16:16Z</time>
				<extensions>
					<swisstopo:routepoint_id>229532478</swisstopo:routepoint_id>
				</extensions>
			</trkpt>
			<trkpt lat="47.1869267254" lon="8.6982216303">
				<ele>624.5</ele>
				<time>2026-05-24T07:16:17Z</time>
				<extensions>
					<swisstopo:routepoint_id>871727734</swisstopo:routepoint_id>
				</extensions>
			</trkpt>
			<trkpt lat="47.1869251574" lon="8.6982201553">
				<ele>624.4</ele>
				<time>2026-05-24T07:16:18Z</time>
				<extensions>
					<swisstopo:routepoint_id>994585504</swisstopo:routepoint_id>
				</extensions>
			</trkpt>
			<trkpt lat="47.1869239263" lon="8.6982190485">
				<ele>624.4</ele>
				<time>2026-05-24T07:16:19Z</time>
				<extensions>
					<swisstopo:routepoint_id>2133341127</swisstopo:routepoint_id>
				</extensions>
			</trkpt>
			<trkpt lat="47.1869289899" lon="8.6982130370">
				<ele>624.4</ele>
				<time>2026-05-24T07:16:20Z</time>
				<extensions>
					<swisstopo:routepoint_id>677351177</swisstopo:routepoint_id>
				</extensions>
			</trkpt>
			<trkpt lat="47.1869402583" lon="8.6982056625">
				<ele>624.4</ele>
				<time>2026-05-24T07:16:21Z</time>
				<extensions>
					<swisstopo:routepoint_id>430419092</swisstopo:routepoint_id>
				</extensions>
			</trkpt>
			<trkpt lat="47.1869491008" lon="8.6981996925">
				<ele>624.3</ele>
				<time>2026-05-24T07:16:22Z</time>
				<extensions>
					<swisstopo:routepoint_id>1328756148</swisstopo:routepoint_id>
				</extensions>
			</trkpt>
			<trkpt lat="47.1869577107" lon="8.6981980719">
				<ele>624.2</ele>
				<time>2026-05-24T07:16:23Z</time>
				<extensions>
					<swisstopo:routepoint_id>722134283</swisstopo:routepoint_id>
				</extensions>
			</trkpt>
			<trkpt lat="47.1869650326" lon="8.6981994265">
				<ele>624.2</ele>
				<time>2026-05-24T07:16:24Z</time>
				<extensions>
					<swisstopo:routepoint_id>1480805184</swisstopo:routepoint_id>
				</extensions>
			</trkpt>
			<trkpt lat="47.1869692592" lon="8.6981982280">
				<ele>624.1</ele>
				<time>2026-05-24T07:16:25Z</time>
				<extensions>
					<swisstopo:routepoint_id>704742405</swisstopo:routepoint_id>
				</extensions>
			</trkpt>
			<trkpt lat="47.1869715644" lon="8.6981968294">
				<ele>623.9</ele>
				<time>2026-05-24T07:16:26Z</time>
				<extensions>
					<swisstopo:routepoint_id>1233287630</swisstopo:routepoint_id>
				</extensions>
			</trkpt>
			<trkpt lat="47.1869758171" lon="8.6981975709">
				<ele>623.8</ele>
				<time>2026-05-24T07:16:27Z</time>
				<extensions>
					<swisstopo:routepoint_id>353036566</swisstopo:routepoint_id>
				</extensions>
			</trkpt>
			<trkpt lat="47.1869803757" lon="8.6982029276">
				<ele>623.6</ele>
				<time>2026-05-24T07:16:28Z</time>
				<extensions>
					<swisstopo:routepoint_id>2135731748</swisstopo:routepoint_id>
				</extensions>
			</trkpt>
			<trkpt lat="47.1869851374" lon="8.6982041195">
				<ele>623.5</ele>
				<time>2026-05-24T07:16:29Z</time>
				<extensions>
					<swisstopo:routepoint_id>54329031</swisstopo:routepoint_id>
				</extensions>
			</trkpt>
			<trkpt lat="47.1869910270" lon="8.6982058595">
				<ele>623.4</ele>
				<time>2026-05-24T07:16:30Z</time>
				<extensions>
					<swisstopo:routepoint_id>427474042</swisstopo:routepoint_id>
				</extensions>
			</trkpt>
			<trkpt lat="47.1869965459" lon="8.6982055102">
				<ele>623.3</ele>
				<time>2026-05-24T07:16:31Z</time>
				<extensions>
					<swisstopo:routepoint_id>1223424679</swisstopo:routepoint_id>
				</extensions>
			</trkpt>
			<trkpt lat="47.1870009665" lon="8.6982049180">
				<ele>623.2</ele>
				<time>2026-05-24T07:16:32Z</time>
				<extensions>
					<swisstopo:routepoint_id>2090143575</swisstopo:routepoint_id>
				</extensions>
			</trkpt>
			<trkpt lat="47.1870042762" lon="8.6982044150">
				<ele>623.2</ele>
				<time>2026-05-24T07:16:33Z</time>
				<extensions>
					<swisstopo:routepoint_id>505567399</swisstopo:routepoint_id>
				</extensions>
			</trkpt>
			<trkpt lat="47.1869962295" lon="8.6982042559">
				<ele>623.1</ele>
				<time>2026-05-24T07:16:34Z</time>
				<extensions>
					<swisstopo:routepoint_id>1625967461</swisstopo:routepoint_id>
				</extensions>
			</trkpt>
			<trkpt lat="47.1869873247" lon="8.6982046392">
				<ele>622.9</ele>
				<time>2026-05-24T07:16:35Z</time>
				<extensions>
					<swisstopo:routepoint_id>905708952</swisstopo:routepoint_id>
				</extensions>
			</trkpt>
			<trkpt lat="47.1869794563" lon="8.6982050531">
				<ele>622.9</ele>
				<time>2026-05-24T07:16:36Z</time>
				<extensions>
					<swisstopo:routepoint_id>886266328</swisstopo:routepoint_id>
				</extensions>
			</trkpt>
			<trkpt lat="47.1869718565" lon="8.6982030361">
				<ele>622.7</ele>
				<time>2026-05-24T07:16:37Z</time>
				<extensions>
					<swisstopo:routepoint_id>531599104</swisstopo:routepoint_id>
				</extensions>
			</trkpt>
			<trkpt lat="47.1869650702" lon="8.6982026004">
				<ele>622.6</ele>
				<time>2026-05-24T07:16:38Z</time>
				<extensions>
					<swisstopo:routepoint_id>1054169408</swisstopo:routepoint_id>
				</extensions>
			</trkpt>
			<trkpt lat="47.1869595732" lon="8.6981982392">
				<ele>622.4</ele>
				<time>2026-05-24T07:16:39Z</time>
				<extensions>
					<swisstopo:routepoint_id>685152506</swisstopo:routepoint_id>
				</extensions>
			</trkpt>
			<trkpt lat="47.1869555259" lon="8.6981933209">
				<ele>622.3</ele>
				<time>2026-05-24T07:16:40Z</time>
				<extensions>
					<swisstopo:routepoint_id>550853128</swisstopo:routepoint_id>
				</extensions>
			</trkpt>
			<trkpt lat="47.1869518834" lon="8.6981891235">
				<ele>622.2</ele>
				<time>2026-05-24T07:16:41Z</time>
				<extensions>
					<swisstopo:routepoint_id>386520079</swisstopo:routepoint_id>
				</extensions>
			</trkpt>
			<trkpt lat="47.1869515534" lon="8.6981916733">
				<ele>622.1</ele>
				<time>2026-05-24T07:16:42Z</time>
				<extensions>
					<swisstopo:routepoint_id>104935578</swisstopo:routepoint_id>
				</extensions>
			</trkpt>
			<trkpt lat="47.1869524851" lon="8.6981942964">
				<ele>622.0</ele>
				<time>2026-05-24T07:16:43Z</time>
				<extensions>
					<swisstopo:routepoint_id>568185259</swisstopo:routepoint_id>
				</extensions>
			</trkpt>
			<trkpt lat="47.1869543510" lon="8.6981968527">
				<ele>622.1</ele>
				<time>2026-05-24T07:16:44Z</time>
				<extensions>
					<swisstopo:routepoint_id>1777353451</swisstopo:routepoint_id>
				</extensions>
			</trkpt>
			<trkpt lat="47.1869590525" lon="8.6981982531">
				<ele>622.0</ele>
				<time>2026-05-24T07:16:45Z</time>
				<extensions>
					<swisstopo:routepoint_id>481921187</swisstopo:routepoint_id>
				</extensions>
			</trkpt>
			<trkpt lat="47.1869640199" lon="8.6981999047">
				<ele>622.0</ele>
				<time>2026-05-24T07:16:46Z</time>
				<extensions>
					<swisstopo:routepoint_id>1488557072</swisstopo:routepoint_id>
				</extensions>
			</trkpt>
			<trkpt lat="47.1869683831" lon="8.6982013928">
				<ele>622.0</ele>
				<time>2026-05-24T07:16:47Z</time>
				<extensions>
					<swisstopo:routepoint_id>2141705201</swisstopo:routepoint_id>
				</extensions>
			</trkpt>
			<trkpt lat="47.1869720823" lon="8.6982026296">
				<ele>621.9</ele>
				<time>2026-05-24T07:16:48Z</time>
				<extensions>
					<swisstopo:routepoint_id>1665905840</swisstopo:routepoint_id>
				</extensions>
			</trkpt>
			<trkpt lat="47.1869807387" lon="8.6981913719">
				<ele>621.9</ele>
				<time>2026-05-24T07:16:49Z</time>
				<extensions>
					<swisstopo:routepoint_id>2135146941</swisstopo:routepoint_id>
				</extensions>
			</trkpt>
			<trkpt lat="47.1869902594" lon="8.6981813826">
				<ele>621.9</ele>
				<time>2026-05-24T07:16:50Z</time>
				<extensions>
					<swisstopo:routepoint_id>962896017</swisstopo:routepoint_id>
				</extensions>
			</trkpt>
			<trkpt lat="47.1869983501" lon="8.6981732001">
				<ele>621.8</ele>
				<time>2026-05-24T07:16:51Z</time>
				<extensions>
					<swisstopo:routepoint_id>2104077574</swisstopo:routepoint_id>
				</extensions>
			</trkpt>
			<trkpt lat="47.1870058138" lon="8.6981668041">
				<ele>621.8</ele>
				<time>2026-05-24T07:16:52Z</time>
				<extensions>
					<swisstopo:routepoint_id>618571069</swisstopo:routepoint_id>
				</extensions>
			</trkpt>
			<trkpt lat="47.1870109259" lon="8.6981623247">
				<ele>621.9</ele>
				<time>2026-05-24T07:16:53Z</time>
				<extensions>
					<swisstopo:routepoint_id>355621556</swisstopo:routepoint_id>
				</extensions>
			</trkpt>
			<trkpt lat="47.1870146491" lon="8.6981589948">
				<ele>621.9</ele>
				<time>2026-05-24T07:16:54Z</time>
				<extensions>
					<swisstopo:routepoint_id>484502091</swisstopo:routepoint_id>
				</extensions>
			</trkpt>
			<trkpt lat="47.1870173234" lon="8.6981565700">
				<ele>622.0</ele>
				<time>2026-05-24T07:16:55Z</time>
				<extensions>
					<swisstopo:routepoint_id>1916137660</swisstopo:routepoint_id>
				</extensions>
			</trkpt>
			<trkpt lat="47.1870191204" lon="8.6981549069">
				<ele>622.0</ele>
				<time>2026-05-24T07:16:56Z</time>
				<extensions>
					<swisstopo:routepoint_id>860881208</swisstopo:routepoint_id>
				</extensions>
			</trkpt>
			<trkpt lat="47.1870202010" lon="8.6981538698">
				<ele>622.0</ele>
				<time>2026-05-24T07:16:57Z</time>
				<extensions>
					<swisstopo:routepoint_id>1233133017</swisstopo:routepoint_id>
				</extensions>
			</trkpt>
			<trkpt lat="47.1870207121" lon="8.6981533341">
				<ele>622.0</ele>
				<time>2026-05-24T07:16:58Z</time>
				<extensions>
					<swisstopo:routepoint_id>2049423169</swisstopo:routepoint_id>
				</extensions>
			</trkpt>
			<trkpt lat="47.1870222394" lon="8.6981607251">
				<ele>622.1</ele>
				<time>2026-05-24T07:16:59Z</time>
				<extensions>
					<swisstopo:routepoint_id>1164987150</swisstopo:routepoint_id>
				</extensions>
			</trkpt>
			<trkpt lat="47.1870234935" lon="8.6981684258">
				<ele>622.1</ele>
				<time>2026-05-24T07:17:00Z</time>
				<extensions>
					<swisstopo:routepoint_id>1330620351</swisstopo:routepoint_id>
				</extensions>
			</trkpt>
			<trkpt lat="47.1870242829" lon="8.6981751145">
				<ele>622.1</ele>
				<time>2026-05-24T07:17:01Z</time>
				<extensions>
					<swisstopo:routepoint_id>1989023046</swisstopo:routepoint_id>
				</extensions>
			</trkpt>
			<trkpt lat="47.1870254147" lon="8.6981834086">
				<ele>622.1</ele>
				<time>2026-05-24T07:17:02Z</time>
				<extensions>
					<swisstopo:routepoint_id>1779884920</swisstopo:routepoint_id>
				</extensions>
			</trkpt>
			<trkpt lat="47.1870262536" lon="8.6981907467">
				<ele>622.0</ele>
				<time>2026-05-24T07:17:03Z</time>
				<extensions>
					<swisstopo:routepoint_id>78647730</swisstopo:routepoint_id>
				</extensions>
			</trkpt>
			<trkpt lat="47.1870269387" lon="8.6981976135">
				<ele>622.0</ele>
				<time>2026-05-24T07:17:04Z</time>
				<extensions>
					<swisstopo:routepoint_id>1129955205</swisstopo:routepoint_id>
				</extensions>
			</trkpt>
			<trkpt lat="47.1870288026" lon="8.6982053043">
				<ele>622.0</ele>
				<time>2026-05-24T07:17:05Z</time>
				<extensions>
					<swisstopo:routepoint_id>959240014</swisstopo:routepoint_id>
				</extensions>
			</trkpt>
			<trkpt lat="47.1870316154" lon="8.6982126558">
				<ele>621.9</ele>
				<time>2026-05-24T07:17:06Z</time>
				<extensions>
					<swisstopo:routepoint_id>787177269</swisstopo:routepoint_id>
				</extensions>
			</trkpt>
			<trkpt lat="47.1870349044" lon="8.6982176765">
				<ele>621.9</ele>
				<time>2026-05-24T07:17:07Z</time>
				<extensions>
					<swisstopo:routepoint_id>1589094563</swisstopo:routepoint_id>
				</extensions>
			</trkpt>
			<trkpt lat="47.1870322908" lon="8.6982161635">
				<ele>621.8</ele>
				<time>2026-05-24T07:17:08Z</time>
				<extensions>
					<swisstopo:routepoint_id>1805686249</swisstopo:routepoint_id>
				</extensions>
			</trkpt>
			<trkpt lat="47.1870289395" lon="8.6982148586">
				<ele>621.8</ele>
				<time>2026-05-24T07:17:09Z</time>
				<extensions>
					<swisstopo:routepoint_id>2077371186</swisstopo:routepoint_id>
				</extensions>
			</trkpt>
			<trkpt lat="47.1870263584" lon="8.6982141147">
				<ele>621.7</ele>
				<time>2026-05-24T07:17:10Z</time>
				<extensions>
					<swisstopo:routepoint_id>588390176</swisstopo:routepoint_id>
				</extensions>
			</trkpt>
			<trkpt lat="47.1870219584" lon="8.6982145817">
				<ele>621.5</ele>
				<time>2026-05-24T07:17:11Z</time>
				<extensions>
					<swisstopo:routepoint_id>2058977244</swisstopo:routepoint_id>
				</extensions>
			</trkpt>
			<trkpt lat="47.1870166668" lon="8.6982155902">
				<ele>621.5</ele>
				<time>2026-05-24T07:17:12Z</time>
				<extensions>
					<swisstopo:routepoint_id>679052150</swisstopo:routepoint_id>
				</extensions>
			</trkpt>
			<trkpt lat="47.1870117785" lon="8.6982184667">
				<ele>621.6</ele>
				<time>2026-05-24T07:17:13Z</time>
				<extensions>
					<swisstopo:routepoint_id>1101384892</swisstopo:routepoint_id>
				</extensions>
			</trkpt>
			<trkpt lat="47.1870078366" lon="8.6982211856">
				<ele>621.6</ele>
				<time>2026-05-24T07:17:14Z</time>
				<extensions>
					<swisstopo:routepoint_id>1814326351</swisstopo:routepoint_id>
				</extensions>
			</trkpt>
			<trkpt lat="47.1870046860" lon="8.6982233137">
				<ele>621.6</ele>
				<time>2026-05-24T07:17:15Z</time>
				<extensions>
					<swisstopo:routepoint_id>1262677504</swisstopo:routepoint_id>
				</extensions>
			</trkpt>
			<trkpt lat="47.1870054928" lon="8.6982286749">
				<ele>621.5</ele>
				<time>2026-05-24T07:17:16Z</time>
				<extensions>
					<swisstopo:routepoint_id>387410074</swisstopo:routepoint_id>
				</extensions>
			</trkpt>
			<trkpt lat="47.1870063035" lon="8.6982298347">
				<ele>621.5</ele>
				<time>2026-05-24T07:17:17Z</time>
				<extensions>
					<swisstopo:routepoint_id>30696014</swisstopo:routepoint_id>
				</extensions>
			</trkpt>
			<trkpt lat="47.1870068406" lon="8.6982310458">
				<ele>621.5</ele>
				<time>2026-05-24T07:17:18Z</time>
				<extensions>
					<swisstopo:routepoint_id>511832018</swisstopo:routepoint_id>
				</extensions>
			</trkpt>
			<trkpt lat="47.1870053416" lon="8.6982295956">
				<ele>621.5</ele>
				<time>2026-05-24T07:17:19Z</time>
				<extensions>
					<swisstopo:routepoint_id>1688720291</swisstopo:routepoint_id>
				</extensions>
			</trkpt>
			<trkpt lat="47.1870043475" lon="8.6982248988">
				<ele>621.6</ele>
				<time>2026-05-24T07:17:20Z</time>
				<extensions>
					<swisstopo:routepoint_id>1178052085</swisstopo:routepoint_id>
				</extensions>
			</trkpt>
			<trkpt lat="47.1870042430" lon="8.6982170285">
				<ele>621.6</ele>
				<time>2026-05-24T07:17:21Z</time>
				<extensions>
					<swisstopo:routepoint_id>1869650902</swisstopo:routepoint_id>
				</extensions>
			</trkpt>
			<trkpt lat="47.1869984306" lon="8.6982127947">
				<ele>621.9</ele>
				<time>2026-05-24T07:17:22Z</time>
				<extensions>
					<swisstopo:routepoint_id>1241987010</swisstopo:routepoint_id>
				</extensions>
			</trkpt>
			<trkpt lat="47.1869918523" lon="8.6982039836">
				<ele>621.9</ele>
				<time>2026-05-24T07:17:23Z</time>
				<extensions>
					<swisstopo:routepoint_id>534628230</swisstopo:routepoint_id>
				</extensions>
			</trkpt>
			<trkpt lat="47.1869826817" lon="8.6981888508">
				<ele>621.8</ele>
				<time>2026-05-24T07:17:24Z</time>
				<extensions>
					<swisstopo:routepoint_id>425082562</swisstopo:routepoint_id>
				</extensions>
			</trkpt>
			<trkpt lat="47.1869740756" lon="8.6981730660">
				<ele>621.7</ele>
				<time>2026-05-24T07:17:25Z</time>
				<extensions>
					<swisstopo:routepoint_id>1832009612</swisstopo:routepoint_id>
				</extensions>
			</trkpt>
			<trkpt lat="47.1869653574" lon="8.6981556112">
				<ele>622.0</ele>
				<time>2026-05-24T07:17:26Z</time>
				<extensions>
					<swisstopo:routepoint_id>2112501845</swisstopo:routepoint_id>
				</extensions>
			</trkpt>
			<trkpt lat="47.1869563810" lon="8.6981261071">
				<ele>621.9</ele>
				<time>2026-05-24T07:17:27Z</time>
				<extensions>
					<swisstopo:routepoint_id>471373064</swisstopo:routepoint_id>
				</extensions>
			</trkpt>
			<trkpt lat="47.1869496402" lon="8.6980904589">
				<ele>621.7</ele>
				<time>2026-05-24T07:17:28Z</time>
				<extensions>
					<swisstopo:routepoint_id>299912865</swisstopo:routepoint_id>
				</extensions>
			</trkpt>
			<trkpt lat="47.1869473196" lon="8.6980595982">
				<ele>621.5</ele>
				<time>2026-05-24T07:17:29Z</time>
				<extensions>
					<swisstopo:routepoint_id>491402546</swisstopo:routepoint_id>
				</extensions>
			</trkpt>
			<trkpt lat="47.1869450231" lon="8.6980228440">
				<ele>621.3</ele>
				<time>2026-05-24T07:17:30Z</time>
				<extensions>
					<swisstopo:routepoint_id>1927967907</swisstopo:routepoint_id>
				</extensions>
			</trkpt>
			<trkpt lat="47.1869432240" lon="8.6979842395">
				<ele>620.4</ele>
				<time>2026-05-24T07:17:31Z</time>
				<extensions>
					<swisstopo:routepoint_id>2123347013</swisstopo:routepoint_id>
				</extensions>
			</trkpt>
			<trkpt lat="47.1869404525" lon="8.6979544056">
				<ele>620.4</ele>
				<time>2026-05-24T07:17:32Z</time>
				<extensions>
					<swisstopo:routepoint_id>210001645</swisstopo:routepoint_id>
				</extensions>
			</trkpt>
			<trkpt lat="47.1869328138" lon="8.6979400158">
				<ele>620.4</ele>
				<time>2026-05-24T07:17:33Z</time>
				<extensions>
					<swisstopo:routepoint_id>1182015494</swisstopo:routepoint_id>
				</extensions>
			</trkpt>
			<trkpt lat="47.1869251224" lon="8.6979374847">
				<ele>620.6</ele>
				<time>2026-05-24T07:17:34Z</time>
				<extensions>
					<swisstopo:routepoint_id>1910672908</swisstopo:routepoint_id>
				</extensions>
			</trkpt>
			<trkpt lat="47.1869205755" lon="8.6979319645">
				<ele>620.9</ele>
				<time>2026-05-24T07:17:35Z</time>
				<extensions>
					<swisstopo:routepoint_id>1356591165</swisstopo:routepoint_id>
				</extensions>
			</trkpt>
			<trkpt lat="47.1869166586" lon="8.6979261961">
				<ele>621.5</ele>
				<time>2026-05-24T07:17:36Z</time>
				<extensions>
					<swisstopo:routepoint_id>393829956</swisstopo:routepoint_id>
				</extensions>
			</trkpt>
			<trkpt lat="47.1869134820" lon="8.6979172939">
				<ele>621.6</ele>
				<time>2026-05-24T07:17:37Z</time>
				<extensions>
					<swisstopo:routepoint_id>555470438</swisstopo:routepoint_id>
				</extensions>
			</trkpt>
			<trkpt lat="47.1869131296" lon="8.6979035796">
				<ele>621.6</ele>
				<time>2026-05-24T07:17:38Z</time>
				<extensions>
					<swisstopo:routepoint_id>680237957</swisstopo:routepoint_id>
				</extensions>
			</trkpt>
			<trkpt lat="47.1869123025" lon="8.6978906743">
				<ele>621.6</ele>
				<time>2026-05-24T07:17:39Z</time>
				<extensions>
					<swisstopo:routepoint_id>1703890318</swisstopo:routepoint_id>
				</extensions>
			</trkpt>
			<trkpt lat="47.1869021624" lon="8.6978771983">
				<ele>621.3</ele>
				<time>2026-05-24T07:17:40Z</time>
				<extensions>
					<swisstopo:routepoint_id>590141881</swisstopo:routepoint_id>
				</extensions>
			</trkpt>
			<trkpt lat="47.1868942041" lon="8.6978668449">
				<ele>621.2</ele>
				<time>2026-05-24T07:17:41Z</time>
				<extensions>
					<swisstopo:routepoint_id>1435112121</swisstopo:routepoint_id>
				</extensions>
			</trkpt>
			<trkpt lat="47.1868917327" lon="8.6978483206">
				<ele>621.3</ele>
				<time>2026-05-24T07:17:42Z</time>
				<extensions>
					<swisstopo:routepoint_id>1540578190</swisstopo:routepoint_id>
				</extensions>
			</trkpt>
			<trkpt lat="47.1868925316" lon="8.6978334008">
				<ele>621.0</ele>
				<time>2026-05-24T07:17:43Z</time>
				<extensions>
					<swisstopo:routepoint_id>287307451</swisstopo:routepoint_id>
				</extensions>
			</trkpt>
			<trkpt lat="47.1868928690" lon="8.6978196833">
				<ele>620.8</ele>
				<time>2026-05-24T07:17:44Z</time>
				<extensions>
					<swisstopo:routepoint_id>1233090501</swisstopo:routepoint_id>
				</extensions>
			</trkpt>
			<trkpt lat="47.1868948084" lon="8.6977974802">
				<ele>620.7</ele>
				<time>2026-05-24T07:17:45Z</time>
				<extensions>
					<swisstopo:routepoint_id>1334856757</swisstopo:routepoint_id>
				</extensions>
			</trkpt>
			<trkpt lat="47.1868930352" lon="8.6977712408">
				<ele>620.6</ele>
				<time>2026-05-24T07:17:46Z</time>
				<extensions>
					<swisstopo:routepoint_id>175854690</swisstopo:routepoint_id>
				</extensions>
			</trkpt>
			<trkpt lat="47.1868942525" lon="8.6977446733">
				<ele>620.7</ele>
				<time>2026-05-24T07:17:47Z</time>
				<extensions>
					<swisstopo:routepoint_id>652276558</swisstopo:routepoint_id>
				</extensions>
			</trkpt>
			<trkpt lat="47.1868945670" lon="8.6977108350">
				<ele>620.9</ele>
				<time>2026-05-24T07:17:48Z</time>
				<extensions>
					<swisstopo:routepoint_id>2055576018</swisstopo:routepoint_id>
				</extensions>
			</trkpt>
			<trkpt lat="47.1868925499" lon="8.6976713747">
				<ele>621.4</ele>
				<time>2026-05-24T07:17:49Z</time>
				<extensions>
					<swisstopo:routepoint_id>1496705237</swisstopo:routepoint_id>
				</extensions>
			</trkpt>
			<trkpt lat="47.1868847793" lon="8.6976292707">
				<ele>622.0</ele>
				<time>2026-05-24T07:17:50Z</time>
				<extensions>
					<swisstopo:routepoint_id>1648960948</swisstopo:routepoint_id>
				</extensions>
			</trkpt>
			<trkpt lat="47.1868759789" lon="8.6975858716">
				<ele>622.7</ele>
				<time>2026-05-24T07:17:51Z</time>
				<extensions>
					<swisstopo:routepoint_id>810188501</swisstopo:routepoint_id>
				</extensions>
			</trkpt>
			<trkpt lat="47.1868691434" lon="8.6975448557">
				<ele>623.4</ele>
				<time>2026-05-24T07:17:52Z</time>
				<extensions>
					<swisstopo:routepoint_id>1791814327</swisstopo:routepoint_id>
				</extensions>
			</trkpt>
			<trkpt lat="47.1868661203" lon="8.6975045221">
				<ele>623.9</ele>
				<time>2026-05-24T07:17:53Z</time>
				<extensions>
					<swisstopo:routepoint_id>860212008</swisstopo:routepoint_id>
				</extensions>
			</trkpt>
			<trkpt lat="47.1868596737" lon="8.6974696915">
				<ele>624.5</ele>
				<time>2026-05-24T07:17:54Z</time>
				<extensions>
					<swisstopo:routepoint_id>723306852</swisstopo:routepoint_id>
				</extensions>
			</trkpt>
			<trkpt lat="47.1868563514" lon="8.6974376206">
				<ele>625.0</ele>
				<time>2026-05-24T07:17:55Z</time>
				<extensions>
					<swisstopo:routepoint_id>1860819544</swisstopo:routepoint_id>
				</extensions>
			</trkpt>
			<trkpt lat="47.1868510753" lon="8.6974079729">
				<ele>625.8</ele>
				<time>2026-05-24T07:17:56Z</time>
				<extensions>
					<swisstopo:routepoint_id>989724747</swisstopo:routepoint_id>
				</extensions>
			</trkpt>
			<trkpt lat="47.1868442957" lon="8.6973886771">
				<ele>626.4</ele>
				<time>2026-05-24T07:17:57Z</time>
				<extensions>
					<swisstopo:routepoint_id>2042976814</swisstopo:routepoint_id>
				</extensions>
			</trkpt>
			<trkpt lat="47.1868506753" lon="8.6973709405">
				<ele>627.1</ele>
				<time>2026-05-24T07:17:58Z</time>
				<extensions>
					<swisstopo:routepoint_id>195281015</swisstopo:routepoint_id>
				</extensions>
			</trkpt>
			<trkpt lat="47.1868577642" lon="8.6973489697">
				<ele>627.8</ele>
				<time>2026-05-24T07:17:59Z</time>
				<extensions>
					<swisstopo:routepoint_id>733006489</swisstopo:routepoint_id>
				</extensions>
			</trkpt>
			<trkpt lat="47.1868657985" lon="8.6973292726">
				<ele>628.4</ele>
				<time>2026-05-24T07:18:00Z</time>
				<extensions>
					<swisstopo:routepoint_id>1673861431</swisstopo:routepoint_id>
				</extensions>
			</trkpt>
			<trkpt lat="47.1868765338" lon="8.6973173959">
				<ele>629.1</ele>
				<time>2026-05-24T07:18:01Z</time>
				<extensions>
					<swisstopo:routepoint_id>553295117</swisstopo:routepoint_id>
				</extensions>
			</trkpt>
			<trkpt lat="47.1868875211" lon="8.6973106443">
				<ele>629.5</ele>
				<time>2026-05-24T07:18:02Z</time>
				<extensions>
					<swisstopo:routepoint_id>626839909</swisstopo:routepoint_id>
				</extensions>
			</trkpt>
			<trkpt lat="47.1868779344" lon="8.6973113911">
				<ele>629.9</ele>
				<time>2026-05-24T07:18:03Z</time>
				<extensions>
					<swisstopo:routepoint_id>1891062028</swisstopo:routepoint_id>
				</extensions>
			</trkpt>
			<trkpt lat="47.1868599424" lon="8.6973187815">
				<ele>630.0</ele>
				<time>2026-05-24T07:18:04Z</time>
				<extensions>
					<swisstopo:routepoint_id>321528996</swisstopo:routepoint_id>
				</extensions>
			</trkpt>
			<trkpt lat="47.1868489383" lon="8.6973228630">
				<ele>630.1</ele>
				<time>2026-05-24T07:18:05Z</time>
				<extensions>
					<swisstopo:routepoint_id>868979920</swisstopo:routepoint_id>
				</extensions>
			</trkpt>
			<trkpt lat="47.1868421552" lon="8.6973243114">
				<ele>630.2</ele>
				<time>2026-05-24T07:18:06Z</time>
				<extensions>
					<swisstopo:routepoint_id>2056715840</swisstopo:routepoint_id>
				</extensions>
			</trkpt>
			<trkpt lat="47.1868342564" lon="8.6973263380">
				<ele>630.2</ele>
				<time>2026-05-24T07:18:07Z</time>
				<extensions>
					<swisstopo:routepoint_id>1326340768</swisstopo:routepoint_id>
				</extensions>
			</trkpt>
			<trkpt lat="47.1868245802" lon="8.6973297134">
				<ele>630.1</ele>
				<time>2026-05-24T07:18:08Z</time>
				<extensions>
					<swisstopo:routepoint_id>929031916</swisstopo:routepoint_id>
				</extensions>
			</trkpt>
			<trkpt lat="47.1868142232" lon="8.6973394181">
				<ele>630.0</ele>
				<time>2026-05-24T07:18:09Z</time>
				<extensions>
					<swisstopo:routepoint_id>2033298522</swisstopo:routepoint_id>
				</extensions>
			</trkpt>
			<trkpt lat="47.1868049257" lon="8.6973466882">
				<ele>629.9</ele>
				<time>2026-05-24T07:18:10Z</time>
				<extensions>
					<swisstopo:routepoint_id>740984543</swisstopo:routepoint_id>
				</extensions>
			</trkpt>
			<trkpt lat="47.1867878763" lon="8.6973489431">
				<ele>629.7</ele>
				<time>2026-05-24T07:18:11Z</time>
				<extensions>
					<swisstopo:routepoint_id>469545248</swisstopo:routepoint_id>
				</extensions>
			</trkpt>
			<trkpt lat="47.1867708624" lon="8.6973552623">
				<ele>629.7</ele>
				<time>2026-05-24T07:18:12Z</time>
				<extensions>
					<swisstopo:routepoint_id>1792064058</swisstopo:routepoint_id>
				</extensions>
			</trkpt>
			<trkpt lat="47.1867548019" lon="8.6973568887">
				<ele>629.5</ele>
				<time>2026-05-24T07:18:13Z</time>
				<extensions>
					<swisstopo:routepoint_id>762473631</swisstopo:routepoint_id>
				</extensions>
			</trkpt>
			<trkpt lat="47.1867373043" lon="8.6973508290">
				<ele>629.4</ele>
				<time>2026-05-24T07:18:14Z</time>
				<extensions>
					<swisstopo:routepoint_id>859394568</swisstopo:routepoint_id>
				</extensions>
			</trkpt>
			<trkpt lat="47.1867193804" lon="8.6973439623">
				<ele>629.3</ele>
				<time>2026-05-24T07:18:15Z</time>
				<extensions>
					<swisstopo:routepoint_id>2016978301</swisstopo:routepoint_id>
				</extensions>
			</trkpt>
			<trkpt lat="47.1867021865" lon="8.6973365535">
				<ele>629.2</ele>
				<time>2026-05-24T07:18:16Z</time>
				<extensions>
					<swisstopo:routepoint_id>1324937012</swisstopo:routepoint_id>
				</extensions>
			</trkpt>
			<trkpt lat="47.1866864862" lon="8.6973332313">
				<ele>629.0</ele>
				<time>2026-05-24T07:18:17Z</time>
				<extensions>
					<swisstopo:routepoint_id>958424941</swisstopo:routepoint_id>
				</extensions>
			</trkpt>
			<trkpt lat="47.1866741389" lon="8.6973272104">
				<ele>629.0</ele>
				<time>2026-05-24T07:18:18Z</time>
				<extensions>
					<swisstopo:routepoint_id>2120630887</swisstopo:routepoint_id>
				</extensions>
			</trkpt>
			<trkpt lat="47.1866604174" lon="8.6973223772">
				<ele>629.0</ele>
				<time>2026-05-24T07:18:19Z</time>
				<extensions>
					<swisstopo:routepoint_id>1804712197</swisstopo:routepoint_id>
				</extensions>
			</trkpt>
			<trkpt lat="47.1866443369" lon="8.6973104737">
				<ele>629.2</ele>
				<time>2026-05-24T07:18:20Z</time>
				<extensions>
					<swisstopo:routepoint_id>738864751</swisstopo:routepoint_id>
				</extensions>
			</trkpt>
			<trkpt lat="47.1866284281" lon="8.6972982837">
				<ele>629.6</ele>
				<time>2026-05-24T07:18:21Z</time>
				<extensions>
					<swisstopo:routepoint_id>1349423103</swisstopo:routepoint_id>
				</extensions>
			</trkpt>
			<trkpt lat="47.1866023818" lon="8.6972778442">
				<ele>629.6</ele>
				<time>2026-05-24T07:18:22Z</time>
				<extensions>
					<swisstopo:routepoint_id>179296154</swisstopo:routepoint_id>
				</extensions>
			</trkpt>
			<trkpt lat="47.1865764398" lon="8.6972601401">
				<ele>629.5</ele>
				<time>2026-05-24T07:18:23Z</time>
				<extensions>
					<swisstopo:routepoint_id>510903537</swisstopo:routepoint_id>
				</extensions>
			</trkpt>
			<trkpt lat="47.1865516667" lon="8.6972332244">
				<ele>629.7</ele>
				<time>2026-05-24T07:18:24Z</time>
				<extensions>
					<swisstopo:routepoint_id>1116125653</swisstopo:routepoint_id>
				</extensions>
			</trkpt>
			<trkpt lat="47.1865277605" lon="8.6972074068">
				<ele>629.8</ele>
				<time>2026-05-24T07:18:25Z</time>
				<extensions>
					<swisstopo:routepoint_id>454193426</swisstopo:routepoint_id>
				</extensions>
			</trkpt>
			<trkpt lat="47.1865043411" lon="8.6971768495">
				<ele>629.9</ele>
				<time>2026-05-24T07:18:26Z</time>
				<extensions>
					<swisstopo:routepoint_id>1472029344</swisstopo:routepoint_id>
				</extensions>
			</trkpt>
			<trkpt lat="47.1864892252" lon="8.6971411842">
				<ele>630.3</ele>
				<time>2026-05-24T07:18:27Z</time>
				<extensions>
					<swisstopo:routepoint_id>1385571168</swisstopo:routepoint_id>
				</extensions>
			</trkpt>
			<trkpt lat="47.1864731975" lon="8.6970994407">
				<ele>630.4</ele>
				<time>2026-05-24T07:18:28Z</time>
				<extensions>
					<swisstopo:routepoint_id>2129436155</swisstopo:routepoint_id>
				</extensions>
			</trkpt>
			<trkpt lat="47.1864618153" lon="8.6970590657">
				<ele>630.5</ele>
				<time>2026-05-24T07:18:29Z</time>
				<extensions>
					<swisstopo:routepoint_id>1618479830</swisstopo:routepoint_id>
				</extensions>
			</trkpt>
			<trkpt lat="47.1864478843" lon="8.6970213570">
				<ele>630.8</ele>
				<time>2026-05-24T07:18:30Z</time>
				<extensions>
					<swisstopo:routepoint_id>1762629908</swisstopo:routepoint_id>
				</extensions>
			</trkpt>
			<trkpt lat="47.1864360257" lon="8.6969934193">
				<ele>630.6</ele>
				<time>2026-05-24T07:18:31Z</time>
				<extensions>
					<swisstopo:routepoint_id>2131437038</swisstopo:routepoint_id>
				</extensions>
			</trkpt>
			<trkpt lat="47.1864274350" lon="8.6969655323">
				<ele>630.6</ele>
				<time>2026-05-24T07:18:32Z</time>
				<extensions>
					<swisstopo:routepoint_id>887582059</swisstopo:routepoint_id>
				</extensions>
			</trkpt>
			<trkpt lat="47.1864211200" lon="8.6969336535">
				<ele>630.9</ele>
				<time>2026-05-24T07:18:33Z</time>
				<extensions>
					<swisstopo:routepoint_id>1170253551</swisstopo:routepoint_id>
				</extensions>
			</trkpt>
			<trkpt lat="47.1864187931" lon="8.6969004251">
				<ele>631.1</ele>
				<time>2026-05-24T07:18:34Z</time>
				<extensions>
					<swisstopo:routepoint_id>1796192431</swisstopo:routepoint_id>
				</extensions>
			</trkpt>
			<trkpt lat="47.1864159943" lon="8.6968659051">
				<ele>631.6</ele>
				<time>2026-05-24T07:18:35Z</time>
				<extensions>
					<swisstopo:routepoint_id>1428561938</swisstopo:routepoint_id>
				</extensions>
			</trkpt>
			<trkpt lat="47.1864163496" lon="8.6968330473">
				<ele>632.2</ele>
				<time>2026-05-24T07:18:36Z</time>
				<extensions>
					<swisstopo:routepoint_id>973318506</swisstopo:routepoint_id>
				</extensions>
			</trkpt>
			<trkpt lat="47.1864181905" lon="8.6968081100">
				<ele>632.3</ele>
				<time>2026-05-24T07:18:37Z</time>
				<extensions>
					<swisstopo:routepoint_id>1181191143</swisstopo:routepoint_id>
				</extensions>
			</trkpt>
			<trkpt lat="47.1864194456" lon="8.6967846419">
				<ele>632.6</ele>
				<time>2026-05-24T07:18:38Z</time>
				<extensions>
					<swisstopo:routepoint_id>940707533</swisstopo:routepoint_id>
				</extensions>
			</trkpt>
			<trkpt lat="47.1864233554" lon="8.6967640005">
				<ele>633.0</ele>
				<time>2026-05-24T07:18:39Z</time>
				<extensions>
					<swisstopo:routepoint_id>696897917</swisstopo:routepoint_id>
				</extensions>
			</trkpt>
			<trkpt lat="47.1864295852" lon="8.6967546975">
				<ele>633.3</ele>
				<time>2026-05-24T07:18:40Z</time>
				<extensions>
					<swisstopo:routepoint_id>387480281</swisstopo:routepoint_id>
				</extensions>
			</trkpt>
			<trkpt lat="47.1864376324" lon="8.6967497185">
				<ele>633.5</ele>
				<time>2026-05-24T07:18:41Z</time>
				<extensions>
					<swisstopo:routepoint_id>1210665063</swisstopo:routepoint_id>
				</extensions>
			</trkpt>
			<trkpt lat="47.1864454922" lon="8.6967446121">
				<ele>633.6</ele>
				<time>2026-05-24T07:18:42Z</time>
				<extensions>
					<swisstopo:routepoint_id>240158516</swisstopo:routepoint_id>
				</extensions>
			</trkpt>
			<trkpt lat="47.1864527501" lon="8.6967415013">
				<ele>633.8</ele>
				<time>2026-05-24T07:18:43Z</time>
				<extensions>
					<swisstopo:routepoint_id>1222405699</swisstopo:routepoint_id>
				</extensions>
			</trkpt>
			<trkpt lat="47.1864599033" lon="8.6967341332">
				<ele>633.9</ele>
				<time>2026-05-24T07:18:44Z</time>
				<extensions>
					<swisstopo:routepoint_id>2144015891</swisstopo:routepoint_id>
				</extensions>
			</trkpt>
			<trkpt lat="47.1864661485" lon="8.6967242288">
				<ele>633.9</ele>
				<time>2026-05-24T07:18:45Z</time>
				<extensions>
					<swisstopo:routepoint_id>1846967024</swisstopo:routepoint_id>
				</extensions>
			</trkpt>
			<trkpt lat="47.1864722341" lon="8.6967088785">
				<ele>634.1</ele>
				<time>2026-05-24T07:18:46Z</time>
				<extensions>
					<swisstopo:routepoint_id>98654983</swisstopo:routepoint_id>
				</extensions>
			</trkpt>
			<trkpt lat="47.1864773183" lon="8.6966926527">
				<ele>634.1</ele>
				<time>2026-05-24T07:18:47Z</time>
				<extensions>
					<swisstopo:routepoint_id>236923797</swisstopo:routepoint_id>
				</extensions>
			</trkpt>
			<trkpt lat="47.1864790829" lon="8.6966651260">
				<ele>634.1</ele>
				<time>2026-05-24T07:18:48Z</time>
				<extensions>
					<swisstopo:routepoint_id>543574641</swisstopo:routepoint_id>
				</extensions>
			</trkpt>
			<trkpt lat="47.1864797261" lon="8.6966400101">
				<ele>634.3</ele>
				<time>2026-05-24T07:18:49Z</time>
				<extensions>
					<swisstopo:routepoint_id>463556949</swisstopo:routepoint_id>
				</extensions>
			</trkpt>
			<trkpt lat="47.1864804508" lon="8.6966238388">
				<ele>634.5</ele>
				<time>2026-05-24T07:18:50Z</time>
				<extensions>
					<swisstopo:routepoint_id>2078454174</swisstopo:routepoint_id>
				</extensions>
			</trkpt>
			<trkpt lat="47.1864797897" lon="8.6966054728">
				<ele>634.5</ele>
				<time>2026-05-24T07:18:51Z</time>
				<extensions>
					<swisstopo:routepoint_id>1610300316</swisstopo:routepoint_id>
				</extensions>
			</trkpt>
			<trkpt lat="47.1864769867" lon="8.6965803029">
				<ele>634.6</ele>
				<time>2026-05-24T07:18:52Z</time>
				<extensions>
					<swisstopo:routepoint_id>1728491518</swisstopo:routepoint_id>
				</extensions>
			</trkpt>
			<trkpt lat="47.1864718451" lon="8.6965546268">
				<ele>633.9</ele>
				<time>2026-05-24T07:18:53Z</time>
				<extensions>
					<swisstopo:routepoint_id>1745650057</swisstopo:routepoint_id>
				</extensions>
			</trkpt>
			<trkpt lat="47.1864665581" lon="8.6965349360">
				<ele>632.9</ele>
				<time>2026-05-24T07:18:54Z</time>
				<extensions>
					<swisstopo:routepoint_id>218922685</swisstopo:routepoint_id>
				</extensions>
			</trkpt>
			<trkpt lat="47.1864618491" lon="8.6965198222">
				<ele>631.7</ele>
				<time>2026-05-24T07:18:55Z</time>
				<extensions>
					<swisstopo:routepoint_id>794079484</swisstopo:routepoint_id>
				</extensions>
			</trkpt>
			<trkpt lat="47.1864580520" lon="8.6965098875">
				<ele>631.1</ele>
				<time>2026-05-24T07:18:56Z</time>
				<extensions>
					<swisstopo:routepoint_id>1630505130</swisstopo:routepoint_id>
				</extensions>
			</trkpt>
			<trkpt lat="47.1864544337" lon="8.6965006937">
				<ele>630.8</ele>
				<time>2026-05-24T07:18:57Z</time>
				<extensions>
					<swisstopo:routepoint_id>2008384190</swisstopo:routepoint_id>
				</extensions>
			</trkpt>
			<trkpt lat="47.1864480084" lon="8.6964790825">
				<ele>630.6</ele>
				<time>2026-05-24T07:18:58Z</time>
				<extensions>
					<swisstopo:routepoint_id>765117784</swisstopo:routepoint_id>
				</extensions>
			</trkpt>
			<trkpt lat="47.1864409430" lon="8.6964545846">
				<ele>630.6</ele>
				<time>2026-05-24T07:18:59Z</time>
				<extensions>
					<swisstopo:routepoint_id>202517452</swisstopo:routepoint_id>
				</extensions>
			</trkpt>
			<trkpt lat="47.1864342502" lon="8.6964314141">
				<ele>630.6</ele>
				<time>2026-05-24T07:19:00Z</time>
				<extensions>
					<swisstopo:routepoint_id>2096718916</swisstopo:routepoint_id>
				</extensions>
			</trkpt>
			<trkpt lat="47.1864281376" lon="8.6964103759">
				<ele>630.7</ele>
				<time>2026-05-24T07:19:01Z</time>
				<extensions>
					<swisstopo:routepoint_id>1495657589</swisstopo:routepoint_id>
				</extensions>
			</trkpt>
			<trkpt lat="47.1864232324" lon="8.6963940152">
				<ele>630.8</ele>
				<time>2026-05-24T07:19:02Z</time>
				<extensions>
					<swisstopo:routepoint_id>1221010188</swisstopo:routepoint_id>
				</extensions>
			</trkpt>
			<trkpt lat="47.1864214960" lon="8.6963818222">
				<ele>630.9</ele>
				<time>2026-05-24T07:19:03Z</time>
				<extensions>
					<swisstopo:routepoint_id>164498984</swisstopo:routepoint_id>
				</extensions>
			</trkpt>
			<trkpt lat="47.1864194226" lon="8.6963763892">
				<ele>631.0</ele>
				<time>2026-05-24T07:19:04Z</time>
				<extensions>
					<swisstopo:routepoint_id>922970399</swisstopo:routepoint_id>
				</extensions>
			</trkpt>
			<trkpt lat="47.1864226387" lon="8.6964084141">
				<ele>631.4</ele>
				<time>2026-05-24T07:19:04Z</time>
				<extensions>
					<swisstopo:routepoint_id>1089113712</swisstopo:routepoint_id>
				</extensions>
			</trkpt>
			<trkpt lat="47.1864226379" lon="8.6964084105">
				<ele>631.4</ele>
				<time>2026-05-24T07:19:05Z</time>
				<extensions>
					<swisstopo:routepoint_id>1731034203</swisstopo:routepoint_id>
				</extensions>
			</trkpt>
			<trkpt lat="47.1864226358" lon="8.6964084031">
				<ele>631.4</ele>
				<time>2026-05-24T07:19:06Z</time>
				<extensions>
					<swisstopo:routepoint_id>1530883912</swisstopo:routepoint_id>
				</extensions>
			</trkpt>
			<trkpt lat="47.1864225035" lon="8.6964078641">
				<ele>631.4</ele>
				<time>2026-05-24T07:19:07Z</time>
				<extensions>
					<swisstopo:routepoint_id>564334277</swisstopo:routepoint_id>
				</extensions>
			</trkpt>
			<trkpt lat="47.1864218557" lon="8.6964053821">
				<ele>631.5</ele>
				<time>2026-05-24T07:19:08Z</time>
				<extensions>
					<swisstopo:routepoint_id>1478408387</swisstopo:routepoint_id>
				</extensions>
			</trkpt>
			<trkpt lat="47.1864204307" lon="8.6963999785">
				<ele>631.6</ele>
				<time>2026-05-24T07:19:09Z</time>
				<extensions>
					<swisstopo:routepoint_id>1223964519</swisstopo:routepoint_id>
				</extensions>
			</trkpt>
			<trkpt lat="47.1864185626" lon="8.6963927285">
				<ele>631.8</ele>
				<time>2026-05-24T07:19:10Z</time>
				<extensions>
					<swisstopo:routepoint_id>425816220</swisstopo:routepoint_id>
				</extensions>
			</trkpt>
			<trkpt lat="47.1864160756" lon="8.6963832087">
				<ele>632.2</ele>
				<time>2026-05-24T07:19:11Z</time>
				<extensions>
					<swisstopo:routepoint_id>1277697736</swisstopo:routepoint_id>
				</extensions>
			</trkpt>
			<trkpt lat="47.1864137893" lon="8.6963742486">
				<ele>632.6</ele>
				<time>2026-05-24T07:19:12Z</time>
				<extensions>
					<swisstopo:routepoint_id>1576862599</swisstopo:routepoint_id>
				</extensions>
			</trkpt>
			<trkpt lat="47.1864122183" lon="8.6963677883">
				<ele>633.0</ele>
				<time>2026-05-24T07:19:13Z</time>
				<extensions>
					<swisstopo:routepoint_id>234013766</swisstopo:routepoint_id>
				</extensions>
			</trkpt>
			<trkpt lat="47.1864114422" lon="8.6963644105">
				<ele>633.2</ele>
				<time>2026-05-24T07:19:14Z</time>
				<extensions>
					<swisstopo:routepoint_id>1026807505</swisstopo:routepoint_id>
				</extensions>
			</trkpt>
			<trkpt lat="47.1864114240" lon="8.6963640524">
				<ele>633.5</ele>
				<time>2026-05-24T07:19:15Z</time>
				<extensions>
					<swisstopo:routepoint_id>375149243</swisstopo:routepoint_id>
				</extensions>
			</trkpt>
			<trkpt lat="47.1864113361" lon="8.6963634424">
				<ele>633.6</ele>
				<time>2026-05-24T07:19:16Z</time>
				<extensions>
					<swisstopo:routepoint_id>121339509</swisstopo:routepoint_id>
				</extensions>
			</trkpt>
			<trkpt lat="47.1864112550" lon="8.6963628945">
				<ele>633.8</ele>
				<time>2026-05-24T07:19:17Z</time>
				<extensions>
					<swisstopo:routepoint_id>1391146760</swisstopo:routepoint_id>
				</extensions>
			</trkpt>
			<trkpt lat="47.1864115929" lon="8.6963640505">
				<ele>633.9</ele>
				<time>2026-05-24T07:19:18Z</time>
				<extensions>
					<swisstopo:routepoint_id>1349130431</swisstopo:routepoint_id>
				</extensions>
			</trkpt>
			<trkpt lat="47.1864120445" lon="8.6963656944">
				<ele>634.1</ele>
				<time>2026-05-24T07:19:19Z</time>
				<extensions>
					<swisstopo:routepoint_id>1702808791</swisstopo:routepoint_id>
				</extensions>
			</trkpt>
			<trkpt lat="47.1864126557" lon="8.6963680052">
				<ele>634.2</ele>
				<time>2026-05-24T07:19:20Z</time>
				<extensions>
					<swisstopo:routepoint_id>1740270415</swisstopo:routepoint_id>
				</extensions>
			</trkpt>
			<trkpt lat="47.1864135696" lon="8.6963715490">
				<ele>634.2</ele>
				<time>2026-05-24T07:19:21Z</time>
				<extensions>
					<swisstopo:routepoint_id>2145076412</swisstopo:routepoint_id>
				</extensions>
			</trkpt>
			<trkpt lat="47.1864148413" lon="8.6963765404">
				<ele>634.2</ele>
				<time>2026-05-24T07:19:22Z</time>
				<extensions>
					<swisstopo:routepoint_id>343790648</swisstopo:routepoint_id>
				</extensions>
			</trkpt>
			<trkpt lat="47.1864164519" lon="8.6963829807">
				<ele>634.1</ele>
				<time>2026-05-24T07:19:23Z</time>
				<extensions>
					<swisstopo:routepoint_id>1358410506</swisstopo:routepoint_id>
				</extensions>
			</trkpt>
			<trkpt lat="47.1864181145" lon="8.6963897203">
				<ele>634.1</ele>
				<time>2026-05-24T07:19:24Z</time>
				<extensions>
					<swisstopo:routepoint_id>906723085</swisstopo:routepoint_id>
				</extensions>
			</trkpt>
			<trkpt lat="47.1864193766" lon="8.6963948131">
				<ele>634.1</ele>
				<time>2026-05-24T07:19:25Z</time>
				<extensions>
					<swisstopo:routepoint_id>750930483</swisstopo:routepoint_id>
				</extensions>
			</trkpt>
			<trkpt lat="47.1864209489" lon="8.6964013179">
				<ele>634.1</ele>
				<time>2026-05-24T07:19:26Z</time>
				<extensions>
					<swisstopo:routepoint_id>127234362</swisstopo:routepoint_id>
				</extensions>
			</trkpt>
			<trkpt lat="47.1864224265" lon="8.6964074798">
				<ele>634.1</ele>
				<time>2026-05-24T07:19:27Z</time>
				<extensions>
					<swisstopo:routepoint_id>1681693369</swisstopo:routepoint_id>
				</extensions>
			</trkpt>
			<trkpt lat="47.1864236794" lon="8.6964127292">
				<ele>634.5</ele>
				<time>2026-05-24T07:19:28Z</time>
				<extensions>
					<swisstopo:routepoint_id>1188174616</swisstopo:routepoint_id>
				</extensions>
			</trkpt>
			<trkpt lat="47.1864251675" lon="8.6964190410">
				<ele>634.3</ele>
				<time>2026-05-24T07:19:29Z</time>
				<extensions>
					<swisstopo:routepoint_id>200337659</swisstopo:routepoint_id>
				</extensions>
			</trkpt>
			<trkpt lat="47.1864272820" lon="8.6964280945">
				<ele>634.1</ele>
				<time>2026-05-24T07:19:30Z</time>
				<extensions>
					<swisstopo:routepoint_id>1968159964</swisstopo:routepoint_id>
				</extensions>
			</trkpt>
			<trkpt lat="47.1864302511" lon="8.6964408667">
				<ele>633.4</ele>
				<time>2026-05-24T07:19:31Z</time>
				<extensions>
					<swisstopo:routepoint_id>1173900207</swisstopo:routepoint_id>
				</extensions>
			</trkpt>
			<trkpt lat="47.1864202849" lon="8.6964536396">
				<ele>632.4</ele>
				<time>2026-05-24T07:19:32Z</time>
				<extensions>
					<swisstopo:routepoint_id>808514060</swisstopo:routepoint_id>
				</extensions>
			</trkpt>
			<trkpt lat="47.1864070299" lon="8.6964603116">
				<ele>631.7</ele>
				<time>2026-05-24T07:19:33Z</time>
				<extensions>
					<swisstopo:routepoint_id>1566771851</swisstopo:routepoint_id>
				</extensions>
			</trkpt>
			<trkpt lat="47.1863946466" lon="8.6964653824">
				<ele>631.3</ele>
				<time>2026-05-24T07:19:34Z</time>
				<extensions>
					<swisstopo:routepoint_id>290020243</swisstopo:routepoint_id>
				</extensions>
			</trkpt>
			<trkpt lat="47.1863874021" lon="8.6964666383">
				<ele>631.1</ele>
				<time>2026-05-24T07:19:35Z</time>
				<extensions>
					<swisstopo:routepoint_id>1729829058</swisstopo:routepoint_id>
				</extensions>
			</trkpt>
			<trkpt lat="47.1863766747" lon="8.6964689490">
				<ele>631.0</ele>
				<time>2026-05-24T07:19:36Z</time>
				<extensions>
					<swisstopo:routepoint_id>603364720</swisstopo:routepoint_id>
				</extensions>
			</trkpt>
			<trkpt lat="47.1863740650" lon="8.6964670912">
				<ele>630.9</ele>
				<time>2026-05-24T07:19:37Z</time>
				<extensions>
					<swisstopo:routepoint_id>333067906</swisstopo:routepoint_id>
				</extensions>
			</trkpt>
			<trkpt lat="47.1863743503" lon="8.6964635495">
				<ele>630.9</ele>
				<time>2026-05-24T07:19:38Z</time>
				<extensions>
					<swisstopo:routepoint_id>1529912060</swisstopo:routepoint_id>
				</extensions>
			</trkpt>
			<trkpt lat="47.1863722231" lon="8.6964613219">
				<ele>630.8</ele>
				<time>2026-05-24T07:19:39Z</time>
				<extensions>
					<swisstopo:routepoint_id>1410286889</swisstopo:routepoint_id>
				</extensions>
			</trkpt>
			<trkpt lat="47.1863725714" lon="8.6964578548">
				<ele>630.8</ele>
				<time>2026-05-24T07:19:40Z</time>
				<extensions>
					<swisstopo:routepoint_id>914731484</swisstopo:routepoint_id>
				</extensions>
			</trkpt>
			<trkpt lat="47.1863752532" lon="8.6964528684">
				<ele>630.9</ele>
				<time>2026-05-24T07:19:41Z</time>
				<extensions>
					<swisstopo:routepoint_id>56622715</swisstopo:routepoint_id>
				</extensions>
			</trkpt>
			<trkpt lat="47.1863798976" lon="8.6964484643">
				<ele>631.0</ele>
				<time>2026-05-24T07:19:42Z</time>
				<extensions>
					<swisstopo:routepoint_id>322715384</swisstopo:routepoint_id>
				</extensions>
			</trkpt>
			<trkpt lat="47.1863850423" lon="8.6964437545">
				<ele>631.1</ele>
				<time>2026-05-24T07:19:43Z</time>
				<extensions>
					<swisstopo:routepoint_id>1481250213</swisstopo:routepoint_id>
				</extensions>
			</trkpt>
			<trkpt lat="47.1863885871" lon="8.6964405127">
				<ele>631.2</ele>
				<time>2026-05-24T07:19:44Z</time>
				<extensions>
					<swisstopo:routepoint_id>1741893867</swisstopo:routepoint_id>
				</extensions>
			</trkpt>
			<trkpt lat="47.1863932832" lon="8.6964386813">
				<ele>631.2</ele>
				<time>2026-05-24T07:19:45Z</time>
				<extensions>
					<swisstopo:routepoint_id>1513146765</swisstopo:routepoint_id>
				</extensions>
			</trkpt>
			<trkpt lat="47.1863955928" lon="8.6964395808">
				<ele>631.2</ele>
				<time>2026-05-24T07:19:46Z</time>
				<extensions>
					<swisstopo:routepoint_id>956331581</swisstopo:routepoint_id>
				</extensions>
			</trkpt>
			<trkpt lat="47.1863960198" lon="8.6964445639">
				<ele>631.4</ele>
				<time>2026-05-24T07:19:47Z</time>
				<extensions>
					<swisstopo:routepoint_id>1297267719</swisstopo:routepoint_id>
				</extensions>
			</trkpt>
			<trkpt lat="47.1863962356" lon="8.6964484188">
				<ele>631.6</ele>
				<time>2026-05-24T07:19:48Z</time>
				<extensions>
					<swisstopo:routepoint_id>1924568889</swisstopo:routepoint_id>
				</extensions>
			</trkpt>
			<trkpt lat="47.1863939723" lon="8.6964532029">
				<ele>631.7</ele>
				<time>2026-05-24T07:19:49Z</time>
				<extensions>
					<swisstopo:routepoint_id>830626309</swisstopo:routepoint_id>
				</extensions>
			</trkpt>
			<trkpt lat="47.1863933144" lon="8.6964609914">
				<ele>631.8</ele>
				<time>2026-05-24T07:19:50Z</time>
				<extensions>
					<swisstopo:routepoint_id>1692669863</swisstopo:routepoint_id>
				</extensions>
			</trkpt>
			<trkpt lat="47.1863889442" lon="8.6964712669">
				<ele>632.0</ele>
				<time>2026-05-24T07:19:51Z</time>
				<extensions>
					<swisstopo:routepoint_id>986515632</swisstopo:routepoint_id>
				</extensions>
			</trkpt>
			<trkpt lat="47.1863865261" lon="8.6964779055">
				<ele>632.2</ele>
				<time>2026-05-24T07:19:52Z</time>
				<extensions>
					<swisstopo:routepoint_id>1794472184</swisstopo:routepoint_id>
				</extensions>
			</trkpt>
			<trkpt lat="47.1863842895" lon="8.6964841845">
				<ele>632.4</ele>
				<time>2026-05-24T07:19:53Z</time>
				<extensions>
					<swisstopo:routepoint_id>433658020</swisstopo:routepoint_id>
				</extensions>
			</trkpt>
			<trkpt lat="47.1863882562" lon="8.6964873442">
				<ele>632.6</ele>
				<time>2026-05-24T07:19:54Z</time>
				<extensions>
					<swisstopo:routepoint_id>2078327869</swisstopo:routepoint_id>
				</extensions>
			</trkpt>
			<trkpt lat="47.1863933796" lon="8.6964891791">
				<ele>632.8</ele>
				<time>2026-05-24T07:19:55Z</time>
				<extensions>
					<swisstopo:routepoint_id>1634975828</swisstopo:routepoint_id>
				</extensions>
			</trkpt>
			<trkpt lat="47.1863952880" lon="8.6964939896">
				<ele>633.0</ele>
				<time>2026-05-24T07:19:56Z</time>
				<extensions>
					<swisstopo:routepoint_id>1985477831</swisstopo:routepoint_id>
				</extensions>
			</trkpt>
			<trkpt lat="47.1863962504" lon="8.6964984677">
				<ele>633.3</ele>
				<time>2026-05-24T07:19:57Z</time>
				<extensions>
					<swisstopo:routepoint_id>177514884</swisstopo:routepoint_id>
				</extensions>
			</trkpt>
			<trkpt lat="47.1863894408" lon="8.6965068797">
				<ele>633.4</ele>
				<time>2026-05-24T07:19:58Z</time>
				<extensions>
					<swisstopo:routepoint_id>637869705</swisstopo:routepoint_id>
				</extensions>
			</trkpt>
			<trkpt lat="47.1863854822" lon="8.6965080644">
				<ele>633.6</ele>
				<time>2026-05-24T07:19:59Z</time>
				<extensions>
					<swisstopo:routepoint_id>437766111</swisstopo:routepoint_id>
				</extensions>
			</trkpt>
			<trkpt lat="47.1863850330" lon="8.6965046910">
				<ele>633.7</ele>
				<time>2026-05-24T07:20:00Z</time>
				<extensions>
					<swisstopo:routepoint_id>256052955</swisstopo:routepoint_id>
				</extensions>
			</trkpt>
			<trkpt lat="47.1863851000" lon="8.6965006453">
				<ele>633.8</ele>
				<time>2026-05-24T07:20:01Z</time>
				<extensions>
					<swisstopo:routepoint_id>2072269744</swisstopo:routepoint_id>
				</extensions>
			</trkpt>
			<trkpt lat="47.1863846368" lon="8.6964961062">
				<ele>633.8</ele>
				<time>2026-05-24T07:20:02Z</time>
				<extensions>
					<swisstopo:routepoint_id>747800362</swisstopo:routepoint_id>
				</extensions>
			</trkpt>
			<trkpt lat="47.1863868382" lon="8.6964914935">
				<ele>633.8</ele>
				<time>2026-05-24T07:20:03Z</time>
				<extensions>
					<swisstopo:routepoint_id>1206381890</swisstopo:routepoint_id>
				</extensions>
			</trkpt>
			<trkpt lat="47.1863910268" lon="8.6964888717">
				<ele>633.8</ele>
				<time>2026-05-24T07:20:04Z</time>
				<extensions>
					<swisstopo:routepoint_id>1267313903</swisstopo:routepoint_id>
				</extensions>
			</trkpt>
			<trkpt lat="47.1863892524" lon="8.6964842722">
				<ele>633.8</ele>
				<time>2026-05-24T07:20:05Z</time>
				<extensions>
					<swisstopo:routepoint_id>1001956775</swisstopo:routepoint_id>
				</extensions>
			</trkpt>
			<trkpt lat="47.1863853848" lon="8.6964811444">
				<ele>633.8</ele>
				<time>2026-05-24T07:20:06Z</time>
				<extensions>
					<swisstopo:routepoint_id>1468241298</swisstopo:routepoint_id>
				</extensions>
			</trkpt>
			<trkpt lat="47.1863818528" lon="8.6964759759">
				<ele>633.7</ele>
				<time>2026-05-24T07:20:07Z</time>
				<extensions>
					<swisstopo:routepoint_id>2144391456</swisstopo:routepoint_id>
				</extensions>
			</trkpt>
			<trkpt lat="47.1863822453" lon="8.6964731933">
				<ele>633.6</ele>
				<time>2026-05-24T07:20:08Z</time>
				<extensions>
					<swisstopo:routepoint_id>1716637038</swisstopo:routepoint_id>
				</extensions>
			</trkpt>
			<trkpt lat="47.1863797980" lon="8.6964733384">
				<ele>633.6</ele>
				<time>2026-05-24T07:20:09Z</time>
				<extensions>
					<swisstopo:routepoint_id>75900221</swisstopo:routepoint_id>
				</extensions>
			</trkpt>
			<trkpt lat="47.1863792961" lon="8.6964721365">
				<ele>633.7</ele>
				<time>2026-05-24T07:20:10Z</time>
				<extensions>
					<swisstopo:routepoint_id>49728029</swisstopo:routepoint_id>
				</extensions>
			</trkpt>
			<trkpt lat="47.1863776150" lon="8.6964716802">
				<ele>633.7</ele>
				<time>2026-05-24T07:20:11Z</time>
				<extensions>
					<swisstopo:routepoint_id>407844720</swisstopo:routepoint_id>
				</extensions>
			</trkpt>
			<trkpt lat="47.1863767976" lon="8.6964713374">
				<ele>633.8</ele>
				<time>2026-05-24T07:20:12Z</time>
				<extensions>
					<swisstopo:routepoint_id>2025891463</swisstopo:routepoint_id>
				</extensions>
			</trkpt>
			<trkpt lat="47.1863761992" lon="8.6964712130">
				<ele>633.9</ele>
				<time>2026-05-24T07:20:13Z</time>
				<extensions>
					<swisstopo:routepoint_id>804595456</swisstopo:routepoint_id>
				</extensions>
			</trkpt>
			<trkpt lat="47.1863763400" lon="8.6964717640">
				<ele>634.0</ele>
				<time>2026-05-24T07:20:14Z</time>
				<extensions>
					<swisstopo:routepoint_id>131303833</swisstopo:routepoint_id>
				</extensions>
			</trkpt>
			<trkpt lat="47.1863761947" lon="8.6964721333">
				<ele>634.1</ele>
				<time>2026-05-24T07:20:15Z</time>
				<extensions>
					<swisstopo:routepoint_id>1357815762</swisstopo:routepoint_id>
				</extensions>
			</trkpt>
			<trkpt lat="47.1863758637" lon="8.6964714738">
				<ele>634.1</ele>
				<time>2026-05-24T07:20:16Z</time>
				<extensions>
					<swisstopo:routepoint_id>1648278912</swisstopo:routepoint_id>
				</extensions>
			</trkpt>
			<trkpt lat="47.1863765045" lon="8.6964706267">
				<ele>634.2</ele>
				<time>2026-05-24T07:20:17Z</time>
				<extensions>
					<swisstopo:routepoint_id>84627684</swisstopo:routepoint_id>
				</extensions>
			</trkpt>
			<trkpt lat="47.1863770488" lon="8.6964703288">
				<ele>634.2</ele>
				<time>2026-05-24T07:20:18Z</time>
				<extensions>
					<swisstopo:routepoint_id>703310674</swisstopo:routepoint_id>
				</extensions>
			</trkpt>
			<trkpt lat="47.1863775735" lon="8.6964701083">
				<ele>634.2</ele>
				<time>2026-05-24T07:20:19Z</time>
				<extensions>
					<swisstopo:routepoint_id>792504830</swisstopo:routepoint_id>
				</extensions>
			</trkpt>
			<trkpt lat="47.1863764278" lon="8.6964689495">
				<ele>634.2</ele>
				<time>2026-05-24T07:20:20Z</time>
				<extensions>
					<swisstopo:routepoint_id>935099116</swisstopo:routepoint_id>
				</extensions>
			</trkpt>
			<trkpt lat="47.1863745274" lon="8.6964687655">
				<ele>634.2</ele>
				<time>2026-05-24T07:20:21Z</time>
				<extensions>
					<swisstopo:routepoint_id>925513866</swisstopo:routepoint_id>
				</extensions>
			</trkpt>
			<trkpt lat="47.1863713262" lon="8.6964699127">
				<ele>634.2</ele>
				<time>2026-05-24T07:20:22Z</time>
				<extensions>
					<swisstopo:routepoint_id>887490641</swisstopo:routepoint_id>
				</extensions>
			</trkpt>
			<trkpt lat="47.1863715318" lon="8.6964721029">
				<ele>634.2</ele>
				<time>2026-05-24T07:20:23Z</time>
				<extensions>
					<swisstopo:routepoint_id>1781274872</swisstopo:routepoint_id>
				</extensions>
			</trkpt>
			<trkpt lat="47.1863654582" lon="8.6964713423">
				<ele>634.1</ele>
				<time>2026-05-24T07:20:24Z</time>
				<extensions>
					<swisstopo:routepoint_id>1964734524</swisstopo:routepoint_id>
				</extensions>
			</trkpt>
			<trkpt lat="47.1863541143" lon="8.6964642907">
				<ele>634.1</ele>
				<time>2026-05-24T07:20:25Z</time>
				<extensions>
					<swisstopo:routepoint_id>1584588596</swisstopo:routepoint_id>
				</extensions>
			</trkpt>
			<trkpt lat="47.1863436120" lon="8.6964584075">
				<ele>634.2</ele>
				<time>2026-05-24T07:20:26Z</time>
				<extensions>
					<swisstopo:routepoint_id>1235826525</swisstopo:routepoint_id>
				</extensions>
			</trkpt>
			<trkpt lat="47.1863450949" lon="8.6964510303">
				<ele>634.2</ele>
				<time>2026-05-24T07:20:27Z</time>
				<extensions>
					<swisstopo:routepoint_id>74571891</swisstopo:routepoint_id>
				</extensions>
			</trkpt>
			<trkpt lat="47.1863483155" lon="8.6964445205">
				<ele>634.3</ele>
				<time>2026-05-24T07:20:28Z</time>
				<extensions>
					<swisstopo:routepoint_id>1346805836</swisstopo:routepoint_id>
				</extensions>
			</trkpt>
			<trkpt lat="47.1863514954" lon="8.6964391964">
				<ele>634.3</ele>
				<time>2026-05-24T07:20:29Z</time>
				<extensions>
					<swisstopo:routepoint_id>1288046272</swisstopo:routepoint_id>
				</extensions>
			</trkpt>
			<trkpt lat="47.1863548929" lon="8.6964374219">
				<ele>634.3</ele>
				<time>2026-05-24T07:20:30Z</time>
				<extensions>
					<swisstopo:routepoint_id>1558531744</swisstopo:routepoint_id>
				</extensions>
			</trkpt>
			<trkpt lat="47.1863573420" lon="8.6964384585">
				<ele>634.3</ele>
				<time>2026-05-24T07:20:31Z</time>
				<extensions>
					<swisstopo:routepoint_id>1384978949</swisstopo:routepoint_id>
				</extensions>
			</trkpt>
			<trkpt lat="47.1863622317" lon="8.6964348670">
				<ele>634.4</ele>
				<time>2026-05-24T07:20:32Z</time>
				<extensions>
					<swisstopo:routepoint_id>765946010</swisstopo:routepoint_id>
				</extensions>
			</trkpt>
			<trkpt lat="47.1863681452" lon="8.6964311282">
				<ele>634.3</ele>
				<time>2026-05-24T07:20:33Z</time>
				<extensions>
					<swisstopo:routepoint_id>1237609952</swisstopo:routepoint_id>
				</extensions>
			</trkpt>
			<trkpt lat="47.1863746633" lon="8.6964267316">
				<ele>634.3</ele>
				<time>2026-05-24T07:20:34Z</time>
				<extensions>
					<swisstopo:routepoint_id>2131342069</swisstopo:routepoint_id>
				</extensions>
			</trkpt>
			<trkpt lat="47.1863745691" lon="8.6964238343">
				<ele>634.3</ele>
				<time>2026-05-24T07:20:35Z</time>
				<extensions>
					<swisstopo:routepoint_id>1438921723</swisstopo:routepoint_id>
				</extensions>
			</trkpt>
			<trkpt lat="47.1863765754" lon="8.6964224016">
				<ele>634.2</ele>
				<time>2026-05-24T07:20:36Z</time>
				<extensions>
					<swisstopo:routepoint_id>1144049594</swisstopo:routepoint_id>
				</extensions>
			</trkpt>
			<trkpt lat="47.1863786487" lon="8.6964278249">
				<ele>634.2</ele>
				<time>2026-05-24T07:20:37Z</time>
				<extensions>
					<swisstopo:routepoint_id>1620434767</swisstopo:routepoint_id>
				</extensions>
			</trkpt>
			<trkpt lat="47.1863808464" lon="8.6964392625">
				<ele>634.2</ele>
				<time>2026-05-24T07:20:38Z</time>
				<extensions>
					<swisstopo:routepoint_id>259517715</swisstopo:routepoint_id>
				</extensions>
			</trkpt>
			<trkpt lat="47.1863855709" lon="8.6964416384">
				<ele>634.2</ele>
				<time>2026-05-24T07:20:39Z</time>
				<extensions>
					<swisstopo:routepoint_id>174948948</swisstopo:routepoint_id>
				</extensions>
			</trkpt>
			<trkpt lat="47.1863937420" lon="8.6964441053">
				<ele>634.1</ele>
				<time>2026-05-24T07:20:40Z</time>
				<extensions>
					<swisstopo:routepoint_id>461856293</swisstopo:routepoint_id>
				</extensions>
			</trkpt>
			<trkpt lat="47.1864004041" lon="8.6964468781">
				<ele>634.0</ele>
				<time>2026-05-24T07:20:41Z</time>
				<extensions>
					<swisstopo:routepoint_id>1412816193</swisstopo:routepoint_id>
				</extensions>
			</trkpt>
			<trkpt lat="47.1864070003" lon="8.6964509111">
				<ele>633.9</ele>
				<time>2026-05-24T07:20:42Z</time>
				<extensions>
					<swisstopo:routepoint_id>475070872</swisstopo:routepoint_id>
				</extensions>
			</trkpt>
			<trkpt lat="47.1864093065" lon="8.6964559171">
				<ele>633.9</ele>
				<time>2026-05-24T07:20:43Z</time>
				<extensions>
					<swisstopo:routepoint_id>171946158</swisstopo:routepoint_id>
				</extensions>
			</trkpt>
			<trkpt lat="47.1864100483" lon="8.6964584666">
				<ele>633.9</ele>
				<time>2026-05-24T07:20:44Z</time>
				<extensions>
					<swisstopo:routepoint_id>1533572291</swisstopo:routepoint_id>
				</extensions>
			</trkpt>
			<trkpt lat="47.1864094204" lon="8.6964563340">
				<ele>633.8</ele>
				<time>2026-05-24T07:20:45Z</time>
				<extensions>
					<swisstopo:routepoint_id>650763543</swisstopo:routepoint_id>
				</extensions>
			</trkpt>
			<trkpt lat="47.1864067118" lon="8.6964553598">
				<ele>633.8</ele>
				<time>2026-05-24T07:20:46Z</time>
				<extensions>
					<swisstopo:routepoint_id>248653030</swisstopo:routepoint_id>
				</extensions>
			</trkpt>
			<trkpt lat="47.1864038011" lon="8.6964546946">
				<ele>633.8</ele>
				<time>2026-05-24T07:20:47Z</time>
				<extensions>
					<swisstopo:routepoint_id>108298148</swisstopo:routepoint_id>
				</extensions>
			</trkpt>
			<trkpt lat="47.1864011038" lon="8.6964540132">
				<ele>633.8</ele>
				<time>2026-05-24T07:20:48Z</time>
				<extensions>
					<swisstopo:routepoint_id>1248324427</swisstopo:routepoint_id>
				</extensions>
			</trkpt>
			<trkpt lat="47.1863986769" lon="8.6964533360">
				<ele>633.8</ele>
				<time>2026-05-24T07:20:49Z</time>
				<extensions>
					<swisstopo:routepoint_id>1820897046</swisstopo:routepoint_id>
				</extensions>
			</trkpt>
			<trkpt lat="47.1863965454" lon="8.6964526888">
				<ele>633.8</ele>
				<time>2026-05-24T07:20:50Z</time>
				<extensions>
					<swisstopo:routepoint_id>27198725</swisstopo:routepoint_id>
				</extensions>
			</trkpt>
			<trkpt lat="47.1863947157" lon="8.6964520894">
				<ele>633.8</ele>
				<time>2026-05-24T07:20:51Z</time>
				<extensions>
					<swisstopo:routepoint_id>1862437911</swisstopo:routepoint_id>
				</extensions>
			</trkpt>
			<trkpt lat="47.1863931807" lon="8.6964515491">
				<ele>633.8</ele>
				<time>2026-05-24T07:20:52Z</time>
				<extensions>
					<swisstopo:routepoint_id>272331505</swisstopo:routepoint_id>
				</extensions>
			</trkpt>
			<trkpt lat="47.1863884587" lon="8.6964566329">
				<ele>633.7</ele>
				<time>2026-05-24T07:20:53Z</time>
				<extensions>
					<swisstopo:routepoint_id>787952778</swisstopo:routepoint_id>
				</extensions>
			</trkpt>
			<trkpt lat="47.1863826833" lon="8.6964639052">
				<ele>633.5</ele>
				<time>2026-05-24T07:20:54Z</time>
				<extensions>
					<swisstopo:routepoint_id>1738172444</swisstopo:routepoint_id>
				</extensions>
			</trkpt>
			<trkpt lat="47.1863792121" lon="8.6964679322">
				<ele>633.4</ele>
				<time>2026-05-24T07:20:55Z</time>
				<extensions>
					<swisstopo:routepoint_id>1244216167</swisstopo:routepoint_id>
				</extensions>
			</trkpt>
			<trkpt lat="47.1863758286" lon="8.6964660524">
				<ele>633.3</ele>
				<time>2026-05-24T07:20:56Z</time>
				<extensions>
					<swisstopo:routepoint_id>1492847930</swisstopo:routepoint_id>
				</extensions>
			</trkpt>
			<trkpt lat="47.1863749988" lon="8.6964635361">
				<ele>633.4</ele>
				<time>2026-05-24T07:20:57Z</time>
				<extensions>
					<swisstopo:routepoint_id>1243711609</swisstopo:routepoint_id>
				</extensions>
			</trkpt>
			<trkpt lat="47.1863745096" lon="8.6964618738">
				<ele>633.5</ele>
				<time>2026-05-24T07:20:58Z</time>
				<extensions>
					<swisstopo:routepoint_id>1602676212</swisstopo:routepoint_id>
				</extensions>
			</trkpt>
			<trkpt lat="47.1863742701" lon="8.6964604548">
				<ele>633.5</ele>
				<time>2026-05-24T07:20:59Z</time>
				<extensions>
					<swisstopo:routepoint_id>291710763</swisstopo:routepoint_id>
				</extensions>
			</trkpt>
			<trkpt lat="47.1863742648" lon="8.6964591901">
				<ele>633.5</ele>
				<time>2026-05-24T07:21:00Z</time>
				<extensions>
					<swisstopo:routepoint_id>77627640</swisstopo:routepoint_id>
				</extensions>
			</trkpt>
			<trkpt lat="47.1863698739" lon="8.6964559251">
				<ele>633.6</ele>
				<time>2026-05-24T07:21:01Z</time>
				<extensions>
					<swisstopo:routepoint_id>1165171751</swisstopo:routepoint_id>
				</extensions>
			</trkpt>
			<trkpt lat="47.1863655802" lon="8.6964528134">
				<ele>633.6</ele>
				<time>2026-05-24T07:21:02Z</time>
				<extensions>
					<swisstopo:routepoint_id>138242064</swisstopo:routepoint_id>
				</extensions>
			</trkpt>
			<trkpt lat="47.1863621016" lon="8.6964502102">
				<ele>633.6</ele>
				<time>2026-05-24T07:21:03Z</time>
				<extensions>
					<swisstopo:routepoint_id>2004547241</swisstopo:routepoint_id>
				</extensions>
			</trkpt>
			<trkpt lat="47.1863617771" lon="8.6964475266">
				<ele>633.7</ele>
				<time>2026-05-24T07:21:04Z</time>
				<extensions>
					<swisstopo:routepoint_id>702025351</swisstopo:routepoint_id>
				</extensions>
			</trkpt>
			<trkpt lat="47.1863616586" lon="8.6964488729">
				<ele>633.8</ele>
				<time>2026-05-24T07:21:05Z</time>
				<extensions>
					<swisstopo:routepoint_id>664917639</swisstopo:routepoint_id>
				</extensions>
			</trkpt>
			<trkpt lat="47.1863597076" lon="8.6964495935">
				<ele>633.8</ele>
				<time>2026-05-24T07:21:06Z</time>
				<extensions>
					<swisstopo:routepoint_id>1913343332</swisstopo:routepoint_id>
				</extensions>
			</trkpt>
			<trkpt lat="47.1863563083" lon="8.6964509660">
				<ele>633.9</ele>
				<time>2026-05-24T07:21:07Z</time>
				<extensions>
					<swisstopo:routepoint_id>1141250746</swisstopo:routepoint_id>
				</extensions>
			</trkpt>
			<trkpt lat="47.1863515977" lon="8.6964541970">
				<ele>633.9</ele>
				<time>2026-05-24T07:21:08Z</time>
				<extensions>
					<swisstopo:routepoint_id>1824836665</swisstopo:routepoint_id>
				</extensions>
			</trkpt>
			<trkpt lat="47.1863475415" lon="8.6964527574">
				<ele>633.9</ele>
				<time>2026-05-24T07:21:09Z</time>
				<extensions>
					<swisstopo:routepoint_id>1815865848</swisstopo:routepoint_id>
				</extensions>
			</trkpt>
			<trkpt lat="47.1863463932" lon="8.6964492668">
				<ele>633.9</ele>
				<time>2026-05-24T07:21:10Z</time>
				<extensions>
					<swisstopo:routepoint_id>1367199819</swisstopo:routepoint_id>
				</extensions>
			</trkpt>
			<trkpt lat="47.1863475806" lon="8.6964422451">
				<ele>634.0</ele>
				<time>2026-05-24T07:21:11Z</time>
				<extensions>
					<swisstopo:routepoint_id>452335033</swisstopo:routepoint_id>
				</extensions>
			</trkpt>
			<trkpt lat="47.1863470730" lon="8.6964406319">
				<ele>634.0</ele>
				<time>2026-05-24T07:21:12Z</time>
				<extensions>
					<swisstopo:routepoint_id>302789251</swisstopo:routepoint_id>
				</extensions>
			</trkpt>
			<trkpt lat="47.1863473979" lon="8.6964402205">
				<ele>634.1</ele>
				<time>2026-05-24T07:21:13Z</time>
				<extensions>
					<swisstopo:routepoint_id>1590181814</swisstopo:routepoint_id>
				</extensions>
			</trkpt>
			<trkpt lat="47.1863474639" lon="8.6964406096">
				<ele>634.1</ele>
				<time>2026-05-24T07:21:14Z</time>
				<extensions>
					<swisstopo:routepoint_id>751760983</swisstopo:routepoint_id>
				</extensions>
			</trkpt>
			<trkpt lat="47.1863479784" lon="8.6964412881">
				<ele>634.1</ele>
				<time>2026-05-24T07:21:15Z</time>
				<extensions>
					<swisstopo:routepoint_id>1200545980</swisstopo:routepoint_id>
				</extensions>
			</trkpt>
			<trkpt lat="47.1863471071" lon="8.6964428288">
				<ele>634.1</ele>
				<time>2026-05-24T07:21:16Z</time>
				<extensions>
					<swisstopo:routepoint_id>1967422295</swisstopo:routepoint_id>
				</extensions>
			</trkpt>
			<trkpt lat="47.1863462291" lon="8.6964443589">
				<ele>634.2</ele>
				<time>2026-05-24T07:21:17Z</time>
				<extensions>
					<swisstopo:routepoint_id>1660799206</swisstopo:routepoint_id>
				</extensions>
			</trkpt>
			<trkpt lat="47.1863455680" lon="8.6964457168">
				<ele>634.2</ele>
				<time>2026-05-24T07:21:18Z</time>
				<extensions>
					<swisstopo:routepoint_id>59811536</swisstopo:routepoint_id>
				</extensions>
			</trkpt>
			<trkpt lat="47.1863466872" lon="8.6964432129">
				<ele>633.8</ele>
				<time>2026-05-24T07:21:19Z</time>
				<extensions>
					<swisstopo:routepoint_id>230138756</swisstopo:routepoint_id>
				</extensions>
			</trkpt>
			<trkpt lat="47.1863479699" lon="8.6964405111">
				<ele>633.3</ele>
				<time>2026-05-24T07:21:20Z</time>
				<extensions>
					<swisstopo:routepoint_id>324023845</swisstopo:routepoint_id>
				</extensions>
			</trkpt>
			<trkpt lat="47.1863491212" lon="8.6964382340">
				<ele>632.8</ele>
				<time>2026-05-24T07:21:21Z</time>
				<extensions>
					<swisstopo:routepoint_id>1997717770</swisstopo:routepoint_id>
				</extensions>
			</trkpt>
			<trkpt lat="47.1863501301" lon="8.6964363597">
				<ele>632.5</ele>
				<time>2026-05-24T07:21:22Z</time>
				<extensions>
					<swisstopo:routepoint_id>1883223192</swisstopo:routepoint_id>
				</extensions>
			</trkpt>
			<trkpt lat="47.1863509942" lon="8.6964348560">
				<ele>632.2</ele>
				<time>2026-05-24T07:21:23Z</time>
				<extensions>
					<swisstopo:routepoint_id>1718198458</swisstopo:routepoint_id>
				</extensions>
			</trkpt>
			<trkpt lat="47.1863517175" lon="8.6964336846">
				<ele>632.0</ele>
				<time>2026-05-24T07:21:24Z</time>
				<extensions>
					<swisstopo:routepoint_id>548882397</swisstopo:routepoint_id>
				</extensions>
			</trkpt>
			<trkpt lat="47.1863505670" lon="8.6964356348">
				<ele>632.0</ele>
				<time>2026-05-24T07:21:25Z</time>
				<extensions>
					<swisstopo:routepoint_id>1624182514</swisstopo:routepoint_id>
				</extensions>
			</trkpt>
			<trkpt lat="47.1863491678" lon="8.6964327051">
				<ele>632.1</ele>
				<time>2026-05-24T07:21:26Z</time>
				<extensions>
					<swisstopo:routepoint_id>970875781</swisstopo:routepoint_id>
				</extensions>
			</trkpt>
			<trkpt lat="47.1863445921" lon="8.6964261677">
				<ele>631.9</ele>
				<time>2026-05-24T07:21:27Z</time>
				<extensions>
					<swisstopo:routepoint_id>928501361</swisstopo:routepoint_id>
				</extensions>
			</trkpt>
			<trkpt lat="47.1863376664" lon="8.6964183098">
				<ele>631.9</ele>
				<time>2026-05-24T07:21:28Z</time>
				<extensions>
					<swisstopo:routepoint_id>1706195225</swisstopo:routepoint_id>
				</extensions>
			</trkpt>
			<trkpt lat="47.1863298845" lon="8.6964094938">
				<ele>632.1</ele>
				<time>2026-05-24T07:21:29Z</time>
				<extensions>
					<swisstopo:routepoint_id>674008184</swisstopo:routepoint_id>
				</extensions>
			</trkpt>
			<trkpt lat="47.1863220864" lon="8.6963997352">
				<ele>632.4</ele>
				<time>2026-05-24T07:21:30Z</time>
				<extensions>
					<swisstopo:routepoint_id>79310563</swisstopo:routepoint_id>
				</extensions>
			</trkpt>
			<trkpt lat="47.1863160120" lon="8.6963870908">
				<ele>632.9</ele>
				<time>2026-05-24T07:21:31Z</time>
				<extensions>
					<swisstopo:routepoint_id>1532771201</swisstopo:routepoint_id>
				</extensions>
			</trkpt>
			<trkpt lat="47.1863097560" lon="8.6963714091">
				<ele>632.7</ele>
				<time>2026-05-24T07:21:32Z</time>
				<extensions>
					<swisstopo:routepoint_id>71745795</swisstopo:routepoint_id>
				</extensions>
			</trkpt>
			<trkpt lat="47.1863021229" lon="8.6963550926">
				<ele>633.0</ele>
				<time>2026-05-24T07:21:33Z</time>
				<extensions>
					<swisstopo:routepoint_id>1093250598</swisstopo:routepoint_id>
				</extensions>
			</trkpt>
			<trkpt lat="47.1863010714" lon="8.6963438579">
				<ele>633.3</ele>
				<time>2026-05-24T07:21:34Z</time>
				<extensions>
					<swisstopo:routepoint_id>392716854</swisstopo:routepoint_id>
				</extensions>
			</trkpt>
			<trkpt lat="47.1863062771" lon="8.6963353249">
				<ele>633.3</ele>
				<time>2026-05-24T07:21:35Z</time>
				<extensions>
					<swisstopo:routepoint_id>1174917947</swisstopo:routepoint_id>
				</extensions>
			</trkpt>
			<trkpt lat="47.1863120603" lon="8.6963253649">
				<ele>633.8</ele>
				<time>2026-05-24T07:21:36Z</time>
				<extensions>
					<swisstopo:routepoint_id>733801064</swisstopo:routepoint_id>
				</extensions>
			</trkpt>
			<trkpt lat="47.1863165100" lon="8.6963124063">
				<ele>634.2</ele>
				<time>2026-05-24T07:21:37Z</time>
				<extensions>
					<swisstopo:routepoint_id>2143381574</swisstopo:routepoint_id>
				</extensions>
			</trkpt>
			<trkpt lat="47.1863194803" lon="8.6962914568">
				<ele>634.3</ele>
				<time>2026-05-24T07:21:38Z</time>
				<extensions>
					<swisstopo:routepoint_id>1923419440</swisstopo:routepoint_id>
				</extensions>
			</trkpt>
			<trkpt lat="47.1863169421" lon="8.6962732356">
				<ele>634.9</ele>
				<time>2026-05-24T07:21:39Z</time>
				<extensions>
					<swisstopo:routepoint_id>839189789</swisstopo:routepoint_id>
				</extensions>
			</trkpt>
			<trkpt lat="47.1863135232" lon="8.6962524623">
				<ele>635.5</ele>
				<time>2026-05-24T07:21:40Z</time>
				<extensions>
					<swisstopo:routepoint_id>1737673874</swisstopo:routepoint_id>
				</extensions>
			</trkpt>
			<trkpt lat="47.1863078709" lon="8.6962181847">
				<ele>635.7</ele>
				<time>2026-05-24T07:21:41Z</time>
				<extensions>
					<swisstopo:routepoint_id>1454684765</swisstopo:routepoint_id>
				</extensions>
			</trkpt>
			<trkpt lat="47.1863016308" lon="8.6961795747">
				<ele>636.3</ele>
				<time>2026-05-24T07:21:42Z</time>
				<extensions>
					<swisstopo:routepoint_id>1933007907</swisstopo:routepoint_id>
				</extensions>
			</trkpt>
			<trkpt lat="47.1862933230" lon="8.6961397270">
				<ele>636.9</ele>
				<time>2026-05-24T07:21:43Z</time>
				<extensions>
					<swisstopo:routepoint_id>931281133</swisstopo:routepoint_id>
				</extensions>
			</trkpt>
			<trkpt lat="47.1862842029" lon="8.6961014082">
				<ele>637.1</ele>
				<time>2026-05-24T07:21:44Z</time>
				<extensions>
					<swisstopo:routepoint_id>1181182995</swisstopo:routepoint_id>
				</extensions>
			</trkpt>
			<trkpt lat="47.1862760801" lon="8.6960666443">
				<ele>637.7</ele>
				<time>2026-05-24T07:21:45Z</time>
				<extensions>
					<swisstopo:routepoint_id>803764097</swisstopo:routepoint_id>
				</extensions>
			</trkpt>
			<trkpt lat="47.1862709089" lon="8.6960400458">
				<ele>638.4</ele>
				<time>2026-05-24T07:21:46Z</time>
				<extensions>
					<swisstopo:routepoint_id>1191038649</swisstopo:routepoint_id>
				</extensions>
			</trkpt>
			<trkpt lat="47.1862637031" lon="8.6960207735">
				<ele>639.0</ele>
				<time>2026-05-24T07:21:47Z</time>
				<extensions>
					<swisstopo:routepoint_id>1091500056</swisstopo:routepoint_id>
				</extensions>
			</trkpt>
			<trkpt lat="47.1862540115" lon="8.6959998247">
				<ele>639.3</ele>
				<time>2026-05-24T07:21:48Z</time>
				<extensions>
					<swisstopo:routepoint_id>1036128518</swisstopo:routepoint_id>
				</extensions>
			</trkpt>
			<trkpt lat="47.1862394216" lon="8.6959691202">
				<ele>639.6</ele>
				<time>2026-05-24T07:21:49Z</time>
				<extensions>
					<swisstopo:routepoint_id>267108503</swisstopo:routepoint_id>
				</extensions>
			</trkpt>
			<trkpt lat="47.1862231244" lon="8.6959421368">
				<ele>639.9</ele>
				<time>2026-05-24T07:21:50Z</time>
				<extensions>
					<swisstopo:routepoint_id>1051787691</swisstopo:routepoint_id>
				</extensions>
			</trkpt>
			<trkpt lat="47.1862046130" lon="8.6959139671">
				<ele>640.1</ele>
				<time>2026-05-24T07:21:51Z</time>
				<extensions>
					<swisstopo:routepoint_id>1457824180</swisstopo:routepoint_id>
				</extensions>
			</trkpt>
			<trkpt lat="47.1861869827" lon="8.6958885157">
				<ele>640.0</ele>
				<time>2026-05-24T07:21:52Z</time>
				<extensions>
					<swisstopo:routepoint_id>1010064637</swisstopo:routepoint_id>
				</extensions>
			</trkpt>
			<trkpt lat="47.1861729954" lon="8.6958696003">
				<ele>640.1</ele>
				<time>2026-05-24T07:21:53Z</time>
				<extensions>
					<swisstopo:routepoint_id>298124524</swisstopo:routepoint_id>
				</extensions>
			</trkpt>
			<trkpt lat="47.1861598210" lon="8.6958518136">
				<ele>640.4</ele>
				<time>2026-05-24T07:21:54Z</time>
				<extensions>
					<swisstopo:routepoint_id>499526417</swisstopo:routepoint_id>
				</extensions>
			</trkpt>
			<trkpt lat="47.1861481549" lon="8.6958359022">
				<ele>640.4</ele>
				<time>2026-05-24T07:21:55Z</time>
				<extensions>
					<swisstopo:routepoint_id>1026914396</swisstopo:routepoint_id>
				</extensions>
			</trkpt>
			<trkpt lat="47.1861365433" lon="8.6958199397">
				<ele>640.6</ele>
				<time>2026-05-24T07:21:56Z</time>
				<extensions>
					<swisstopo:routepoint_id>24182633</swisstopo:routepoint_id>
				</extensions>
			</trkpt>
			<trkpt lat="47.1861241875" lon="8.6958021799">
				<ele>640.9</ele>
				<time>2026-05-24T07:21:57Z</time>
				<extensions>
					<swisstopo:routepoint_id>563103548</swisstopo:routepoint_id>
				</extensions>
			</trkpt>
			<trkpt lat="47.1861107051" lon="8.6957815589">
				<ele>640.9</ele>
				<time>2026-05-24T07:21:58Z</time>
				<extensions>
					<swisstopo:routepoint_id>120898907</swisstopo:routepoint_id>
				</extensions>
			</trkpt>
			<trkpt lat="47.1860978221" lon="8.6957580225">
				<ele>640.9</ele>
				<time>2026-05-24T07:21:59Z</time>
				<extensions>
					<swisstopo:routepoint_id>428399887</swisstopo:routepoint_id>
				</extensions>
			</trkpt>
			<trkpt lat="47.1860864481" lon="8.6957346930">
				<ele>641.1</ele>
				<time>2026-05-24T07:22:00Z</time>
				<extensions>
					<swisstopo:routepoint_id>1751716065</swisstopo:routepoint_id>
				</extensions>
			</trkpt>
			<trkpt lat="47.1860758407" lon="8.6957121460">
				<ele>641.1</ele>
				<time>2026-05-24T07:22:01Z</time>
				<extensions>
					<swisstopo:routepoint_id>1238587732</swisstopo:routepoint_id>
				</extensions>
			</trkpt>
			<trkpt lat="47.1860668504" lon="8.6956926002">
				<ele>641.1</ele>
				<time>2026-05-24T07:22:02Z</time>
				<extensions>
					<swisstopo:routepoint_id>1385021353</swisstopo:routepoint_id>
				</extensions>
			</trkpt>
			<trkpt lat="47.1860599915" lon="8.6956772784">
				<ele>641.4</ele>
				<time>2026-05-24T07:22:03Z</time>
				<extensions>
					<swisstopo:routepoint_id>1478630038</swisstopo:routepoint_id>
				</extensions>
			</trkpt>
			<trkpt lat="47.1860530300" lon="8.6956606696">
				<ele>641.8</ele>
				<time>2026-05-24T07:22:04Z</time>
				<extensions>
					<swisstopo:routepoint_id>654285582</swisstopo:routepoint_id>
				</extensions>
			</trkpt>
			<trkpt lat="47.1860453688" lon="8.6956397058">
				<ele>641.9</ele>
				<time>2026-05-24T07:22:05Z</time>
				<extensions>
					<swisstopo:routepoint_id>1461504034</swisstopo:routepoint_id>
				</extensions>
			</trkpt>
			<trkpt lat="47.1860375204" lon="8.6956121472">
				<ele>642.0</ele>
				<time>2026-05-24T07:22:06Z</time>
				<extensions>
					<swisstopo:routepoint_id>580345052</swisstopo:routepoint_id>
				</extensions>
			</trkpt>
			<trkpt lat="47.1860318804" lon="8.6955792019">
				<ele>642.1</ele>
				<time>2026-05-24T07:22:07Z</time>
				<extensions>
					<swisstopo:routepoint_id>2136047937</swisstopo:routepoint_id>
				</extensions>
			</trkpt>
			<trkpt lat="47.1860289036" lon="8.6955476537">
				<ele>641.9</ele>
				<time>2026-05-24T07:22:08Z</time>
				<extensions>
					<swisstopo:routepoint_id>1073550260</swisstopo:routepoint_id>
				</extensions>
			</trkpt>
			<trkpt lat="47.1860275715" lon="8.6955218183">
				<ele>641.6</ele>
				<time>2026-05-24T07:22:09Z</time>
				<extensions>
					<swisstopo:routepoint_id>1617726</swisstopo:routepoint_id>
				</extensions>
			</trkpt>
			<trkpt lat="47.1860280870" lon="8.6954985815">
				<ele>641.3</ele>
				<time>2026-05-24T07:22:10Z</time>
				<extensions>
					<swisstopo:routepoint_id>1419317118</swisstopo:routepoint_id>
				</extensions>
			</trkpt>
			<trkpt lat="47.1860286091" lon="8.6954774719">
				<ele>641.1</ele>
				<time>2026-05-24T07:22:11Z</time>
				<extensions>
					<swisstopo:routepoint_id>214451350</swisstopo:routepoint_id>
				</extensions>
			</trkpt>
			<trkpt lat="47.1860301668" lon="8.6954597202">
				<ele>640.9</ele>
				<time>2026-05-24T07:22:12Z</time>
				<extensions>
					<swisstopo:routepoint_id>806279784</swisstopo:routepoint_id>
				</extensions>
			</trkpt>
			<trkpt lat="47.1860310875" lon="8.6954494820">
				<ele>640.7</ele>
				<time>2026-05-24T07:22:13Z</time>
				<extensions>
					<swisstopo:routepoint_id>522517118</swisstopo:routepoint_id>
				</extensions>
			</trkpt>
			<trkpt lat="47.1860316004" lon="8.6954449068">
				<ele>640.5</ele>
				<time>2026-05-24T07:22:14Z</time>
				<extensions>
					<swisstopo:routepoint_id>884569643</swisstopo:routepoint_id>
				</extensions>
			</trkpt>
			<trkpt lat="47.1860331730" lon="8.6954408852">
				<ele>640.3</ele>
				<time>2026-05-24T07:22:15Z</time>
				<extensions>
					<swisstopo:routepoint_id>2080185367</swisstopo:routepoint_id>
				</extensions>
			</trkpt>
			<trkpt lat="47.1860373921" lon="8.6954382826">
				<ele>640.0</ele>
				<time>2026-05-24T07:22:16Z</time>
				<extensions>
					<swisstopo:routepoint_id>641690009</swisstopo:routepoint_id>
				</extensions>
			</trkpt>
			<trkpt lat="47.1860413022" lon="8.6954382091">
				<ele>640.2</ele>
				<time>2026-05-24T07:22:17Z</time>
				<extensions>
					<swisstopo:routepoint_id>221106029</swisstopo:routepoint_id>
				</extensions>
			</trkpt>
			<trkpt lat="47.1860494359" lon="8.6954310108">
				<ele>640.2</ele>
				<time>2026-05-24T07:22:18Z</time>
				<extensions>
					<swisstopo:routepoint_id>982320093</swisstopo:routepoint_id>
				</extensions>
			</trkpt>
			<trkpt lat="47.1860578167" lon="8.6954236091">
				<ele>640.1</ele>
				<time>2026-05-24T07:22:19Z</time>
				<extensions>
					<swisstopo:routepoint_id>2147008562</swisstopo:routepoint_id>
				</extensions>
			</trkpt>
			<trkpt lat="47.1860661822" lon="8.6954162455">
				<ele>640.5</ele>
				<time>2026-05-24T07:22:20Z</time>
				<extensions>
					<swisstopo:routepoint_id>605180993</swisstopo:routepoint_id>
				</extensions>
			</trkpt>
			<trkpt lat="47.1860767065" lon="8.6954059723">
				<ele>640.7</ele>
				<time>2026-05-24T07:22:21Z</time>
				<extensions>
					<swisstopo:routepoint_id>794397159</swisstopo:routepoint_id>
				</extensions>
			</trkpt>
			<trkpt lat="47.1860909911" lon="8.6953951832">
				<ele>640.7</ele>
				<time>2026-05-24T07:22:22Z</time>
				<extensions>
					<swisstopo:routepoint_id>527217914</swisstopo:routepoint_id>
				</extensions>
			</trkpt>
			<trkpt lat="47.1861081318" lon="8.6953865521">
				<ele>640.7</ele>
				<time>2026-05-24T07:22:23Z</time>
				<extensions>
					<swisstopo:routepoint_id>433953076</swisstopo:routepoint_id>
				</extensions>
			</trkpt>
			<trkpt lat="47.1861239617" lon="8.6953827605">
				<ele>640.9</ele>
				<time>2026-05-24T07:22:24Z</time>
				<extensions>
					<swisstopo:routepoint_id>594883120</swisstopo:routepoint_id>
				</extensions>
			</trkpt>
			<trkpt lat="47.1861393745" lon="8.6953829715">
				<ele>640.7</ele>
				<time>2026-05-24T07:22:25Z</time>
				<extensions>
					<swisstopo:routepoint_id>1664221055</swisstopo:routepoint_id>
				</extensions>
			</trkpt>
			<trkpt lat="47.1861541033" lon="8.6953887571">
				<ele>640.7</ele>
				<time>2026-05-24T07:22:26Z</time>
				<extensions>
					<swisstopo:routepoint_id>1736252857</swisstopo:routepoint_id>
				</extensions>
			</trkpt>
			<trkpt lat="47.1861671654" lon="8.6953995189">
				<ele>640.6</ele>
				<time>2026-05-24T07:22:27Z</time>
				<extensions>
					<swisstopo:routepoint_id>1193972163</swisstopo:routepoint_id>
				</extensions>
			</trkpt>
			<trkpt lat="47.1861790711" lon="8.6954129578">
				<ele>640.6</ele>
				<time>2026-05-24T07:22:28Z</time>
				<extensions>
					<swisstopo:routepoint_id>1002945973</swisstopo:routepoint_id>
				</extensions>
			</trkpt>
			<trkpt lat="47.1861901826" lon="8.6954283307">
				<ele>640.6</ele>
				<time>2026-05-24T07:22:29Z</time>
				<extensions>
					<swisstopo:routepoint_id>913822908</swisstopo:routepoint_id>
				</extensions>
			</trkpt>
			<trkpt lat="47.1861976285" lon="8.6954447939">
				<ele>640.6</ele>
				<time>2026-05-24T07:22:30Z</time>
				<extensions>
					<swisstopo:routepoint_id>1966055059</swisstopo:routepoint_id>
				</extensions>
			</trkpt>
			<trkpt lat="47.1862048810" lon="8.6954630416">
				<ele>640.6</ele>
				<time>2026-05-24T07:22:31Z</time>
				<extensions>
					<swisstopo:routepoint_id>156500224</swisstopo:routepoint_id>
				</extensions>
			</trkpt>
			<trkpt lat="47.1862082353" lon="8.6954742132">
				<ele>640.7</ele>
				<time>2026-05-24T07:22:32Z</time>
				<extensions>
					<swisstopo:routepoint_id>1779280840</swisstopo:routepoint_id>
				</extensions>
			</trkpt>
			<trkpt lat="47.1862138713" lon="8.6954804989">
				<ele>640.7</ele>
				<time>2026-05-24T07:22:33Z</time>
				<extensions>
					<swisstopo:routepoint_id>663293405</swisstopo:routepoint_id>
				</extensions>
			</trkpt>
			<trkpt lat="47.1862149843" lon="8.6954784085">
				<ele>640.7</ele>
				<time>2026-05-24T07:22:34Z</time>
				<extensions>
					<swisstopo:routepoint_id>384646258</swisstopo:routepoint_id>
				</extensions>
			</trkpt>
			<trkpt lat="47.1862153756" lon="8.6954666499">
				<ele>640.5</ele>
				<time>2026-05-24T07:22:35Z</time>
				<extensions>
					<swisstopo:routepoint_id>823880736</swisstopo:routepoint_id>
				</extensions>
			</trkpt>
			<trkpt lat="47.1862163036" lon="8.6954568564">
				<ele>640.2</ele>
				<time>2026-05-24T07:22:36Z</time>
				<extensions>
					<swisstopo:routepoint_id>2136457743</swisstopo:routepoint_id>
				</extensions>
			</trkpt>
			<trkpt lat="47.1862178659" lon="8.6954505854">
				<ele>640.0</ele>
				<time>2026-05-24T07:22:37Z</time>
				<extensions>
					<swisstopo:routepoint_id>1518708761</swisstopo:routepoint_id>
				</extensions>
			</trkpt>
			<trkpt lat="47.1862188296" lon="8.6954454386">
				<ele>639.8</ele>
				<time>2026-05-24T07:22:38Z</time>
				<extensions>
					<swisstopo:routepoint_id>2095001532</swisstopo:routepoint_id>
				</extensions>
			</trkpt>
			<trkpt lat="47.1862191605" lon="8.6954410590">
				<ele>639.7</ele>
				<time>2026-05-24T07:22:39Z</time>
				<extensions>
					<swisstopo:routepoint_id>548872112</swisstopo:routepoint_id>
				</extensions>
			</trkpt>
			<trkpt lat="47.1862190132" lon="8.6954374174">
				<ele>639.6</ele>
				<time>2026-05-24T07:22:40Z</time>
				<extensions>
					<swisstopo:routepoint_id>1451322519</swisstopo:routepoint_id>
				</extensions>
			</trkpt>
			<trkpt lat="47.1862185202" lon="8.6954344633">
				<ele>639.5</ele>
				<time>2026-05-24T07:22:41Z</time>
				<extensions>
					<swisstopo:routepoint_id>1258314207</swisstopo:routepoint_id>
				</extensions>
			</trkpt>
			<trkpt lat="47.1862177928" lon="8.6954321319">
				<ele>639.5</ele>
				<time>2026-05-24T07:22:42Z</time>
				<extensions>
					<swisstopo:routepoint_id>67921393</swisstopo:routepoint_id>
				</extensions>
			</trkpt>
			<trkpt lat="47.1862169221" lon="8.6954303511">
				<ele>639.4</ele>
				<time>2026-05-24T07:22:43Z</time>
				<extensions>
					<swisstopo:routepoint_id>1241035594</swisstopo:routepoint_id>
				</extensions>
			</trkpt>
			<trkpt lat="47.1862159807" lon="8.6954290459">
				<ele>639.4</ele>
				<time>2026-05-24T07:22:44Z</time>
				<extensions>
					<swisstopo:routepoint_id>1724048694</swisstopo:routepoint_id>
				</extensions>
			</trkpt>
			<trkpt lat="47.1862101280" lon="8.6954207358">
				<ele>639.2</ele>
				<time>2026-05-24T07:22:45Z</time>
				<extensions>
					<swisstopo:routepoint_id>89551087</swisstopo:routepoint_id>
				</extensions>
			</trkpt>
			<trkpt lat="47.1862056288" lon="8.6954094930">
				<ele>639.3</ele>
				<time>2026-05-24T07:22:46Z</time>
				<extensions>
					<swisstopo:routepoint_id>1846566309</swisstopo:routepoint_id>
				</extensions>
			</trkpt>
			<trkpt lat="47.1862012438" lon="8.6953982018">
				<ele>639.3</ele>
				<time>2026-05-24T07:22:47Z</time>
				<extensions>
					<swisstopo:routepoint_id>1953772566</swisstopo:routepoint_id>
				</extensions>
			</trkpt>
			<trkpt lat="47.1861955622" lon="8.6953855800">
				<ele>639.5</ele>
				<time>2026-05-24T07:22:48Z</time>
				<extensions>
					<swisstopo:routepoint_id>2030554132</swisstopo:routepoint_id>
				</extensions>
			</trkpt>
			<trkpt lat="47.1861894944" lon="8.6953762304">
				<ele>639.6</ele>
				<time>2026-05-24T07:22:49Z</time>
				<extensions>
					<swisstopo:routepoint_id>1860662047</swisstopo:routepoint_id>
				</extensions>
			</trkpt>
			<trkpt lat="47.1861831964" lon="8.6953715072">
				<ele>639.5</ele>
				<time>2026-05-24T07:22:50Z</time>
				<extensions>
					<swisstopo:routepoint_id>490156315</swisstopo:routepoint_id>
				</extensions>
			</trkpt>
			<trkpt lat="47.1861764158" lon="8.6953670458">
				<ele>639.6</ele>
				<time>2026-05-24T07:22:51Z</time>
				<extensions>
					<swisstopo:routepoint_id>309916313</swisstopo:routepoint_id>
				</extensions>
			</trkpt>
			<trkpt lat="47.1861648851" lon="8.6953679633">
				<ele>639.4</ele>
				<time>2026-05-24T07:22:52Z</time>
				<extensions>
					<swisstopo:routepoint_id>1115628616</swisstopo:routepoint_id>
				</extensions>
			</trkpt>
			<trkpt lat="47.1861532213" lon="8.6953677346">
				<ele>639.2</ele>
				<time>2026-05-24T07:22:53Z</time>
				<extensions>
					<swisstopo:routepoint_id>690427155</swisstopo:routepoint_id>
				</extensions>
			</trkpt>
			<trkpt lat="47.1861481867" lon="8.6953668109">
				<ele>639.1</ele>
				<time>2026-05-24T07:22:54Z</time>
				<extensions>
					<swisstopo:routepoint_id>1155049344</swisstopo:routepoint_id>
				</extensions>
			</trkpt>
			<trkpt lat="47.1861442875" lon="8.6953631242">
				<ele>639.0</ele>
				<time>2026-05-24T07:22:55Z</time>
				<extensions>
					<swisstopo:routepoint_id>1809639375</swisstopo:routepoint_id>
				</extensions>
			</trkpt>
			<trkpt lat="47.1861416286" lon="8.6953552305">
				<ele>639.1</ele>
				<time>2026-05-24T07:22:56Z</time>
				<extensions>
					<swisstopo:routepoint_id>1945566811</swisstopo:routepoint_id>
				</extensions>
			</trkpt>
			<trkpt lat="47.1861503446" lon="8.6953621196">
				<ele>639.3</ele>
				<time>2026-05-24T07:22:57Z</time>
				<extensions>
					<swisstopo:routepoint_id>1555383255</swisstopo:routepoint_id>
				</extensions>
			</trkpt>
			<trkpt lat="47.1861610881" lon="8.6953711501">
				<ele>639.1</ele>
				<time>2026-05-24T07:22:58Z</time>
				<extensions>
					<swisstopo:routepoint_id>7931854</swisstopo:routepoint_id>
				</extensions>
			</trkpt>
			<trkpt lat="47.1861717246" lon="8.6953749967">
				<ele>639.5</ele>
				<time>2026-05-24T07:22:59Z</time>
				<extensions>
					<swisstopo:routepoint_id>166684064</swisstopo:routepoint_id>
				</extensions>
			</trkpt>
			<trkpt lat="47.1861815162" lon="8.6953745495">
				<ele>639.6</ele>
				<time>2026-05-24T07:23:00Z</time>
				<extensions>
					<swisstopo:routepoint_id>1140387960</swisstopo:routepoint_id>
				</extensions>
			</trkpt>
			<trkpt lat="47.1861888720" lon="8.6953759046">
				<ele>639.5</ele>
				<time>2026-05-24T07:23:01Z</time>
				<extensions>
					<swisstopo:routepoint_id>208894245</swisstopo:routepoint_id>
				</extensions>
			</trkpt>
			<trkpt lat="47.1861941346" lon="8.6953776526">
				<ele>639.8</ele>
				<time>2026-05-24T07:23:02Z</time>
				<extensions>
					<swisstopo:routepoint_id>1897296517</swisstopo:routepoint_id>
				</extensions>
			</trkpt>
			<trkpt lat="47.1861988794" lon="8.6953779618">
				<ele>639.8</ele>
				<time>2026-05-24T07:23:03Z</time>
				<extensions>
					<swisstopo:routepoint_id>2025370563</swisstopo:routepoint_id>
				</extensions>
			</trkpt>
			<trkpt lat="47.1861965775" lon="8.6953719776">
				<ele>639.8</ele>
				<time>2026-05-24T07:23:04Z</time>
				<extensions>
					<swisstopo:routepoint_id>639763744</swisstopo:routepoint_id>
				</extensions>
			</trkpt>
			<trkpt lat="47.1861979561" lon="8.6953792452">
				<ele>639.8</ele>
				<time>2026-05-24T07:23:05Z</time>
				<extensions>
					<swisstopo:routepoint_id>58624879</swisstopo:routepoint_id>
				</extensions>
			</trkpt>
			<trkpt lat="47.1861961243" lon="8.6953909120">
				<ele>639.4</ele>
				<time>2026-05-24T07:23:06Z</time>
				<extensions>
					<swisstopo:routepoint_id>1760831027</swisstopo:routepoint_id>
				</extensions>
			</trkpt>
			<trkpt lat="47.1861924377" lon="8.6954090239">
				<ele>639.2</ele>
				<time>2026-05-24T07:23:07Z</time>
				<extensions>
					<swisstopo:routepoint_id>1962415129</swisstopo:routepoint_id>
				</extensions>
			</trkpt>
			<trkpt lat="47.1861924300" lon="8.6954281443">
				<ele>639.1</ele>
				<time>2026-05-24T07:23:08Z</time>
				<extensions>
					<swisstopo:routepoint_id>1257222477</swisstopo:routepoint_id>
				</extensions>
			</trkpt>
			<trkpt lat="47.1861920923" lon="8.6954477430">
				<ele>638.8</ele>
				<time>2026-05-24T07:23:09Z</time>
				<extensions>
					<swisstopo:routepoint_id>1046568106</swisstopo:routepoint_id>
				</extensions>
			</trkpt>
			<trkpt lat="47.1861937130" lon="8.6954658350">
				<ele>638.8</ele>
				<time>2026-05-24T07:23:10Z</time>
				<extensions>
					<swisstopo:routepoint_id>1779088612</swisstopo:routepoint_id>
				</extensions>
			</trkpt>
			<trkpt lat="47.1861971039" lon="8.6954740418">
				<ele>638.9</ele>
				<time>2026-05-24T07:23:11Z</time>
				<extensions>
					<swisstopo:routepoint_id>1727484703</swisstopo:routepoint_id>
				</extensions>
			</trkpt>
			<trkpt lat="47.1862002692" lon="8.6954830047">
				<ele>639.2</ele>
				<time>2026-05-24T07:23:12Z</time>
				<extensions>
					<swisstopo:routepoint_id>2003979528</swisstopo:routepoint_id>
				</extensions>
			</trkpt>
			<trkpt lat="47.1862052333" lon="8.6954831223">
				<ele>639.2</ele>
				<time>2026-05-24T07:23:13Z</time>
				<extensions>
					<swisstopo:routepoint_id>1897891195</swisstopo:routepoint_id>
				</extensions>
			</trkpt>
			<trkpt lat="47.1862114572" lon="8.6954780383">
				<ele>639.3</ele>
				<time>2026-05-24T07:23:14Z</time>
				<extensions>
					<swisstopo:routepoint_id>1282705474</swisstopo:routepoint_id>
				</extensions>
			</trkpt>
			<trkpt lat="47.1862125148" lon="8.6954714269">
				<ele>639.3</ele>
				<time>2026-05-24T07:23:15Z</time>
				<extensions>
					<swisstopo:routepoint_id>1990052932</swisstopo:routepoint_id>
				</extensions>
			</trkpt>
			<trkpt lat="47.1862171984" lon="8.6954565354">
				<ele>639.4</ele>
				<time>2026-05-24T07:23:16Z</time>
				<extensions>
					<swisstopo:routepoint_id>1909309746</swisstopo:routepoint_id>
				</extensions>
			</trkpt>
			<trkpt lat="47.1862265348" lon="8.6954361677">
				<ele>639.5</ele>
				<time>2026-05-24T07:23:17Z</time>
				<extensions>
					<swisstopo:routepoint_id>2068247548</swisstopo:routepoint_id>
				</extensions>
			</trkpt>
			<trkpt lat="47.1862317370" lon="8.6954244371">
				<ele>639.4</ele>
				<time>2026-05-24T07:23:18Z</time>
				<extensions>
					<swisstopo:routepoint_id>1866228894</swisstopo:routepoint_id>
				</extensions>
			</trkpt>
			<trkpt lat="47.1862342167" lon="8.6954104661">
				<ele>639.4</ele>
				<time>2026-05-24T07:23:19Z</time>
				<extensions>
					<swisstopo:routepoint_id>1710357023</swisstopo:routepoint_id>
				</extensions>
			</trkpt>
			<trkpt lat="47.1862370321" lon="8.6954039971">
				<ele>639.3</ele>
				<time>2026-05-24T07:23:21Z</time>
				<extensions>
					<swisstopo:routepoint_id>1901870466</swisstopo:routepoint_id>
				</extensions>
			</trkpt>
			<trkpt lat="47.1862396657" lon="8.6954002339">
				<ele>639.4</ele>
				<time>2026-05-24T07:23:22Z</time>
				<extensions>
					<swisstopo:routepoint_id>1590320114</swisstopo:routepoint_id>
				</extensions>
			</trkpt>
			<trkpt lat="47.1862419942" lon="8.6953977849">
				<ele>639.4</ele>
				<time>2026-05-24T07:23:23Z</time>
				<extensions>
					<swisstopo:routepoint_id>928685436</swisstopo:routepoint_id>
				</extensions>
			</trkpt>
			<trkpt lat="47.1862440983" lon="8.6953904777">
				<ele>639.4</ele>
				<time>2026-05-24T07:23:24Z</time>
				<extensions>
					<swisstopo:routepoint_id>504976456</swisstopo:routepoint_id>
				</extensions>
			</trkpt>
			<trkpt lat="47.1862435156" lon="8.6953843913">
				<ele>639.3</ele>
				<time>2026-05-24T07:23:25Z</time>
				<extensions>
					<swisstopo:routepoint_id>283923048</swisstopo:routepoint_id>
				</extensions>
			</trkpt>
			<trkpt lat="47.1862405348" lon="8.6953879161">
				<ele>639.2</ele>
				<time>2026-05-24T07:23:26Z</time>
				<extensions>
					<swisstopo:routepoint_id>186004102</swisstopo:routepoint_id>
				</extensions>
			</trkpt>
			<trkpt lat="47.1862367687" lon="8.6953902082">
				<ele>639.2</ele>
				<time>2026-05-24T07:23:27Z</time>
				<extensions>
					<swisstopo:routepoint_id>1582235929</swisstopo:routepoint_id>
				</extensions>
			</trkpt>
			<trkpt lat="47.1862320698" lon="8.6953900852">
				<ele>639.1</ele>
				<time>2026-05-24T07:23:28Z</time>
				<extensions>
					<swisstopo:routepoint_id>349257902</swisstopo:routepoint_id>
				</extensions>
			</trkpt>
			<trkpt lat="47.1862269147" lon="8.6953899967">
				<ele>638.9</ele>
				<time>2026-05-24T07:23:29Z</time>
				<extensions>
					<swisstopo:routepoint_id>904751663</swisstopo:routepoint_id>
				</extensions>
			</trkpt>
			<trkpt lat="47.1862247055" lon="8.6953929292">
				<ele>638.9</ele>
				<time>2026-05-24T07:23:30Z</time>
				<extensions>
					<swisstopo:routepoint_id>1976979281</swisstopo:routepoint_id>
				</extensions>
			</trkpt>
			<trkpt lat="47.1862283033" lon="8.6953988947">
				<ele>638.8</ele>
				<time>2026-05-24T07:23:31Z</time>
				<extensions>
					<swisstopo:routepoint_id>1223789383</swisstopo:routepoint_id>
				</extensions>
			</trkpt>
			<trkpt lat="47.1862324288" lon="8.6954035959">
				<ele>638.7</ele>
				<time>2026-05-24T07:23:32Z</time>
				<extensions>
					<swisstopo:routepoint_id>1777272762</swisstopo:routepoint_id>
				</extensions>
			</trkpt>
			<trkpt lat="47.1862325055" lon="8.6954057302">
				<ele>638.6</ele>
				<time>2026-05-24T07:23:33Z</time>
				<extensions>
					<swisstopo:routepoint_id>1273264811</swisstopo:routepoint_id>
				</extensions>
			</trkpt>
			<trkpt lat="47.1862320092" lon="8.6954064550">
				<ele>638.6</ele>
				<time>2026-05-24T07:23:34Z</time>
				<extensions>
					<swisstopo:routepoint_id>87136122</swisstopo:routepoint_id>
				</extensions>
			</trkpt>
			<trkpt lat="47.1862315789" lon="8.6954068411">
				<ele>638.6</ele>
				<time>2026-05-24T07:23:35Z</time>
				<extensions>
					<swisstopo:routepoint_id>2060438847</swisstopo:routepoint_id>
				</extensions>
			</trkpt>
			<trkpt lat="47.1862311960" lon="8.6954070789">
				<ele>638.6</ele>
				<time>2026-05-24T07:23:36Z</time>
				<extensions>
					<swisstopo:routepoint_id>1621893654</swisstopo:routepoint_id>
				</extensions>
			</trkpt>
			<trkpt lat="47.1862308598" lon="8.6954072017">
				<ele>638.6</ele>
				<time>2026-05-24T07:23:37Z</time>
				<extensions>
					<swisstopo:routepoint_id>1156711407</swisstopo:routepoint_id>
				</extensions>
			</trkpt>
			<trkpt lat="47.1862305713" lon="8.6954072347">
				<ele>638.6</ele>
				<time>2026-05-24T07:23:37Z</time>
				<extensions>
					<swisstopo:routepoint_id>1826644805</swisstopo:routepoint_id>
				</extensions>
			</trkpt>
			<trkpt lat="47.1862287944" lon="8.6954063685">
				<ele>638.6</ele>
				<time>2026-05-24T07:23:38Z</time>
				<extensions>
					<swisstopo:routepoint_id>2140503770</swisstopo:routepoint_id>
				</extensions>
			</trkpt>
			<trkpt lat="47.1862270291" lon="8.6954052266">
				<ele>638.7</ele>
				<time>2026-05-24T07:23:39Z</time>
				<extensions>
					<swisstopo:routepoint_id>800807846</swisstopo:routepoint_id>
				</extensions>
			</trkpt>
			<trkpt lat="47.1862292633" lon="8.6954035446">
				<ele>638.6</ele>
				<time>2026-05-24T07:23:40Z</time>
				<extensions>
					<swisstopo:routepoint_id>897451973</swisstopo:routepoint_id>
				</extensions>
			</trkpt>
			<trkpt lat="47.1862313259" lon="8.6954027412">
				<ele>638.2</ele>
				<time>2026-05-24T07:23:41Z</time>
				<extensions>
					<swisstopo:routepoint_id>1697657330</swisstopo:routepoint_id>
				</extensions>
			</trkpt>
			<trkpt lat="47.1862324162" lon="8.6954006615">
				<ele>638.3</ele>
				<time>2026-05-24T07:23:42Z</time>
				<extensions>
					<swisstopo:routepoint_id>1059011268</swisstopo:routepoint_id>
				</extensions>
			</trkpt>
			<trkpt lat="47.1862337377" lon="8.6953983374">
				<ele>638.3</ele>
				<time>2026-05-24T07:23:43Z</time>
				<extensions>
					<swisstopo:routepoint_id>457914940</swisstopo:routepoint_id>
				</extensions>
			</trkpt>
			<trkpt lat="47.1862354124" lon="8.6953921986">
				<ele>638.4</ele>
				<time>2026-05-24T07:23:44Z</time>
				<extensions>
					<swisstopo:routepoint_id>1742489379</swisstopo:routepoint_id>
				</extensions>
			</trkpt>
			<trkpt lat="47.1862366695" lon="8.6953884256">
				<ele>638.6</ele>
				<time>2026-05-24T07:23:45Z</time>
				<extensions>
					<swisstopo:routepoint_id>784498714</swisstopo:routepoint_id>
				</extensions>
			</trkpt>
			<trkpt lat="47.1862365573" lon="8.6953867658">
				<ele>638.8</ele>
				<time>2026-05-24T07:23:46Z</time>
				<extensions>
					<swisstopo:routepoint_id>1667777265</swisstopo:routepoint_id>
				</extensions>
			</trkpt>
			<trkpt lat="47.1862350842" lon="8.6953882094">
				<ele>638.8</ele>
				<time>2026-05-24T07:23:47Z</time>
				<extensions>
					<swisstopo:routepoint_id>1375932211</swisstopo:routepoint_id>
				</extensions>
			</trkpt>
			<trkpt lat="47.1862381434" lon="8.6953893675">
				<ele>638.9</ele>
				<time>2026-05-24T07:23:48Z</time>
				<extensions>
					<swisstopo:routepoint_id>1188759381</swisstopo:routepoint_id>
				</extensions>
			</trkpt>
			<trkpt lat="47.1862379409" lon="8.6953899495">
				<ele>638.9</ele>
				<time>2026-05-24T07:23:49Z</time>
				<extensions>
					<swisstopo:routepoint_id>1438548426</swisstopo:routepoint_id>
				</extensions>
			</trkpt>
			<trkpt lat="47.1862272309" lon="8.6953879345">
				<ele>638.7</ele>
				<time>2026-05-24T07:23:50Z</time>
				<extensions>
					<swisstopo:routepoint_id>1312497856</swisstopo:routepoint_id>
				</extensions>
			</trkpt>
			<trkpt lat="47.1862173337" lon="8.6953871028">
				<ele>638.6</ele>
				<time>2026-05-24T07:23:51Z</time>
				<extensions>
					<swisstopo:routepoint_id>199443808</swisstopo:routepoint_id>
				</extensions>
			</trkpt>
			<trkpt lat="47.1862097974" lon="8.6953872551">
				<ele>638.4</ele>
				<time>2026-05-24T07:23:52Z</time>
				<extensions>
					<swisstopo:routepoint_id>1977591736</swisstopo:routepoint_id>
				</extensions>
			</trkpt>
			<trkpt lat="47.1862042265" lon="8.6953895181">
				<ele>638.4</ele>
				<time>2026-05-24T07:23:53Z</time>
				<extensions>
					<swisstopo:routepoint_id>779902333</swisstopo:routepoint_id>
				</extensions>
			</trkpt>
			<trkpt lat="47.1862021522" lon="8.6953941482">
				<ele>638.3</ele>
				<time>2026-05-24T07:23:54Z</time>
				<extensions>
					<swisstopo:routepoint_id>1725813090</swisstopo:routepoint_id>
				</extensions>
			</trkpt>
			<trkpt lat="47.1861989849" lon="8.6953812739">
				<ele>638.1</ele>
				<time>2026-05-24T07:23:55Z</time>
				<extensions>
					<swisstopo:routepoint_id>1826467248</swisstopo:routepoint_id>
				</extensions>
			</trkpt>
			<trkpt lat="47.1861851103" lon="8.6953718745">
				<ele>637.9</ele>
				<time>2026-05-24T07:23:56Z</time>
				<extensions>
					<swisstopo:routepoint_id>1303786918</swisstopo:routepoint_id>
				</extensions>
			</trkpt>
			<trkpt lat="47.1861708526" lon="8.6953634010">
				<ele>637.8</ele>
				<time>2026-05-24T07:23:57Z</time>
				<extensions>
					<swisstopo:routepoint_id>1971080485</swisstopo:routepoint_id>
				</extensions>
			</trkpt>
			<trkpt lat="47.1861610193" lon="8.6953570053">
				<ele>637.7</ele>
				<time>2026-05-24T07:23:58Z</time>
				<extensions>
					<swisstopo:routepoint_id>866972773</swisstopo:routepoint_id>
				</extensions>
			</trkpt>
			<trkpt lat="47.1861559641" lon="8.6953494044">
				<ele>637.7</ele>
				<time>2026-05-24T07:23:59Z</time>
				<extensions>
					<swisstopo:routepoint_id>534850916</swisstopo:routepoint_id>
				</extensions>
			</trkpt>
			<trkpt lat="47.1861548957" lon="8.6953374615">
				<ele>637.6</ele>
				<time>2026-05-24T07:24:00Z</time>
				<extensions>
					<swisstopo:routepoint_id>2020282517</swisstopo:routepoint_id>
				</extensions>
			</trkpt>
			<trkpt lat="47.1861556633" lon="8.6953219135">
				<ele>637.9</ele>
				<time>2026-05-24T07:24:01Z</time>
				<extensions>
					<swisstopo:routepoint_id>1024320502</swisstopo:routepoint_id>
				</extensions>
			</trkpt>
			<trkpt lat="47.1861570398" lon="8.6953104479">
				<ele>638.4</ele>
				<time>2026-05-24T07:24:02Z</time>
				<extensions>
					<swisstopo:routepoint_id>1525762762</swisstopo:routepoint_id>
				</extensions>
			</trkpt>
			<trkpt lat="47.1861657548" lon="8.6953076934">
				<ele>638.5</ele>
				<time>2026-05-24T07:24:03Z</time>
				<extensions>
					<swisstopo:routepoint_id>392512107</swisstopo:routepoint_id>
				</extensions>
			</trkpt>
			<trkpt lat="47.1861733985" lon="8.6952938833">
				<ele>638.7</ele>
				<time>2026-05-24T07:24:04Z</time>
				<extensions>
					<swisstopo:routepoint_id>2028702412</swisstopo:routepoint_id>
				</extensions>
			</trkpt>
			<trkpt lat="47.1861799913" lon="8.6952845335">
				<ele>639.2</ele>
				<time>2026-05-24T07:24:05Z</time>
				<extensions>
					<swisstopo:routepoint_id>803575065</swisstopo:routepoint_id>
				</extensions>
			</trkpt>
			<trkpt lat="47.1861862824" lon="8.6952671836">
				<ele>639.6</ele>
				<time>2026-05-24T07:24:06Z</time>
				<extensions>
					<swisstopo:routepoint_id>161461472</swisstopo:routepoint_id>
				</extensions>
			</trkpt>
			<trkpt lat="47.1861893466" lon="8.6952361922">
				<ele>640.0</ele>
				<time>2026-05-24T07:24:07Z</time>
				<extensions>
					<swisstopo:routepoint_id>1411113743</swisstopo:routepoint_id>
				</extensions>
			</trkpt>
			<trkpt lat="47.1861938293" lon="8.6952038247">
				<ele>640.6</ele>
				<time>2026-05-24T07:24:08Z</time>
				<extensions>
					<swisstopo:routepoint_id>1926764780</swisstopo:routepoint_id>
				</extensions>
			</trkpt>
			<trkpt lat="47.1861985750" lon="8.6951592217">
				<ele>641.1</ele>
				<time>2026-05-24T07:24:09Z</time>
				<extensions>
					<swisstopo:routepoint_id>1229744347</swisstopo:routepoint_id>
				</extensions>
			</trkpt>
			<trkpt lat="47.1862005736" lon="8.6951114458">
				<ele>641.3</ele>
				<time>2026-05-24T07:24:10Z</time>
				<extensions>
					<swisstopo:routepoint_id>930621301</swisstopo:routepoint_id>
				</extensions>
			</trkpt>
			<trkpt lat="47.1862012833" lon="8.6950686938">
				<ele>641.5</ele>
				<time>2026-05-24T07:24:11Z</time>
				<extensions>
					<swisstopo:routepoint_id>828804806</swisstopo:routepoint_id>
				</extensions>
			</trkpt>
			<trkpt lat="47.1861987421" lon="8.6950398332">
				<ele>642.0</ele>
				<time>2026-05-24T07:24:12Z</time>
				<extensions>
					<swisstopo:routepoint_id>1143440000</swisstopo:routepoint_id>
				</extensions>
			</trkpt>
			<trkpt lat="47.1861968088" lon="8.6950105286">
				<ele>642.0</ele>
				<time>2026-05-24T07:24:13Z</time>
				<extensions>
					<swisstopo:routepoint_id>2112406644</swisstopo:routepoint_id>
				</extensions>
			</trkpt>
			<trkpt lat="47.1861940554" lon="8.6949848829">
				<ele>642.0</ele>
				<time>2026-05-24T07:24:14Z</time>
				<extensions>
					<swisstopo:routepoint_id>1018813504</swisstopo:routepoint_id>
				</extensions>
			</trkpt>
			<trkpt lat="47.1861879630" lon="8.6949572076">
				<ele>642.3</ele>
				<time>2026-05-24T07:24:15Z</time>
				<extensions>
					<swisstopo:routepoint_id>1311444197</swisstopo:routepoint_id>
				</extensions>
			</trkpt>
			<trkpt lat="47.1861782358" lon="8.6949331029">
				<ele>642.7</ele>
				<time>2026-05-24T07:24:16Z</time>
				<extensions>
					<swisstopo:routepoint_id>1817949818</swisstopo:routepoint_id>
				</extensions>
			</trkpt>
			<trkpt lat="47.1861701772" lon="8.6949159878">
				<ele>642.8</ele>
				<time>2026-05-24T07:24:17Z</time>
				<extensions>
					<swisstopo:routepoint_id>2032745257</swisstopo:routepoint_id>
				</extensions>
			</trkpt>
			<trkpt lat="47.1861651706" lon="8.6949078500">
				<ele>643.2</ele>
				<time>2026-05-24T07:24:18Z</time>
				<extensions>
					<swisstopo:routepoint_id>32194276</swisstopo:routepoint_id>
				</extensions>
			</trkpt>
			<trkpt lat="47.1861595025" lon="8.6948996620">
				<ele>643.7</ele>
				<time>2026-05-24T07:24:19Z</time>
				<extensions>
					<swisstopo:routepoint_id>2070801335</swisstopo:routepoint_id>
				</extensions>
			</trkpt>
			<trkpt lat="47.1861533664" lon="8.6948912900">
				<ele>643.9</ele>
				<time>2026-05-24T07:24:20Z</time>
				<extensions>
					<swisstopo:routepoint_id>1838054063</swisstopo:routepoint_id>
				</extensions>
			</trkpt>
			<trkpt lat="47.1861488435" lon="8.6948870237">
				<ele>644.1</ele>
				<time>2026-05-24T07:24:21Z</time>
				<extensions>
					<swisstopo:routepoint_id>622374746</swisstopo:routepoint_id>
				</extensions>
			</trkpt>
			<trkpt lat="47.1861435300" lon="8.6948810256">
				<ele>644.5</ele>
				<time>2026-05-24T07:24:22Z</time>
				<extensions>
					<swisstopo:routepoint_id>2006995132</swisstopo:routepoint_id>
				</extensions>
			</trkpt>
			<trkpt lat="47.1861375146" lon="8.6948732353">
				<ele>644.6</ele>
				<time>2026-05-24T07:24:23Z</time>
				<extensions>
					<swisstopo:routepoint_id>1041540095</swisstopo:routepoint_id>
				</extensions>
			</trkpt>
			<trkpt lat="47.1861321887" lon="8.6948666416">
				<ele>644.6</ele>
				<time>2026-05-24T07:24:24Z</time>
				<extensions>
					<swisstopo:routepoint_id>1025169968</swisstopo:routepoint_id>
				</extensions>
			</trkpt>
			<trkpt lat="47.1861264384" lon="8.6948585817">
				<ele>644.5</ele>
				<time>2026-05-24T07:24:25Z</time>
				<extensions>
					<swisstopo:routepoint_id>770352295</swisstopo:routepoint_id>
				</extensions>
			</trkpt>
			<trkpt lat="47.1861175826" lon="8.6948361920">
				<ele>644.6</ele>
				<time>2026-05-24T07:24:26Z</time>
				<extensions>
					<swisstopo:routepoint_id>132114302</swisstopo:routepoint_id>
				</extensions>
			</trkpt>
			<trkpt lat="47.1861087450" lon="8.6948122213">
				<ele>644.9</ele>
				<time>2026-05-24T07:24:27Z</time>
				<extensions>
					<swisstopo:routepoint_id>2094466363</swisstopo:routepoint_id>
				</extensions>
			</trkpt>
			<trkpt lat="47.1860988587" lon="8.6947801292">
				<ele>644.9</ele>
				<time>2026-05-24T07:24:28Z</time>
				<extensions>
					<swisstopo:routepoint_id>144221317</swisstopo:routepoint_id>
				</extensions>
			</trkpt>
			<trkpt lat="47.1860937525" lon="8.6947357009">
				<ele>644.6</ele>
				<time>2026-05-24T07:24:29Z</time>
				<extensions>
					<swisstopo:routepoint_id>1566121003</swisstopo:routepoint_id>
				</extensions>
			</trkpt>
			<trkpt lat="47.1860902245" lon="8.6946976940">
				<ele>644.7</ele>
				<time>2026-05-24T07:24:30Z</time>
				<extensions>
					<swisstopo:routepoint_id>88636142</swisstopo:routepoint_id>
				</extensions>
			</trkpt>
			<trkpt lat="47.1860898555" lon="8.6946637389">
				<ele>644.7</ele>
				<time>2026-05-24T07:24:31Z</time>
				<extensions>
					<swisstopo:routepoint_id>1501471223</swisstopo:routepoint_id>
				</extensions>
			</trkpt>
			<trkpt lat="47.1860924536" lon="8.6946336557">
				<ele>644.4</ele>
				<time>2026-05-24T07:24:32Z</time>
				<extensions>
					<swisstopo:routepoint_id>146509064</swisstopo:routepoint_id>
				</extensions>
			</trkpt>
			<trkpt lat="47.1860969460" lon="8.6946079879">
				<ele>644.2</ele>
				<time>2026-05-24T07:24:33Z</time>
				<extensions>
					<swisstopo:routepoint_id>1361579186</swisstopo:routepoint_id>
				</extensions>
			</trkpt>
			<trkpt lat="47.1861050456" lon="8.6945807726">
				<ele>644.2</ele>
				<time>2026-05-24T07:24:34Z</time>
				<extensions>
					<swisstopo:routepoint_id>475636670</swisstopo:routepoint_id>
				</extensions>
			</trkpt>
			<trkpt lat="47.1861144018" lon="8.6945490856">
				<ele>644.4</ele>
				<time>2026-05-24T07:24:35Z</time>
				<extensions>
					<swisstopo:routepoint_id>1091378556</swisstopo:routepoint_id>
				</extensions>
			</trkpt>
			<trkpt lat="47.1861218843" lon="8.6945273135">
				<ele>644.4</ele>
				<time>2026-05-24T07:24:36Z</time>
				<extensions>
					<swisstopo:routepoint_id>1141561665</swisstopo:routepoint_id>
				</extensions>
			</trkpt>
			<trkpt lat="47.1861288458" lon="8.6945014551">
				<ele>644.6</ele>
				<time>2026-05-24T07:24:37Z</time>
				<extensions>
					<swisstopo:routepoint_id>608001357</swisstopo:routepoint_id>
				</extensions>
			</trkpt>
			<trkpt lat="47.1861345697" lon="8.6944791563">
				<ele>645.0</ele>
				<time>2026-05-24T07:24:38Z</time>
				<extensions>
					<swisstopo:routepoint_id>951614673</swisstopo:routepoint_id>
				</extensions>
			</trkpt>
			<trkpt lat="47.1861374105" lon="8.6944538893">
				<ele>645.1</ele>
				<time>2026-05-24T07:24:39Z</time>
				<extensions>
					<swisstopo:routepoint_id>1477089902</swisstopo:routepoint_id>
				</extensions>
			</trkpt>
			<trkpt lat="47.1861385879" lon="8.6944303672">
				<ele>645.3</ele>
				<time>2026-05-24T07:24:40Z</time>
				<extensions>
					<swisstopo:routepoint_id>539023594</swisstopo:routepoint_id>
				</extensions>
			</trkpt>
			<trkpt lat="47.1861378842" lon="8.6944038530">
				<ele>645.7</ele>
				<time>2026-05-24T07:24:41Z</time>
				<extensions>
					<swisstopo:routepoint_id>1283521312</swisstopo:routepoint_id>
				</extensions>
			</trkpt>
			<trkpt lat="47.1861349870" lon="8.6943756920">
				<ele>645.9</ele>
				<time>2026-05-24T07:24:42Z</time>
				<extensions>
					<swisstopo:routepoint_id>669456669</swisstopo:routepoint_id>
				</extensions>
			</trkpt>
			<trkpt lat="47.1861278551" lon="8.6943466207">
				<ele>645.9</ele>
				<time>2026-05-24T07:24:43Z</time>
				<extensions>
					<swisstopo:routepoint_id>891409250</swisstopo:routepoint_id>
				</extensions>
			</trkpt>
			<trkpt lat="47.1861221122" lon="8.6943276475">
				<ele>646.2</ele>
				<time>2026-05-24T07:24:44Z</time>
				<extensions>
					<swisstopo:routepoint_id>1069343278</swisstopo:routepoint_id>
				</extensions>
			</trkpt>
			<trkpt lat="47.1861155143" lon="8.6943094637">
				<ele>646.4</ele>
				<time>2026-05-24T07:24:45Z</time>
				<extensions>
					<swisstopo:routepoint_id>161831603</swisstopo:routepoint_id>
				</extensions>
			</trkpt>
			<trkpt lat="47.1861078974" lon="8.6942905823">
				<ele>646.3</ele>
				<time>2026-05-24T07:24:46Z</time>
				<extensions>
					<swisstopo:routepoint_id>1189454519</swisstopo:routepoint_id>
				</extensions>
			</trkpt>
			<trkpt lat="47.1861002338" lon="8.6942661944">
				<ele>646.3</ele>
				<time>2026-05-24T07:24:47Z</time>
				<extensions>
					<swisstopo:routepoint_id>236830910</swisstopo:routepoint_id>
				</extensions>
			</trkpt>
			<trkpt lat="47.1860918450" lon="8.6942393210">
				<ele>646.3</ele>
				<time>2026-05-24T07:24:48Z</time>
				<extensions>
					<swisstopo:routepoint_id>1129906479</swisstopo:routepoint_id>
				</extensions>
			</trkpt>
			<trkpt lat="47.1860833353" lon="8.6942122410">
				<ele>646.3</ele>
				<time>2026-05-24T07:24:49Z</time>
				<extensions>
					<swisstopo:routepoint_id>140302132</swisstopo:routepoint_id>
				</extensions>
			</trkpt>
			<trkpt lat="47.1860763417" lon="8.6941809279">
				<ele>646.2</ele>
				<time>2026-05-24T07:24:50Z</time>
				<extensions>
					<swisstopo:routepoint_id>120888118</swisstopo:routepoint_id>
				</extensions>
			</trkpt>
			<trkpt lat="47.1860721534" lon="8.6941517321">
				<ele>646.2</ele>
				<time>2026-05-24T07:24:51Z</time>
				<extensions>
					<swisstopo:routepoint_id>247069164</swisstopo:routepoint_id>
				</extensions>
			</trkpt>
			<trkpt lat="47.1860728983" lon="8.6941167539">
				<ele>646.0</ele>
				<time>2026-05-24T07:24:52Z</time>
				<extensions>
					<swisstopo:routepoint_id>1405549697</swisstopo:routepoint_id>
				</extensions>
			</trkpt>
			<trkpt lat="47.1860807018" lon="8.6940759145">
				<ele>645.8</ele>
				<time>2026-05-24T07:24:53Z</time>
				<extensions>
					<swisstopo:routepoint_id>753640479</swisstopo:routepoint_id>
				</extensions>
			</trkpt>
			<trkpt lat="47.1860964025" lon="8.6940363484">
				<ele>645.6</ele>
				<time>2026-05-24T07:24:54Z</time>
				<extensions>
					<swisstopo:routepoint_id>576980547</swisstopo:routepoint_id>
				</extensions>
			</trkpt>
			<trkpt lat="47.1861146937" lon="8.6940001407">
				<ele>645.6</ele>
				<time>2026-05-24T07:24:55Z</time>
				<extensions>
					<swisstopo:routepoint_id>1423387224</swisstopo:routepoint_id>
				</extensions>
			</trkpt>
			<trkpt lat="47.1861352709" lon="8.6939663977">
				<ele>645.6</ele>
				<time>2026-05-24T07:24:56Z</time>
				<extensions>
					<swisstopo:routepoint_id>2048729835</swisstopo:routepoint_id>
				</extensions>
			</trkpt>
			<trkpt lat="47.1861571318" lon="8.6939346372">
				<ele>645.2</ele>
				<time>2026-05-24T07:24:57Z</time>
				<extensions>
					<swisstopo:routepoint_id>249540847</swisstopo:routepoint_id>
				</extensions>
			</trkpt>
			<trkpt lat="47.1861784243" lon="8.6939068376">
				<ele>645.1</ele>
				<time>2026-05-24T07:24:58Z</time>
				<extensions>
					<swisstopo:routepoint_id>2144936585</swisstopo:routepoint_id>
				</extensions>
			</trkpt>
			<trkpt lat="47.1861988993" lon="8.6938815744">
				<ele>645.2</ele>
				<time>2026-05-24T07:24:59Z</time>
				<extensions>
					<swisstopo:routepoint_id>141201906</swisstopo:routepoint_id>
				</extensions>
			</trkpt>
			<trkpt lat="47.1862191466" lon="8.6938563445">
				<ele>645.3</ele>
				<time>2026-05-24T07:25:00Z</time>
				<extensions>
					<swisstopo:routepoint_id>211004207</swisstopo:routepoint_id>
				</extensions>
			</trkpt>
			<trkpt lat="47.1862359479" lon="8.6938350495">
				<ele>645.1</ele>
				<time>2026-05-24T07:25:01Z</time>
				<extensions>
					<swisstopo:routepoint_id>852205852</swisstopo:routepoint_id>
				</extensions>
			</trkpt>
			<trkpt lat="47.1862500222" lon="8.6938123306">
				<ele>645.0</ele>
				<time>2026-05-24T07:25:02Z</time>
				<extensions>
					<swisstopo:routepoint_id>1455312721</swisstopo:routepoint_id>
				</extensions>
			</trkpt>
			<trkpt lat="47.1862603430" lon="8.6937879464">
				<ele>645.1</ele>
				<time>2026-05-24T07:25:03Z</time>
				<extensions>
					<swisstopo:routepoint_id>1749646164</swisstopo:routepoint_id>
				</extensions>
			</trkpt>
			<trkpt lat="47.1862672997" lon="8.6937645232">
				<ele>645.0</ele>
				<time>2026-05-24T07:25:04Z</time>
				<extensions>
					<swisstopo:routepoint_id>809499977</swisstopo:routepoint_id>
				</extensions>
			</trkpt>
			<trkpt lat="47.1862700882" lon="8.6937401079">
				<ele>645.2</ele>
				<time>2026-05-24T07:25:05Z</time>
				<extensions>
					<swisstopo:routepoint_id>957209694</swisstopo:routepoint_id>
				</extensions>
			</trkpt>
			<trkpt lat="47.1862693629" lon="8.6937153275">
				<ele>645.1</ele>
				<time>2026-05-24T07:25:06Z</time>
				<extensions>
					<swisstopo:routepoint_id>1023327381</swisstopo:routepoint_id>
				</extensions>
			</trkpt>
			<trkpt lat="47.1862649827" lon="8.6936895889">
				<ele>645.4</ele>
				<time>2026-05-24T07:25:07Z</time>
				<extensions>
					<swisstopo:routepoint_id>2014247291</swisstopo:routepoint_id>
				</extensions>
			</trkpt>
			<trkpt lat="47.1862574777" lon="8.6936628944">
				<ele>645.7</ele>
				<time>2026-05-24T07:25:08Z</time>
				<extensions>
					<swisstopo:routepoint_id>522008529</swisstopo:routepoint_id>
				</extensions>
			</trkpt>
			<trkpt lat="47.1862471968" lon="8.6936353233">
				<ele>645.9</ele>
				<time>2026-05-24T07:25:09Z</time>
				<extensions>
					<swisstopo:routepoint_id>926648908</swisstopo:routepoint_id>
				</extensions>
			</trkpt>
			<trkpt lat="47.1862344146" lon="8.6936062667">
				<ele>646.0</ele>
				<time>2026-05-24T07:25:10Z</time>
				<extensions>
					<swisstopo:routepoint_id>636788712</swisstopo:routepoint_id>
				</extensions>
			</trkpt>
			<trkpt lat="47.1862202603" lon="8.6935771763">
				<ele>646.3</ele>
				<time>2026-05-24T07:25:11Z</time>
				<extensions>
					<swisstopo:routepoint_id>1596869583</swisstopo:routepoint_id>
				</extensions>
			</trkpt>
			<trkpt lat="47.1862048186" lon="8.6935483509">
				<ele>646.6</ele>
				<time>2026-05-24T07:25:12Z</time>
				<extensions>
					<swisstopo:routepoint_id>1483944922</swisstopo:routepoint_id>
				</extensions>
			</trkpt>
			<trkpt lat="47.1861888513" lon="8.6935185724">
				<ele>647.0</ele>
				<time>2026-05-24T07:25:13Z</time>
				<extensions>
					<swisstopo:routepoint_id>1934711443</swisstopo:routepoint_id>
				</extensions>
			</trkpt>
			<trkpt lat="47.1861724035" lon="8.6934900679">
				<ele>647.4</ele>
				<time>2026-05-24T07:25:14Z</time>
				<extensions>
					<swisstopo:routepoint_id>1645323274</swisstopo:routepoint_id>
				</extensions>
			</trkpt>
			<trkpt lat="47.1861555139" lon="8.6934624240">
				<ele>647.7</ele>
				<time>2026-05-24T07:25:15Z</time>
				<extensions>
					<swisstopo:routepoint_id>1948827346</swisstopo:routepoint_id>
				</extensions>
			</trkpt>
			<trkpt lat="47.1861388751" lon="8.6934341466">
				<ele>648.1</ele>
				<time>2026-05-24T07:25:16Z</time>
				<extensions>
					<swisstopo:routepoint_id>520620178</swisstopo:routepoint_id>
				</extensions>
			</trkpt>
			<trkpt lat="47.1861242455" lon="8.6934092518">
				<ele>648.5</ele>
				<time>2026-05-24T07:25:17Z</time>
				<extensions>
					<swisstopo:routepoint_id>1214953768</swisstopo:routepoint_id>
				</extensions>
			</trkpt>
			<trkpt lat="47.1861129884" lon="8.6933912736">
				<ele>649.0</ele>
				<time>2026-05-24T07:25:18Z</time>
				<extensions>
					<swisstopo:routepoint_id>1453463100</swisstopo:routepoint_id>
				</extensions>
			</trkpt>
			<trkpt lat="47.1861056653" lon="8.6933817331">
				<ele>649.2</ele>
				<time>2026-05-24T07:25:19Z</time>
				<extensions>
					<swisstopo:routepoint_id>727837075</swisstopo:routepoint_id>
				</extensions>
			</trkpt>
			<trkpt lat="47.1861009328" lon="8.6933814371">
				<ele>649.7</ele>
				<time>2026-05-24T07:25:20Z</time>
				<extensions>
					<swisstopo:routepoint_id>690866213</swisstopo:routepoint_id>
				</extensions>
			</trkpt>
			<trkpt lat="47.1860987694" lon="8.6933942276">
				<ele>649.9</ele>
				<time>2026-05-24T07:25:21Z</time>
				<extensions>
					<swisstopo:routepoint_id>2091846209</swisstopo:routepoint_id>
				</extensions>
			</trkpt>
			<trkpt lat="47.1860986801" lon="8.6934208183">
				<ele>650.0</ele>
				<time>2026-05-24T07:25:22Z</time>
				<extensions>
					<swisstopo:routepoint_id>1204449626</swisstopo:routepoint_id>
				</extensions>
			</trkpt>
			<trkpt lat="47.1860950421" lon="8.6934478233">
				<ele>649.7</ele>
				<time>2026-05-24T07:25:23Z</time>
				<extensions>
					<swisstopo:routepoint_id>1004007560</swisstopo:routepoint_id>
				</extensions>
			</trkpt>
			<trkpt lat="47.1860882963" lon="8.6934764439">
				<ele>649.5</ele>
				<time>2026-05-24T07:25:24Z</time>
				<extensions>
					<swisstopo:routepoint_id>1576046441</swisstopo:routepoint_id>
				</extensions>
			</trkpt>
			<trkpt lat="47.1860789860" lon="8.6935071592">
				<ele>649.5</ele>
				<time>2026-05-24T07:25:25Z</time>
				<extensions>
					<swisstopo:routepoint_id>1549231789</swisstopo:routepoint_id>
				</extensions>
			</trkpt>
			<trkpt lat="47.1860510666" lon="8.6935444709">
				<ele>649.7</ele>
				<time>2026-05-24T07:25:27Z</time>
				<extensions>
					<swisstopo:routepoint_id>1846941495</swisstopo:routepoint_id>
				</extensions>
			</trkpt>
			<trkpt lat="47.1860207013" lon="8.6935802503">
				<ele>649.5</ele>
				<time>2026-05-24T07:25:28Z</time>
				<extensions>
					<swisstopo:routepoint_id>1817072727</swisstopo:routepoint_id>
				</extensions>
			</trkpt>
			<trkpt lat="47.1859914906" lon="8.6936129299">
				<ele>649.4</ele>
				<time>2026-05-24T07:25:29Z</time>
				<extensions>
					<swisstopo:routepoint_id>176378702</swisstopo:routepoint_id>
				</extensions>
			</trkpt>
			<trkpt lat="47.1859633032" lon="8.6936438953">
				<ele>649.4</ele>
				<time>2026-05-24T07:25:30Z</time>
				<extensions>
					<swisstopo:routepoint_id>869411654</swisstopo:routepoint_id>
				</extensions>
			</trkpt>
			<trkpt lat="47.1859355913" lon="8.6936736316">
				<ele>649.4</ele>
				<time>2026-05-24T07:25:31Z</time>
				<extensions>
					<swisstopo:routepoint_id>722934590</swisstopo:routepoint_id>
				</extensions>
			</trkpt>
			<trkpt lat="47.1859091819" lon="8.6937016488">
				<ele>649.3</ele>
				<time>2026-05-24T07:25:32Z</time>
				<extensions>
					<swisstopo:routepoint_id>2046663051</swisstopo:routepoint_id>
				</extensions>
			</trkpt>
			<trkpt lat="47.1858849573" lon="8.6937282652">
				<ele>649.1</ele>
				<time>2026-05-24T07:25:33Z</time>
				<extensions>
					<swisstopo:routepoint_id>2020324158</swisstopo:routepoint_id>
				</extensions>
			</trkpt>
			<trkpt lat="47.1858616138" lon="8.6937522789">
				<ele>649.2</ele>
				<time>2026-05-24T07:25:34Z</time>
				<extensions>
					<swisstopo:routepoint_id>1724180789</swisstopo:routepoint_id>
				</extensions>
			</trkpt>
			<trkpt lat="47.1858385686" lon="8.6937778130">
				<ele>648.9</ele>
				<time>2026-05-24T07:25:35Z</time>
				<extensions>
					<swisstopo:routepoint_id>162188105</swisstopo:routepoint_id>
				</extensions>
			</trkpt>
			<trkpt lat="47.1858165790" lon="8.6938050584">
				<ele>648.6</ele>
				<time>2026-05-24T07:25:36Z</time>
				<extensions>
					<swisstopo:routepoint_id>738732692</swisstopo:routepoint_id>
				</extensions>
			</trkpt>
			<trkpt lat="47.1857950612" lon="8.6938339488">
				<ele>648.5</ele>
				<time>2026-05-24T07:25:37Z</time>
				<extensions>
					<swisstopo:routepoint_id>1277391137</swisstopo:routepoint_id>
				</extensions>
			</trkpt>
			<trkpt lat="47.1857756308" lon="8.6938618813">
				<ele>648.5</ele>
				<time>2026-05-24T07:25:38Z</time>
				<extensions>
					<swisstopo:routepoint_id>718820500</swisstopo:routepoint_id>
				</extensions>
			</trkpt>
			<trkpt lat="47.1857576287" lon="8.6938898701">
				<ele>648.6</ele>
				<time>2026-05-24T07:25:39Z</time>
				<extensions>
					<swisstopo:routepoint_id>1620629125</swisstopo:routepoint_id>
				</extensions>
			</trkpt>
			<trkpt lat="47.1857417253" lon="8.6939161922">
				<ele>648.5</ele>
				<time>2026-05-24T07:25:40Z</time>
				<extensions>
					<swisstopo:routepoint_id>1378608974</swisstopo:routepoint_id>
				</extensions>
			</trkpt>
			<trkpt lat="47.1857268747" lon="8.6939423159">
				<ele>648.4</ele>
				<time>2026-05-24T07:25:41Z</time>
				<extensions>
					<swisstopo:routepoint_id>1079958535</swisstopo:routepoint_id>
				</extensions>
			</trkpt>
			<trkpt lat="47.1857127213" lon="8.6939684878">
				<ele>648.4</ele>
				<time>2026-05-24T07:25:42Z</time>
				<extensions>
					<swisstopo:routepoint_id>331313301</swisstopo:routepoint_id>
				</extensions>
			</trkpt>
			<trkpt lat="47.1856990800" lon="8.6939948097">
				<ele>648.5</ele>
				<time>2026-05-24T07:25:43Z</time>
				<extensions>
					<swisstopo:routepoint_id>2105036883</swisstopo:routepoint_id>
				</extensions>
			</trkpt>
			<trkpt lat="47.1856861512" lon="8.6940203822">
				<ele>648.4</ele>
				<time>2026-05-24T07:25:44Z</time>
				<extensions>
					<swisstopo:routepoint_id>1709291903</swisstopo:routepoint_id>
				</extensions>
			</trkpt>
			<trkpt lat="47.1856737108" lon="8.6940453037">
				<ele>648.4</ele>
				<time>2026-05-24T07:25:45Z</time>
				<extensions>
					<swisstopo:routepoint_id>1180267802</swisstopo:routepoint_id>
				</extensions>
			</trkpt>
			<trkpt lat="47.1856618445" lon="8.6940691247">
				<ele>648.3</ele>
				<time>2026-05-24T07:25:46Z</time>
				<extensions>
					<swisstopo:routepoint_id>454500875</swisstopo:routepoint_id>
				</extensions>
			</trkpt>
			<trkpt lat="47.1856499130" lon="8.6940928407">
				<ele>648.4</ele>
				<time>2026-05-24T07:25:46Z</time>
				<extensions>
					<swisstopo:routepoint_id>196873746</swisstopo:routepoint_id>
				</extensions>
			</trkpt>
			<trkpt lat="47.1856378930" lon="8.6941164321">
				<ele>648.7</ele>
				<time>2026-05-24T07:25:47Z</time>
				<extensions>
					<swisstopo:routepoint_id>1732232642</swisstopo:routepoint_id>
				</extensions>
			</trkpt>
			<trkpt lat="47.1856258963" lon="8.6941396726">
				<ele>648.8</ele>
				<time>2026-05-24T07:25:48Z</time>
				<extensions>
					<swisstopo:routepoint_id>198211715</swisstopo:routepoint_id>
				</extensions>
			</trkpt>
			<trkpt lat="47.1856147086" lon="8.6941611830">
				<ele>648.8</ele>
				<time>2026-05-24T07:25:49Z</time>
				<extensions>
					<swisstopo:routepoint_id>597157508</swisstopo:routepoint_id>
				</extensions>
			</trkpt>
			<trkpt lat="47.1856049342" lon="8.6941799158">
				<ele>649.0</ele>
				<time>2026-05-24T07:25:50Z</time>
				<extensions>
					<swisstopo:routepoint_id>1235154525</swisstopo:routepoint_id>
				</extensions>
			</trkpt>
			<trkpt lat="47.1855981183" lon="8.6941931975">
				<ele>649.3</ele>
				<time>2026-05-24T07:25:51Z</time>
				<extensions>
					<swisstopo:routepoint_id>1665169773</swisstopo:routepoint_id>
				</extensions>
			</trkpt>
			<trkpt lat="47.1855941168" lon="8.6942013028">
				<ele>649.8</ele>
				<time>2026-05-24T07:25:52Z</time>
				<extensions>
					<swisstopo:routepoint_id>501487107</swisstopo:routepoint_id>
				</extensions>
			</trkpt>
			<trkpt lat="47.1855911082" lon="8.6942030203">
				<ele>650.3</ele>
				<time>2026-05-24T07:25:53Z</time>
				<extensions>
					<swisstopo:routepoint_id>1767976521</swisstopo:routepoint_id>
				</extensions>
			</trkpt>
			<trkpt lat="47.1855877722" lon="8.6941972237">
				<ele>650.1</ele>
				<time>2026-05-24T07:25:54Z</time>
				<extensions>
					<swisstopo:routepoint_id>1797648555</swisstopo:routepoint_id>
				</extensions>
			</trkpt>
			<trkpt lat="47.1855831823" lon="8.6941849738">
				<ele>650.3</ele>
				<time>2026-05-24T07:25:55Z</time>
				<extensions>
					<swisstopo:routepoint_id>131834242</swisstopo:routepoint_id>
				</extensions>
			</trkpt>
			<trkpt lat="47.1855769232" lon="8.6941648028">
				<ele>650.5</ele>
				<time>2026-05-24T07:25:56Z</time>
				<extensions>
					<swisstopo:routepoint_id>1682465237</swisstopo:routepoint_id>
				</extensions>
			</trkpt>
			<trkpt lat="47.1855692902" lon="8.6941372408">
				<ele>650.5</ele>
				<time>2026-05-24T07:25:57Z</time>
				<extensions>
					<swisstopo:routepoint_id>1276058210</swisstopo:routepoint_id>
				</extensions>
			</trkpt>
			<trkpt lat="47.1855600270" lon="8.6941031636">
				<ele>650.4</ele>
				<time>2026-05-24T07:25:58Z</time>
				<extensions>
					<swisstopo:routepoint_id>1938636528</swisstopo:routepoint_id>
				</extensions>
			</trkpt>
			<trkpt lat="47.1855482219" lon="8.6940639190">
				<ele>650.5</ele>
				<time>2026-05-24T07:25:59Z</time>
				<extensions>
					<swisstopo:routepoint_id>1042233812</swisstopo:routepoint_id>
				</extensions>
			</trkpt>
			<trkpt lat="47.1855254747" lon="8.6940100795">
				<ele>650.4</ele>
				<time>2026-05-24T07:26:00Z</time>
				<extensions>
					<swisstopo:routepoint_id>1947053352</swisstopo:routepoint_id>
				</extensions>
			</trkpt>
			<trkpt lat="47.1855033623" lon="8.6939570505">
				<ele>650.2</ele>
				<time>2026-05-24T07:26:01Z</time>
				<extensions>
					<swisstopo:routepoint_id>769874078</swisstopo:routepoint_id>
				</extensions>
			</trkpt>
			<trkpt lat="47.1854835829" lon="8.6939084293">
				<ele>650.1</ele>
				<time>2026-05-24T07:26:02Z</time>
				<extensions>
					<swisstopo:routepoint_id>684655771</swisstopo:routepoint_id>
				</extensions>
			</trkpt>
			<trkpt lat="47.1854654182" lon="8.6938628863">
				<ele>650.0</ele>
				<time>2026-05-24T07:26:03Z</time>
				<extensions>
					<swisstopo:routepoint_id>792162571</swisstopo:routepoint_id>
				</extensions>
			</trkpt>
			<trkpt lat="47.1854486053" lon="8.6938203450">
				<ele>650.0</ele>
				<time>2026-05-24T07:26:04Z</time>
				<extensions>
					<swisstopo:routepoint_id>1625203044</swisstopo:routepoint_id>
				</extensions>
			</trkpt>
			<trkpt lat="47.1854340454" lon="8.6937825135">
				<ele>650.2</ele>
				<time>2026-05-24T07:26:05Z</time>
				<extensions>
					<swisstopo:routepoint_id>943054315</swisstopo:routepoint_id>
				</extensions>
			</trkpt>
			<trkpt lat="47.1854210849" lon="8.6937483700">
				<ele>650.3</ele>
				<time>2026-05-24T07:26:06Z</time>
				<extensions>
					<swisstopo:routepoint_id>1484557345</swisstopo:routepoint_id>
				</extensions>
			</trkpt>
			<trkpt lat="47.1854098888" lon="8.6937182401">
				<ele>650.6</ele>
				<time>2026-05-24T07:26:07Z</time>
				<extensions>
					<swisstopo:routepoint_id>1490286569</swisstopo:routepoint_id>
				</extensions>
			</trkpt>
			<trkpt lat="47.1854006886" lon="8.6936930973">
				<ele>651.1</ele>
				<time>2026-05-24T07:26:08Z</time>
				<extensions>
					<swisstopo:routepoint_id>1144590222</swisstopo:routepoint_id>
				</extensions>
			</trkpt>
			<trkpt lat="47.1853960362" lon="8.6936738477">
				<ele>651.4</ele>
				<time>2026-05-24T07:26:09Z</time>
				<extensions>
					<swisstopo:routepoint_id>2116834975</swisstopo:routepoint_id>
				</extensions>
			</trkpt>
			<trkpt lat="47.1853971213" lon="8.6936687493">
				<ele>651.4</ele>
				<time>2026-05-24T07:26:10Z</time>
				<extensions>
					<swisstopo:routepoint_id>283844976</swisstopo:routepoint_id>
				</extensions>
			</trkpt>
			<trkpt lat="47.1854333310" lon="8.6937357673">
				<ele>650.7</ele>
				<time>2026-05-24T07:26:10Z</time>
				<extensions>
					<swisstopo:routepoint_id>1021331645</swisstopo:routepoint_id>
				</extensions>
			</trkpt>
			<trkpt lat="47.1854333320" lon="8.6937357695">
				<ele>650.7</ele>
				<time>2026-05-24T07:26:11Z</time>
				<extensions>
					<swisstopo:routepoint_id>684167044</swisstopo:routepoint_id>
				</extensions>
			</trkpt>
			<trkpt lat="47.1854333231" lon="8.6937357510">
				<ele>650.7</ele>
				<time>2026-05-24T07:26:12Z</time>
				<extensions>
					<swisstopo:routepoint_id>1168062470</swisstopo:routepoint_id>
				</extensions>
			</trkpt>
			<trkpt lat="47.1854332604" lon="8.6937356202">
				<ele>650.7</ele>
				<time>2026-05-24T07:26:13Z</time>
				<extensions>
					<swisstopo:routepoint_id>1477916063</swisstopo:routepoint_id>
				</extensions>
			</trkpt>
			<trkpt lat="47.1854331061" lon="8.6937352984">
				<ele>650.7</ele>
				<time>2026-05-24T07:26:14Z</time>
				<extensions>
					<swisstopo:routepoint_id>1539409639</swisstopo:routepoint_id>
				</extensions>
			</trkpt>
			<trkpt lat="47.1854328530" lon="8.6937347716">
				<ele>650.8</ele>
				<time>2026-05-24T07:26:15Z</time>
				<extensions>
					<swisstopo:routepoint_id>2122307264</swisstopo:routepoint_id>
				</extensions>
			</trkpt>
			<trkpt lat="47.1854317045" lon="8.6937343411">
				<ele>650.8</ele>
				<time>2026-05-24T07:26:16Z</time>
				<extensions>
					<swisstopo:routepoint_id>2062293025</swisstopo:routepoint_id>
				</extensions>
			</trkpt>
			<trkpt lat="47.1854297689" lon="8.6937338921">
				<ele>650.8</ele>
				<time>2026-05-24T07:26:17Z</time>
				<extensions>
					<swisstopo:routepoint_id>572808595</swisstopo:routepoint_id>
				</extensions>
			</trkpt>
			<trkpt lat="47.1854274360" lon="8.6937331628">
				<ele>650.9</ele>
				<time>2026-05-24T07:26:18Z</time>
				<extensions>
					<swisstopo:routepoint_id>24866664</swisstopo:routepoint_id>
				</extensions>
			</trkpt>
			<trkpt lat="47.1854250823" lon="8.6937324429">
				<ele>650.9</ele>
				<time>2026-05-24T07:26:19Z</time>
				<extensions>
					<swisstopo:routepoint_id>1322194330</swisstopo:routepoint_id>
				</extensions>
			</trkpt>
			<trkpt lat="47.1854229545" lon="8.6937318663">
				<ele>651.0</ele>
				<time>2026-05-24T07:26:20Z</time>
				<extensions>
					<swisstopo:routepoint_id>2106808801</swisstopo:routepoint_id>
				</extensions>
			</trkpt>
			<trkpt lat="47.1854225144" lon="8.6937346138">
				<ele>651.0</ele>
				<time>2026-05-24T07:26:21Z</time>
				<extensions>
					<swisstopo:routepoint_id>1425146671</swisstopo:routepoint_id>
				</extensions>
			</trkpt>
			<trkpt lat="47.1854219285" lon="8.6937355798">
				<ele>650.9</ele>
				<time>2026-05-24T07:26:22Z</time>
				<extensions>
					<swisstopo:routepoint_id>1554984506</swisstopo:routepoint_id>
				</extensions>
			</trkpt>
			<trkpt lat="47.1854212125" lon="8.6937354541">
				<ele>651.0</ele>
				<time>2026-05-24T07:26:23Z</time>
				<extensions>
					<swisstopo:routepoint_id>1896091999</swisstopo:routepoint_id>
				</extensions>
			</trkpt>
			<trkpt lat="47.1854206598" lon="8.6937351647">
				<ele>651.0</ele>
				<time>2026-05-24T07:26:24Z</time>
				<extensions>
					<swisstopo:routepoint_id>1108389360</swisstopo:routepoint_id>
				</extensions>
			</trkpt>
			<trkpt lat="47.1854204560" lon="8.6937352659">
				<ele>651.1</ele>
				<time>2026-05-24T07:26:25Z</time>
				<extensions>
					<swisstopo:routepoint_id>1426819442</swisstopo:routepoint_id>
				</extensions>
			</trkpt>
			<trkpt lat="47.1854201509" lon="8.6937347707">
				<ele>651.3</ele>
				<time>2026-05-24T07:26:26Z</time>
				<extensions>
					<swisstopo:routepoint_id>1751959292</swisstopo:routepoint_id>
				</extensions>
			</trkpt>
			<trkpt lat="47.1854197967" lon="8.6937338873">
				<ele>651.5</ele>
				<time>2026-05-24T07:26:27Z</time>
				<extensions>
					<swisstopo:routepoint_id>1031536627</swisstopo:routepoint_id>
				</extensions>
			</trkpt>
			<trkpt lat="47.1854195195" lon="8.6937329894">
				<ele>651.6</ele>
				<time>2026-05-24T07:26:28Z</time>
				<extensions>
					<swisstopo:routepoint_id>400607758</swisstopo:routepoint_id>
				</extensions>
			</trkpt>
			<trkpt lat="47.1854195731" lon="8.6937327472">
				<ele>651.7</ele>
				<time>2026-05-24T07:26:29Z</time>
				<extensions>
					<swisstopo:routepoint_id>653355361</swisstopo:routepoint_id>
				</extensions>
			</trkpt>
			<trkpt lat="47.1854181089" lon="8.6937287645">
				<ele>651.8</ele>
				<time>2026-05-24T07:26:30Z</time>
				<extensions>
					<swisstopo:routepoint_id>859665216</swisstopo:routepoint_id>
				</extensions>
			</trkpt>
			<trkpt lat="47.1854170193" lon="8.6937264596">
				<ele>652.0</ele>
				<time>2026-05-24T07:26:31Z</time>
				<extensions>
					<swisstopo:routepoint_id>123308296</swisstopo:routepoint_id>
				</extensions>
			</trkpt>
			<trkpt lat="47.1854163275" lon="8.6937257111">
				<ele>652.1</ele>
				<time>2026-05-24T07:26:32Z</time>
				<extensions>
					<swisstopo:routepoint_id>120811517</swisstopo:routepoint_id>
				</extensions>
			</trkpt>
			<trkpt lat="47.1854153776" lon="8.6937250991">
				<ele>652.2</ele>
				<time>2026-05-24T07:26:33Z</time>
				<extensions>
					<swisstopo:routepoint_id>1107119804</swisstopo:routepoint_id>
				</extensions>
			</trkpt>
			<trkpt lat="47.1854159208" lon="8.6937265439">
				<ele>652.2</ele>
				<time>2026-05-24T07:26:34Z</time>
				<extensions>
					<swisstopo:routepoint_id>1564228220</swisstopo:routepoint_id>
				</extensions>
			</trkpt>
			<trkpt lat="47.1854172438" lon="8.6937258837">
				<ele>652.3</ele>
				<time>2026-05-24T07:26:35Z</time>
				<extensions>
					<swisstopo:routepoint_id>488886966</swisstopo:routepoint_id>
				</extensions>
			</trkpt>
			<trkpt lat="47.1854204692" lon="8.6937276978">
				<ele>652.6</ele>
				<time>2026-05-24T07:26:36Z</time>
				<extensions>
					<swisstopo:routepoint_id>450804140</swisstopo:routepoint_id>
				</extensions>
			</trkpt>
			<trkpt lat="47.1854235721" lon="8.6937293093">
				<ele>652.3</ele>
				<time>2026-05-24T07:26:37Z</time>
				<extensions>
					<swisstopo:routepoint_id>342874364</swisstopo:routepoint_id>
				</extensions>
			</trkpt>
			<trkpt lat="47.1854252875" lon="8.6937281528">
				<ele>652.0</ele>
				<time>2026-05-24T07:26:38Z</time>
				<extensions>
					<swisstopo:routepoint_id>990810847</swisstopo:routepoint_id>
				</extensions>
			</trkpt>
			<trkpt lat="47.1854247128" lon="8.6937278552">
				<ele>651.5</ele>
				<time>2026-05-24T07:26:39Z</time>
				<extensions>
					<swisstopo:routepoint_id>969706691</swisstopo:routepoint_id>
				</extensions>
			</trkpt>
			<trkpt lat="47.1854245704" lon="8.6937294973">
				<ele>651.9</ele>
				<time>2026-05-24T07:26:40Z</time>
				<extensions>
					<swisstopo:routepoint_id>606958554</swisstopo:routepoint_id>
				</extensions>
			</trkpt>
			<trkpt lat="47.1854243634" lon="8.6937308778">
				<ele>651.9</ele>
				<time>2026-05-24T07:26:41Z</time>
				<extensions>
					<swisstopo:routepoint_id>605093828</swisstopo:routepoint_id>
				</extensions>
			</trkpt>
			<trkpt lat="47.1854242714" lon="8.6937316512">
				<ele>651.7</ele>
				<time>2026-05-24T07:26:42Z</time>
				<extensions>
					<swisstopo:routepoint_id>1476898651</swisstopo:routepoint_id>
				</extensions>
			</trkpt>
			<trkpt lat="47.1854239381" lon="8.6937323900">
				<ele>651.7</ele>
				<time>2026-05-24T07:26:43Z</time>
				<extensions>
					<swisstopo:routepoint_id>1619635331</swisstopo:routepoint_id>
				</extensions>
			</trkpt>
			<trkpt lat="47.1854249667" lon="8.6937308560">
				<ele>651.5</ele>
				<time>2026-05-24T07:26:44Z</time>
				<extensions>
					<swisstopo:routepoint_id>1855782392</swisstopo:routepoint_id>
				</extensions>
			</trkpt>
			<trkpt lat="47.1854267883" lon="8.6937309980">
				<ele>651.2</ele>
				<time>2026-05-24T07:26:45Z</time>
				<extensions>
					<swisstopo:routepoint_id>82173316</swisstopo:routepoint_id>
				</extensions>
			</trkpt>
			<trkpt lat="47.1854309423" lon="8.6937309461">
				<ele>650.9</ele>
				<time>2026-05-24T07:26:46Z</time>
				<extensions>
					<swisstopo:routepoint_id>254936991</swisstopo:routepoint_id>
				</extensions>
			</trkpt>
			<trkpt lat="47.1854356648" lon="8.6937302860">
				<ele>650.8</ele>
				<time>2026-05-24T07:26:47Z</time>
				<extensions>
					<swisstopo:routepoint_id>496131972</swisstopo:routepoint_id>
				</extensions>
			</trkpt>
			<trkpt lat="47.1854411206" lon="8.6937287944">
				<ele>650.7</ele>
				<time>2026-05-24T07:26:48Z</time>
				<extensions>
					<swisstopo:routepoint_id>1958535750</swisstopo:routepoint_id>
				</extensions>
			</trkpt>
			<trkpt lat="47.1854482996" lon="8.6937264378">
				<ele>650.6</ele>
				<time>2026-05-24T07:26:49Z</time>
				<extensions>
					<swisstopo:routepoint_id>481009034</swisstopo:routepoint_id>
				</extensions>
			</trkpt>
			<trkpt lat="47.1854546171" lon="8.6937249979">
				<ele>650.5</ele>
				<time>2026-05-24T07:26:50Z</time>
				<extensions>
					<swisstopo:routepoint_id>1190387130</swisstopo:routepoint_id>
				</extensions>
			</trkpt>
			<trkpt lat="47.1854594371" lon="8.6937234851">
				<ele>650.4</ele>
				<time>2026-05-24T07:26:51Z</time>
				<extensions>
					<swisstopo:routepoint_id>878838458</swisstopo:routepoint_id>
				</extensions>
			</trkpt>
			<trkpt lat="47.1854631882" lon="8.6937226883">
				<ele>650.3</ele>
				<time>2026-05-24T07:26:52Z</time>
				<extensions>
					<swisstopo:routepoint_id>245439540</swisstopo:routepoint_id>
				</extensions>
			</trkpt>
			<trkpt lat="47.1854673486" lon="8.6937220880">
				<ele>650.3</ele>
				<time>2026-05-24T07:26:53Z</time>
				<extensions>
					<swisstopo:routepoint_id>1933746540</swisstopo:routepoint_id>
				</extensions>
			</trkpt>
			<trkpt lat="47.1854717920" lon="8.6937215091">
				<ele>650.2</ele>
				<time>2026-05-24T07:26:54Z</time>
				<extensions>
					<swisstopo:routepoint_id>460584082</swisstopo:routepoint_id>
				</extensions>
			</trkpt>
			<trkpt lat="47.1854763090" lon="8.6937209981">
				<ele>650.1</ele>
				<time>2026-05-24T07:26:55Z</time>
				<extensions>
					<swisstopo:routepoint_id>1505602386</swisstopo:routepoint_id>
				</extensions>
			</trkpt>
			<trkpt lat="47.1854789863" lon="8.6937201702">
				<ele>650.2</ele>
				<time>2026-05-24T07:26:56Z</time>
				<extensions>
					<swisstopo:routepoint_id>859488901</swisstopo:routepoint_id>
				</extensions>
			</trkpt>
			<trkpt lat="47.1854820974" lon="8.6937196977">
				<ele>650.3</ele>
				<time>2026-05-24T07:26:57Z</time>
				<extensions>
					<swisstopo:routepoint_id>1454949385</swisstopo:routepoint_id>
				</extensions>
			</trkpt>
			<trkpt lat="47.1854865576" lon="8.6937203081">
				<ele>650.5</ele>
				<time>2026-05-24T07:26:58Z</time>
				<extensions>
					<swisstopo:routepoint_id>2085508953</swisstopo:routepoint_id>
				</extensions>
			</trkpt>
			<trkpt lat="47.1854911887" lon="8.6937215651">
				<ele>650.4</ele>
				<time>2026-05-24T07:26:59Z</time>
				<extensions>
					<swisstopo:routepoint_id>2068370384</swisstopo:routepoint_id>
				</extensions>
			</trkpt>
			<trkpt lat="47.1854954509" lon="8.6937244976">
				<ele>650.2</ele>
				<time>2026-05-24T07:27:00Z</time>
				<extensions>
					<swisstopo:routepoint_id>1783249899</swisstopo:routepoint_id>
				</extensions>
			</trkpt>
			<trkpt lat="47.1854964754" lon="8.6937272993">
				<ele>649.9</ele>
				<time>2026-05-24T07:27:01Z</time>
				<extensions>
					<swisstopo:routepoint_id>799274961</swisstopo:routepoint_id>
				</extensions>
			</trkpt>
			<trkpt lat="47.1854961061" lon="8.6937306063">
				<ele>649.9</ele>
				<time>2026-05-24T07:27:02Z</time>
				<extensions>
					<swisstopo:routepoint_id>904057542</swisstopo:routepoint_id>
				</extensions>
			</trkpt>
			<trkpt lat="47.1854927425" lon="8.6937395973">
				<ele>650.0</ele>
				<time>2026-05-24T07:27:03Z</time>
				<extensions>
					<swisstopo:routepoint_id>1048305869</swisstopo:routepoint_id>
				</extensions>
			</trkpt>
			<trkpt lat="47.1854875735" lon="8.6937483361">
				<ele>650.0</ele>
				<time>2026-05-24T07:27:04Z</time>
				<extensions>
					<swisstopo:routepoint_id>920900295</swisstopo:routepoint_id>
				</extensions>
			</trkpt>
			<trkpt lat="47.1854786997" lon="8.6937527413">
				<ele>650.5</ele>
				<time>2026-05-24T07:27:05Z</time>
				<extensions>
					<swisstopo:routepoint_id>656614136</swisstopo:routepoint_id>
				</extensions>
			</trkpt>
			<trkpt lat="47.1854674630" lon="8.6937555928">
				<ele>650.7</ele>
				<time>2026-05-24T07:27:06Z</time>
				<extensions>
					<swisstopo:routepoint_id>1942805466</swisstopo:routepoint_id>
				</extensions>
			</trkpt>
			<trkpt lat="47.1854538622" lon="8.6937561835">
				<ele>650.6</ele>
				<time>2026-05-24T07:27:07Z</time>
				<extensions>
					<swisstopo:routepoint_id>242614427</swisstopo:routepoint_id>
				</extensions>
			</trkpt>
			<trkpt lat="47.1854425994" lon="8.6937563002">
				<ele>650.8</ele>
				<time>2026-05-24T07:27:08Z</time>
				<extensions>
					<swisstopo:routepoint_id>1696712583</swisstopo:routepoint_id>
				</extensions>
			</trkpt>
			<trkpt lat="47.1854335139" lon="8.6937569731">
				<ele>651.2</ele>
				<time>2026-05-24T07:27:09Z</time>
				<extensions>
					<swisstopo:routepoint_id>213033968</swisstopo:routepoint_id>
				</extensions>
			</trkpt>
			<trkpt lat="47.1854274711" lon="8.6937585982">
				<ele>651.3</ele>
				<time>2026-05-24T07:27:10Z</time>
				<extensions>
					<swisstopo:routepoint_id>606660627</swisstopo:routepoint_id>
				</extensions>
			</trkpt>
			<trkpt lat="47.1854231283" lon="8.6937599550">
				<ele>651.3</ele>
				<time>2026-05-24T07:27:11Z</time>
				<extensions>
					<swisstopo:routepoint_id>2040285680</swisstopo:routepoint_id>
				</extensions>
			</trkpt>
			<trkpt lat="47.1854200393" lon="8.6937608969">
				<ele>651.3</ele>
				<time>2026-05-24T07:27:12Z</time>
				<extensions>
					<swisstopo:routepoint_id>62548464</swisstopo:routepoint_id>
				</extensions>
			</trkpt>
			<trkpt lat="47.1854179902" lon="8.6937614940">
				<ele>651.3</ele>
				<time>2026-05-24T07:27:13Z</time>
				<extensions>
					<swisstopo:routepoint_id>1132531065</swisstopo:routepoint_id>
				</extensions>
			</trkpt>
			<trkpt lat="47.1854179208" lon="8.6937629620">
				<ele>651.6</ele>
				<time>2026-05-24T07:27:14Z</time>
				<extensions>
					<swisstopo:routepoint_id>1302046094</swisstopo:routepoint_id>
				</extensions>
			</trkpt>
			<trkpt lat="47.1854195706" lon="8.6937631730">
				<ele>651.8</ele>
				<time>2026-05-24T07:27:15Z</time>
				<extensions>
					<swisstopo:routepoint_id>630338928</swisstopo:routepoint_id>
				</extensions>
			</trkpt>
			<trkpt lat="47.1854187541" lon="8.6937672963">
				<ele>652.1</ele>
				<time>2026-05-24T07:27:16Z</time>
				<extensions>
					<swisstopo:routepoint_id>569532245</swisstopo:routepoint_id>
				</extensions>
			</trkpt>
			<trkpt lat="47.1854180342" lon="8.6937706940">
				<ele>652.1</ele>
				<time>2026-05-24T07:27:17Z</time>
				<extensions>
					<swisstopo:routepoint_id>793827036</swisstopo:routepoint_id>
				</extensions>
			</trkpt>
			<trkpt lat="47.1854193158" lon="8.6937706779">
				<ele>651.6</ele>
				<time>2026-05-24T07:27:18Z</time>
				<extensions>
					<swisstopo:routepoint_id>1682578888</swisstopo:routepoint_id>
				</extensions>
			</trkpt>
			<trkpt lat="47.1854226614" lon="8.6937627598">
				<ele>651.5</ele>
				<time>2026-05-24T07:27:19Z</time>
				<extensions>
					<swisstopo:routepoint_id>1038706920</swisstopo:routepoint_id>
				</extensions>
			</trkpt>
			<trkpt lat="47.1854273556" lon="8.6937529638">
				<ele>651.7</ele>
				<time>2026-05-24T07:27:20Z</time>
				<extensions>
					<swisstopo:routepoint_id>652637977</swisstopo:routepoint_id>
				</extensions>
			</trkpt>
			<trkpt lat="47.1854316279" lon="8.6937444301">
				<ele>651.4</ele>
				<time>2026-05-24T07:27:21Z</time>
				<extensions>
					<swisstopo:routepoint_id>1687494210</swisstopo:routepoint_id>
				</extensions>
			</trkpt>
			<trkpt lat="47.1854364264" lon="8.6937373483">
				<ele>651.0</ele>
				<time>2026-05-24T07:27:22Z</time>
				<extensions>
					<swisstopo:routepoint_id>2046145188</swisstopo:routepoint_id>
				</extensions>
			</trkpt>
			<trkpt lat="47.1854416924" lon="8.6937314624">
				<ele>650.4</ele>
				<time>2026-05-24T07:27:23Z</time>
				<extensions>
					<swisstopo:routepoint_id>1906535305</swisstopo:routepoint_id>
				</extensions>
			</trkpt>
			<trkpt lat="47.1854452106" lon="8.6937250200">
				<ele>650.0</ele>
				<time>2026-05-24T07:27:24Z</time>
				<extensions>
					<swisstopo:routepoint_id>535374248</swisstopo:routepoint_id>
				</extensions>
			</trkpt>
			<trkpt lat="47.1854488240" lon="8.6937202727">
				<ele>649.6</ele>
				<time>2026-05-24T07:27:25Z</time>
				<extensions>
					<swisstopo:routepoint_id>78505206</swisstopo:routepoint_id>
				</extensions>
			</trkpt>
			<trkpt lat="47.1854521303" lon="8.6937163650">
				<ele>649.3</ele>
				<time>2026-05-24T07:27:26Z</time>
				<extensions>
					<swisstopo:routepoint_id>882037984</swisstopo:routepoint_id>
				</extensions>
			</trkpt>
			<trkpt lat="47.1854561914" lon="8.6937122167">
				<ele>648.8</ele>
				<time>2026-05-24T07:27:27Z</time>
				<extensions>
					<swisstopo:routepoint_id>332781847</swisstopo:routepoint_id>
				</extensions>
			</trkpt>
			<trkpt lat="47.1854616673" lon="8.6937099547">
				<ele>649.1</ele>
				<time>2026-05-24T07:27:28Z</time>
				<extensions>
					<swisstopo:routepoint_id>1017085741</swisstopo:routepoint_id>
				</extensions>
			</trkpt>
			<trkpt lat="47.1854648247" lon="8.6937096173">
				<ele>649.2</ele>
				<time>2026-05-24T07:27:29Z</time>
				<extensions>
					<swisstopo:routepoint_id>190218867</swisstopo:routepoint_id>
				</extensions>
			</trkpt>
			<trkpt lat="47.1854671291" lon="8.6937099312">
				<ele>649.4</ele>
				<time>2026-05-24T07:27:30Z</time>
				<extensions>
					<swisstopo:routepoint_id>1552830933</swisstopo:routepoint_id>
				</extensions>
			</trkpt>
			<trkpt lat="47.1854695656" lon="8.6937105373">
				<ele>649.6</ele>
				<time>2026-05-24T07:27:31Z</time>
				<extensions>
					<swisstopo:routepoint_id>60728940</swisstopo:routepoint_id>
				</extensions>
			</trkpt>
			<trkpt lat="47.1854725251" lon="8.6937121456">
				<ele>649.7</ele>
				<time>2026-05-24T07:27:32Z</time>
				<extensions>
					<swisstopo:routepoint_id>616562255</swisstopo:routepoint_id>
				</extensions>
			</trkpt>
			<trkpt lat="47.1854762126" lon="8.6937136758">
				<ele>649.8</ele>
				<time>2026-05-24T07:27:33Z</time>
				<extensions>
					<swisstopo:routepoint_id>953223010</swisstopo:routepoint_id>
				</extensions>
			</trkpt>
			<trkpt lat="47.1854810166" lon="8.6937161699">
				<ele>649.9</ele>
				<time>2026-05-24T07:27:34Z</time>
				<extensions>
					<swisstopo:routepoint_id>591122450</swisstopo:routepoint_id>
				</extensions>
			</trkpt>
			<trkpt lat="47.1854871113" lon="8.6937198377">
				<ele>650.0</ele>
				<time>2026-05-24T07:27:35Z</time>
				<extensions>
					<swisstopo:routepoint_id>735666128</swisstopo:routepoint_id>
				</extensions>
			</trkpt>
			<trkpt lat="47.1854931935" lon="8.6937239983">
				<ele>649.7</ele>
				<time>2026-05-24T07:27:36Z</time>
				<extensions>
					<swisstopo:routepoint_id>1277257517</swisstopo:routepoint_id>
				</extensions>
			</trkpt>
			<trkpt lat="47.1854968363" lon="8.6937277830">
				<ele>649.8</ele>
				<time>2026-05-24T07:27:37Z</time>
				<extensions>
					<swisstopo:routepoint_id>620552807</swisstopo:routepoint_id>
				</extensions>
			</trkpt>
			<trkpt lat="47.1854970510" lon="8.6937381506">
				<ele>649.6</ele>
				<time>2026-05-24T07:27:38Z</time>
				<extensions>
					<swisstopo:routepoint_id>1450437417</swisstopo:routepoint_id>
				</extensions>
			</trkpt>
			<trkpt lat="47.1854948815" lon="8.6937472532">
				<ele>649.6</ele>
				<time>2026-05-24T07:27:39Z</time>
				<extensions>
					<swisstopo:routepoint_id>1414790422</swisstopo:routepoint_id>
				</extensions>
			</trkpt>
			<trkpt lat="47.1854888617" lon="8.6937506910">
				<ele>649.6</ele>
				<time>2026-05-24T07:27:40Z</time>
				<extensions>
					<swisstopo:routepoint_id>1443682970</swisstopo:routepoint_id>
				</extensions>
			</trkpt>
			<trkpt lat="47.1854800707" lon="8.6937526315">
				<ele>649.6</ele>
				<time>2026-05-24T07:27:41Z</time>
				<extensions>
					<swisstopo:routepoint_id>1709432984</swisstopo:routepoint_id>
				</extensions>
			</trkpt>
			<trkpt lat="47.1854699759" lon="8.6937535649">
				<ele>649.8</ele>
				<time>2026-05-24T07:27:42Z</time>
				<extensions>
					<swisstopo:routepoint_id>1403932522</swisstopo:routepoint_id>
				</extensions>
			</trkpt>
			<trkpt lat="47.1854593647" lon="8.6937532873">
				<ele>650.0</ele>
				<time>2026-05-24T07:27:43Z</time>
				<extensions>
					<swisstopo:routepoint_id>1491067665</swisstopo:routepoint_id>
				</extensions>
			</trkpt>
			<trkpt lat="47.1854492456" lon="8.6937522854">
				<ele>650.0</ele>
				<time>2026-05-24T07:27:44Z</time>
				<extensions>
					<swisstopo:routepoint_id>1387568812</swisstopo:routepoint_id>
				</extensions>
			</trkpt>
			<trkpt lat="47.1854400571" lon="8.6937495250">
				<ele>650.2</ele>
				<time>2026-05-24T07:27:45Z</time>
				<extensions>
					<swisstopo:routepoint_id>1344100511</swisstopo:routepoint_id>
				</extensions>
			</trkpt>
			<trkpt lat="47.1854324145" lon="8.6937463758">
				<ele>650.3</ele>
				<time>2026-05-24T07:27:46Z</time>
				<extensions>
					<swisstopo:routepoint_id>916805584</swisstopo:routepoint_id>
				</extensions>
			</trkpt>
			<trkpt lat="47.1854265037" lon="8.6937431614">
				<ele>650.4</ele>
				<time>2026-05-24T07:27:47Z</time>
				<extensions>
					<swisstopo:routepoint_id>556283063</swisstopo:routepoint_id>
				</extensions>
			</trkpt>
			<trkpt lat="47.1854228071" lon="8.6937398416">
				<ele>651.4</ele>
				<time>2026-05-24T07:27:48Z</time>
				<extensions>
					<swisstopo:routepoint_id>1453124450</swisstopo:routepoint_id>
				</extensions>
			</trkpt>
			<trkpt lat="47.1854221953" lon="8.6937386106">
				<ele>652.5</ele>
				<time>2026-05-24T07:27:49Z</time>
				<extensions>
					<swisstopo:routepoint_id>1478597466</swisstopo:routepoint_id>
				</extensions>
			</trkpt>
			<trkpt lat="47.1854234138" lon="8.6937380347">
				<ele>653.2</ele>
				<time>2026-05-24T07:27:50Z</time>
				<extensions>
					<swisstopo:routepoint_id>106847978</swisstopo:routepoint_id>
				</extensions>
			</trkpt>
			<trkpt lat="47.1854259140" lon="8.6937384638">
				<ele>653.7</ele>
				<time>2026-05-24T07:27:51Z</time>
				<extensions>
					<swisstopo:routepoint_id>497637354</swisstopo:routepoint_id>
				</extensions>
			</trkpt>
			<trkpt lat="47.1854293324" lon="8.6937403981">
				<ele>653.9</ele>
				<time>2026-05-24T07:27:52Z</time>
				<extensions>
					<swisstopo:routepoint_id>1489687260</swisstopo:routepoint_id>
				</extensions>
			</trkpt>
			<trkpt lat="47.1854319669" lon="8.6937418715">
				<ele>653.9</ele>
				<time>2026-05-24T07:27:53Z</time>
				<extensions>
					<swisstopo:routepoint_id>1809422094</swisstopo:routepoint_id>
				</extensions>
			</trkpt>
			<trkpt lat="47.1854338895" lon="8.6937430387">
				<ele>653.7</ele>
				<time>2026-05-24T07:27:54Z</time>
				<extensions>
					<swisstopo:routepoint_id>441208691</swisstopo:routepoint_id>
				</extensions>
			</trkpt>
			<trkpt lat="47.1854347345" lon="8.6937440186">
				<ele>653.3</ele>
				<time>2026-05-24T07:27:55Z</time>
				<extensions>
					<swisstopo:routepoint_id>133436546</swisstopo:routepoint_id>
				</extensions>
			</trkpt>
			<trkpt lat="47.1854373928" lon="8.6937491062">
				<ele>652.7</ele>
				<time>2026-05-24T07:27:56Z</time>
				<extensions>
					<swisstopo:routepoint_id>695101154</swisstopo:routepoint_id>
				</extensions>
			</trkpt>
			<trkpt lat="47.1854400718" lon="8.6937542118">
				<ele>652.1</ele>
				<time>2026-05-24T07:27:57Z</time>
				<extensions>
					<swisstopo:routepoint_id>254055598</swisstopo:routepoint_id>
				</extensions>
			</trkpt>
			<trkpt lat="47.1854424967" lon="8.6937587803">
				<ele>651.7</ele>
				<time>2026-05-24T07:27:58Z</time>
				<extensions>
					<swisstopo:routepoint_id>714945350</swisstopo:routepoint_id>
				</extensions>
			</trkpt>
			<trkpt lat="47.1854444794" lon="8.6937624333">
				<ele>651.3</ele>
				<time>2026-05-24T07:27:59Z</time>
				<extensions>
					<swisstopo:routepoint_id>915492485</swisstopo:routepoint_id>
				</extensions>
			</trkpt>
			<trkpt lat="47.1854466091" lon="8.6937664431">
				<ele>650.9</ele>
				<time>2026-05-24T07:28:00Z</time>
				<extensions>
					<swisstopo:routepoint_id>2109348287</swisstopo:routepoint_id>
				</extensions>
			</trkpt>
			<trkpt lat="47.1854504959" lon="8.6937692905">
				<ele>650.3</ele>
				<time>2026-05-24T07:28:01Z</time>
				<extensions>
					<swisstopo:routepoint_id>1156614933</swisstopo:routepoint_id>
				</extensions>
			</trkpt>
			<trkpt lat="47.1854538099" lon="8.6937759127">
				<ele>649.9</ele>
				<time>2026-05-24T07:28:02Z</time>
				<extensions>
					<swisstopo:routepoint_id>205206287</swisstopo:routepoint_id>
				</extensions>
			</trkpt>
			<trkpt lat="47.1854578206" lon="8.6937849603">
				<ele>649.3</ele>
				<time>2026-05-24T07:28:03Z</time>
				<extensions>
					<swisstopo:routepoint_id>43328527</swisstopo:routepoint_id>
				</extensions>
			</trkpt>
			<trkpt lat="47.1854557582" lon="8.6937810150">
				<ele>649.1</ele>
				<time>2026-05-24T07:28:04Z</time>
				<extensions>
					<swisstopo:routepoint_id>225596956</swisstopo:routepoint_id>
				</extensions>
			</trkpt>
			<trkpt lat="47.1854533261" lon="8.6937762630">
				<ele>649.0</ele>
				<time>2026-05-24T07:28:05Z</time>
				<extensions>
					<swisstopo:routepoint_id>1299402537</swisstopo:routepoint_id>
				</extensions>
			</trkpt>
			<trkpt lat="47.1854512353" lon="8.6937722147">
				<ele>649.1</ele>
				<time>2026-05-24T07:28:06Z</time>
				<extensions>
					<swisstopo:routepoint_id>1297233016</swisstopo:routepoint_id>
				</extensions>
			</trkpt>
			<trkpt lat="47.1854469735" lon="8.6937685333">
				<ele>648.7</ele>
				<time>2026-05-24T07:28:07Z</time>
				<extensions>
					<swisstopo:routepoint_id>1341315568</swisstopo:routepoint_id>
				</extensions>
			</trkpt>
			<trkpt lat="47.1854429790" lon="8.6937654074">
				<ele>648.9</ele>
				<time>2026-05-24T07:28:08Z</time>
				<extensions>
					<swisstopo:routepoint_id>1354908817</swisstopo:routepoint_id>
				</extensions>
			</trkpt>
			<trkpt lat="47.1854364244" lon="8.6937559629">
				<ele>649.1</ele>
				<time>2026-05-24T07:28:09Z</time>
				<extensions>
					<swisstopo:routepoint_id>35894531</swisstopo:routepoint_id>
				</extensions>
			</trkpt>
			<trkpt lat="47.1854296232" lon="8.6937444154">
				<ele>649.1</ele>
				<time>2026-05-24T07:28:10Z</time>
				<extensions>
					<swisstopo:routepoint_id>1983961357</swisstopo:routepoint_id>
				</extensions>
			</trkpt>
			<trkpt lat="47.1854254840" lon="8.6937382367">
				<ele>649.1</ele>
				<time>2026-05-24T07:28:11Z</time>
				<extensions>
					<swisstopo:routepoint_id>459940130</swisstopo:routepoint_id>
				</extensions>
			</trkpt>
			<trkpt lat="47.1854224876" lon="8.6937339645">
				<ele>649.2</ele>
				<time>2026-05-24T07:28:12Z</time>
				<extensions>
					<swisstopo:routepoint_id>1420119357</swisstopo:routepoint_id>
				</extensions>
			</trkpt>
			<trkpt lat="47.1854191429" lon="8.6937287320">
				<ele>649.0</ele>
				<time>2026-05-24T07:28:13Z</time>
				<extensions>
					<swisstopo:routepoint_id>812780341</swisstopo:routepoint_id>
				</extensions>
			</trkpt>
			<trkpt lat="47.1854186059" lon="8.6937284277">
				<ele>648.7</ele>
				<time>2026-05-24T07:28:14Z</time>
				<extensions>
					<swisstopo:routepoint_id>255712620</swisstopo:routepoint_id>
				</extensions>
			</trkpt>
			<trkpt lat="47.1854208865" lon="8.6937292697">
				<ele>648.5</ele>
				<time>2026-05-24T07:28:15Z</time>
				<extensions>
					<swisstopo:routepoint_id>647226693</swisstopo:routepoint_id>
				</extensions>
			</trkpt>
			<trkpt lat="47.1854240049" lon="8.6937316158">
				<ele>648.3</ele>
				<time>2026-05-24T07:28:16Z</time>
				<extensions>
					<swisstopo:routepoint_id>934357196</swisstopo:routepoint_id>
				</extensions>
			</trkpt>
			<trkpt lat="47.1854282075" lon="8.6937367945">
				<ele>648.0</ele>
				<time>2026-05-24T07:28:17Z</time>
				<extensions>
					<swisstopo:routepoint_id>1340966308</swisstopo:routepoint_id>
				</extensions>
			</trkpt>
			<trkpt lat="47.1854338962" lon="8.6937456760">
				<ele>648.0</ele>
				<time>2026-05-24T07:28:18Z</time>
				<extensions>
					<swisstopo:routepoint_id>1927346938</swisstopo:routepoint_id>
				</extensions>
			</trkpt>
			<trkpt lat="47.1854394057" lon="8.6937546959">
				<ele>648.0</ele>
				<time>2026-05-24T07:28:19Z</time>
				<extensions>
					<swisstopo:routepoint_id>276655618</swisstopo:routepoint_id>
				</extensions>
			</trkpt>
			<trkpt lat="47.1854448985" lon="8.6937641722">
				<ele>648.1</ele>
				<time>2026-05-24T07:28:20Z</time>
				<extensions>
					<swisstopo:routepoint_id>448875971</swisstopo:routepoint_id>
				</extensions>
			</trkpt>
			<trkpt lat="47.1854467872" lon="8.6937664117">
				<ele>648.5</ele>
				<time>2026-05-24T07:28:21Z</time>
				<extensions>
					<swisstopo:routepoint_id>148392686</swisstopo:routepoint_id>
				</extensions>
			</trkpt>
			<trkpt lat="47.1854481519" lon="8.6937679360">
				<ele>648.7</ele>
				<time>2026-05-24T07:28:22Z</time>
				<extensions>
					<swisstopo:routepoint_id>807359435</swisstopo:routepoint_id>
				</extensions>
			</trkpt>
			<trkpt lat="47.1854479428" lon="8.6937671604">
				<ele>648.9</ele>
				<time>2026-05-24T07:28:23Z</time>
				<extensions>
					<swisstopo:routepoint_id>1488342299</swisstopo:routepoint_id>
				</extensions>
			</trkpt>
			<trkpt lat="47.1854439874" lon="8.6937629872">
				<ele>648.9</ele>
				<time>2026-05-24T07:28:24Z</time>
				<extensions>
					<swisstopo:routepoint_id>679499037</swisstopo:routepoint_id>
				</extensions>
			</trkpt>
			<trkpt lat="47.1854411038" lon="8.6937612916">
				<ele>649.6</ele>
				<time>2026-05-24T07:28:25Z</time>
				<extensions>
					<swisstopo:routepoint_id>22280113</swisstopo:routepoint_id>
				</extensions>
			</trkpt>
			<trkpt lat="47.1854382656" lon="8.6937590925">
				<ele>650.3</ele>
				<time>2026-05-24T07:28:26Z</time>
				<extensions>
					<swisstopo:routepoint_id>799704613</swisstopo:routepoint_id>
				</extensions>
			</trkpt>
			<trkpt lat="47.1854353215" lon="8.6937561096">
				<ele>651.5</ele>
				<time>2026-05-24T07:28:27Z</time>
				<extensions>
					<swisstopo:routepoint_id>1682767765</swisstopo:routepoint_id>
				</extensions>
			</trkpt>
			<trkpt lat="47.1854310997" lon="8.6937497911">
				<ele>652.6</ele>
				<time>2026-05-24T07:28:28Z</time>
				<extensions>
					<swisstopo:routepoint_id>2065679012</swisstopo:routepoint_id>
				</extensions>
			</trkpt>
			<trkpt lat="47.1854269684" lon="8.6937426239">
				<ele>653.8</ele>
				<time>2026-05-24T07:28:29Z</time>
				<extensions>
					<swisstopo:routepoint_id>1646517282</swisstopo:routepoint_id>
				</extensions>
			</trkpt>
			<trkpt lat="47.1854212773" lon="8.6937310455">
				<ele>654.9</ele>
				<time>2026-05-24T07:28:30Z</time>
				<extensions>
					<swisstopo:routepoint_id>541683332</swisstopo:routepoint_id>
				</extensions>
			</trkpt>
			<trkpt lat="47.1854132738" lon="8.6937133004">
				<ele>655.0</ele>
				<time>2026-05-24T07:28:31Z</time>
				<extensions>
					<swisstopo:routepoint_id>888581291</swisstopo:routepoint_id>
				</extensions>
			</trkpt>
			<trkpt lat="47.1854053228" lon="8.6936950971">
				<ele>655.1</ele>
				<time>2026-05-24T07:28:32Z</time>
				<extensions>
					<swisstopo:routepoint_id>784476599</swisstopo:routepoint_id>
				</extensions>
			</trkpt>
			<trkpt lat="47.1853974013" lon="8.6936764008">
				<ele>655.7</ele>
				<time>2026-05-24T07:28:33Z</time>
				<extensions>
					<swisstopo:routepoint_id>1296090460</swisstopo:routepoint_id>
				</extensions>
			</trkpt>
			<trkpt lat="47.1853889683" lon="8.6936552618">
				<ele>655.4</ele>
				<time>2026-05-24T07:28:34Z</time>
				<extensions>
					<swisstopo:routepoint_id>1465729699</swisstopo:routepoint_id>
				</extensions>
			</trkpt>
			<trkpt lat="47.1853804419" lon="8.6936323911">
				<ele>655.1</ele>
				<time>2026-05-24T07:28:35Z</time>
				<extensions>
					<swisstopo:routepoint_id>734136356</swisstopo:routepoint_id>
				</extensions>
			</trkpt>
			<trkpt lat="47.1853704324" lon="8.6936023488">
				<ele>655.3</ele>
				<time>2026-05-24T07:28:36Z</time>
				<extensions>
					<swisstopo:routepoint_id>1336183277</swisstopo:routepoint_id>
				</extensions>
			</trkpt>
			<trkpt lat="47.1853617107" lon="8.6935751608">
				<ele>655.3</ele>
				<time>2026-05-24T07:28:37Z</time>
				<extensions>
					<swisstopo:routepoint_id>995839860</swisstopo:routepoint_id>
				</extensions>
			</trkpt>
			<trkpt lat="47.1853527965" lon="8.6935446985">
				<ele>654.9</ele>
				<time>2026-05-24T07:28:38Z</time>
				<extensions>
					<swisstopo:routepoint_id>1740465949</swisstopo:routepoint_id>
				</extensions>
			</trkpt>
			<trkpt lat="47.1853435011" lon="8.6935096322">
				<ele>654.4</ele>
				<time>2026-05-24T07:28:39Z</time>
				<extensions>
					<swisstopo:routepoint_id>1136449056</swisstopo:routepoint_id>
				</extensions>
			</trkpt>
			<trkpt lat="47.1853345197" lon="8.6934734974">
				<ele>654.1</ele>
				<time>2026-05-24T07:28:40Z</time>
				<extensions>
					<swisstopo:routepoint_id>579727774</swisstopo:routepoint_id>
				</extensions>
			</trkpt>
			<trkpt lat="47.1853253733" lon="8.6934345339">
				<ele>654.3</ele>
				<time>2026-05-24T07:28:41Z</time>
				<extensions>
					<swisstopo:routepoint_id>351391179</swisstopo:routepoint_id>
				</extensions>
			</trkpt>
			<trkpt lat="47.1853163048" lon="8.6933948537">
				<ele>654.0</ele>
				<time>2026-05-24T07:28:42Z</time>
				<extensions>
					<swisstopo:routepoint_id>251516203</swisstopo:routepoint_id>
				</extensions>
			</trkpt>
			<trkpt lat="47.1853070549" lon="8.6933547532">
				<ele>653.7</ele>
				<time>2026-05-24T07:28:43Z</time>
				<extensions>
					<swisstopo:routepoint_id>985006525</swisstopo:routepoint_id>
				</extensions>
			</trkpt>
			<trkpt lat="47.1852983469" lon="8.6933172148">
				<ele>653.9</ele>
				<time>2026-05-24T07:28:44Z</time>
				<extensions>
					<swisstopo:routepoint_id>53230952</swisstopo:routepoint_id>
				</extensions>
			</trkpt>
			<trkpt lat="47.1852895365" lon="8.6932808984">
				<ele>654.0</ele>
				<time>2026-05-24T07:28:45Z</time>
				<extensions>
					<swisstopo:routepoint_id>1299413112</swisstopo:routepoint_id>
				</extensions>
			</trkpt>
			<trkpt lat="47.1852797656" lon="8.6932436164">
				<ele>654.3</ele>
				<time>2026-05-24T07:28:46Z</time>
				<extensions>
					<swisstopo:routepoint_id>1474967041</swisstopo:routepoint_id>
				</extensions>
			</trkpt>
			<trkpt lat="47.1852699000" lon="8.6932078438">
				<ele>654.8</ele>
				<time>2026-05-24T07:28:47Z</time>
				<extensions>
					<swisstopo:routepoint_id>1367320766</swisstopo:routepoint_id>
				</extensions>
			</trkpt>
			<trkpt lat="47.1852595741" lon="8.6931722294">
				<ele>654.8</ele>
				<time>2026-05-24T07:28:48Z</time>
				<extensions>
					<swisstopo:routepoint_id>337607615</swisstopo:routepoint_id>
				</extensions>
			</trkpt>
			<trkpt lat="47.1852485786" lon="8.6931367594">
				<ele>654.7</ele>
				<time>2026-05-24T07:28:49Z</time>
				<extensions>
					<swisstopo:routepoint_id>519389931</swisstopo:routepoint_id>
				</extensions>
			</trkpt>
			<trkpt lat="47.1852363004" lon="8.6930995671">
				<ele>654.4</ele>
				<time>2026-05-24T07:28:50Z</time>
				<extensions>
					<swisstopo:routepoint_id>2013028909</swisstopo:routepoint_id>
				</extensions>
			</trkpt>
			<trkpt lat="47.1852246335" lon="8.6930654865">
				<ele>654.5</ele>
				<time>2026-05-24T07:28:51Z</time>
				<extensions>
					<swisstopo:routepoint_id>1519498725</swisstopo:routepoint_id>
				</extensions>
			</trkpt>
			<trkpt lat="47.1852135148" lon="8.6930340554">
				<ele>655.2</ele>
				<time>2026-05-24T07:28:52Z</time>
				<extensions>
					<swisstopo:routepoint_id>339540951</swisstopo:routepoint_id>
				</extensions>
			</trkpt>
			<trkpt lat="47.1852016623" lon="8.6930015282">
				<ele>655.3</ele>
				<time>2026-05-24T07:28:53Z</time>
				<extensions>
					<swisstopo:routepoint_id>800713378</swisstopo:routepoint_id>
				</extensions>
			</trkpt>
			<trkpt lat="47.1851898451" lon="8.6929670085">
				<ele>654.9</ele>
				<time>2026-05-24T07:28:54Z</time>
				<extensions>
					<swisstopo:routepoint_id>1457211944</swisstopo:routepoint_id>
				</extensions>
			</trkpt>
			<trkpt lat="47.1851776081" lon="8.6929354886">
				<ele>654.8</ele>
				<time>2026-05-24T07:28:55Z</time>
				<extensions>
					<swisstopo:routepoint_id>1457632420</swisstopo:routepoint_id>
				</extensions>
			</trkpt>
			<trkpt lat="47.1851655995" lon="8.6929032024">
				<ele>654.6</ele>
				<time>2026-05-24T07:28:56Z</time>
				<extensions>
					<swisstopo:routepoint_id>2082121611</swisstopo:routepoint_id>
				</extensions>
			</trkpt>
			<trkpt lat="47.1851538084" lon="8.6928710998">
				<ele>654.8</ele>
				<time>2026-05-24T07:28:57Z</time>
				<extensions>
					<swisstopo:routepoint_id>971888212</swisstopo:routepoint_id>
				</extensions>
			</trkpt>
			<trkpt lat="47.1851403570" lon="8.6928388585">
				<ele>654.4</ele>
				<time>2026-05-24T07:28:58Z</time>
				<extensions>
					<swisstopo:routepoint_id>764560002</swisstopo:routepoint_id>
				</extensions>
			</trkpt>
			<trkpt lat="47.1851259891" lon="8.6928051241">
				<ele>654.1</ele>
				<time>2026-05-24T07:28:59Z</time>
				<extensions>
					<swisstopo:routepoint_id>1565293613</swisstopo:routepoint_id>
				</extensions>
			</trkpt>
			<trkpt lat="47.1851119972" lon="8.6927725769">
				<ele>654.5</ele>
				<time>2026-05-24T07:29:00Z</time>
				<extensions>
					<swisstopo:routepoint_id>1215077941</swisstopo:routepoint_id>
				</extensions>
			</trkpt>
			<trkpt lat="47.1850980304" lon="8.6927402540">
				<ele>654.9</ele>
				<time>2026-05-24T07:29:01Z</time>
				<extensions>
					<swisstopo:routepoint_id>1392955064</swisstopo:routepoint_id>
				</extensions>
			</trkpt>
			<trkpt lat="47.1850848420" lon="8.6927098999">
				<ele>655.3</ele>
				<time>2026-05-24T07:29:02Z</time>
				<extensions>
					<swisstopo:routepoint_id>1676524701</swisstopo:routepoint_id>
				</extensions>
			</trkpt>
			<trkpt lat="47.1850714304" lon="8.6926796083">
				<ele>655.6</ele>
				<time>2026-05-24T07:29:03Z</time>
				<extensions>
					<swisstopo:routepoint_id>217717420</swisstopo:routepoint_id>
				</extensions>
			</trkpt>
			<trkpt lat="47.1850583793" lon="8.6926505586">
				<ele>656.0</ele>
				<time>2026-05-24T07:29:04Z</time>
				<extensions>
					<swisstopo:routepoint_id>2012027099</swisstopo:routepoint_id>
				</extensions>
			</trkpt>
			<trkpt lat="47.1850457649" lon="8.6926231204">
				<ele>656.4</ele>
				<time>2026-05-24T07:29:05Z</time>
				<extensions>
					<swisstopo:routepoint_id>1861947231</swisstopo:routepoint_id>
				</extensions>
			</trkpt>
			<trkpt lat="47.1850318169" lon="8.6925934483">
				<ele>656.7</ele>
				<time>2026-05-24T07:29:06Z</time>
				<extensions>
					<swisstopo:routepoint_id>615407333</swisstopo:routepoint_id>
				</extensions>
			</trkpt>
			<trkpt lat="47.1850177626" lon="8.6925643317">
				<ele>656.9</ele>
				<time>2026-05-24T07:29:07Z</time>
				<extensions>
					<swisstopo:routepoint_id>869801779</swisstopo:routepoint_id>
				</extensions>
			</trkpt>
			<trkpt lat="47.1850030732" lon="8.6925318316">
				<ele>656.5</ele>
				<time>2026-05-24T07:29:08Z</time>
				<extensions>
					<swisstopo:routepoint_id>837314524</swisstopo:routepoint_id>
				</extensions>
			</trkpt>
			<trkpt lat="47.1849887062" lon="8.6925000438">
				<ele>656.1</ele>
				<time>2026-05-24T07:29:09Z</time>
				<extensions>
					<swisstopo:routepoint_id>284866077</swisstopo:routepoint_id>
				</extensions>
			</trkpt>
			<trkpt lat="47.1849759485" lon="8.6924703973">
				<ele>656.2</ele>
				<time>2026-05-24T07:29:10Z</time>
				<extensions>
					<swisstopo:routepoint_id>1003106976</swisstopo:routepoint_id>
				</extensions>
			</trkpt>
			<trkpt lat="47.1849643505" lon="8.6924437504">
				<ele>656.3</ele>
				<time>2026-05-24T07:29:11Z</time>
				<extensions>
					<swisstopo:routepoint_id>1472316682</swisstopo:routepoint_id>
				</extensions>
			</trkpt>
			<trkpt lat="47.1849518264" lon="8.6924160604">
				<ele>656.3</ele>
				<time>2026-05-24T07:29:12Z</time>
				<extensions>
					<swisstopo:routepoint_id>1919893640</swisstopo:routepoint_id>
				</extensions>
			</trkpt>
			<trkpt lat="47.1849382000" lon="8.6923895712">
				<ele>656.3</ele>
				<time>2026-05-24T07:29:13Z</time>
				<extensions>
					<swisstopo:routepoint_id>1710611305</swisstopo:routepoint_id>
				</extensions>
			</trkpt>
			<trkpt lat="47.1849226920" lon="8.6923620072">
				<ele>655.8</ele>
				<time>2026-05-24T07:29:14Z</time>
				<extensions>
					<swisstopo:routepoint_id>1880620746</swisstopo:routepoint_id>
				</extensions>
			</trkpt>
			<trkpt lat="47.1849072694" lon="8.6923346576">
				<ele>655.4</ele>
				<time>2026-05-24T07:29:15Z</time>
				<extensions>
					<swisstopo:routepoint_id>928561476</swisstopo:routepoint_id>
				</extensions>
			</trkpt>
			<trkpt lat="47.1848912387" lon="8.6923088588">
				<ele>655.8</ele>
				<time>2026-05-24T07:29:16Z</time>
				<extensions>
					<swisstopo:routepoint_id>569064383</swisstopo:routepoint_id>
				</extensions>
			</trkpt>
			<trkpt lat="47.1848730429" lon="8.6922867070">
				<ele>655.9</ele>
				<time>2026-05-24T07:29:17Z</time>
				<extensions>
					<swisstopo:routepoint_id>1520404990</swisstopo:routepoint_id>
				</extensions>
			</trkpt>
			<trkpt lat="47.1848522458" lon="8.6922677036">
				<ele>655.9</ele>
				<time>2026-05-24T07:29:18Z</time>
				<extensions>
					<swisstopo:routepoint_id>538751277</swisstopo:routepoint_id>
				</extensions>
			</trkpt>
			<trkpt lat="47.1848281082" lon="8.6922507658">
				<ele>655.8</ele>
				<time>2026-05-24T07:29:19Z</time>
				<extensions>
					<swisstopo:routepoint_id>1001656787</swisstopo:routepoint_id>
				</extensions>
			</trkpt>
			<trkpt lat="47.1848034072" lon="8.6922364349">
				<ele>656.2</ele>
				<time>2026-05-24T07:29:20Z</time>
				<extensions>
					<swisstopo:routepoint_id>721310276</swisstopo:routepoint_id>
				</extensions>
			</trkpt>
			<trkpt lat="47.1847776768" lon="8.6922238787">
				<ele>656.7</ele>
				<time>2026-05-24T07:29:21Z</time>
				<extensions>
					<swisstopo:routepoint_id>516621417</swisstopo:routepoint_id>
				</extensions>
			</trkpt>
			<trkpt lat="47.1847516626" lon="8.6922128809">
				<ele>657.1</ele>
				<time>2026-05-24T07:29:22Z</time>
				<extensions>
					<swisstopo:routepoint_id>579770698</swisstopo:routepoint_id>
				</extensions>
			</trkpt>
			<trkpt lat="47.1847261288" lon="8.6922033121">
				<ele>657.5</ele>
				<time>2026-05-24T07:29:23Z</time>
				<extensions>
					<swisstopo:routepoint_id>1072814847</swisstopo:routepoint_id>
				</extensions>
			</trkpt>
			<trkpt lat="47.1847005493" lon="8.6921945442">
				<ele>657.9</ele>
				<time>2026-05-24T07:29:24Z</time>
				<extensions>
					<swisstopo:routepoint_id>526433317</swisstopo:routepoint_id>
				</extensions>
			</trkpt>
			<trkpt lat="47.1846769178" lon="8.6921871430">
				<ele>658.4</ele>
				<time>2026-05-24T07:29:25Z</time>
				<extensions>
					<swisstopo:routepoint_id>132133179</swisstopo:routepoint_id>
				</extensions>
			</trkpt>
			<trkpt lat="47.1846554799" lon="8.6921809613">
				<ele>659.3</ele>
				<time>2026-05-24T07:29:26Z</time>
				<extensions>
					<swisstopo:routepoint_id>264248455</swisstopo:routepoint_id>
				</extensions>
			</trkpt>
			<trkpt lat="47.1846335027" lon="8.6921745838">
				<ele>660.1</ele>
				<time>2026-05-24T07:29:27Z</time>
				<extensions>
					<swisstopo:routepoint_id>227601189</swisstopo:routepoint_id>
				</extensions>
			</trkpt>
			<trkpt lat="47.1846115639" lon="8.6921681204">
				<ele>660.5</ele>
				<time>2026-05-24T07:29:28Z</time>
				<extensions>
					<swisstopo:routepoint_id>624808216</swisstopo:routepoint_id>
				</extensions>
			</trkpt>
			<trkpt lat="47.1845957527" lon="8.6921644514">
				<ele>661.0</ele>
				<time>2026-05-24T07:29:29Z</time>
				<extensions>
					<swisstopo:routepoint_id>2104136129</swisstopo:routepoint_id>
				</extensions>
			</trkpt>
			<trkpt lat="47.1845854916" lon="8.6921543719">
				<ele>661.1</ele>
				<time>2026-05-24T07:29:30Z</time>
				<extensions>
					<swisstopo:routepoint_id>1602704954</swisstopo:routepoint_id>
				</extensions>
			</trkpt>
			<trkpt lat="47.1845798455" lon="8.6921366759">
				<ele>661.4</ele>
				<time>2026-05-24T07:29:31Z</time>
				<extensions>
					<swisstopo:routepoint_id>774777557</swisstopo:routepoint_id>
				</extensions>
			</trkpt>
			<trkpt lat="47.1845778794" lon="8.6921134029">
				<ele>661.1</ele>
				<time>2026-05-24T07:29:32Z</time>
				<extensions>
					<swisstopo:routepoint_id>1493048738</swisstopo:routepoint_id>
				</extensions>
			</trkpt>
			<trkpt lat="47.1845789063" lon="8.6920846959">
				<ele>660.7</ele>
				<time>2026-05-24T07:29:33Z</time>
				<extensions>
					<swisstopo:routepoint_id>323724371</swisstopo:routepoint_id>
				</extensions>
			</trkpt>
			<trkpt lat="47.1845821202" lon="8.6920528352">
				<ele>660.6</ele>
				<time>2026-05-24T07:29:34Z</time>
				<extensions>
					<swisstopo:routepoint_id>1259425546</swisstopo:routepoint_id>
				</extensions>
			</trkpt>
			<trkpt lat="47.1845867096" lon="8.6920210434">
				<ele>660.4</ele>
				<time>2026-05-24T07:29:35Z</time>
				<extensions>
					<swisstopo:routepoint_id>1566326790</swisstopo:routepoint_id>
				</extensions>
			</trkpt>
			<trkpt lat="47.1845921806" lon="8.6919899951">
				<ele>660.4</ele>
				<time>2026-05-24T07:29:36Z</time>
				<extensions>
					<swisstopo:routepoint_id>1399814604</swisstopo:routepoint_id>
				</extensions>
			</trkpt>
			<trkpt lat="47.1845983347" lon="8.6919580049">
				<ele>659.9</ele>
				<time>2026-05-24T07:29:37Z</time>
				<extensions>
					<swisstopo:routepoint_id>1000696543</swisstopo:routepoint_id>
				</extensions>
			</trkpt>
			<trkpt lat="47.1846048199" lon="8.6919257754">
				<ele>659.3</ele>
				<time>2026-05-24T07:29:38Z</time>
				<extensions>
					<swisstopo:routepoint_id>1762358544</swisstopo:routepoint_id>
				</extensions>
			</trkpt>
			<trkpt lat="47.1846113907" lon="8.6918967209">
				<ele>658.8</ele>
				<time>2026-05-24T07:29:39Z</time>
				<extensions>
					<swisstopo:routepoint_id>1865589584</swisstopo:routepoint_id>
				</extensions>
			</trkpt>
			<trkpt lat="47.1846187591" lon="8.6918654169">
				<ele>658.4</ele>
				<time>2026-05-24T07:29:40Z</time>
				<extensions>
					<swisstopo:routepoint_id>1702892088</swisstopo:routepoint_id>
				</extensions>
			</trkpt>
			<trkpt lat="47.1846258959" lon="8.6918309724">
				<ele>658.0</ele>
				<time>2026-05-24T07:29:41Z</time>
				<extensions>
					<swisstopo:routepoint_id>992759447</swisstopo:routepoint_id>
				</extensions>
			</trkpt>
			<trkpt lat="47.1846320732" lon="8.6917950459">
				<ele>657.9</ele>
				<time>2026-05-24T07:29:42Z</time>
				<extensions>
					<swisstopo:routepoint_id>1507572186</swisstopo:routepoint_id>
				</extensions>
			</trkpt>
			<trkpt lat="47.1846383048" lon="8.6917595928">
				<ele>657.9</ele>
				<time>2026-05-24T07:29:43Z</time>
				<extensions>
					<swisstopo:routepoint_id>1753662796</swisstopo:routepoint_id>
				</extensions>
			</trkpt>
			<trkpt lat="47.1846438217" lon="8.6917227756">
				<ele>657.9</ele>
				<time>2026-05-24T07:29:44Z</time>
				<extensions>
					<swisstopo:routepoint_id>1745040944</swisstopo:routepoint_id>
				</extensions>
			</trkpt>
			<trkpt lat="47.1846502084" lon="8.6916847469">
				<ele>658.1</ele>
				<time>2026-05-24T07:29:45Z</time>
				<extensions>
					<swisstopo:routepoint_id>718978729</swisstopo:routepoint_id>
				</extensions>
			</trkpt>
			<trkpt lat="47.1846563620" lon="8.6916441536">
				<ele>658.0</ele>
				<time>2026-05-24T07:29:46Z</time>
				<extensions>
					<swisstopo:routepoint_id>2132500281</swisstopo:routepoint_id>
				</extensions>
			</trkpt>
			<trkpt lat="47.1846610780" lon="8.6916033632">
				<ele>657.9</ele>
				<time>2026-05-24T07:29:47Z</time>
				<extensions>
					<swisstopo:routepoint_id>1577637984</swisstopo:routepoint_id>
				</extensions>
			</trkpt>
			<trkpt lat="47.1846651047" lon="8.6915657727">
				<ele>658.1</ele>
				<time>2026-05-24T07:29:48Z</time>
				<extensions>
					<swisstopo:routepoint_id>381007579</swisstopo:routepoint_id>
				</extensions>
			</trkpt>
			<trkpt lat="47.1846687632" lon="8.6915299735">
				<ele>658.3</ele>
				<time>2026-05-24T07:29:49Z</time>
				<extensions>
					<swisstopo:routepoint_id>1945628546</swisstopo:routepoint_id>
				</extensions>
			</trkpt>
			<trkpt lat="47.1846720856" lon="8.6914961135">
				<ele>658.5</ele>
				<time>2026-05-24T07:29:50Z</time>
				<extensions>
					<swisstopo:routepoint_id>445479753</swisstopo:routepoint_id>
				</extensions>
			</trkpt>
			<trkpt lat="47.1846750657" lon="8.6914646412">
				<ele>658.8</ele>
				<time>2026-05-24T07:29:51Z</time>
				<extensions>
					<swisstopo:routepoint_id>1050215229</swisstopo:routepoint_id>
				</extensions>
			</trkpt>
			<trkpt lat="47.1846775311" lon="8.6914377326">
				<ele>658.9</ele>
				<time>2026-05-24T07:29:52Z</time>
				<extensions>
					<swisstopo:routepoint_id>799259110</swisstopo:routepoint_id>
				</extensions>
			</trkpt>
			<trkpt lat="47.1846750188" lon="8.6914446700">
				<ele>659.2</ele>
				<time>2026-05-24T07:29:52Z</time>
				<extensions>
					<swisstopo:routepoint_id>637649785</swisstopo:routepoint_id>
				</extensions>
			</trkpt>
			<trkpt lat="47.1846750176" lon="8.6914446821">
				<ele>659.2</ele>
				<time>2026-05-24T07:29:53Z</time>
				<extensions>
					<swisstopo:routepoint_id>1036537965</swisstopo:routepoint_id>
				</extensions>
			</trkpt>
			<trkpt lat="47.1846750283" lon="8.6914445679">
				<ele>659.2</ele>
				<time>2026-05-24T07:29:54Z</time>
				<extensions>
					<swisstopo:routepoint_id>706233291</swisstopo:routepoint_id>
				</extensions>
			</trkpt>
			<trkpt lat="47.1846751107" lon="8.6914436800">
				<ele>659.2</ele>
				<time>2026-05-24T07:29:55Z</time>
				<extensions>
					<swisstopo:routepoint_id>520804868</swisstopo:routepoint_id>
				</extensions>
			</trkpt>
			<trkpt lat="47.1846753603" lon="8.6914409923">
				<ele>659.2</ele>
				<time>2026-05-24T07:29:56Z</time>
				<extensions>
					<swisstopo:routepoint_id>24071304</swisstopo:routepoint_id>
				</extensions>
			</trkpt>
			<trkpt lat="47.1846758586" lon="8.6914356260">
				<ele>659.2</ele>
				<time>2026-05-24T07:29:57Z</time>
				<extensions>
					<swisstopo:routepoint_id>839480692</swisstopo:routepoint_id>
				</extensions>
			</trkpt>
			<trkpt lat="47.1846767241" lon="8.6914263056">
				<ele>659.1</ele>
				<time>2026-05-24T07:29:58Z</time>
				<extensions>
					<swisstopo:routepoint_id>184429654</swisstopo:routepoint_id>
				</extensions>
			</trkpt>
			<trkpt lat="47.1846777943" lon="8.6914147815">
				<ele>659.0</ele>
				<time>2026-05-24T07:29:59Z</time>
				<extensions>
					<swisstopo:routepoint_id>890292157</swisstopo:routepoint_id>
				</extensions>
			</trkpt>
			<trkpt lat="47.1846788977" lon="8.6914028999">
				<ele>658.9</ele>
				<time>2026-05-24T07:30:00Z</time>
				<extensions>
					<swisstopo:routepoint_id>1621714050</swisstopo:routepoint_id>
				</extensions>
			</trkpt>
			<trkpt lat="47.1846799030" lon="8.6913920737">
				<ele>658.7</ele>
				<time>2026-05-24T07:30:01Z</time>
				<extensions>
					<swisstopo:routepoint_id>285590626</swisstopo:routepoint_id>
				</extensions>
			</trkpt>
			<trkpt lat="47.1846807449" lon="8.6913830075">
				<ele>658.5</ele>
				<time>2026-05-24T07:30:02Z</time>
				<extensions>
					<swisstopo:routepoint_id>295700137</swisstopo:routepoint_id>
				</extensions>
			</trkpt>
			<trkpt lat="47.1846814034" lon="8.6913759171">
				<ele>658.3</ele>
				<time>2026-05-24T07:30:03Z</time>
				<extensions>
					<swisstopo:routepoint_id>555043401</swisstopo:routepoint_id>
				</extensions>
			</trkpt>
			<trkpt lat="47.1846818477" lon="8.6913711325">
				<ele>658.2</ele>
				<time>2026-05-24T07:30:04Z</time>
				<extensions>
					<swisstopo:routepoint_id>2092961686</swisstopo:routepoint_id>
				</extensions>
			</trkpt>
			<trkpt lat="47.1846821390" lon="8.6913679955">
				<ele>658.1</ele>
				<time>2026-05-24T07:30:05Z</time>
				<extensions>
					<swisstopo:routepoint_id>624918742</swisstopo:routepoint_id>
				</extensions>
			</trkpt>
			<trkpt lat="47.1846823531" lon="8.6913656901">
				<ele>657.8</ele>
				<time>2026-05-24T07:30:06Z</time>
				<extensions>
					<swisstopo:routepoint_id>1814262964</swisstopo:routepoint_id>
				</extensions>
			</trkpt>
			<trkpt lat="47.1846824673" lon="8.6913644597">
				<ele>657.5</ele>
				<time>2026-05-24T07:30:07Z</time>
				<extensions>
					<swisstopo:routepoint_id>197332195</swisstopo:routepoint_id>
				</extensions>
			</trkpt>
			<trkpt lat="47.1846823555" lon="8.6913656639">
				<ele>657.2</ele>
				<time>2026-05-24T07:30:08Z</time>
				<extensions>
					<swisstopo:routepoint_id>847450397</swisstopo:routepoint_id>
				</extensions>
			</trkpt>
			<trkpt lat="47.1846821152" lon="8.6913682515">
				<ele>657.1</ele>
				<time>2026-05-24T07:30:09Z</time>
				<extensions>
					<swisstopo:routepoint_id>987275475</swisstopo:routepoint_id>
				</extensions>
			</trkpt>
			<trkpt lat="47.1846817870" lon="8.6913717855">
				<ele>657.0</ele>
				<time>2026-05-24T07:30:10Z</time>
				<extensions>
					<swisstopo:routepoint_id>1680251603</swisstopo:routepoint_id>
				</extensions>
			</trkpt>
			<trkpt lat="47.1846813519" lon="8.6913764709">
				<ele>657.1</ele>
				<time>2026-05-24T07:30:11Z</time>
				<extensions>
					<swisstopo:routepoint_id>578733571</swisstopo:routepoint_id>
				</extensions>
			</trkpt>
			<trkpt lat="47.1846809371" lon="8.6913809377">
				<ele>657.2</ele>
				<time>2026-05-24T07:30:12Z</time>
				<extensions>
					<swisstopo:routepoint_id>821690534</swisstopo:routepoint_id>
				</extensions>
			</trkpt>
			<trkpt lat="47.1846804732" lon="8.6913859330">
				<ele>657.3</ele>
				<time>2026-05-24T07:30:13Z</time>
				<extensions>
					<swisstopo:routepoint_id>1832954728</swisstopo:routepoint_id>
				</extensions>
			</trkpt>
			<trkpt lat="47.1846800173" lon="8.6913908427">
				<ele>657.5</ele>
				<time>2026-05-24T07:30:14Z</time>
				<extensions>
					<swisstopo:routepoint_id>817197281</swisstopo:routepoint_id>
				</extensions>
			</trkpt>
			<trkpt lat="47.1846797426" lon="8.6913938005">
				<ele>657.1</ele>
				<time>2026-05-24T07:30:15Z</time>
				<extensions>
					<swisstopo:routepoint_id>1476779202</swisstopo:routepoint_id>
				</extensions>
			</trkpt>
			<trkpt lat="47.1846795767" lon="8.6913955879">
				<ele>656.5</ele>
				<time>2026-05-24T07:30:16Z</time>
				<extensions>
					<swisstopo:routepoint_id>1759539635</swisstopo:routepoint_id>
				</extensions>
			</trkpt>
			<trkpt lat="47.1846796282" lon="8.6913950332">
				<ele>656.0</ele>
				<time>2026-05-24T07:30:17Z</time>
				<extensions>
					<swisstopo:routepoint_id>1732826255</swisstopo:routepoint_id>
				</extensions>
			</trkpt>
			<trkpt lat="47.1846795427" lon="8.6913959536">
				<ele>655.9</ele>
				<time>2026-05-24T07:30:18Z</time>
				<extensions>
					<swisstopo:routepoint_id>1585130818</swisstopo:routepoint_id>
				</extensions>
			</trkpt>
			<trkpt lat="47.1846791206" lon="8.6914004986">
				<ele>655.8</ele>
				<time>2026-05-24T07:30:19Z</time>
				<extensions>
					<swisstopo:routepoint_id>1759017091</swisstopo:routepoint_id>
				</extensions>
			</trkpt>
			<trkpt lat="47.1846788243" lon="8.6914036899">
				<ele>655.7</ele>
				<time>2026-05-24T07:30:20Z</time>
				<extensions>
					<swisstopo:routepoint_id>1540363835</swisstopo:routepoint_id>
				</extensions>
			</trkpt>
			<trkpt lat="47.1846781610" lon="8.6914059855">
				<ele>655.7</ele>
				<time>2026-05-24T07:30:21Z</time>
				<extensions>
					<swisstopo:routepoint_id>979610260</swisstopo:routepoint_id>
				</extensions>
			</trkpt>
			<trkpt lat="47.1846782490" lon="8.6914050128">
				<ele>655.7</ele>
				<time>2026-05-24T07:30:22Z</time>
				<extensions>
					<swisstopo:routepoint_id>1700001918</swisstopo:routepoint_id>
				</extensions>
			</trkpt>
			<trkpt lat="47.1846784565" lon="8.6914035637">
				<ele>655.7</ele>
				<time>2026-05-24T07:30:23Z</time>
				<extensions>
					<swisstopo:routepoint_id>1809796138</swisstopo:routepoint_id>
				</extensions>
			</trkpt>
			<trkpt lat="47.1846785882" lon="8.6914028847">
				<ele>655.9</ele>
				<time>2026-05-24T07:30:24Z</time>
				<extensions>
					<swisstopo:routepoint_id>285315258</swisstopo:routepoint_id>
				</extensions>
			</trkpt>
			<trkpt lat="47.1846788891" lon="8.6914003218">
				<ele>656.0</ele>
				<time>2026-05-24T07:30:25Z</time>
				<extensions>
					<swisstopo:routepoint_id>2110041102</swisstopo:routepoint_id>
				</extensions>
			</trkpt>
			<trkpt lat="47.1846792601" lon="8.6913969302">
				<ele>656.1</ele>
				<time>2026-05-24T07:30:26Z</time>
				<extensions>
					<swisstopo:routepoint_id>2063338403</swisstopo:routepoint_id>
				</extensions>
			</trkpt>
			<trkpt lat="47.1846796270" lon="8.6913935052">
				<ele>656.2</ele>
				<time>2026-05-24T07:30:27Z</time>
				<extensions>
					<swisstopo:routepoint_id>962607465</swisstopo:routepoint_id>
				</extensions>
			</trkpt>
			<trkpt lat="47.1846797066" lon="8.6913930958">
				<ele>656.4</ele>
				<time>2026-05-24T07:30:28Z</time>
				<extensions>
					<swisstopo:routepoint_id>1549351404</swisstopo:routepoint_id>
				</extensions>
			</trkpt>
			<trkpt lat="47.1846796967" lon="8.6913935750">
				<ele>656.4</ele>
				<time>2026-05-24T07:30:29Z</time>
				<extensions>
					<swisstopo:routepoint_id>1709827153</swisstopo:routepoint_id>
				</extensions>
			</trkpt>
			<trkpt lat="47.1846796977" lon="8.6913938672">
				<ele>656.5</ele>
				<time>2026-05-24T07:30:30Z</time>
				<extensions>
					<swisstopo:routepoint_id>1586279964</swisstopo:routepoint_id>
				</extensions>
			</trkpt>
			<trkpt lat="47.1846796498" lon="8.6913946224">
				<ele>656.6</ele>
				<time>2026-05-24T07:30:31Z</time>
				<extensions>
					<swisstopo:routepoint_id>1745361090</swisstopo:routepoint_id>
				</extensions>
			</trkpt>
			<trkpt lat="47.1846796195" lon="8.6913951313">
				<ele>656.7</ele>
				<time>2026-05-24T07:30:32Z</time>
				<extensions>
					<swisstopo:routepoint_id>1804705257</swisstopo:routepoint_id>
				</extensions>
			</trkpt>
			<trkpt lat="47.1846792802" lon="8.6913954910">
				<ele>656.8</ele>
				<time>2026-05-24T07:30:33Z</time>
				<extensions>
					<swisstopo:routepoint_id>622224171</swisstopo:routepoint_id>
				</extensions>
			</trkpt>
			<trkpt lat="47.1846761274" lon="8.6913952396">
				<ele>656.9</ele>
				<time>2026-05-24T07:30:34Z</time>
				<extensions>
					<swisstopo:routepoint_id>1623764754</swisstopo:routepoint_id>
				</extensions>
			</trkpt>
			<trkpt lat="47.1846730127" lon="8.6913949448">
				<ele>657.0</ele>
				<time>2026-05-24T07:30:35Z</time>
				<extensions>
					<swisstopo:routepoint_id>392034402</swisstopo:routepoint_id>
				</extensions>
			</trkpt>
			<trkpt lat="47.1846704034" lon="8.6913947005">
				<ele>657.0</ele>
				<time>2026-05-24T07:30:36Z</time>
				<extensions>
					<swisstopo:routepoint_id>442365418</swisstopo:routepoint_id>
				</extensions>
			</trkpt>
			<trkpt lat="47.1846697064" lon="8.6913932886">
				<ele>657.1</ele>
				<time>2026-05-24T07:30:37Z</time>
				<extensions>
					<swisstopo:routepoint_id>247194412</swisstopo:routepoint_id>
				</extensions>
			</trkpt>
			<trkpt lat="47.1846694508" lon="8.6913919128">
				<ele>657.2</ele>
				<time>2026-05-24T07:30:38Z</time>
				<extensions>
					<swisstopo:routepoint_id>1363109186</swisstopo:routepoint_id>
				</extensions>
			</trkpt>
			<trkpt lat="47.1846695204" lon="8.6913912275">
				<ele>657.4</ele>
				<time>2026-05-24T07:30:39Z</time>
				<extensions>
					<swisstopo:routepoint_id>420542906</swisstopo:routepoint_id>
				</extensions>
			</trkpt>
			<trkpt lat="47.1846698684" lon="8.6913904594">
				<ele>657.5</ele>
				<time>2026-05-24T07:30:40Z</time>
				<extensions>
					<swisstopo:routepoint_id>695938865</swisstopo:routepoint_id>
				</extensions>
			</trkpt>
			<trkpt lat="47.1846687968" lon="8.6913901280">
				<ele>657.7</ele>
				<time>2026-05-24T07:30:41Z</time>
				<extensions>
					<swisstopo:routepoint_id>1448562493</swisstopo:routepoint_id>
				</extensions>
			</trkpt>
			<trkpt lat="47.1846680100" lon="8.6913895961">
				<ele>657.7</ele>
				<time>2026-05-24T07:30:42Z</time>
				<extensions>
					<swisstopo:routepoint_id>2115197459</swisstopo:routepoint_id>
				</extensions>
			</trkpt>
			<trkpt lat="47.1846669579" lon="8.6913837452">
				<ele>657.8</ele>
				<time>2026-05-24T07:30:43Z</time>
				<extensions>
					<swisstopo:routepoint_id>679400975</swisstopo:routepoint_id>
				</extensions>
			</trkpt>
			<trkpt lat="47.1846671611" lon="8.6913806548">
				<ele>657.9</ele>
				<time>2026-05-24T07:30:44Z</time>
				<extensions>
					<swisstopo:routepoint_id>521635726</swisstopo:routepoint_id>
				</extensions>
			</trkpt>
			<trkpt lat="47.1846670795" lon="8.6913795075">
				<ele>657.9</ele>
				<time>2026-05-24T07:30:45Z</time>
				<extensions>
					<swisstopo:routepoint_id>1103399828</swisstopo:routepoint_id>
				</extensions>
			</trkpt>
			<trkpt lat="47.1846667360" lon="8.6913793083">
				<ele>657.9</ele>
				<time>2026-05-24T07:30:46Z</time>
				<extensions>
					<swisstopo:routepoint_id>1319617351</swisstopo:routepoint_id>
				</extensions>
			</trkpt>
			<trkpt lat="47.1846666516" lon="8.6913787653">
				<ele>657.9</ele>
				<time>2026-05-24T07:30:47Z</time>
				<extensions>
					<swisstopo:routepoint_id>1745195688</swisstopo:routepoint_id>
				</extensions>
			</trkpt>
			<trkpt lat="47.1846668666" lon="8.6913788199">
				<ele>657.9</ele>
				<time>2026-05-24T07:30:48Z</time>
				<extensions>
					<swisstopo:routepoint_id>1172277490</swisstopo:routepoint_id>
				</extensions>
			</trkpt>
			<trkpt lat="47.1846668445" lon="8.6913786780">
				<ele>657.9</ele>
				<time>2026-05-24T07:30:49Z</time>
				<extensions>
					<swisstopo:routepoint_id>1452796852</swisstopo:routepoint_id>
				</extensions>
			</trkpt>
			<trkpt lat="47.1846668176" lon="8.6913786047">
				<ele>657.8</ele>
				<time>2026-05-24T07:30:50Z</time>
				<extensions>
					<swisstopo:routepoint_id>267625174</swisstopo:routepoint_id>
				</extensions>
			</trkpt>
			<trkpt lat="47.1846660831" lon="8.6913782275">
				<ele>657.7</ele>
				<time>2026-05-24T07:30:51Z</time>
				<extensions>
					<swisstopo:routepoint_id>1145542600</swisstopo:routepoint_id>
				</extensions>
			</trkpt>
			<trkpt lat="47.1846647524" lon="8.6913777768">
				<ele>657.6</ele>
				<time>2026-05-24T07:30:52Z</time>
				<extensions>
					<swisstopo:routepoint_id>943582845</swisstopo:routepoint_id>
				</extensions>
			</trkpt>
			<trkpt lat="47.1846634554" lon="8.6913778534">
				<ele>657.4</ele>
				<time>2026-05-24T07:30:53Z</time>
				<extensions>
					<swisstopo:routepoint_id>1777626467</swisstopo:routepoint_id>
				</extensions>
			</trkpt>
			<trkpt lat="47.1846628187" lon="8.6913780025">
				<ele>657.3</ele>
				<time>2026-05-24T07:30:54Z</time>
				<extensions>
					<swisstopo:routepoint_id>775533805</swisstopo:routepoint_id>
				</extensions>
			</trkpt>
			<trkpt lat="47.1846626251" lon="8.6913797431">
				<ele>657.2</ele>
				<time>2026-05-24T07:30:55Z</time>
				<extensions>
					<swisstopo:routepoint_id>1318406992</swisstopo:routepoint_id>
				</extensions>
			</trkpt>
			<trkpt lat="47.1846622100" lon="8.6913819583">
				<ele>657.2</ele>
				<time>2026-05-24T07:30:56Z</time>
				<extensions>
					<swisstopo:routepoint_id>730044798</swisstopo:routepoint_id>
				</extensions>
			</trkpt>
			<trkpt lat="47.1846616049" lon="8.6913831771">
				<ele>657.2</ele>
				<time>2026-05-24T07:30:57Z</time>
				<extensions>
					<swisstopo:routepoint_id>1288844675</swisstopo:routepoint_id>
				</extensions>
			</trkpt>
			<trkpt lat="47.1846611271" lon="8.6913842512">
				<ele>657.3</ele>
				<time>2026-05-24T07:30:58Z</time>
				<extensions>
					<swisstopo:routepoint_id>2092389083</swisstopo:routepoint_id>
				</extensions>
			</trkpt>
			<trkpt lat="47.1846609868" lon="8.6913840194">
				<ele>657.4</ele>
				<time>2026-05-24T07:30:59Z</time>
				<extensions>
					<swisstopo:routepoint_id>1738598356</swisstopo:routepoint_id>
				</extensions>
			</trkpt>
			<trkpt lat="47.1846606135" lon="8.6913825930">
				<ele>657.5</ele>
				<time>2026-05-24T07:31:00Z</time>
				<extensions>
					<swisstopo:routepoint_id>1960068210</swisstopo:routepoint_id>
				</extensions>
			</trkpt>
			<trkpt lat="47.1846604964" lon="8.6913805283">
				<ele>657.4</ele>
				<time>2026-05-24T07:31:01Z</time>
				<extensions>
					<swisstopo:routepoint_id>467260490</swisstopo:routepoint_id>
				</extensions>
			</trkpt>
			<trkpt lat="47.1846601714" lon="8.6913800878">
				<ele>657.4</ele>
				<time>2026-05-24T07:31:02Z</time>
				<extensions>
					<swisstopo:routepoint_id>2046841998</swisstopo:routepoint_id>
				</extensions>
			</trkpt>
			<trkpt lat="47.1846629104" lon="8.6913794816">
				<ele>657.4</ele>
				<time>2026-05-24T07:31:03Z</time>
				<extensions>
					<swisstopo:routepoint_id>732919093</swisstopo:routepoint_id>
				</extensions>
			</trkpt>
			<trkpt lat="47.1846644358" lon="8.6913776668">
				<ele>657.4</ele>
				<time>2026-05-24T07:31:04Z</time>
				<extensions>
					<swisstopo:routepoint_id>204996859</swisstopo:routepoint_id>
				</extensions>
			</trkpt>
			<trkpt lat="47.1846664779" lon="8.6913747773">
				<ele>657.2</ele>
				<time>2026-05-24T07:31:05Z</time>
				<extensions>
					<swisstopo:routepoint_id>818439425</swisstopo:routepoint_id>
				</extensions>
			</trkpt>
			<trkpt lat="47.1846681772" lon="8.6913726125">
				<ele>657.0</ele>
				<time>2026-05-24T07:31:06Z</time>
				<extensions>
					<swisstopo:routepoint_id>878656940</swisstopo:routepoint_id>
				</extensions>
			</trkpt>
			<trkpt lat="47.1846687123" lon="8.6913735819">
				<ele>657.0</ele>
				<time>2026-05-24T07:31:07Z</time>
				<extensions>
					<swisstopo:routepoint_id>1489633808</swisstopo:routepoint_id>
				</extensions>
			</trkpt>
			<trkpt lat="47.1846689463" lon="8.6913749944">
				<ele>656.9</ele>
				<time>2026-05-24T07:31:08Z</time>
				<extensions>
					<swisstopo:routepoint_id>911054330</swisstopo:routepoint_id>
				</extensions>
			</trkpt>
			<trkpt lat="47.1846694201" lon="8.6913761735">
				<ele>656.8</ele>
				<time>2026-05-24T07:31:09Z</time>
				<extensions>
					<swisstopo:routepoint_id>531721200</swisstopo:routepoint_id>
				</extensions>
			</trkpt>
			<trkpt lat="47.1846690059" lon="8.6913783069">
				<ele>656.8</ele>
				<time>2026-05-24T07:31:10Z</time>
				<extensions>
					<swisstopo:routepoint_id>958753233</swisstopo:routepoint_id>
				</extensions>
			</trkpt>
			<trkpt lat="47.1846683232" lon="8.6913791387">
				<ele>656.7</ele>
				<time>2026-05-24T07:31:11Z</time>
				<extensions>
					<swisstopo:routepoint_id>1195783590</swisstopo:routepoint_id>
				</extensions>
			</trkpt>
			<trkpt lat="47.1846671900" lon="8.6913816757">
				<ele>656.6</ele>
				<time>2026-05-24T07:31:12Z</time>
				<extensions>
					<swisstopo:routepoint_id>1382828504</swisstopo:routepoint_id>
				</extensions>
			</trkpt>
			<trkpt lat="47.1846660771" lon="8.6913829484">
				<ele>656.5</ele>
				<time>2026-05-24T07:31:13Z</time>
				<extensions>
					<swisstopo:routepoint_id>1130638894</swisstopo:routepoint_id>
				</extensions>
			</trkpt>
			<trkpt lat="47.1846649786" lon="8.6913838917">
				<ele>656.3</ele>
				<time>2026-05-24T07:31:14Z</time>
				<extensions>
					<swisstopo:routepoint_id>1712582802</swisstopo:routepoint_id>
				</extensions>
			</trkpt>
			<trkpt lat="47.1846646164" lon="8.6913855405">
				<ele>656.2</ele>
				<time>2026-05-24T07:31:15Z</time>
				<extensions>
					<swisstopo:routepoint_id>655832473</swisstopo:routepoint_id>
				</extensions>
			</trkpt>
			<trkpt lat="47.1846634319" lon="8.6913883503">
				<ele>656.1</ele>
				<time>2026-05-24T07:31:16Z</time>
				<extensions>
					<swisstopo:routepoint_id>1690297307</swisstopo:routepoint_id>
				</extensions>
			</trkpt>
			<trkpt lat="47.1846613499" lon="8.6913928659">
				<ele>656.0</ele>
				<time>2026-05-24T07:31:17Z</time>
				<extensions>
					<swisstopo:routepoint_id>1913156233</swisstopo:routepoint_id>
				</extensions>
			</trkpt>
			<trkpt lat="47.1846606785" lon="8.6913956822">
				<ele>655.9</ele>
				<time>2026-05-24T07:31:18Z</time>
				<extensions>
					<swisstopo:routepoint_id>144161500</swisstopo:routepoint_id>
				</extensions>
			</trkpt>
			<trkpt lat="47.1846587996" lon="8.6914029453">
				<ele>655.8</ele>
				<time>2026-05-24T07:31:19Z</time>
				<extensions>
					<swisstopo:routepoint_id>560776684</swisstopo:routepoint_id>
				</extensions>
			</trkpt>
			<trkpt lat="47.1846570318" lon="8.6914097396">
				<ele>655.7</ele>
				<time>2026-05-24T07:31:20Z</time>
				<extensions>
					<swisstopo:routepoint_id>1815484952</swisstopo:routepoint_id>
				</extensions>
			</trkpt>
			<trkpt lat="47.1846569205" lon="8.6914150871">
				<ele>655.8</ele>
				<time>2026-05-24T07:31:21Z</time>
				<extensions>
					<swisstopo:routepoint_id>1407931688</swisstopo:routepoint_id>
				</extensions>
			</trkpt>
			<trkpt lat="47.1846568962" lon="8.6914204021">
				<ele>655.9</ele>
				<time>2026-05-24T07:31:22Z</time>
				<extensions>
					<swisstopo:routepoint_id>2133057570</swisstopo:routepoint_id>
				</extensions>
			</trkpt>
			<trkpt lat="47.1846566790" lon="8.6914248308">
				<ele>655.9</ele>
				<time>2026-05-24T07:31:23Z</time>
				<extensions>
					<swisstopo:routepoint_id>206575972</swisstopo:routepoint_id>
				</extensions>
			</trkpt>
			<trkpt lat="47.1846565325" lon="8.6914282207">
				<ele>656.0</ele>
				<time>2026-05-24T07:31:24Z</time>
				<extensions>
					<swisstopo:routepoint_id>1588787852</swisstopo:routepoint_id>
				</extensions>
			</trkpt>
			<trkpt lat="47.1846564758" lon="8.6914306993">
				<ele>656.0</ele>
				<time>2026-05-24T07:31:25Z</time>
				<extensions>
					<swisstopo:routepoint_id>945761766</swisstopo:routepoint_id>
				</extensions>
			</trkpt>
			<trkpt lat="47.1846564872" lon="8.6914324095">
				<ele>656.0</ele>
				<time>2026-05-24T07:31:26Z</time>
				<extensions>
					<swisstopo:routepoint_id>1891529715</swisstopo:routepoint_id>
				</extensions>
			</trkpt>
			<trkpt lat="47.1846565483" lon="8.6914334868">
				<ele>656.0</ele>
				<time>2026-05-24T07:31:27Z</time>
				<extensions>
					<swisstopo:routepoint_id>1739493464</swisstopo:routepoint_id>
				</extensions>
			</trkpt>
			<trkpt lat="47.1846566434" lon="8.6914340562">
				<ele>656.1</ele>
				<time>2026-05-24T07:31:28Z</time>
				<extensions>
					<swisstopo:routepoint_id>1971762837</swisstopo:routepoint_id>
				</extensions>
			</trkpt>
			<trkpt lat="47.1846517814" lon="8.6914357881">
				<ele>656.6</ele>
				<time>2026-05-24T07:31:29Z</time>
				<extensions>
					<swisstopo:routepoint_id>1597844602</swisstopo:routepoint_id>
				</extensions>
			</trkpt>
			<trkpt lat="47.1846479139" lon="8.6914354736">
				<ele>657.0</ele>
				<time>2026-05-24T07:31:30Z</time>
				<extensions>
					<swisstopo:routepoint_id>691220079</swisstopo:routepoint_id>
				</extensions>
			</trkpt>
			<trkpt lat="47.1846448474" lon="8.6914346737">
				<ele>657.4</ele>
				<time>2026-05-24T07:31:31Z</time>
				<extensions>
					<swisstopo:routepoint_id>1596821130</swisstopo:routepoint_id>
				</extensions>
			</trkpt>
			<trkpt lat="47.1846423742" lon="8.6914337765">
				<ele>657.7</ele>
				<time>2026-05-24T07:31:32Z</time>
				<extensions>
					<swisstopo:routepoint_id>669595351</swisstopo:routepoint_id>
				</extensions>
			</trkpt>
			<trkpt lat="47.1846404372" lon="8.6914328449">
				<ele>657.9</ele>
				<time>2026-05-24T07:31:33Z</time>
				<extensions>
					<swisstopo:routepoint_id>1074753977</swisstopo:routepoint_id>
				</extensions>
			</trkpt>
			<trkpt lat="47.1846389715" lon="8.6914319250">
				<ele>658.1</ele>
				<time>2026-05-24T07:31:34Z</time>
				<extensions>
					<swisstopo:routepoint_id>905136522</swisstopo:routepoint_id>
				</extensions>
			</trkpt>
			<trkpt lat="47.1846379104" lon="8.6914310503">
				<ele>658.3</ele>
				<time>2026-05-24T07:31:35Z</time>
				<extensions>
					<swisstopo:routepoint_id>2002853553</swisstopo:routepoint_id>
				</extensions>
			</trkpt>
			<trkpt lat="47.1846372857" lon="8.6914367571">
				<ele>658.5</ele>
				<time>2026-05-24T07:31:36Z</time>
				<extensions>
					<swisstopo:routepoint_id>153498546</swisstopo:routepoint_id>
				</extensions>
			</trkpt>
			<trkpt lat="47.1846369397" lon="8.6914425786">
				<ele>658.7</ele>
				<time>2026-05-24T07:31:37Z</time>
				<extensions>
					<swisstopo:routepoint_id>722202575</swisstopo:routepoint_id>
				</extensions>
			</trkpt>
			<trkpt lat="47.1846368003" lon="8.6914474342">
				<ele>658.8</ele>
				<time>2026-05-24T07:31:38Z</time>
				<extensions>
					<swisstopo:routepoint_id>481105181</swisstopo:routepoint_id>
				</extensions>
			</trkpt>
			<trkpt lat="47.1846381442" lon="8.6914438479">
				<ele>658.9</ele>
				<time>2026-05-24T07:31:39Z</time>
				<extensions>
					<swisstopo:routepoint_id>658846112</swisstopo:routepoint_id>
				</extensions>
			</trkpt>
			<trkpt lat="47.1846396097" lon="8.6914394026">
				<ele>658.9</ele>
				<time>2026-05-24T07:31:40Z</time>
				<extensions>
					<swisstopo:routepoint_id>800920452</swisstopo:routepoint_id>
				</extensions>
			</trkpt>
			<trkpt lat="47.1846409396" lon="8.6914354505">
				<ele>658.8</ele>
				<time>2026-05-24T07:31:41Z</time>
				<extensions>
					<swisstopo:routepoint_id>642537368</swisstopo:routepoint_id>
				</extensions>
			</trkpt>
			<trkpt lat="47.1846414208" lon="8.6914327906">
				<ele>658.6</ele>
				<time>2026-05-24T07:31:42Z</time>
				<extensions>
					<swisstopo:routepoint_id>1577766860</swisstopo:routepoint_id>
				</extensions>
			</trkpt>
			<trkpt lat="47.1846423631" lon="8.6914299872">
				<ele>658.4</ele>
				<time>2026-05-24T07:31:43Z</time>
				<extensions>
					<swisstopo:routepoint_id>399542864</swisstopo:routepoint_id>
				</extensions>
			</trkpt>
			<trkpt lat="47.1846432642" lon="8.6914275515">
				<ele>658.2</ele>
				<time>2026-05-24T07:31:44Z</time>
				<extensions>
					<swisstopo:routepoint_id>2083034726</swisstopo:routepoint_id>
				</extensions>
			</trkpt>
			<trkpt lat="47.1846463528" lon="8.6914230945">
				<ele>658.0</ele>
				<time>2026-05-24T07:31:45Z</time>
				<extensions>
					<swisstopo:routepoint_id>1286226488</swisstopo:routepoint_id>
				</extensions>
			</trkpt>
			<trkpt lat="47.1846494042" lon="8.6914227040">
				<ele>657.7</ele>
				<time>2026-05-24T07:31:46Z</time>
				<extensions>
					<swisstopo:routepoint_id>1038193114</swisstopo:routepoint_id>
				</extensions>
			</trkpt>
			<trkpt lat="47.1846519530" lon="8.6914230970">
				<ele>657.4</ele>
				<time>2026-05-24T07:31:47Z</time>
				<extensions>
					<swisstopo:routepoint_id>607035123</swisstopo:routepoint_id>
				</extensions>
			</trkpt>
			<trkpt lat="47.1846545318" lon="8.6914224220">
				<ele>657.2</ele>
				<time>2026-05-24T07:31:48Z</time>
				<extensions>
					<swisstopo:routepoint_id>1891989011</swisstopo:routepoint_id>
				</extensions>
			</trkpt>
			<trkpt lat="47.1846566768" lon="8.6914217945">
				<ele>657.1</ele>
				<time>2026-05-24T07:31:49Z</time>
				<extensions>
					<swisstopo:routepoint_id>868946748</swisstopo:routepoint_id>
				</extensions>
			</trkpt>
			<trkpt lat="47.1846583534" lon="8.6914213737">
				<ele>657.0</ele>
				<time>2026-05-24T07:31:50Z</time>
				<extensions>
					<swisstopo:routepoint_id>1499194036</swisstopo:routepoint_id>
				</extensions>
			</trkpt>
			<trkpt lat="47.1846596189" lon="8.6914211215">
				<ele>656.9</ele>
				<time>2026-05-24T07:31:51Z</time>
				<extensions>
					<swisstopo:routepoint_id>528532801</swisstopo:routepoint_id>
				</extensions>
			</trkpt>
			<trkpt lat="47.1846605320" lon="8.6914210032">
				<ele>656.8</ele>
				<time>2026-05-24T07:31:52Z</time>
				<extensions>
					<swisstopo:routepoint_id>1058422415</swisstopo:routepoint_id>
				</extensions>
			</trkpt>
			<trkpt lat="47.1846611497" lon="8.6914209881">
				<ele>656.8</ele>
				<time>2026-05-24T07:31:53Z</time>
				<extensions>
					<swisstopo:routepoint_id>1298480804</swisstopo:routepoint_id>
				</extensions>
			</trkpt>
			<trkpt lat="47.1846593953" lon="8.6914248388">
				<ele>656.7</ele>
				<time>2026-05-24T07:31:54Z</time>
				<extensions>
					<swisstopo:routepoint_id>838052014</swisstopo:routepoint_id>
				</extensions>
			</trkpt>
			<trkpt lat="47.1846566047" lon="8.6914250119">
				<ele>656.5</ele>
				<time>2026-05-24T07:31:55Z</time>
				<extensions>
					<swisstopo:routepoint_id>1942442272</swisstopo:routepoint_id>
				</extensions>
			</trkpt>
			<trkpt lat="47.1846541355" lon="8.6914237174">
				<ele>656.3</ele>
				<time>2026-05-24T07:31:56Z</time>
				<extensions>
					<swisstopo:routepoint_id>580863810</swisstopo:routepoint_id>
				</extensions>
			</trkpt>
			<trkpt lat="47.1846518785" lon="8.6914224346">
				<ele>656.3</ele>
				<time>2026-05-24T07:31:57Z</time>
				<extensions>
					<swisstopo:routepoint_id>117395408</swisstopo:routepoint_id>
				</extensions>
			</trkpt>
			<trkpt lat="47.1846499460" lon="8.6914213434">
				<ele>656.3</ele>
				<time>2026-05-24T07:31:58Z</time>
				<extensions>
					<swisstopo:routepoint_id>1674634310</swisstopo:routepoint_id>
				</extensions>
			</trkpt>
			<trkpt lat="47.1846483463" lon="8.6914204407">
				<ele>656.3</ele>
				<time>2026-05-24T07:31:59Z</time>
				<extensions>
					<swisstopo:routepoint_id>658170588</swisstopo:routepoint_id>
				</extensions>
			</trkpt>
			<trkpt lat="47.1846470549" lon="8.6914197123">
				<ele>656.3</ele>
				<time>2026-05-24T07:32:00Z</time>
				<extensions>
					<swisstopo:routepoint_id>184806819</swisstopo:routepoint_id>
				</extensions>
			</trkpt>
			<trkpt lat="47.1846460415" lon="8.6914191412">
				<ele>656.3</ele>
				<time>2026-05-24T07:32:01Z</time>
				<extensions>
					<swisstopo:routepoint_id>786853371</swisstopo:routepoint_id>
				</extensions>
			</trkpt>
			<trkpt lat="47.1846448264" lon="8.6914120021">
				<ele>656.3</ele>
				<time>2026-05-24T07:32:02Z</time>
				<extensions>
					<swisstopo:routepoint_id>440308171</swisstopo:routepoint_id>
				</extensions>
			</trkpt>
			<trkpt lat="47.1846442134" lon="8.6914035253">
				<ele>656.2</ele>
				<time>2026-05-24T07:32:03Z</time>
				<extensions>
					<swisstopo:routepoint_id>30782435</swisstopo:routepoint_id>
				</extensions>
			</trkpt>
			<trkpt lat="47.1846480206" lon="8.6913932867">
				<ele>656.1</ele>
				<time>2026-05-24T07:32:04Z</time>
				<extensions>
					<swisstopo:routepoint_id>1964309765</swisstopo:routepoint_id>
				</extensions>
			</trkpt>
			<trkpt lat="47.1846561915" lon="8.6913791118">
				<ele>655.8</ele>
				<time>2026-05-24T07:32:05Z</time>
				<extensions>
					<swisstopo:routepoint_id>888115024</swisstopo:routepoint_id>
				</extensions>
			</trkpt>
			<trkpt lat="47.1846663911" lon="8.6913614510">
				<ele>655.7</ele>
				<time>2026-05-24T07:32:06Z</time>
				<extensions>
					<swisstopo:routepoint_id>1537861718</swisstopo:routepoint_id>
				</extensions>
			</trkpt>
			<trkpt lat="47.1846765513" lon="8.6913464076">
				<ele>655.8</ele>
				<time>2026-05-24T07:32:07Z</time>
				<extensions>
					<swisstopo:routepoint_id>1876202781</swisstopo:routepoint_id>
				</extensions>
			</trkpt>
			<trkpt lat="47.1846897095" lon="8.6913314199">
				<ele>655.5</ele>
				<time>2026-05-24T07:32:08Z</time>
				<extensions>
					<swisstopo:routepoint_id>1837751366</swisstopo:routepoint_id>
				</extensions>
			</trkpt>
			<trkpt lat="47.1847063791" lon="8.6913151709">
				<ele>655.1</ele>
				<time>2026-05-24T07:32:09Z</time>
				<extensions>
					<swisstopo:routepoint_id>1977397208</swisstopo:routepoint_id>
				</extensions>
			</trkpt>
			<trkpt lat="47.1847242789" lon="8.6912977095">
				<ele>654.6</ele>
				<time>2026-05-24T07:32:10Z</time>
				<extensions>
					<swisstopo:routepoint_id>1805437531</swisstopo:routepoint_id>
				</extensions>
			</trkpt>
			<trkpt lat="47.1847450481" lon="8.6912786793">
				<ele>654.2</ele>
				<time>2026-05-24T07:32:11Z</time>
				<extensions>
					<swisstopo:routepoint_id>44651407</swisstopo:routepoint_id>
				</extensions>
			</trkpt>
			<trkpt lat="47.1847697242" lon="8.6912582456">
				<ele>653.9</ele>
				<time>2026-05-24T07:32:12Z</time>
				<extensions>
					<swisstopo:routepoint_id>984404646</swisstopo:routepoint_id>
				</extensions>
			</trkpt>
			<trkpt lat="47.1847943562" lon="8.6912380878">
				<ele>653.7</ele>
				<time>2026-05-24T07:32:13Z</time>
				<extensions>
					<swisstopo:routepoint_id>674868834</swisstopo:routepoint_id>
				</extensions>
			</trkpt>
			<trkpt lat="47.1848180067" lon="8.6912193494">
				<ele>653.3</ele>
				<time>2026-05-24T07:32:14Z</time>
				<extensions>
					<swisstopo:routepoint_id>1659353231</swisstopo:routepoint_id>
				</extensions>
			</trkpt>
			<trkpt lat="47.1848402048" lon="8.6912013500">
				<ele>652.9</ele>
				<time>2026-05-24T07:32:15Z</time>
				<extensions>
					<swisstopo:routepoint_id>1527113475</swisstopo:routepoint_id>
				</extensions>
			</trkpt>
			<trkpt lat="47.1848596551" lon="8.6911852116">
				<ele>652.4</ele>
				<time>2026-05-24T07:32:16Z</time>
				<extensions>
					<swisstopo:routepoint_id>1619109028</swisstopo:routepoint_id>
				</extensions>
			</trkpt>
			<trkpt lat="47.1848789515" lon="8.6911701368">
				<ele>652.1</ele>
				<time>2026-05-24T07:32:17Z</time>
				<extensions>
					<swisstopo:routepoint_id>1600142459</swisstopo:routepoint_id>
				</extensions>
			</trkpt>
			<trkpt lat="47.1848988311" lon="8.6911553879">
				<ele>651.7</ele>
				<time>2026-05-24T07:32:18Z</time>
				<extensions>
					<swisstopo:routepoint_id>656597032</swisstopo:routepoint_id>
				</extensions>
			</trkpt>
			<trkpt lat="47.1849207299" lon="8.6911433548">
				<ele>651.2</ele>
				<time>2026-05-24T07:32:19Z</time>
				<extensions>
					<swisstopo:routepoint_id>1655338538</swisstopo:routepoint_id>
				</extensions>
			</trkpt>
			<trkpt lat="47.1849409358" lon="8.6911297822">
				<ele>650.6</ele>
				<time>2026-05-24T07:32:20Z</time>
				<extensions>
					<swisstopo:routepoint_id>624161281</swisstopo:routepoint_id>
				</extensions>
			</trkpt>
			<trkpt lat="47.1849619168" lon="8.6911155065">
				<ele>649.9</ele>
				<time>2026-05-24T07:32:21Z</time>
				<extensions>
					<swisstopo:routepoint_id>1968517819</swisstopo:routepoint_id>
				</extensions>
			</trkpt>
			<trkpt lat="47.1849837989" lon="8.6911002549">
				<ele>649.6</ele>
				<time>2026-05-24T07:32:22Z</time>
				<extensions>
					<swisstopo:routepoint_id>745918251</swisstopo:routepoint_id>
				</extensions>
			</trkpt>
			<trkpt lat="47.1850053567" lon="8.6910863298">
				<ele>649.6</ele>
				<time>2026-05-24T07:32:23Z</time>
				<extensions>
					<swisstopo:routepoint_id>1785997018</swisstopo:routepoint_id>
				</extensions>
			</trkpt>
			<trkpt lat="47.1850251095" lon="8.6910744445">
				<ele>649.6</ele>
				<time>2026-05-24T07:32:24Z</time>
				<extensions>
					<swisstopo:routepoint_id>1872947407</swisstopo:routepoint_id>
				</extensions>
			</trkpt>
			<trkpt lat="47.1850447333" lon="8.6910613864">
				<ele>649.3</ele>
				<time>2026-05-24T07:32:25Z</time>
				<extensions>
					<swisstopo:routepoint_id>811771723</swisstopo:routepoint_id>
				</extensions>
			</trkpt>
			<trkpt lat="47.1850653382" lon="8.6910470931">
				<ele>649.1</ele>
				<time>2026-05-24T07:32:26Z</time>
				<extensions>
					<swisstopo:routepoint_id>483739070</swisstopo:routepoint_id>
				</extensions>
			</trkpt>
			<trkpt lat="47.1850857593" lon="8.6910331284">
				<ele>648.8</ele>
				<time>2026-05-24T07:32:27Z</time>
				<extensions>
					<swisstopo:routepoint_id>1976945595</swisstopo:routepoint_id>
				</extensions>
			</trkpt>
			<trkpt lat="47.1851058904" lon="8.6910191564">
				<ele>648.4</ele>
				<time>2026-05-24T07:32:28Z</time>
				<extensions>
					<swisstopo:routepoint_id>657628781</swisstopo:routepoint_id>
				</extensions>
			</trkpt>
			<trkpt lat="47.1851239282" lon="8.6910066560">
				<ele>648.0</ele>
				<time>2026-05-24T07:32:29Z</time>
				<extensions>
					<swisstopo:routepoint_id>1816074805</swisstopo:routepoint_id>
				</extensions>
			</trkpt>
			<trkpt lat="47.1851420956" lon="8.6909938432">
				<ele>647.6</ele>
				<time>2026-05-24T07:32:30Z</time>
				<extensions>
					<swisstopo:routepoint_id>584172824</swisstopo:routepoint_id>
				</extensions>
			</trkpt>
			<trkpt lat="47.1851603786" lon="8.6909805312">
				<ele>647.3</ele>
				<time>2026-05-24T07:32:31Z</time>
				<extensions>
					<swisstopo:routepoint_id>2044902531</swisstopo:routepoint_id>
				</extensions>
			</trkpt>
			<trkpt lat="47.1851792397" lon="8.6909663858">
				<ele>647.3</ele>
				<time>2026-05-24T07:32:32Z</time>
				<extensions>
					<swisstopo:routepoint_id>348551929</swisstopo:routepoint_id>
				</extensions>
			</trkpt>
			<trkpt lat="47.1852004117" lon="8.6909501042">
				<ele>647.6</ele>
				<time>2026-05-24T07:32:33Z</time>
				<extensions>
					<swisstopo:routepoint_id>1924365334</swisstopo:routepoint_id>
				</extensions>
			</trkpt>
			<trkpt lat="47.1852236086" lon="8.6909319735">
				<ele>647.8</ele>
				<time>2026-05-24T07:32:34Z</time>
				<extensions>
					<swisstopo:routepoint_id>1704444718</swisstopo:routepoint_id>
				</extensions>
			</trkpt>
			<trkpt lat="47.1852466130" lon="8.6909138068">
				<ele>648.1</ele>
				<time>2026-05-24T07:32:35Z</time>
				<extensions>
					<swisstopo:routepoint_id>1318008093</swisstopo:routepoint_id>
				</extensions>
			</trkpt>
			<trkpt lat="47.1852697519" lon="8.6908953906">
				<ele>648.1</ele>
				<time>2026-05-24T07:32:36Z</time>
				<extensions>
					<swisstopo:routepoint_id>468200246</swisstopo:routepoint_id>
				</extensions>
			</trkpt>
			<trkpt lat="47.1852912995" lon="8.6908781346">
				<ele>648.2</ele>
				<time>2026-05-24T07:32:37Z</time>
				<extensions>
					<swisstopo:routepoint_id>661451914</swisstopo:routepoint_id>
				</extensions>
			</trkpt>
			<trkpt lat="47.1853111939" lon="8.6908621214">
				<ele>648.2</ele>
				<time>2026-05-24T07:32:38Z</time>
				<extensions>
					<swisstopo:routepoint_id>1646961726</swisstopo:routepoint_id>
				</extensions>
			</trkpt>
			<trkpt lat="47.1853290087" lon="8.6908477166">
				<ele>648.3</ele>
				<time>2026-05-24T07:32:39Z</time>
				<extensions>
					<swisstopo:routepoint_id>1569002699</swisstopo:routepoint_id>
				</extensions>
			</trkpt>
			<trkpt lat="47.1853457767" lon="8.6908341220">
				<ele>648.5</ele>
				<time>2026-05-24T07:32:40Z</time>
				<extensions>
					<swisstopo:routepoint_id>1276660580</swisstopo:routepoint_id>
				</extensions>
			</trkpt>
			<trkpt lat="47.1853625206" lon="8.6908205422">
				<ele>648.5</ele>
				<time>2026-05-24T07:32:41Z</time>
				<extensions>
					<swisstopo:routepoint_id>1325250883</swisstopo:routepoint_id>
				</extensions>
			</trkpt>
			<trkpt lat="47.1853772155" lon="8.6908110241">
				<ele>648.2</ele>
				<time>2026-05-24T07:32:42Z</time>
				<extensions>
					<swisstopo:routepoint_id>1938687544</swisstopo:routepoint_id>
				</extensions>
			</trkpt>
			<trkpt lat="47.1853894814" lon="8.6908042794">
				<ele>647.8</ele>
				<time>2026-05-24T07:32:43Z</time>
				<extensions>
					<swisstopo:routepoint_id>1899659724</swisstopo:routepoint_id>
				</extensions>
			</trkpt>
			<trkpt lat="47.1854036855" lon="8.6908071528">
				<ele>647.9</ele>
				<time>2026-05-24T07:32:44Z</time>
				<extensions>
					<swisstopo:routepoint_id>941601319</swisstopo:routepoint_id>
				</extensions>
			</trkpt>
			<trkpt lat="47.1854165904" lon="8.6908140941">
				<ele>647.8</ele>
				<time>2026-05-24T07:32:45Z</time>
				<extensions>
					<swisstopo:routepoint_id>686373690</swisstopo:routepoint_id>
				</extensions>
			</trkpt>
			<trkpt lat="47.1854298971" lon="8.6908247077">
				<ele>647.6</ele>
				<time>2026-05-24T07:32:46Z</time>
				<extensions>
					<swisstopo:routepoint_id>1747939793</swisstopo:routepoint_id>
				</extensions>
			</trkpt>
			<trkpt lat="47.1854437934" lon="8.6908365057">
				<ele>647.8</ele>
				<time>2026-05-24T07:32:47Z</time>
				<extensions>
					<swisstopo:routepoint_id>47809991</swisstopo:routepoint_id>
				</extensions>
			</trkpt>
			<trkpt lat="47.1854538532" lon="8.6908413341">
				<ele>647.7</ele>
				<time>2026-05-24T07:32:48Z</time>
				<extensions>
					<swisstopo:routepoint_id>383634759</swisstopo:routepoint_id>
				</extensions>
			</trkpt>
			<trkpt lat="47.1854579626" lon="8.6908423496">
				<ele>647.8</ele>
				<time>2026-05-24T07:32:49Z</time>
				<extensions>
					<swisstopo:routepoint_id>1003486219</swisstopo:routepoint_id>
				</extensions>
			</trkpt>
			<trkpt lat="47.1854599770" lon="8.6908426213">
				<ele>648.0</ele>
				<time>2026-05-24T07:32:50Z</time>
				<extensions>
					<swisstopo:routepoint_id>1403802842</swisstopo:routepoint_id>
				</extensions>
			</trkpt>
			<trkpt lat="47.1854582460" lon="8.6908436188">
				<ele>648.2</ele>
				<time>2026-05-24T07:32:51Z</time>
				<extensions>
					<swisstopo:routepoint_id>1459019552</swisstopo:routepoint_id>
				</extensions>
			</trkpt>
			<trkpt lat="47.1854541443" lon="8.6908449790">
				<ele>648.4</ele>
				<time>2026-05-24T07:32:52Z</time>
				<extensions>
					<swisstopo:routepoint_id>1773329018</swisstopo:routepoint_id>
				</extensions>
			</trkpt>
			<trkpt lat="47.1854486374" lon="8.6908457994">
				<ele>648.5</ele>
				<time>2026-05-24T07:32:53Z</time>
				<extensions>
					<swisstopo:routepoint_id>1562752460</swisstopo:routepoint_id>
				</extensions>
			</trkpt>
			<trkpt lat="47.1854437728" lon="8.6908453860">
				<ele>648.7</ele>
				<time>2026-05-24T07:32:54Z</time>
				<extensions>
					<swisstopo:routepoint_id>1455592410</swisstopo:routepoint_id>
				</extensions>
			</trkpt>
			<trkpt lat="47.1854379620" lon="8.6908440735">
				<ele>648.8</ele>
				<time>2026-05-24T07:32:55Z</time>
				<extensions>
					<swisstopo:routepoint_id>7928246</swisstopo:routepoint_id>
				</extensions>
			</trkpt>
			<trkpt lat="47.1854310623" lon="8.6908439479">
				<ele>649.0</ele>
				<time>2026-05-24T07:32:56Z</time>
				<extensions>
					<swisstopo:routepoint_id>106044408</swisstopo:routepoint_id>
				</extensions>
			</trkpt>
			<trkpt lat="47.1854250364" lon="8.6908434705">
				<ele>649.2</ele>
				<time>2026-05-24T07:32:57Z</time>
				<extensions>
					<swisstopo:routepoint_id>2024421893</swisstopo:routepoint_id>
				</extensions>
			</trkpt>
			<trkpt lat="47.1854158767" lon="8.6908454270">
				<ele>649.5</ele>
				<time>2026-05-24T07:32:58Z</time>
				<extensions>
					<swisstopo:routepoint_id>1875336230</swisstopo:routepoint_id>
				</extensions>
			</trkpt>
			<trkpt lat="47.1854049087" lon="8.6908459400">
				<ele>649.8</ele>
				<time>2026-05-24T07:32:59Z</time>
				<extensions>
					<swisstopo:routepoint_id>158530591</swisstopo:routepoint_id>
				</extensions>
			</trkpt>
			<trkpt lat="47.1853979699" lon="8.6908473337">
				<ele>649.9</ele>
				<time>2026-05-24T07:33:00Z</time>
				<extensions>
					<swisstopo:routepoint_id>1543920657</swisstopo:routepoint_id>
				</extensions>
			</trkpt>
			<trkpt lat="47.1853942032" lon="8.6908482050">
				<ele>650.0</ele>
				<time>2026-05-24T07:33:01Z</time>
				<extensions>
					<swisstopo:routepoint_id>629575498</swisstopo:routepoint_id>
				</extensions>
			</trkpt>
			<trkpt lat="47.1853900859" lon="8.6908496397">
				<ele>649.8</ele>
				<time>2026-05-24T07:33:02Z</time>
				<extensions>
					<swisstopo:routepoint_id>623466117</swisstopo:routepoint_id>
				</extensions>
			</trkpt>
			<trkpt lat="47.1853839978" lon="8.6908492991">
				<ele>649.5</ele>
				<time>2026-05-24T07:33:03Z</time>
				<extensions>
					<swisstopo:routepoint_id>1022314706</swisstopo:routepoint_id>
				</extensions>
			</trkpt>
			<trkpt lat="47.1853784697" lon="8.6908485080">
				<ele>649.2</ele>
				<time>2026-05-24T07:33:04Z</time>
				<extensions>
					<swisstopo:routepoint_id>26604095</swisstopo:routepoint_id>
				</extensions>
			</trkpt>
			<trkpt lat="47.1853752985" lon="8.6908484484">
				<ele>649.0</ele>
				<time>2026-05-24T07:33:05Z</time>
				<extensions>
					<swisstopo:routepoint_id>458426089</swisstopo:routepoint_id>
				</extensions>
			</trkpt>
			<trkpt lat="47.1853721522" lon="8.6908516955">
				<ele>648.9</ele>
				<time>2026-05-24T07:33:06Z</time>
				<extensions>
					<swisstopo:routepoint_id>1743436034</swisstopo:routepoint_id>
				</extensions>
			</trkpt>
			<trkpt lat="47.1853704022" lon="8.6908549133">
				<ele>648.9</ele>
				<time>2026-05-24T07:33:07Z</time>
				<extensions>
					<swisstopo:routepoint_id>1662543770</swisstopo:routepoint_id>
				</extensions>
			</trkpt>
			<trkpt lat="47.1853683391" lon="8.6908577615">
				<ele>648.9</ele>
				<time>2026-05-24T07:33:08Z</time>
				<extensions>
					<swisstopo:routepoint_id>1463411273</swisstopo:routepoint_id>
				</extensions>
			</trkpt>
			<trkpt lat="47.1853660766" lon="8.6908598566">
				<ele>648.9</ele>
				<time>2026-05-24T07:33:09Z</time>
				<extensions>
					<swisstopo:routepoint_id>423056220</swisstopo:routepoint_id>
				</extensions>
			</trkpt>
			<trkpt lat="47.1853657315" lon="8.6908585880">
				<ele>649.0</ele>
				<time>2026-05-24T07:33:10Z</time>
				<extensions>
					<swisstopo:routepoint_id>2135017970</swisstopo:routepoint_id>
				</extensions>
			</trkpt>
			<trkpt lat="47.1853671496" lon="8.6908538290">
				<ele>648.9</ele>
				<time>2026-05-24T07:33:11Z</time>
				<extensions>
					<swisstopo:routepoint_id>942764067</swisstopo:routepoint_id>
				</extensions>
			</trkpt>
			<trkpt lat="47.1853701380" lon="8.6908474110">
				<ele>648.8</ele>
				<time>2026-05-24T07:33:12Z</time>
				<extensions>
					<swisstopo:routepoint_id>901326503</swisstopo:routepoint_id>
				</extensions>
			</trkpt>
			<trkpt lat="47.1853735494" lon="8.6908420433">
				<ele>648.7</ele>
				<time>2026-05-24T07:33:13Z</time>
				<extensions>
					<swisstopo:routepoint_id>244889983</swisstopo:routepoint_id>
				</extensions>
			</trkpt>
			<trkpt lat="47.1853741636" lon="8.6908374557">
				<ele>648.8</ele>
				<time>2026-05-24T07:33:14Z</time>
				<extensions>
					<swisstopo:routepoint_id>1287276629</swisstopo:routepoint_id>
				</extensions>
			</trkpt>
			<trkpt lat="47.1853753732" lon="8.6908369326">
				<ele>648.7</ele>
				<time>2026-05-24T07:33:15Z</time>
				<extensions>
					<swisstopo:routepoint_id>1508043725</swisstopo:routepoint_id>
				</extensions>
			</trkpt>
			<trkpt lat="47.1853781855" lon="8.6908374909">
				<ele>648.7</ele>
				<time>2026-05-24T07:33:16Z</time>
				<extensions>
					<swisstopo:routepoint_id>1088884181</swisstopo:routepoint_id>
				</extensions>
			</trkpt>
			<trkpt lat="47.1853807698" lon="8.6908362827">
				<ele>648.5</ele>
				<time>2026-05-24T07:33:17Z</time>
				<extensions>
					<swisstopo:routepoint_id>20790333</swisstopo:routepoint_id>
				</extensions>
			</trkpt>
			<trkpt lat="47.1853818369" lon="8.6908328905">
				<ele>648.6</ele>
				<time>2026-05-24T07:33:18Z</time>
				<extensions>
					<swisstopo:routepoint_id>1530775917</swisstopo:routepoint_id>
				</extensions>
			</trkpt>
			<trkpt lat="47.1853823583" lon="8.6908294092">
				<ele>648.6</ele>
				<time>2026-05-24T07:33:19Z</time>
				<extensions>
					<swisstopo:routepoint_id>896745959</swisstopo:routepoint_id>
				</extensions>
			</trkpt>
			<trkpt lat="47.1853816813" lon="8.6908270687">
				<ele>648.6</ele>
				<time>2026-05-24T07:33:20Z</time>
				<extensions>
					<swisstopo:routepoint_id>569098267</swisstopo:routepoint_id>
				</extensions>
			</trkpt>
			<trkpt lat="47.1853819738" lon="8.6908251217">
				<ele>648.6</ele>
				<time>2026-05-24T07:33:21Z</time>
				<extensions>
					<swisstopo:routepoint_id>2089893378</swisstopo:routepoint_id>
				</extensions>
			</trkpt>
			<trkpt lat="47.1853815074" lon="8.6908245833">
				<ele>648.7</ele>
				<time>2026-05-24T07:33:22Z</time>
				<extensions>
					<swisstopo:routepoint_id>595473714</swisstopo:routepoint_id>
				</extensions>
			</trkpt>
			<trkpt lat="47.1853760246" lon="8.6908244848">
				<ele>648.5</ele>
				<time>2026-05-24T07:33:23Z</time>
				<extensions>
					<swisstopo:routepoint_id>852916178</swisstopo:routepoint_id>
				</extensions>
			</trkpt>
			<trkpt lat="47.1853711982" lon="8.6908222210">
				<ele>648.5</ele>
				<time>2026-05-24T07:33:24Z</time>
				<extensions>
					<swisstopo:routepoint_id>508859921</swisstopo:routepoint_id>
				</extensions>
			</trkpt>
			<trkpt lat="47.1853675153" lon="8.6908227403">
				<ele>648.6</ele>
				<time>2026-05-24T07:33:25Z</time>
				<extensions>
					<swisstopo:routepoint_id>1128809893</swisstopo:routepoint_id>
				</extensions>
			</trkpt>
			<trkpt lat="47.1853644853" lon="8.6908207991">
				<ele>648.5</ele>
				<time>2026-05-24T07:33:26Z</time>
				<extensions>
					<swisstopo:routepoint_id>1037334053</swisstopo:routepoint_id>
				</extensions>
			</trkpt>
			<trkpt lat="47.1853628772" lon="8.6908206428">
				<ele>648.4</ele>
				<time>2026-05-24T07:33:27Z</time>
				<extensions>
					<swisstopo:routepoint_id>1201182425</swisstopo:routepoint_id>
				</extensions>
			</trkpt>
			<trkpt lat="47.1853609345" lon="8.6908194755">
				<ele>648.4</ele>
				<time>2026-05-24T07:33:28Z</time>
				<extensions>
					<swisstopo:routepoint_id>1926735175</swisstopo:routepoint_id>
				</extensions>
			</trkpt>
			<trkpt lat="47.1853608379" lon="8.6908211704">
				<ele>648.4</ele>
				<time>2026-05-24T07:33:29Z</time>
				<extensions>
					<swisstopo:routepoint_id>732173112</swisstopo:routepoint_id>
				</extensions>
			</trkpt>
			<trkpt lat="47.1853588990" lon="8.6908258969">
				<ele>648.5</ele>
				<time>2026-05-24T07:33:30Z</time>
				<extensions>
					<swisstopo:routepoint_id>552196074</swisstopo:routepoint_id>
				</extensions>
			</trkpt>
			<trkpt lat="47.1853587591" lon="8.6908306887">
				<ele>648.5</ele>
				<time>2026-05-24T07:33:31Z</time>
				<extensions>
					<swisstopo:routepoint_id>1482577031</swisstopo:routepoint_id>
				</extensions>
			</trkpt>
			<trkpt lat="47.1853569133" lon="8.6908331180">
				<ele>648.6</ele>
				<time>2026-05-24T07:33:32Z</time>
				<extensions>
					<swisstopo:routepoint_id>419403876</swisstopo:routepoint_id>
				</extensions>
			</trkpt>
			<trkpt lat="47.1853558780" lon="8.6908357685">
				<ele>648.6</ele>
				<time>2026-05-24T07:33:33Z</time>
				<extensions>
					<swisstopo:routepoint_id>879614478</swisstopo:routepoint_id>
				</extensions>
			</trkpt>
			<trkpt lat="47.1853518912" lon="8.6908354746">
				<ele>648.6</ele>
				<time>2026-05-24T07:33:34Z</time>
				<extensions>
					<swisstopo:routepoint_id>403105798</swisstopo:routepoint_id>
				</extensions>
			</trkpt>
			<trkpt lat="47.1853477172" lon="8.6908340419">
				<ele>648.6</ele>
				<time>2026-05-24T07:33:35Z</time>
				<extensions>
					<swisstopo:routepoint_id>1835724348</swisstopo:routepoint_id>
				</extensions>
			</trkpt>
			<trkpt lat="47.1853461788" lon="8.6908310161">
				<ele>648.7</ele>
				<time>2026-05-24T07:33:36Z</time>
				<extensions>
					<swisstopo:routepoint_id>121560387</swisstopo:routepoint_id>
				</extensions>
			</trkpt>
			<trkpt lat="47.1853446174" lon="8.6908299584">
				<ele>648.7</ele>
				<time>2026-05-24T07:33:37Z</time>
				<extensions>
					<swisstopo:routepoint_id>808476012</swisstopo:routepoint_id>
				</extensions>
			</trkpt>
			<trkpt lat="47.1853440423" lon="8.6908306645">
				<ele>648.8</ele>
				<time>2026-05-24T07:33:38Z</time>
				<extensions>
					<swisstopo:routepoint_id>927299115</swisstopo:routepoint_id>
				</extensions>
			</trkpt>
			<trkpt lat="47.1853435791" lon="8.6908309142">
				<ele>648.9</ele>
				<time>2026-05-24T07:33:39Z</time>
				<extensions>
					<swisstopo:routepoint_id>827399526</swisstopo:routepoint_id>
				</extensions>
			</trkpt>
			<trkpt lat="47.1853447918" lon="8.6908299125">
				<ele>649.1</ele>
				<time>2026-05-24T07:33:40Z</time>
				<extensions>
					<swisstopo:routepoint_id>1147219157</swisstopo:routepoint_id>
				</extensions>
			</trkpt>
			<trkpt lat="47.1853463035" lon="8.6908285155">
				<ele>649.3</ele>
				<time>2026-05-24T07:33:41Z</time>
				<extensions>
					<swisstopo:routepoint_id>1204188933</swisstopo:routepoint_id>
				</extensions>
			</trkpt>
			<trkpt lat="47.1853475829" lon="8.6908272941">
				<ele>649.5</ele>
				<time>2026-05-24T07:33:42Z</time>
				<extensions>
					<swisstopo:routepoint_id>917507603</swisstopo:routepoint_id>
				</extensions>
			</trkpt>
			<trkpt lat="47.1853496047" lon="8.6908259514">
				<ele>649.7</ele>
				<time>2026-05-24T07:33:43Z</time>
				<extensions>
					<swisstopo:routepoint_id>1617698161</swisstopo:routepoint_id>
				</extensions>
			</trkpt>
			<trkpt lat="47.1853477935" lon="8.6908257813">
				<ele>649.8</ele>
				<time>2026-05-24T07:33:44Z</time>
				<extensions>
					<swisstopo:routepoint_id>1510020907</swisstopo:routepoint_id>
				</extensions>
			</trkpt>
			<trkpt lat="47.1853483436" lon="8.6908260704">
				<ele>649.9</ele>
				<time>2026-05-24T07:33:45Z</time>
				<extensions>
					<swisstopo:routepoint_id>2107127350</swisstopo:routepoint_id>
				</extensions>
			</trkpt>
			<trkpt lat="47.1853510827" lon="8.6908260894">
				<ele>649.9</ele>
				<time>2026-05-24T07:33:46Z</time>
				<extensions>
					<swisstopo:routepoint_id>336548773</swisstopo:routepoint_id>
				</extensions>
			</trkpt>
			<trkpt lat="47.1853551292" lon="8.6908240555">
				<ele>650.0</ele>
				<time>2026-05-24T07:33:47Z</time>
				<extensions>
					<swisstopo:routepoint_id>2050785260</swisstopo:routepoint_id>
				</extensions>
			</trkpt>
			<trkpt lat="47.1853591004" lon="8.6908219690">
				<ele>650.0</ele>
				<time>2026-05-24T07:33:48Z</time>
				<extensions>
					<swisstopo:routepoint_id>435330470</swisstopo:routepoint_id>
				</extensions>
			</trkpt>
			<trkpt lat="47.1853639453" lon="8.6908221357">
				<ele>649.9</ele>
				<time>2026-05-24T07:33:49Z</time>
				<extensions>
					<swisstopo:routepoint_id>122423961</swisstopo:routepoint_id>
				</extensions>
			</trkpt>
			<trkpt lat="47.1853696923" lon="8.6908213619">
				<ele>650.1</ele>
				<time>2026-05-24T07:33:50Z</time>
				<extensions>
					<swisstopo:routepoint_id>290178701</swisstopo:routepoint_id>
				</extensions>
			</trkpt>
			<trkpt lat="47.1853739955" lon="8.6908221654">
				<ele>650.0</ele>
				<time>2026-05-24T07:33:51Z</time>
				<extensions>
					<swisstopo:routepoint_id>98065370</swisstopo:routepoint_id>
				</extensions>
			</trkpt>
			<trkpt lat="47.1853770806" lon="8.6908244579">
				<ele>649.8</ele>
				<time>2026-05-24T07:33:52Z</time>
				<extensions>
					<swisstopo:routepoint_id>1064716341</swisstopo:routepoint_id>
				</extensions>
			</trkpt>
			<trkpt lat="47.1853804030" lon="8.6908285958">
				<ele>649.7</ele>
				<time>2026-05-24T07:33:53Z</time>
				<extensions>
					<swisstopo:routepoint_id>1853796383</swisstopo:routepoint_id>
				</extensions>
			</trkpt>
			<trkpt lat="47.1853844444" lon="8.6908313718">
				<ele>649.5</ele>
				<time>2026-05-24T07:33:54Z</time>
				<extensions>
					<swisstopo:routepoint_id>1063058405</swisstopo:routepoint_id>
				</extensions>
			</trkpt>
			<trkpt lat="47.1853864316" lon="8.6908337593">
				<ele>649.2</ele>
				<time>2026-05-24T07:33:55Z</time>
				<extensions>
					<swisstopo:routepoint_id>1906153442</swisstopo:routepoint_id>
				</extensions>
			</trkpt>
			<trkpt lat="47.1853880005" lon="8.6908360803">
				<ele>649.2</ele>
				<time>2026-05-24T07:33:56Z</time>
				<extensions>
					<swisstopo:routepoint_id>559853748</swisstopo:routepoint_id>
				</extensions>
			</trkpt>
			<trkpt lat="47.1853898818" lon="8.6908373761">
				<ele>649.1</ele>
				<time>2026-05-24T07:33:57Z</time>
				<extensions>
					<swisstopo:routepoint_id>1336085129</swisstopo:routepoint_id>
				</extensions>
			</trkpt>
			<trkpt lat="47.1853896181" lon="8.6908389668">
				<ele>649.0</ele>
				<time>2026-05-24T07:33:58Z</time>
				<extensions>
					<swisstopo:routepoint_id>1493750071</swisstopo:routepoint_id>
				</extensions>
			</trkpt>
			<trkpt lat="47.1853903559" lon="8.6908393134">
				<ele>648.9</ele>
				<time>2026-05-24T07:33:59Z</time>
				<extensions>
					<swisstopo:routepoint_id>1373609867</swisstopo:routepoint_id>
				</extensions>
			</trkpt>
			<trkpt lat="47.1853899956" lon="8.6908392803">
				<ele>648.6</ele>
				<time>2026-05-24T07:34:00Z</time>
				<extensions>
					<swisstopo:routepoint_id>811829419</swisstopo:routepoint_id>
				</extensions>
			</trkpt>
			<trkpt lat="47.1853899544" lon="8.6908402358">
				<ele>648.8</ele>
				<time>2026-05-24T07:34:01Z</time>
				<extensions>
					<swisstopo:routepoint_id>1453435742</swisstopo:routepoint_id>
				</extensions>
			</trkpt>
			<trkpt lat="47.1853900733" lon="8.6908397850">
				<ele>649.0</ele>
				<time>2026-05-24T07:34:02Z</time>
				<extensions>
					<swisstopo:routepoint_id>268031169</swisstopo:routepoint_id>
				</extensions>
			</trkpt>
			<trkpt lat="47.1853913841" lon="8.6908394708">
				<ele>649.2</ele>
				<time>2026-05-24T07:34:03Z</time>
				<extensions>
					<swisstopo:routepoint_id>1526649624</swisstopo:routepoint_id>
				</extensions>
			</trkpt>
			<trkpt lat="47.1853936213" lon="8.6908385542">
				<ele>649.5</ele>
				<time>2026-05-24T07:34:04Z</time>
				<extensions>
					<swisstopo:routepoint_id>265616212</swisstopo:routepoint_id>
				</extensions>
			</trkpt>
			<trkpt lat="47.1853966562" lon="8.6908362058">
				<ele>649.8</ele>
				<time>2026-05-24T07:34:05Z</time>
				<extensions>
					<swisstopo:routepoint_id>1740656618</swisstopo:routepoint_id>
				</extensions>
			</trkpt>
			<trkpt lat="47.1853999538" lon="8.6908329803">
				<ele>650.0</ele>
				<time>2026-05-24T07:34:06Z</time>
				<extensions>
					<swisstopo:routepoint_id>46055645</swisstopo:routepoint_id>
				</extensions>
			</trkpt>
			<trkpt lat="47.1854033869" lon="8.6908295987">
				<ele>650.0</ele>
				<time>2026-05-24T07:34:07Z</time>
				<extensions>
					<swisstopo:routepoint_id>963112595</swisstopo:routepoint_id>
				</extensions>
			</trkpt>
			<trkpt lat="47.1854063240" lon="8.6908250322">
				<ele>649.7</ele>
				<time>2026-05-24T07:34:08Z</time>
				<extensions>
					<swisstopo:routepoint_id>1449136726</swisstopo:routepoint_id>
				</extensions>
			</trkpt>
			<trkpt lat="47.1854088103" lon="8.6908216168">
				<ele>649.2</ele>
				<time>2026-05-24T07:34:09Z</time>
				<extensions>
					<swisstopo:routepoint_id>1028913255</swisstopo:routepoint_id>
				</extensions>
			</trkpt>
			<trkpt lat="47.1854094096" lon="8.6908199682">
				<ele>649.2</ele>
				<time>2026-05-24T07:34:10Z</time>
				<extensions>
					<swisstopo:routepoint_id>1406751141</swisstopo:routepoint_id>
				</extensions>
			</trkpt>
			<trkpt lat="47.1854093841" lon="8.6908188876">
				<ele>649.2</ele>
				<time>2026-05-24T07:34:11Z</time>
				<extensions>
					<swisstopo:routepoint_id>1618956964</swisstopo:routepoint_id>
				</extensions>
			</trkpt>
			<trkpt lat="47.1854083675" lon="8.6908179217">
				<ele>649.4</ele>
				<time>2026-05-24T07:34:12Z</time>
				<extensions>
					<swisstopo:routepoint_id>1191886458</swisstopo:routepoint_id>
				</extensions>
			</trkpt>
			<trkpt lat="47.1854064523" lon="8.6908183859">
				<ele>649.4</ele>
				<time>2026-05-24T07:34:13Z</time>
				<extensions>
					<swisstopo:routepoint_id>308240390</swisstopo:routepoint_id>
				</extensions>
			</trkpt>
			<trkpt lat="47.1853969323" lon="8.6908246592">
				<ele>649.6</ele>
				<time>2026-05-24T07:34:13Z</time>
				<extensions>
					<swisstopo:routepoint_id>865678166</swisstopo:routepoint_id>
				</extensions>
			</trkpt>
			<trkpt lat="47.1853969309" lon="8.6908246614">
				<ele>649.6</ele>
				<time>2026-05-24T07:34:14Z</time>
				<extensions>
					<swisstopo:routepoint_id>251227537</swisstopo:routepoint_id>
				</extensions>
			</trkpt>
			<trkpt lat="47.1853969434" lon="8.6908246474">
				<ele>649.6</ele>
				<time>2026-05-24T07:34:15Z</time>
				<extensions>
					<swisstopo:routepoint_id>428364357</swisstopo:routepoint_id>
				</extensions>
			</trkpt>
			<trkpt lat="47.1853970316" lon="8.6908246256">
				<ele>649.6</ele>
				<time>2026-05-24T07:34:16Z</time>
				<extensions>
					<swisstopo:routepoint_id>1154563355</swisstopo:routepoint_id>
				</extensions>
			</trkpt>
			<trkpt lat="47.1853972855" lon="8.6908245962">
				<ele>649.7</ele>
				<time>2026-05-24T07:34:17Z</time>
				<extensions>
					<swisstopo:routepoint_id>84073193</swisstopo:routepoint_id>
				</extensions>
			</trkpt>
			<trkpt lat="47.1853977675" lon="8.6908245485">
				<ele>649.7</ele>
				<time>2026-05-24T07:34:18Z</time>
				<extensions>
					<swisstopo:routepoint_id>2121398672</swisstopo:routepoint_id>
				</extensions>
			</trkpt>
			<trkpt lat="47.1853979930" lon="8.6908256431">
				<ele>649.6</ele>
				<time>2026-05-24T07:34:19Z</time>
				<extensions>
					<swisstopo:routepoint_id>1823972810</swisstopo:routepoint_id>
				</extensions>
			</trkpt>
			<trkpt lat="47.1853979898" lon="8.6908276184">
				<ele>649.6</ele>
				<time>2026-05-24T07:34:20Z</time>
				<extensions>
					<swisstopo:routepoint_id>181956745</swisstopo:routepoint_id>
				</extensions>
			</trkpt>
			<trkpt lat="47.1853983516" lon="8.6908287223">
				<ele>649.5</ele>
				<time>2026-05-24T07:34:21Z</time>
				<extensions>
					<swisstopo:routepoint_id>130299887</swisstopo:routepoint_id>
				</extensions>
			</trkpt>
			<trkpt lat="47.1853994031" lon="8.6908282835">
				<ele>649.5</ele>
				<time>2026-05-24T07:34:22Z</time>
				<extensions>
					<swisstopo:routepoint_id>1664364516</swisstopo:routepoint_id>
				</extensions>
			</trkpt>
			<trkpt lat="47.1854010439" lon="8.6908260832">
				<ele>649.5</ele>
				<time>2026-05-24T07:34:23Z</time>
				<extensions>
					<swisstopo:routepoint_id>1999918237</swisstopo:routepoint_id>
				</extensions>
			</trkpt>
			<trkpt lat="47.1854043315" lon="8.6908223512">
				<ele>649.4</ele>
				<time>2026-05-24T07:34:24Z</time>
				<extensions>
					<swisstopo:routepoint_id>211766415</swisstopo:routepoint_id>
				</extensions>
			</trkpt>
			<trkpt lat="47.1854083938" lon="8.6908183004">
				<ele>649.4</ele>
				<time>2026-05-24T07:34:25Z</time>
				<extensions>
					<swisstopo:routepoint_id>777733826</swisstopo:routepoint_id>
				</extensions>
			</trkpt>
			<trkpt lat="47.1854139760" lon="8.6908156391">
				<ele>649.5</ele>
				<time>2026-05-24T07:34:26Z</time>
				<extensions>
					<swisstopo:routepoint_id>1786937940</swisstopo:routepoint_id>
				</extensions>
			</trkpt>
			<trkpt lat="47.1854212161" lon="8.6908149730">
				<ele>649.5</ele>
				<time>2026-05-24T07:34:27Z</time>
				<extensions>
					<swisstopo:routepoint_id>507154285</swisstopo:routepoint_id>
				</extensions>
			</trkpt>
			<trkpt lat="47.1854305344" lon="8.6908151949">
				<ele>649.6</ele>
				<time>2026-05-24T07:34:28Z</time>
				<extensions>
					<swisstopo:routepoint_id>379473052</swisstopo:routepoint_id>
				</extensions>
			</trkpt>
			<trkpt lat="47.1854435377" lon="8.6908174860">
				<ele>649.5</ele>
				<time>2026-05-24T07:34:29Z</time>
				<extensions>
					<swisstopo:routepoint_id>1924637021</swisstopo:routepoint_id>
				</extensions>
			</trkpt>
			<trkpt lat="47.1854587516" lon="8.6908210123">
				<ele>649.6</ele>
				<time>2026-05-24T07:34:30Z</time>
				<extensions>
					<swisstopo:routepoint_id>1975720833</swisstopo:routepoint_id>
				</extensions>
			</trkpt>
			<trkpt lat="47.1854756785" lon="8.6908268169">
				<ele>649.7</ele>
				<time>2026-05-24T07:34:31Z</time>
				<extensions>
					<swisstopo:routepoint_id>1547890317</swisstopo:routepoint_id>
				</extensions>
			</trkpt>
			<trkpt lat="47.1854941115" lon="8.6908332380">
				<ele>649.8</ele>
				<time>2026-05-24T07:34:32Z</time>
				<extensions>
					<swisstopo:routepoint_id>775658061</swisstopo:routepoint_id>
				</extensions>
			</trkpt>
			<trkpt lat="47.1855142969" lon="8.6908417232">
				<ele>649.8</ele>
				<time>2026-05-24T07:34:33Z</time>
				<extensions>
					<swisstopo:routepoint_id>1259293937</swisstopo:routepoint_id>
				</extensions>
			</trkpt>
			<trkpt lat="47.1855335226" lon="8.6908519415">
				<ele>650.1</ele>
				<time>2026-05-24T07:34:34Z</time>
				<extensions>
					<swisstopo:routepoint_id>1501857974</swisstopo:routepoint_id>
				</extensions>
			</trkpt>
			<trkpt lat="47.1855561387" lon="8.6908626951">
				<ele>650.0</ele>
				<time>2026-05-24T07:34:35Z</time>
				<extensions>
					<swisstopo:routepoint_id>204182180</swisstopo:routepoint_id>
				</extensions>
			</trkpt>
			<trkpt lat="47.1855757667" lon="8.6908802791">
				<ele>650.3</ele>
				<time>2026-05-24T07:34:36Z</time>
				<extensions>
					<swisstopo:routepoint_id>11031354</swisstopo:routepoint_id>
				</extensions>
			</trkpt>
			<trkpt lat="47.1855934433" lon="8.6908943129">
				<ele>650.3</ele>
				<time>2026-05-24T07:34:37Z</time>
				<extensions>
					<swisstopo:routepoint_id>720373036</swisstopo:routepoint_id>
				</extensions>
			</trkpt>
			<trkpt lat="47.1856134480" lon="8.6909060712">
				<ele>650.2</ele>
				<time>2026-05-24T07:34:38Z</time>
				<extensions>
					<swisstopo:routepoint_id>1944297913</swisstopo:routepoint_id>
				</extensions>
			</trkpt>
			<trkpt lat="47.1856344192" lon="8.6909166509">
				<ele>650.0</ele>
				<time>2026-05-24T07:34:39Z</time>
				<extensions>
					<swisstopo:routepoint_id>1703851039</swisstopo:routepoint_id>
				</extensions>
			</trkpt>
			<trkpt lat="47.1856517119" lon="8.6909259026">
				<ele>649.9</ele>
				<time>2026-05-24T07:34:40Z</time>
				<extensions>
					<swisstopo:routepoint_id>2077463375</swisstopo:routepoint_id>
				</extensions>
			</trkpt>
			<trkpt lat="47.1856676185" lon="8.6909351867">
				<ele>649.7</ele>
				<time>2026-05-24T07:34:41Z</time>
				<extensions>
					<swisstopo:routepoint_id>2137810699</swisstopo:routepoint_id>
				</extensions>
			</trkpt>
			<trkpt lat="47.1856808359" lon="8.6909450854">
				<ele>649.6</ele>
				<time>2026-05-24T07:34:42Z</time>
				<extensions>
					<swisstopo:routepoint_id>635520136</swisstopo:routepoint_id>
				</extensions>
			</trkpt>
			<trkpt lat="47.1856910566" lon="8.6909567154">
				<ele>649.3</ele>
				<time>2026-05-24T07:34:43Z</time>
				<extensions>
					<swisstopo:routepoint_id>1750749221</swisstopo:routepoint_id>
				</extensions>
			</trkpt>
			<trkpt lat="47.1857049041" lon="8.6909674773">
				<ele>649.1</ele>
				<time>2026-05-24T07:34:44Z</time>
				<extensions>
					<swisstopo:routepoint_id>21226153</swisstopo:routepoint_id>
				</extensions>
			</trkpt>
			<trkpt lat="47.1857256195" lon="8.6909820971">
				<ele>649.2</ele>
				<time>2026-05-24T07:34:45Z</time>
				<extensions>
					<swisstopo:routepoint_id>265668069</swisstopo:routepoint_id>
				</extensions>
			</trkpt>
			<trkpt lat="47.1857489045" lon="8.6909951012">
				<ele>649.5</ele>
				<time>2026-05-24T07:34:46Z</time>
				<extensions>
					<swisstopo:routepoint_id>464733570</swisstopo:routepoint_id>
				</extensions>
			</trkpt>
			<trkpt lat="47.1857755293" lon="8.6910086841">
				<ele>649.6</ele>
				<time>2026-05-24T07:34:47Z</time>
				<extensions>
					<swisstopo:routepoint_id>379086851</swisstopo:routepoint_id>
				</extensions>
			</trkpt>
			<trkpt lat="47.1858042500" lon="8.6910224586">
				<ele>649.7</ele>
				<time>2026-05-24T07:34:48Z</time>
				<extensions>
					<swisstopo:routepoint_id>1876207755</swisstopo:routepoint_id>
				</extensions>
			</trkpt>
			<trkpt lat="47.1858341387" lon="8.6910366051">
				<ele>649.8</ele>
				<time>2026-05-24T07:34:49Z</time>
				<extensions>
					<swisstopo:routepoint_id>1921349384</swisstopo:routepoint_id>
				</extensions>
			</trkpt>
			<trkpt lat="47.1858604185" lon="8.6910506216">
				<ele>649.9</ele>
				<time>2026-05-24T07:34:50Z</time>
				<extensions>
					<swisstopo:routepoint_id>407496949</swisstopo:routepoint_id>
				</extensions>
			</trkpt>
			<trkpt lat="47.1858859999" lon="8.6910638948">
				<ele>649.9</ele>
				<time>2026-05-24T07:34:51Z</time>
				<extensions>
					<swisstopo:routepoint_id>475871560</swisstopo:routepoint_id>
				</extensions>
			</trkpt>
			<trkpt lat="47.1859108833" lon="8.6910764247">
				<ele>649.7</ele>
				<time>2026-05-24T07:34:52Z</time>
				<extensions>
					<swisstopo:routepoint_id>744207492</swisstopo:routepoint_id>
				</extensions>
			</trkpt>
			<trkpt lat="47.1859358997" lon="8.6910885915">
				<ele>649.7</ele>
				<time>2026-05-24T07:34:53Z</time>
				<extensions>
					<swisstopo:routepoint_id>950557916</swisstopo:routepoint_id>
				</extensions>
			</trkpt>
			<trkpt lat="47.1859625417" lon="8.6910999920">
				<ele>649.5</ele>
				<time>2026-05-24T07:34:54Z</time>
				<extensions>
					<swisstopo:routepoint_id>896044179</swisstopo:routepoint_id>
				</extensions>
			</trkpt>
			<trkpt lat="47.1859884279" lon="8.6911102512">
				<ele>649.4</ele>
				<time>2026-05-24T07:34:55Z</time>
				<extensions>
					<swisstopo:routepoint_id>1659183689</swisstopo:routepoint_id>
				</extensions>
			</trkpt>
			<trkpt lat="47.1860126431" lon="8.6911179919">
				<ele>649.4</ele>
				<time>2026-05-24T07:34:56Z</time>
				<extensions>
					<swisstopo:routepoint_id>825104728</swisstopo:routepoint_id>
				</extensions>
			</trkpt>
			<trkpt lat="47.1860352744" lon="8.6911261664">
				<ele>649.1</ele>
				<time>2026-05-24T07:34:57Z</time>
				<extensions>
					<swisstopo:routepoint_id>1233254817</swisstopo:routepoint_id>
				</extensions>
			</trkpt>
			<trkpt lat="47.1860580520" lon="8.6911346124">
				<ele>648.9</ele>
				<time>2026-05-24T07:34:58Z</time>
				<extensions>
					<swisstopo:routepoint_id>1949032122</swisstopo:routepoint_id>
				</extensions>
			</trkpt>
			<trkpt lat="47.1860810574" lon="8.6911447458">
				<ele>648.6</ele>
				<time>2026-05-24T07:34:59Z</time>
				<extensions>
					<swisstopo:routepoint_id>1814806763</swisstopo:routepoint_id>
				</extensions>
			</trkpt>
			<trkpt lat="47.1861033809" lon="8.6911549797">
				<ele>648.4</ele>
				<time>2026-05-24T07:35:00Z</time>
				<extensions>
					<swisstopo:routepoint_id>747027400</swisstopo:routepoint_id>
				</extensions>
			</trkpt>
			<trkpt lat="47.1861241591" lon="8.6911666966">
				<ele>648.3</ele>
				<time>2026-05-24T07:35:01Z</time>
				<extensions>
					<swisstopo:routepoint_id>1100111438</swisstopo:routepoint_id>
				</extensions>
			</trkpt>
			<trkpt lat="47.1861438896" lon="8.6911771945">
				<ele>648.2</ele>
				<time>2026-05-24T07:35:02Z</time>
				<extensions>
					<swisstopo:routepoint_id>1886221443</swisstopo:routepoint_id>
				</extensions>
			</trkpt>
			<trkpt lat="47.1861633163" lon="8.6911882516">
				<ele>648.2</ele>
				<time>2026-05-24T07:35:03Z</time>
				<extensions>
					<swisstopo:routepoint_id>570195487</swisstopo:routepoint_id>
				</extensions>
			</trkpt>
			<trkpt lat="47.1861849815" lon="8.6911994934">
				<ele>648.3</ele>
				<time>2026-05-24T07:35:04Z</time>
				<extensions>
					<swisstopo:routepoint_id>1203517095</swisstopo:routepoint_id>
				</extensions>
			</trkpt>
			<trkpt lat="47.1862067797" lon="8.6912105763">
				<ele>648.2</ele>
				<time>2026-05-24T07:35:05Z</time>
				<extensions>
					<swisstopo:routepoint_id>363344572</swisstopo:routepoint_id>
				</extensions>
			</trkpt>
			<trkpt lat="47.1862285882" lon="8.6912216007">
				<ele>648.1</ele>
				<time>2026-05-24T07:35:06Z</time>
				<extensions>
					<swisstopo:routepoint_id>1436213183</swisstopo:routepoint_id>
				</extensions>
			</trkpt>
			<trkpt lat="47.1862497343" lon="8.6912303263">
				<ele>648.0</ele>
				<time>2026-05-24T07:35:07Z</time>
				<extensions>
					<swisstopo:routepoint_id>718774401</swisstopo:routepoint_id>
				</extensions>
			</trkpt>
			<trkpt lat="47.1862712228" lon="8.6912383979">
				<ele>647.9</ele>
				<time>2026-05-24T07:35:08Z</time>
				<extensions>
					<swisstopo:routepoint_id>845843232</swisstopo:routepoint_id>
				</extensions>
			</trkpt>
			<trkpt lat="47.1862921378" lon="8.6912471042">
				<ele>647.9</ele>
				<time>2026-05-24T07:35:09Z</time>
				<extensions>
					<swisstopo:routepoint_id>1892940731</swisstopo:routepoint_id>
				</extensions>
			</trkpt>
			<trkpt lat="47.1863098510" lon="8.6912578560">
				<ele>647.6</ele>
				<time>2026-05-24T07:35:10Z</time>
				<extensions>
					<swisstopo:routepoint_id>1832119259</swisstopo:routepoint_id>
				</extensions>
			</trkpt>
			<trkpt lat="47.1863278270" lon="8.6912681501">
				<ele>647.2</ele>
				<time>2026-05-24T07:35:11Z</time>
				<extensions>
					<swisstopo:routepoint_id>1807855327</swisstopo:routepoint_id>
				</extensions>
			</trkpt>
			<trkpt lat="47.1863479347" lon="8.6912788875">
				<ele>647.0</ele>
				<time>2026-05-24T07:35:12Z</time>
				<extensions>
					<swisstopo:routepoint_id>2025843133</swisstopo:routepoint_id>
				</extensions>
			</trkpt>
			<trkpt lat="47.1863683208" lon="8.6912905513">
				<ele>647.0</ele>
				<time>2026-05-24T07:35:13Z</time>
				<extensions>
					<swisstopo:routepoint_id>2139796793</swisstopo:routepoint_id>
				</extensions>
			</trkpt>
			<trkpt lat="47.1863888829" lon="8.6913014328">
				<ele>647.2</ele>
				<time>2026-05-24T07:35:14Z</time>
				<extensions>
					<swisstopo:routepoint_id>1803547289</swisstopo:routepoint_id>
				</extensions>
			</trkpt>
			<trkpt lat="47.1864107048" lon="8.6913129724">
				<ele>647.5</ele>
				<time>2026-05-24T07:35:15Z</time>
				<extensions>
					<swisstopo:routepoint_id>487608818</swisstopo:routepoint_id>
				</extensions>
			</trkpt>
			<trkpt lat="47.1864338689" lon="8.6913224463">
				<ele>647.7</ele>
				<time>2026-05-24T07:35:16Z</time>
				<extensions>
					<swisstopo:routepoint_id>443807174</swisstopo:routepoint_id>
				</extensions>
			</trkpt>
			<trkpt lat="47.1864576291" lon="8.6913314718">
				<ele>648.1</ele>
				<time>2026-05-24T07:35:17Z</time>
				<extensions>
					<swisstopo:routepoint_id>856467387</swisstopo:routepoint_id>
				</extensions>
			</trkpt>
			<trkpt lat="47.1864818167" lon="8.6913415037">
				<ele>648.5</ele>
				<time>2026-05-24T07:35:18Z</time>
				<extensions>
					<swisstopo:routepoint_id>64487468</swisstopo:routepoint_id>
				</extensions>
			</trkpt>
			<trkpt lat="47.1865059292" lon="8.6913465727">
				<ele>648.8</ele>
				<time>2026-05-24T07:35:19Z</time>
				<extensions>
					<swisstopo:routepoint_id>1509116588</swisstopo:routepoint_id>
				</extensions>
			</trkpt>
			<trkpt lat="47.1865290112" lon="8.6913526393">
				<ele>648.7</ele>
				<time>2026-05-24T07:35:20Z</time>
				<extensions>
					<swisstopo:routepoint_id>1940623446</swisstopo:routepoint_id>
				</extensions>
			</trkpt>
			<trkpt lat="47.1865518133" lon="8.6913598240">
				<ele>648.2</ele>
				<time>2026-05-24T07:35:21Z</time>
				<extensions>
					<swisstopo:routepoint_id>76626286</swisstopo:routepoint_id>
				</extensions>
			</trkpt>
			<trkpt lat="47.1865732539" lon="8.6913696816">
				<ele>647.5</ele>
				<time>2026-05-24T07:35:22Z</time>
				<extensions>
					<swisstopo:routepoint_id>1515284249</swisstopo:routepoint_id>
				</extensions>
			</trkpt>
			<trkpt lat="47.1865900564" lon="8.6913780311">
				<ele>647.4</ele>
				<time>2026-05-24T07:35:23Z</time>
				<extensions>
					<swisstopo:routepoint_id>373803170</swisstopo:routepoint_id>
				</extensions>
			</trkpt>
			<trkpt lat="47.1866019065" lon="8.6913817953">
				<ele>647.4</ele>
				<time>2026-05-24T07:35:24Z</time>
				<extensions>
					<swisstopo:routepoint_id>1120210715</swisstopo:routepoint_id>
				</extensions>
			</trkpt>
			<trkpt lat="47.1866098146" lon="8.6913843055">
				<ele>647.7</ele>
				<time>2026-05-24T07:35:25Z</time>
				<extensions>
					<swisstopo:routepoint_id>392353756</swisstopo:routepoint_id>
				</extensions>
			</trkpt>
			<trkpt lat="47.1866135664" lon="8.6913850651">
				<ele>648.1</ele>
				<time>2026-05-24T07:35:26Z</time>
				<extensions>
					<swisstopo:routepoint_id>1514780802</swisstopo:routepoint_id>
				</extensions>
			</trkpt>
			<trkpt lat="47.1866139602" lon="8.6913848731">
				<ele>648.4</ele>
				<time>2026-05-24T07:35:27Z</time>
				<extensions>
					<swisstopo:routepoint_id>502304029</swisstopo:routepoint_id>
				</extensions>
			</trkpt>
			<trkpt lat="47.1865737247" lon="8.6913685087">
				<ele>649.4</ele>
				<time>2026-05-24T07:35:27Z</time>
				<extensions>
					<swisstopo:routepoint_id>465599046</swisstopo:routepoint_id>
				</extensions>
			</trkpt>
			<trkpt lat="47.1865737228" lon="8.6913685086">
				<ele>649.4</ele>
				<time>2026-05-24T07:35:28Z</time>
				<extensions>
					<swisstopo:routepoint_id>2040240101</swisstopo:routepoint_id>
				</extensions>
			</trkpt>
			<trkpt lat="47.1865737374" lon="8.6913685090">
				<ele>649.4</ele>
				<time>2026-05-24T07:35:29Z</time>
				<extensions>
					<swisstopo:routepoint_id>1443985858</swisstopo:routepoint_id>
				</extensions>
			</trkpt>
			<trkpt lat="47.1865738220" lon="8.6913685154">
				<ele>649.4</ele>
				<time>2026-05-24T07:35:30Z</time>
				<extensions>
					<swisstopo:routepoint_id>357620659</swisstopo:routepoint_id>
				</extensions>
			</trkpt>
			<trkpt lat="47.1865740575" lon="8.6913685540">
				<ele>649.4</ele>
				<time>2026-05-24T07:35:31Z</time>
				<extensions>
					<swisstopo:routepoint_id>1871171507</swisstopo:routepoint_id>
				</extensions>
			</trkpt>
			<trkpt lat="47.1865750409" lon="8.6913672444">
				<ele>649.4</ele>
				<time>2026-05-24T07:35:32Z</time>
				<extensions>
					<swisstopo:routepoint_id>1028991481</swisstopo:routepoint_id>
				</extensions>
			</trkpt>
			<trkpt lat="47.1865788767" lon="8.6913635961">
				<ele>649.2</ele>
				<time>2026-05-24T07:35:33Z</time>
				<extensions>
					<swisstopo:routepoint_id>574011876</swisstopo:routepoint_id>
				</extensions>
			</trkpt>
			<trkpt lat="47.1865840599" lon="8.6913583091">
				<ele>649.0</ele>
				<time>2026-05-24T07:35:34Z</time>
				<extensions>
					<swisstopo:routepoint_id>921057608</swisstopo:routepoint_id>
				</extensions>
			</trkpt>
			<trkpt lat="47.1865884326" lon="8.6913562368">
				<ele>648.8</ele>
				<time>2026-05-24T07:35:35Z</time>
				<extensions>
					<swisstopo:routepoint_id>1153090080</swisstopo:routepoint_id>
				</extensions>
			</trkpt>
			<trkpt lat="47.1865913063" lon="8.6913567423">
				<ele>648.6</ele>
				<time>2026-05-24T07:35:36Z</time>
				<extensions>
					<swisstopo:routepoint_id>1092544032</swisstopo:routepoint_id>
				</extensions>
			</trkpt>
			<trkpt lat="47.1865924670" lon="8.6913578284">
				<ele>648.5</ele>
				<time>2026-05-24T07:35:37Z</time>
				<extensions>
					<swisstopo:routepoint_id>1402363974</swisstopo:routepoint_id>
				</extensions>
			</trkpt>
			<trkpt lat="47.1865919626" lon="8.6913588571">
				<ele>648.4</ele>
				<time>2026-05-24T07:35:38Z</time>
				<extensions>
					<swisstopo:routepoint_id>898285193</swisstopo:routepoint_id>
				</extensions>
			</trkpt>
			<trkpt lat="47.1865908843" lon="8.6913597578">
				<ele>648.4</ele>
				<time>2026-05-24T07:35:39Z</time>
				<extensions>
					<swisstopo:routepoint_id>669200341</swisstopo:routepoint_id>
				</extensions>
			</trkpt>
			<trkpt lat="47.1865896858" lon="8.6913606225">
				<ele>648.3</ele>
				<time>2026-05-24T07:35:40Z</time>
				<extensions>
					<swisstopo:routepoint_id>878271848</swisstopo:routepoint_id>
				</extensions>
			</trkpt>
			<trkpt lat="47.1865883486" lon="8.6913621900">
				<ele>648.5</ele>
				<time>2026-05-24T07:35:41Z</time>
				<extensions>
					<swisstopo:routepoint_id>1459843505</swisstopo:routepoint_id>
				</extensions>
			</trkpt>
			<trkpt lat="47.1865869170" lon="8.6913644900">
				<ele>648.9</ele>
				<time>2026-05-24T07:35:42Z</time>
				<extensions>
					<swisstopo:routepoint_id>589121560</swisstopo:routepoint_id>
				</extensions>
			</trkpt>
			<trkpt lat="47.1865857833" lon="8.6913681811">
				<ele>649.1</ele>
				<time>2026-05-24T07:35:43Z</time>
				<extensions>
					<swisstopo:routepoint_id>1466446250</swisstopo:routepoint_id>
				</extensions>
			</trkpt>
			<trkpt lat="47.1865852262" lon="8.6913723868">
				<ele>649.5</ele>
				<time>2026-05-24T07:35:44Z</time>
				<extensions>
					<swisstopo:routepoint_id>2039790778</swisstopo:routepoint_id>
				</extensions>
			</trkpt>
			<trkpt lat="47.1865856051" lon="8.6913770781">
				<ele>649.8</ele>
				<time>2026-05-24T07:35:45Z</time>
				<extensions>
					<swisstopo:routepoint_id>334665138</swisstopo:routepoint_id>
				</extensions>
			</trkpt>
			<trkpt lat="47.1865866682" lon="8.6913827807">
				<ele>650.2</ele>
				<time>2026-05-24T07:35:46Z</time>
				<extensions>
					<swisstopo:routepoint_id>457302873</swisstopo:routepoint_id>
				</extensions>
			</trkpt>
			<trkpt lat="47.1865879331" lon="8.6913889767">
				<ele>650.5</ele>
				<time>2026-05-24T07:35:47Z</time>
				<extensions>
					<swisstopo:routepoint_id>45413898</swisstopo:routepoint_id>
				</extensions>
			</trkpt>
			<trkpt lat="47.1865884404" lon="8.6913951690">
				<ele>650.9</ele>
				<time>2026-05-24T07:35:48Z</time>
				<extensions>
					<swisstopo:routepoint_id>914689001</swisstopo:routepoint_id>
				</extensions>
			</trkpt>
			<trkpt lat="47.1865905981" lon="8.6913998763">
				<ele>651.3</ele>
				<time>2026-05-24T07:35:49Z</time>
				<extensions>
					<swisstopo:routepoint_id>1490094581</swisstopo:routepoint_id>
				</extensions>
			</trkpt>
			<trkpt lat="47.1865939944" lon="8.6914023550">
				<ele>651.5</ele>
				<time>2026-05-24T07:35:50Z</time>
				<extensions>
					<swisstopo:routepoint_id>65331553</swisstopo:routepoint_id>
				</extensions>
			</trkpt>
			<trkpt lat="47.1865950797" lon="8.6914058490">
				<ele>651.8</ele>
				<time>2026-05-24T07:35:51Z</time>
				<extensions>
					<swisstopo:routepoint_id>663267654</swisstopo:routepoint_id>
				</extensions>
			</trkpt>
			<trkpt lat="47.1865958088" lon="8.6914081803">
				<ele>652.1</ele>
				<time>2026-05-24T07:35:52Z</time>
				<extensions>
					<swisstopo:routepoint_id>2099332848</swisstopo:routepoint_id>
				</extensions>
			</trkpt>
			<trkpt lat="47.1865966763" lon="8.6914094560">
				<ele>652.2</ele>
				<time>2026-05-24T07:35:53Z</time>
				<extensions>
					<swisstopo:routepoint_id>330856126</swisstopo:routepoint_id>
				</extensions>
			</trkpt>
			<trkpt lat="47.1865967959" lon="8.6914136086">
				<ele>652.3</ele>
				<time>2026-05-24T07:35:54Z</time>
				<extensions>
					<swisstopo:routepoint_id>863747599</swisstopo:routepoint_id>
				</extensions>
			</trkpt>
			<trkpt lat="47.1865987991" lon="8.6914163998">
				<ele>652.5</ele>
				<time>2026-05-24T07:35:55Z</time>
				<extensions>
					<swisstopo:routepoint_id>16442673</swisstopo:routepoint_id>
				</extensions>
			</trkpt>
			<trkpt lat="47.1866001658" lon="8.6914177778">
				<ele>652.5</ele>
				<time>2026-05-24T07:35:56Z</time>
				<extensions>
					<swisstopo:routepoint_id>1474098295</swisstopo:routepoint_id>
				</extensions>
			</trkpt>
			<trkpt lat="47.1866011446" lon="8.6914191396">
				<ele>652.5</ele>
				<time>2026-05-24T07:35:57Z</time>
				<extensions>
					<swisstopo:routepoint_id>1798692273</swisstopo:routepoint_id>
				</extensions>
			</trkpt>
			<trkpt lat="47.1866013354" lon="8.6914194595">
				<ele>652.6</ele>
				<time>2026-05-24T07:35:58Z</time>
				<extensions>
					<swisstopo:routepoint_id>493733492</swisstopo:routepoint_id>
				</extensions>
			</trkpt>
			<trkpt lat="47.1866018165" lon="8.6914201273">
				<ele>652.5</ele>
				<time>2026-05-24T07:35:59Z</time>
				<extensions>
					<swisstopo:routepoint_id>301988036</swisstopo:routepoint_id>
				</extensions>
			</trkpt>
			<trkpt lat="47.1866011953" lon="8.6914197896">
				<ele>652.4</ele>
				<time>2026-05-24T07:36:00Z</time>
				<extensions>
					<swisstopo:routepoint_id>1009063191</swisstopo:routepoint_id>
				</extensions>
			</trkpt>
			<trkpt lat="47.1866013786" lon="8.6914194490">
				<ele>652.3</ele>
				<time>2026-05-24T07:36:01Z</time>
				<extensions>
					<swisstopo:routepoint_id>646690778</swisstopo:routepoint_id>
				</extensions>
			</trkpt>
			<trkpt lat="47.1866019233" lon="8.6914187211">
				<ele>652.2</ele>
				<time>2026-05-24T07:36:02Z</time>
				<extensions>
					<swisstopo:routepoint_id>517168379</swisstopo:routepoint_id>
				</extensions>
			</trkpt>
			<trkpt lat="47.1866019929" lon="8.6914207278">
				<ele>651.9</ele>
				<time>2026-05-24T07:36:03Z</time>
				<extensions>
					<swisstopo:routepoint_id>1182626444</swisstopo:routepoint_id>
				</extensions>
			</trkpt>
			<trkpt lat="47.1866016479" lon="8.6914219488">
				<ele>651.7</ele>
				<time>2026-05-24T07:36:04Z</time>
				<extensions>
					<swisstopo:routepoint_id>1441491323</swisstopo:routepoint_id>
				</extensions>
			</trkpt>
			<trkpt lat="47.1866011059" lon="8.6914226660">
				<ele>651.4</ele>
				<time>2026-05-24T07:36:05Z</time>
				<extensions>
					<swisstopo:routepoint_id>1381643854</swisstopo:routepoint_id>
				</extensions>
			</trkpt>
			<trkpt lat="47.1865978686" lon="8.6914212412">
				<ele>650.8</ele>
				<time>2026-05-24T07:36:06Z</time>
				<extensions>
					<swisstopo:routepoint_id>547579167</swisstopo:routepoint_id>
				</extensions>
			</trkpt>
			<trkpt lat="47.1865959217" lon="8.6914209276">
				<ele>650.4</ele>
				<time>2026-05-24T07:36:07Z</time>
				<extensions>
					<swisstopo:routepoint_id>1195632374</swisstopo:routepoint_id>
				</extensions>
			</trkpt>
			<trkpt lat="47.1865944793" lon="8.6914207832">
				<ele>650.0</ele>
				<time>2026-05-24T07:36:08Z</time>
				<extensions>
					<swisstopo:routepoint_id>988824839</swisstopo:routepoint_id>
				</extensions>
			</trkpt>
			<trkpt lat="47.1865933082" lon="8.6914206051">
				<ele>649.7</ele>
				<time>2026-05-24T07:36:09Z</time>
				<extensions>
					<swisstopo:routepoint_id>1950608587</swisstopo:routepoint_id>
				</extensions>
			</trkpt>
			<trkpt lat="47.1865923830" lon="8.6914204095">
				<ele>649.5</ele>
				<time>2026-05-24T07:36:10Z</time>
				<extensions>
					<swisstopo:routepoint_id>393166607</swisstopo:routepoint_id>
				</extensions>
			</trkpt>
			<trkpt lat="47.1865916754" lon="8.6914202087">
				<ele>649.3</ele>
				<time>2026-05-24T07:36:11Z</time>
				<extensions>
					<swisstopo:routepoint_id>143982030</swisstopo:routepoint_id>
				</extensions>
			</trkpt>
			<trkpt lat="47.1865911558" lon="8.6914200120">
				<ele>649.2</ele>
				<time>2026-05-24T07:36:12Z</time>
				<extensions>
					<swisstopo:routepoint_id>1839391688</swisstopo:routepoint_id>
				</extensions>
			</trkpt>
			<trkpt lat="47.1865907952" lon="8.6914198263">
				<ele>649.1</ele>
				<time>2026-05-24T07:36:13Z</time>
				<extensions>
					<swisstopo:routepoint_id>1629001651</swisstopo:routepoint_id>
				</extensions>
			</trkpt>
			<trkpt lat="47.1865905657" lon="8.6914196560">
				<ele>649.1</ele>
				<time>2026-05-24T07:36:14Z</time>
				<extensions>
					<swisstopo:routepoint_id>361732754</swisstopo:routepoint_id>
				</extensions>
			</trkpt>
			<trkpt lat="47.1865904418" lon="8.6914195038">
				<ele>649.1</ele>
				<time>2026-05-24T07:36:15Z</time>
				<extensions>
					<swisstopo:routepoint_id>116191821</swisstopo:routepoint_id>
				</extensions>
			</trkpt>
			<trkpt lat="47.1865904003" lon="8.6914193710">
				<ele>649.1</ele>
				<time>2026-05-24T07:36:16Z</time>
				<extensions>
					<swisstopo:routepoint_id>773300424</swisstopo:routepoint_id>
				</extensions>
			</trkpt>
			<trkpt lat="47.1865904211" lon="8.6914192577">
				<ele>649.1</ele>
				<time>2026-05-24T07:36:17Z</time>
				<extensions>
					<swisstopo:routepoint_id>289194524</swisstopo:routepoint_id>
				</extensions>
			</trkpt>
			<trkpt lat="47.1865904869" lon="8.6914191632">
				<ele>649.1</ele>
				<time>2026-05-24T07:36:18Z</time>
				<extensions>
					<swisstopo:routepoint_id>736871707</swisstopo:routepoint_id>
				</extensions>
			</trkpt>
			<trkpt lat="47.1865905831" lon="8.6914190864">
				<ele>649.2</ele>
				<time>2026-05-24T07:36:19Z</time>
				<extensions>
					<swisstopo:routepoint_id>64587300</swisstopo:routepoint_id>
				</extensions>
			</trkpt>
			<trkpt lat="47.1865906978" lon="8.6914190256">
				<ele>649.2</ele>
				<time>2026-05-24T07:36:20Z</time>
				<extensions>
					<swisstopo:routepoint_id>1039509365</swisstopo:routepoint_id>
				</extensions>
			</trkpt>
			<trkpt lat="47.1865908215" lon="8.6914189789">
				<ele>649.2</ele>
				<time>2026-05-24T07:36:21Z</time>
				<extensions>
					<swisstopo:routepoint_id>1254429210</swisstopo:routepoint_id>
				</extensions>
			</trkpt>
			<trkpt lat="47.1865909470" lon="8.6914189445">
				<ele>649.3</ele>
				<time>2026-05-24T07:36:22Z</time>
				<extensions>
					<swisstopo:routepoint_id>1344769871</swisstopo:routepoint_id>
				</extensions>
			</trkpt>
			<trkpt lat="47.1865910688" lon="8.6914189206">
				<ele>649.3</ele>
				<time>2026-05-24T07:36:23Z</time>
				<extensions>
					<swisstopo:routepoint_id>1429320869</swisstopo:routepoint_id>
				</extensions>
			</trkpt>
			<trkpt lat="47.1865911829" lon="8.6914189052">
				<ele>649.3</ele>
				<time>2026-05-24T07:36:24Z</time>
				<extensions>
					<swisstopo:routepoint_id>843769941</swisstopo:routepoint_id>
				</extensions>
			</trkpt>
			<trkpt lat="47.1865912870" lon="8.6914188967">
				<ele>649.4</ele>
				<time>2026-05-24T07:36:25Z</time>
				<extensions>
					<swisstopo:routepoint_id>1406877246</swisstopo:routepoint_id>
				</extensions>
			</trkpt>
			<trkpt lat="47.1865913795" lon="8.6914188937">
				<ele>649.4</ele>
				<time>2026-05-24T07:36:26Z</time>
				<extensions>
					<swisstopo:routepoint_id>1590920052</swisstopo:routepoint_id>
				</extensions>
			</trkpt>
			<trkpt lat="47.1865914598" lon="8.6914188948">
				<ele>649.4</ele>
				<time>2026-05-24T07:36:27Z</time>
				<extensions>
					<swisstopo:routepoint_id>274425167</swisstopo:routepoint_id>
				</extensions>
			</trkpt>
			<trkpt lat="47.1865915279" lon="8.6914188989">
				<ele>649.4</ele>
				<time>2026-05-24T07:36:28Z</time>
				<extensions>
					<swisstopo:routepoint_id>1616391660</swisstopo:routepoint_id>
				</extensions>
			</trkpt>
			<trkpt lat="47.1865915844" lon="8.6914189050">
				<ele>649.5</ele>
				<time>2026-05-24T07:36:29Z</time>
				<extensions>
					<swisstopo:routepoint_id>1026495070</swisstopo:routepoint_id>
				</extensions>
			</trkpt>
			<trkpt lat="47.1865916301" lon="8.6914189123">
				<ele>649.5</ele>
				<time>2026-05-24T07:36:30Z</time>
				<extensions>
					<swisstopo:routepoint_id>1566505139</swisstopo:routepoint_id>
				</extensions>
			</trkpt>
			<trkpt lat="47.1865916660" lon="8.6914189203">
				<ele>649.5</ele>
				<time>2026-05-24T07:36:31Z</time>
				<extensions>
					<swisstopo:routepoint_id>102358953</swisstopo:routepoint_id>
				</extensions>
			</trkpt>
			<trkpt lat="47.1865916933" lon="8.6914189284">
				<ele>649.5</ele>
				<time>2026-05-24T07:36:32Z</time>
				<extensions>
					<swisstopo:routepoint_id>212521824</swisstopo:routepoint_id>
				</extensions>
			</trkpt>
			<trkpt lat="47.1865917132" lon="8.6914189363">
				<ele>649.5</ele>
				<time>2026-05-24T07:36:33Z</time>
				<extensions>
					<swisstopo:routepoint_id>588991007</swisstopo:routepoint_id>
				</extensions>
			</trkpt>
			<trkpt lat="47.1865917269" lon="8.6914189437">
				<ele>649.5</ele>
				<time>2026-05-24T07:36:34Z</time>
				<extensions>
					<swisstopo:routepoint_id>1419725626</swisstopo:routepoint_id>
				</extensions>
			</trkpt>
			<trkpt lat="47.1865917354" lon="8.6914189505">
				<ele>649.5</ele>
				<time>2026-05-24T07:36:35Z</time>
				<extensions>
					<swisstopo:routepoint_id>637794365</swisstopo:routepoint_id>
				</extensions>
			</trkpt>
			<trkpt lat="47.1865917398" lon="8.6914189565">
				<ele>649.5</ele>
				<time>2026-05-24T07:36:36Z</time>
				<extensions>
					<swisstopo:routepoint_id>1319010378</swisstopo:routepoint_id>
				</extensions>
			</trkpt>
			<trkpt lat="47.1865917411" lon="8.6914189617">
				<ele>649.5</ele>
				<time>2026-05-24T07:36:37Z</time>
				<extensions>
					<swisstopo:routepoint_id>133735065</swisstopo:routepoint_id>
				</extensions>
			</trkpt>
			<trkpt lat="47.1865917399" lon="8.6914189662">
				<ele>649.5</ele>
				<time>2026-05-24T07:36:38Z</time>
				<extensions>
					<swisstopo:routepoint_id>1417342693</swisstopo:routepoint_id>
				</extensions>
			</trkpt>
			<trkpt lat="47.1865917370" lon="8.6914189699">
				<ele>649.5</ele>
				<time>2026-05-24T07:36:39Z</time>
				<extensions>
					<swisstopo:routepoint_id>1390028727</swisstopo:routepoint_id>
				</extensions>
			</trkpt>
			<trkpt lat="47.1865917330" lon="8.6914189729">
				<ele>649.5</ele>
				<time>2026-05-24T07:36:40Z</time>
				<extensions>
					<swisstopo:routepoint_id>1885702623</swisstopo:routepoint_id>
				</extensions>
			</trkpt>
			<trkpt lat="47.1865917283" lon="8.6914189752">
				<ele>649.5</ele>
				<time>2026-05-24T07:36:41Z</time>
				<extensions>
					<swisstopo:routepoint_id>440322335</swisstopo:routepoint_id>
				</extensions>
			</trkpt>
			<trkpt lat="47.1865917233" lon="8.6914189770">
				<ele>649.5</ele>
				<time>2026-05-24T07:36:42Z</time>
				<extensions>
					<swisstopo:routepoint_id>268836783</swisstopo:routepoint_id>
				</extensions>
			</trkpt>
			<trkpt lat="47.1865917182" lon="8.6914189784">
				<ele>649.5</ele>
				<time>2026-05-24T07:36:43Z</time>
				<extensions>
					<swisstopo:routepoint_id>34218593</swisstopo:routepoint_id>
				</extensions>
			</trkpt>
			<trkpt lat="47.1865917133" lon="8.6914189793">
				<ele>649.5</ele>
				<time>2026-05-24T07:36:44Z</time>
				<extensions>
					<swisstopo:routepoint_id>1733758802</swisstopo:routepoint_id>
				</extensions>
			</trkpt>
			<trkpt lat="47.1865917088" lon="8.6914189798">
				<ele>649.5</ele>
				<time>2026-05-24T07:36:45Z</time>
				<extensions>
					<swisstopo:routepoint_id>78579071</swisstopo:routepoint_id>
				</extensions>
			</trkpt>
			<trkpt lat="47.1865917046" lon="8.6914189801">
				<ele>649.5</ele>
				<time>2026-05-24T07:36:46Z</time>
				<extensions>
					<swisstopo:routepoint_id>2123487039</swisstopo:routepoint_id>
				</extensions>
			</trkpt>
			<trkpt lat="47.1865917010" lon="8.6914189802">
				<ele>649.5</ele>
				<time>2026-05-24T07:36:47Z</time>
				<extensions>
					<swisstopo:routepoint_id>415934980</swisstopo:routepoint_id>
				</extensions>
			</trkpt>
			<trkpt lat="47.1865916978" lon="8.6914189802">
				<ele>649.5</ele>
				<time>2026-05-24T07:36:48Z</time>
				<extensions>
					<swisstopo:routepoint_id>559937875</swisstopo:routepoint_id>
				</extensions>
			</trkpt>
			<trkpt lat="47.1865916951" lon="8.6914189800">
				<ele>649.5</ele>
				<time>2026-05-24T07:36:49Z</time>
				<extensions>
					<swisstopo:routepoint_id>602523971</swisstopo:routepoint_id>
				</extensions>
			</trkpt>
			<trkpt lat="47.1865916929" lon="8.6914189797">
				<ele>649.5</ele>
				<time>2026-05-24T07:36:50Z</time>
				<extensions>
					<swisstopo:routepoint_id>1234984992</swisstopo:routepoint_id>
				</extensions>
			</trkpt>
			<trkpt lat="47.1865916911" lon="8.6914189794">
				<ele>649.5</ele>
				<time>2026-05-24T07:36:51Z</time>
				<extensions>
					<swisstopo:routepoint_id>963312289</swisstopo:routepoint_id>
				</extensions>
			</trkpt>
			<trkpt lat="47.1865916897" lon="8.6914189791">
				<ele>649.5</ele>
				<time>2026-05-24T07:36:52Z</time>
				<extensions>
					<swisstopo:routepoint_id>510426490</swisstopo:routepoint_id>
				</extensions>
			</trkpt>
			<trkpt lat="47.1865916887" lon="8.6914189788">
				<ele>649.5</ele>
				<time>2026-05-24T07:36:53Z</time>
				<extensions>
					<swisstopo:routepoint_id>1688331312</swisstopo:routepoint_id>
				</extensions>
			</trkpt>
			<trkpt lat="47.1865916879" lon="8.6914189785">
				<ele>649.5</ele>
				<time>2026-05-24T07:36:54Z</time>
				<extensions>
					<swisstopo:routepoint_id>1082932973</swisstopo:routepoint_id>
				</extensions>
			</trkpt>
			<trkpt lat="47.1865916874" lon="8.6914189782">
				<ele>649.5</ele>
				<time>2026-05-24T07:36:55Z</time>
				<extensions>
					<swisstopo:routepoint_id>930568886</swisstopo:routepoint_id>
				</extensions>
			</trkpt>
			<trkpt lat="47.1865916871" lon="8.6914189779">
				<ele>649.5</ele>
				<time>2026-05-24T07:36:56Z</time>
				<extensions>
					<swisstopo:routepoint_id>2095349548</swisstopo:routepoint_id>
				</extensions>
			</trkpt>
			<trkpt lat="47.1865916869" lon="8.6914189777">
				<ele>649.5</ele>
				<time>2026-05-24T07:36:57Z</time>
				<extensions>
					<swisstopo:routepoint_id>2103009730</swisstopo:routepoint_id>
				</extensions>
			</trkpt>
			<trkpt lat="47.1865920645" lon="8.6914227150">
				<ele>649.8</ele>
				<time>2026-05-24T07:36:58Z</time>
				<extensions>
					<swisstopo:routepoint_id>1998669784</swisstopo:routepoint_id>
				</extensions>
			</trkpt>
			<trkpt lat="47.1865925846" lon="8.6914241892">
				<ele>650.0</ele>
				<time>2026-05-24T07:36:59Z</time>
				<extensions>
					<swisstopo:routepoint_id>703853314</swisstopo:routepoint_id>
				</extensions>
			</trkpt>
			<trkpt lat="47.1865937089" lon="8.6914238437">
				<ele>650.3</ele>
				<time>2026-05-24T07:37:00Z</time>
				<extensions>
					<swisstopo:routepoint_id>1322720722</swisstopo:routepoint_id>
				</extensions>
			</trkpt>
			<trkpt lat="47.1865947562" lon="8.6914232914">
				<ele>650.5</ele>
				<time>2026-05-24T07:37:01Z</time>
				<extensions>
					<swisstopo:routepoint_id>216460910</swisstopo:routepoint_id>
				</extensions>
			</trkpt>
			<trkpt lat="47.1865971617" lon="8.6914201466">
				<ele>650.8</ele>
				<time>2026-05-24T07:37:01Z</time>
				<extensions>
					<swisstopo:routepoint_id>221216352</swisstopo:routepoint_id>
				</extensions>
			</trkpt>
			<trkpt lat="47.1865971651" lon="8.6914201467">
				<ele>650.8</ele>
				<time>2026-05-24T07:37:02Z</time>
				<extensions>
					<swisstopo:routepoint_id>689035107</swisstopo:routepoint_id>
				</extensions>
			</trkpt>
			<trkpt lat="47.1865971507" lon="8.6914201413">
				<ele>650.8</ele>
				<time>2026-05-24T07:37:03Z</time>
				<extensions>
					<swisstopo:routepoint_id>1381218725</swisstopo:routepoint_id>
				</extensions>
			</trkpt>
			<trkpt lat="47.1865972375" lon="8.6914200420">
				<ele>650.8</ele>
				<time>2026-05-24T07:37:04Z</time>
				<extensions>
					<swisstopo:routepoint_id>1992370652</swisstopo:routepoint_id>
				</extensions>
			</trkpt>
			<trkpt lat="47.1865975294" lon="8.6914193625">
				<ele>650.8</ele>
				<time>2026-05-24T07:37:05Z</time>
				<extensions>
					<swisstopo:routepoint_id>61040493</swisstopo:routepoint_id>
				</extensions>
			</trkpt>
			<trkpt lat="47.1865972503" lon="8.6914170994">
				<ele>650.7</ele>
				<time>2026-05-24T07:37:06Z</time>
				<extensions>
					<swisstopo:routepoint_id>1557866232</swisstopo:routepoint_id>
				</extensions>
			</trkpt>
			<trkpt lat="47.1865950027" lon="8.6914130269">
				<ele>650.6</ele>
				<time>2026-05-24T07:37:07Z</time>
				<extensions>
					<swisstopo:routepoint_id>937137000</swisstopo:routepoint_id>
				</extensions>
			</trkpt>
			<trkpt lat="47.1865916152" lon="8.6914081718">
				<ele>650.6</ele>
				<time>2026-05-24T07:37:08Z</time>
				<extensions>
					<swisstopo:routepoint_id>816491902</swisstopo:routepoint_id>
				</extensions>
			</trkpt>
			<trkpt lat="47.1865885636" lon="8.6914032917">
				<ele>650.7</ele>
				<time>2026-05-24T07:37:09Z</time>
				<extensions>
					<swisstopo:routepoint_id>358892584</swisstopo:routepoint_id>
				</extensions>
			</trkpt>
			<trkpt lat="47.1865866300" lon="8.6913996570">
				<ele>650.8</ele>
				<time>2026-05-24T07:37:10Z</time>
				<extensions>
					<swisstopo:routepoint_id>1773578512</swisstopo:routepoint_id>
				</extensions>
			</trkpt>
			<trkpt lat="47.1865834543" lon="8.6913979769">
				<ele>651.1</ele>
				<time>2026-05-24T07:37:11Z</time>
				<extensions>
					<swisstopo:routepoint_id>1461030824</swisstopo:routepoint_id>
				</extensions>
			</trkpt>
			<trkpt lat="47.1865820138" lon="8.6914013882">
				<ele>651.4</ele>
				<time>2026-05-24T07:37:12Z</time>
				<extensions>
					<swisstopo:routepoint_id>1217039170</swisstopo:routepoint_id>
				</extensions>
			</trkpt>
			<trkpt lat="47.1865820715" lon="8.6914080217">
				<ele>651.6</ele>
				<time>2026-05-24T07:37:13Z</time>
				<extensions>
					<swisstopo:routepoint_id>2143076162</swisstopo:routepoint_id>
				</extensions>
			</trkpt>
			<trkpt lat="47.1865828318" lon="8.6914122387">
				<ele>651.8</ele>
				<time>2026-05-24T07:37:14Z</time>
				<extensions>
					<swisstopo:routepoint_id>1085327250</swisstopo:routepoint_id>
				</extensions>
			</trkpt>
			<trkpt lat="47.1865837595" lon="8.6914149927">
				<ele>651.9</ele>
				<time>2026-05-24T07:37:15Z</time>
				<extensions>
					<swisstopo:routepoint_id>368993132</swisstopo:routepoint_id>
				</extensions>
			</trkpt>
			<trkpt lat="47.1865850919" lon="8.6914164513">
				<ele>652.0</ele>
				<time>2026-05-24T07:37:16Z</time>
				<extensions>
					<swisstopo:routepoint_id>1882280635</swisstopo:routepoint_id>
				</extensions>
			</trkpt>
			<trkpt lat="47.1865856056" lon="8.6914144242">
				<ele>652.1</ele>
				<time>2026-05-24T07:37:17Z</time>
				<extensions>
					<swisstopo:routepoint_id>909028488</swisstopo:routepoint_id>
				</extensions>
			</trkpt>
			<trkpt lat="47.1865843908" lon="8.6914093896">
				<ele>652.1</ele>
				<time>2026-05-24T07:37:18Z</time>
				<extensions>
					<swisstopo:routepoint_id>843133058</swisstopo:routepoint_id>
				</extensions>
			</trkpt>
			<trkpt lat="47.1865832611" lon="8.6914038075">
				<ele>652.1</ele>
				<time>2026-05-24T07:37:19Z</time>
				<extensions>
					<swisstopo:routepoint_id>1440202900</swisstopo:routepoint_id>
				</extensions>
			</trkpt>
			<trkpt lat="47.1865829970" lon="8.6913983114">
				<ele>652.1</ele>
				<time>2026-05-24T07:37:20Z</time>
				<extensions>
					<swisstopo:routepoint_id>1201954963</swisstopo:routepoint_id>
				</extensions>
			</trkpt>
			<trkpt lat="47.1865826672" lon="8.6913952798">
				<ele>652.0</ele>
				<time>2026-05-24T07:37:21Z</time>
				<extensions>
					<swisstopo:routepoint_id>2025879459</swisstopo:routepoint_id>
				</extensions>
			</trkpt>
			<trkpt lat="47.1865840966" lon="8.6913979273">
				<ele>652.0</ele>
				<time>2026-05-24T07:37:22Z</time>
				<extensions>
					<swisstopo:routepoint_id>602844228</swisstopo:routepoint_id>
				</extensions>
			</trkpt>
			<trkpt lat="47.1865874798" lon="8.6914020531">
				<ele>652.1</ele>
				<time>2026-05-24T07:37:23Z</time>
				<extensions>
					<swisstopo:routepoint_id>175093450</swisstopo:routepoint_id>
				</extensions>
			</trkpt>
			<trkpt lat="47.1865896258" lon="8.6914050912">
				<ele>652.1</ele>
				<time>2026-05-24T07:37:24Z</time>
				<extensions>
					<swisstopo:routepoint_id>743017760</swisstopo:routepoint_id>
				</extensions>
			</trkpt>
			<trkpt lat="47.1865917007" lon="8.6914064117">
				<ele>651.7</ele>
				<time>2026-05-24T07:37:25Z</time>
				<extensions>
					<swisstopo:routepoint_id>282085015</swisstopo:routepoint_id>
				</extensions>
			</trkpt>
			<trkpt lat="47.1865902987" lon="8.6914054103">
				<ele>651.7</ele>
				<time>2026-05-24T07:37:26Z</time>
				<extensions>
					<swisstopo:routepoint_id>1506438176</swisstopo:routepoint_id>
				</extensions>
			</trkpt>
			<trkpt lat="47.1865874618" lon="8.6914039730">
				<ele>651.8</ele>
				<time>2026-05-24T07:37:27Z</time>
				<extensions>
					<swisstopo:routepoint_id>2021709549</swisstopo:routepoint_id>
				</extensions>
			</trkpt>
			<trkpt lat="47.1865849936" lon="8.6914036042">
				<ele>651.7</ele>
				<time>2026-05-24T07:37:28Z</time>
				<extensions>
					<swisstopo:routepoint_id>1386127209</swisstopo:routepoint_id>
				</extensions>
			</trkpt>
			<trkpt lat="47.1865835550" lon="8.6914019711">
				<ele>651.7</ele>
				<time>2026-05-24T07:37:29Z</time>
				<extensions>
					<swisstopo:routepoint_id>737399007</swisstopo:routepoint_id>
				</extensions>
			</trkpt>
			<trkpt lat="47.1865820414" lon="8.6914011553">
				<ele>651.6</ele>
				<time>2026-05-24T07:37:30Z</time>
				<extensions>
					<swisstopo:routepoint_id>336983812</swisstopo:routepoint_id>
				</extensions>
			</trkpt>
			<trkpt lat="47.1865803757" lon="8.6914027394">
				<ele>651.3</ele>
				<time>2026-05-24T07:37:31Z</time>
				<extensions>
					<swisstopo:routepoint_id>772551145</swisstopo:routepoint_id>
				</extensions>
			</trkpt>
			<trkpt lat="47.1865789223" lon="8.6914041490">
				<ele>651.0</ele>
				<time>2026-05-24T07:37:32Z</time>
				<extensions>
					<swisstopo:routepoint_id>580964253</swisstopo:routepoint_id>
				</extensions>
			</trkpt>
			<trkpt lat="47.1865783612" lon="8.6914032528">
				<ele>650.5</ele>
				<time>2026-05-24T07:37:33Z</time>
				<extensions>
					<swisstopo:routepoint_id>1805540909</swisstopo:routepoint_id>
				</extensions>
			</trkpt>
			<trkpt lat="47.1865778364" lon="8.6914002753">
				<ele>650.0</ele>
				<time>2026-05-24T07:37:34Z</time>
				<extensions>
					<swisstopo:routepoint_id>1782125453</swisstopo:routepoint_id>
				</extensions>
			</trkpt>
			<trkpt lat="47.1865772075" lon="8.6913969695">
				<ele>649.5</ele>
				<time>2026-05-24T07:37:35Z</time>
				<extensions>
					<swisstopo:routepoint_id>1228063862</swisstopo:routepoint_id>
				</extensions>
			</trkpt>
			<trkpt lat="47.1865769221" lon="8.6913927882">
				<ele>649.1</ele>
				<time>2026-05-24T07:37:36Z</time>
				<extensions>
					<swisstopo:routepoint_id>603997317</swisstopo:routepoint_id>
				</extensions>
			</trkpt>
			<trkpt lat="47.1865771785" lon="8.6913886426">
				<ele>648.8</ele>
				<time>2026-05-24T07:37:37Z</time>
				<extensions>
					<swisstopo:routepoint_id>227707450</swisstopo:routepoint_id>
				</extensions>
			</trkpt>
			<trkpt lat="47.1865781055" lon="8.6913847115">
				<ele>648.5</ele>
				<time>2026-05-24T07:37:38Z</time>
				<extensions>
					<swisstopo:routepoint_id>263253196</swisstopo:routepoint_id>
				</extensions>
			</trkpt>
			<trkpt lat="47.1865785516" lon="8.6913825875">
				<ele>648.3</ele>
				<time>2026-05-24T07:37:39Z</time>
				<extensions>
					<swisstopo:routepoint_id>680152352</swisstopo:routepoint_id>
				</extensions>
			</trkpt>
			<trkpt lat="47.1865788883" lon="8.6913832932">
				<ele>648.2</ele>
				<time>2026-05-24T07:37:40Z</time>
				<extensions>
					<swisstopo:routepoint_id>265127083</swisstopo:routepoint_id>
				</extensions>
			</trkpt>
			<trkpt lat="47.1865794857" lon="8.6913845463">
				<ele>648.2</ele>
				<time>2026-05-24T07:37:41Z</time>
				<extensions>
					<swisstopo:routepoint_id>2109800103</swisstopo:routepoint_id>
				</extensions>
			</trkpt>
			<trkpt lat="47.1865803653" lon="8.6913859737">
				<ele>648.3</ele>
				<time>2026-05-24T07:37:42Z</time>
				<extensions>
					<swisstopo:routepoint_id>160351857</swisstopo:routepoint_id>
				</extensions>
			</trkpt>
			<trkpt lat="47.1865808892" lon="8.6913853630">
				<ele>648.4</ele>
				<time>2026-05-24T07:37:43Z</time>
				<extensions>
					<swisstopo:routepoint_id>2089167261</swisstopo:routepoint_id>
				</extensions>
			</trkpt>
			<trkpt lat="47.1865810553" lon="8.6913834907">
				<ele>648.5</ele>
				<time>2026-05-24T07:37:44Z</time>
				<extensions>
					<swisstopo:routepoint_id>1276527177</swisstopo:routepoint_id>
				</extensions>
			</trkpt>
			<trkpt lat="47.1865805561" lon="8.6913815235">
				<ele>648.5</ele>
				<time>2026-05-24T07:37:45Z</time>
				<extensions>
					<swisstopo:routepoint_id>1230630309</swisstopo:routepoint_id>
				</extensions>
			</trkpt>
			<trkpt lat="47.1865795963" lon="8.6913830790">
				<ele>648.6</ele>
				<time>2026-05-24T07:37:46Z</time>
				<extensions>
					<swisstopo:routepoint_id>788599106</swisstopo:routepoint_id>
				</extensions>
			</trkpt>
			<trkpt lat="47.1865784850" lon="8.6913862275">
				<ele>648.6</ele>
				<time>2026-05-24T07:37:47Z</time>
				<extensions>
					<swisstopo:routepoint_id>1863588905</swisstopo:routepoint_id>
				</extensions>
			</trkpt>
			<trkpt lat="47.1865769154" lon="8.6913883971">
				<ele>648.8</ele>
				<time>2026-05-24T07:37:48Z</time>
				<extensions>
					<swisstopo:routepoint_id>289734840</swisstopo:routepoint_id>
				</extensions>
			</trkpt>
			<trkpt lat="47.1865762131" lon="8.6913893285">
				<ele>648.8</ele>
				<time>2026-05-24T07:37:49Z</time>
				<extensions>
					<swisstopo:routepoint_id>1228028131</swisstopo:routepoint_id>
				</extensions>
			</trkpt>
			<trkpt lat="47.1865764417" lon="8.6913871208">
				<ele>649.1</ele>
				<time>2026-05-24T07:37:50Z</time>
				<extensions>
					<swisstopo:routepoint_id>3466400</swisstopo:routepoint_id>
				</extensions>
			</trkpt>
			<trkpt lat="47.1865775307" lon="8.6913839167">
				<ele>649.3</ele>
				<time>2026-05-24T07:37:51Z</time>
				<extensions>
					<swisstopo:routepoint_id>277726331</swisstopo:routepoint_id>
				</extensions>
			</trkpt>
			<trkpt lat="47.1865766028" lon="8.6913785643">
				<ele>649.5</ele>
				<time>2026-05-24T07:37:52Z</time>
				<extensions>
					<swisstopo:routepoint_id>1264480186</swisstopo:routepoint_id>
				</extensions>
			</trkpt>
			<trkpt lat="47.1865754994" lon="8.6913719448">
				<ele>649.8</ele>
				<time>2026-05-24T07:37:53Z</time>
				<extensions>
					<swisstopo:routepoint_id>620315390</swisstopo:routepoint_id>
				</extensions>
			</trkpt>
			<trkpt lat="47.1865746972" lon="8.6913688139">
				<ele>650.1</ele>
				<time>2026-05-24T07:37:54Z</time>
				<extensions>
					<swisstopo:routepoint_id>1755137192</swisstopo:routepoint_id>
				</extensions>
			</trkpt>
			<trkpt lat="47.1865743538" lon="8.6913663563">
				<ele>650.1</ele>
				<time>2026-05-24T07:37:55Z</time>
				<extensions>
					<swisstopo:routepoint_id>755410752</swisstopo:routepoint_id>
				</extensions>
			</trkpt>
			<trkpt lat="47.1865745781" lon="8.6913658795">
				<ele>650.2</ele>
				<time>2026-05-24T07:37:56Z</time>
				<extensions>
					<swisstopo:routepoint_id>265187800</swisstopo:routepoint_id>
				</extensions>
			</trkpt>
			<trkpt lat="47.1865746471" lon="8.6913671825">
				<ele>650.3</ele>
				<time>2026-05-24T07:37:57Z</time>
				<extensions>
					<swisstopo:routepoint_id>982787075</swisstopo:routepoint_id>
				</extensions>
			</trkpt>
			<trkpt lat="47.1865751878" lon="8.6913672398">
				<ele>650.3</ele>
				<time>2026-05-24T07:37:58Z</time>
				<extensions>
					<swisstopo:routepoint_id>1405640448</swisstopo:routepoint_id>
				</extensions>
			</trkpt>
			<trkpt lat="47.1865759296" lon="8.6913684981">
				<ele>650.3</ele>
				<time>2026-05-24T07:37:59Z</time>
				<extensions>
					<swisstopo:routepoint_id>131408889</swisstopo:routepoint_id>
				</extensions>
			</trkpt>
			<trkpt lat="47.1865764611" lon="8.6913701889">
				<ele>650.4</ele>
				<time>2026-05-24T07:38:00Z</time>
				<extensions>
					<swisstopo:routepoint_id>976008307</swisstopo:routepoint_id>
				</extensions>
			</trkpt>
			<trkpt lat="47.1865761670" lon="8.6913732518">
				<ele>650.4</ele>
				<time>2026-05-24T07:38:01Z</time>
				<extensions>
					<swisstopo:routepoint_id>1291519963</swisstopo:routepoint_id>
				</extensions>
			</trkpt>
			<trkpt lat="47.1865761738" lon="8.6913760001">
				<ele>650.3</ele>
				<time>2026-05-24T07:38:02Z</time>
				<extensions>
					<swisstopo:routepoint_id>1958797912</swisstopo:routepoint_id>
				</extensions>
			</trkpt>
			<trkpt lat="47.1865757781" lon="8.6913784090">
				<ele>650.3</ele>
				<time>2026-05-24T07:38:03Z</time>
				<extensions>
					<swisstopo:routepoint_id>592198474</swisstopo:routepoint_id>
				</extensions>
			</trkpt>
			<trkpt lat="47.1865752546" lon="8.6913805594">
				<ele>650.1</ele>
				<time>2026-05-24T07:38:04Z</time>
				<extensions>
					<swisstopo:routepoint_id>1640532320</swisstopo:routepoint_id>
				</extensions>
			</trkpt>
			<trkpt lat="47.1865753446" lon="8.6913817964">
				<ele>649.9</ele>
				<time>2026-05-24T07:38:05Z</time>
				<extensions>
					<swisstopo:routepoint_id>884158407</swisstopo:routepoint_id>
				</extensions>
			</trkpt>
			<trkpt lat="47.1865754219" lon="8.6913831991">
				<ele>649.8</ele>
				<time>2026-05-24T07:38:06Z</time>
				<extensions>
					<swisstopo:routepoint_id>1610992856</swisstopo:routepoint_id>
				</extensions>
			</trkpt>
			<trkpt lat="47.1865760314" lon="8.6913792429">
				<ele>649.9</ele>
				<time>2026-05-24T07:38:07Z</time>
				<extensions>
					<swisstopo:routepoint_id>483109416</swisstopo:routepoint_id>
				</extensions>
			</trkpt>
			<trkpt lat="47.1865764020" lon="8.6913735399">
				<ele>650.0</ele>
				<time>2026-05-24T07:38:08Z</time>
				<extensions>
					<swisstopo:routepoint_id>2131769052</swisstopo:routepoint_id>
				</extensions>
			</trkpt>
			<trkpt lat="47.1865764754" lon="8.6913690400">
				<ele>650.1</ele>
				<time>2026-05-24T07:38:09Z</time>
				<extensions>
					<swisstopo:routepoint_id>25290416</swisstopo:routepoint_id>
				</extensions>
			</trkpt>
			<trkpt lat="47.1865762494" lon="8.6913689014">
				<ele>650.1</ele>
				<time>2026-05-24T07:38:10Z</time>
				<extensions>
					<swisstopo:routepoint_id>2001743253</swisstopo:routepoint_id>
				</extensions>
			</trkpt>
			<trkpt lat="47.1865771747" lon="8.6913708757">
				<ele>650.0</ele>
				<time>2026-05-24T07:38:11Z</time>
				<extensions>
					<swisstopo:routepoint_id>820039269</swisstopo:routepoint_id>
				</extensions>
			</trkpt>
			<trkpt lat="47.1865772856" lon="8.6913747846">
				<ele>649.9</ele>
				<time>2026-05-24T07:38:12Z</time>
				<extensions>
					<swisstopo:routepoint_id>1997431284</swisstopo:routepoint_id>
				</extensions>
			</trkpt>
			<trkpt lat="47.1865760611" lon="8.6913781128">
				<ele>649.8</ele>
				<time>2026-05-24T07:38:13Z</time>
				<extensions>
					<swisstopo:routepoint_id>1363220284</swisstopo:routepoint_id>
				</extensions>
			</trkpt>
			<trkpt lat="47.1865745894" lon="8.6913792473">
				<ele>649.8</ele>
				<time>2026-05-24T07:38:14Z</time>
				<extensions>
					<swisstopo:routepoint_id>140283345</swisstopo:routepoint_id>
				</extensions>
			</trkpt>
			<trkpt lat="47.1865738388" lon="8.6913825728">
				<ele>649.7</ele>
				<time>2026-05-24T07:38:15Z</time>
				<extensions>
					<swisstopo:routepoint_id>1952618656</swisstopo:routepoint_id>
				</extensions>
			</trkpt>
			<trkpt lat="47.1865729433" lon="8.6913835423">
				<ele>649.6</ele>
				<time>2026-05-24T07:38:16Z</time>
				<extensions>
					<swisstopo:routepoint_id>1964141585</swisstopo:routepoint_id>
				</extensions>
			</trkpt>
			<trkpt lat="47.1865730733" lon="8.6913876820">
				<ele>649.4</ele>
				<time>2026-05-24T07:38:17Z</time>
				<extensions>
					<swisstopo:routepoint_id>208997411</swisstopo:routepoint_id>
				</extensions>
			</trkpt>
			<trkpt lat="47.1865735611" lon="8.6913929092">
				<ele>649.3</ele>
				<time>2026-05-24T07:38:18Z</time>
				<extensions>
					<swisstopo:routepoint_id>1483723832</swisstopo:routepoint_id>
				</extensions>
			</trkpt>
			<trkpt lat="47.1865744226" lon="8.6913982713">
				<ele>649.4</ele>
				<time>2026-05-24T07:38:19Z</time>
				<extensions>
					<swisstopo:routepoint_id>366335460</swisstopo:routepoint_id>
				</extensions>
			</trkpt>
			<trkpt lat="47.1865750439" lon="8.6914036746">
				<ele>649.3</ele>
				<time>2026-05-24T07:38:20Z</time>
				<extensions>
					<swisstopo:routepoint_id>164460271</swisstopo:routepoint_id>
				</extensions>
			</trkpt>
			<trkpt lat="47.1865758097" lon="8.6914102484">
				<ele>649.4</ele>
				<time>2026-05-24T07:38:21Z</time>
				<extensions>
					<swisstopo:routepoint_id>272321008</swisstopo:routepoint_id>
				</extensions>
			</trkpt>
			<trkpt lat="47.1865765893" lon="8.6914169778">
				<ele>649.4</ele>
				<time>2026-05-24T07:38:22Z</time>
				<extensions>
					<swisstopo:routepoint_id>611529699</swisstopo:routepoint_id>
				</extensions>
			</trkpt>
			<trkpt lat="47.1865769885" lon="8.6914206344">
				<ele>649.4</ele>
				<time>2026-05-24T07:38:23Z</time>
				<extensions>
					<swisstopo:routepoint_id>122916551</swisstopo:routepoint_id>
				</extensions>
			</trkpt>
			<trkpt lat="47.1865777169" lon="8.6914234336">
				<ele>649.4</ele>
				<time>2026-05-24T07:38:24Z</time>
				<extensions>
					<swisstopo:routepoint_id>2126687890</swisstopo:routepoint_id>
				</extensions>
			</trkpt>
			<trkpt lat="47.1865783357" lon="8.6914270727">
				<ele>649.4</ele>
				<time>2026-05-24T07:38:25Z</time>
				<extensions>
					<swisstopo:routepoint_id>525546562</swisstopo:routepoint_id>
				</extensions>
			</trkpt>
			<trkpt lat="47.1865787539" lon="8.6914327881">
				<ele>649.4</ele>
				<time>2026-05-24T07:38:26Z</time>
				<extensions>
					<swisstopo:routepoint_id>260827423</swisstopo:routepoint_id>
				</extensions>
			</trkpt>
			<trkpt lat="47.1865790128" lon="8.6914380419">
				<ele>649.4</ele>
				<time>2026-05-24T07:38:27Z</time>
				<extensions>
					<swisstopo:routepoint_id>712374834</swisstopo:routepoint_id>
				</extensions>
			</trkpt>
			<trkpt lat="47.1865794624" lon="8.6914406787">
				<ele>649.4</ele>
				<time>2026-05-24T07:38:28Z</time>
				<extensions>
					<swisstopo:routepoint_id>662503013</swisstopo:routepoint_id>
				</extensions>
			</trkpt>
			<trkpt lat="47.1865799333" lon="8.6914422211">
				<ele>649.5</ele>
				<time>2026-05-24T07:38:29Z</time>
				<extensions>
					<swisstopo:routepoint_id>2132913443</swisstopo:routepoint_id>
				</extensions>
			</trkpt>
			<trkpt lat="47.1865800307" lon="8.6914419041">
				<ele>649.6</ele>
				<time>2026-05-24T07:38:30Z</time>
				<extensions>
					<swisstopo:routepoint_id>2079200777</swisstopo:routepoint_id>
				</extensions>
			</trkpt>
			<trkpt lat="47.1865796280" lon="8.6914408846">
				<ele>649.7</ele>
				<time>2026-05-24T07:38:31Z</time>
				<extensions>
					<swisstopo:routepoint_id>1273555055</swisstopo:routepoint_id>
				</extensions>
			</trkpt>
			<trkpt lat="47.1865794212" lon="8.6914412286">
				<ele>649.9</ele>
				<time>2026-05-24T07:38:32Z</time>
				<extensions>
					<swisstopo:routepoint_id>670299736</swisstopo:routepoint_id>
				</extensions>
			</trkpt>
			<trkpt lat="47.1865791460" lon="8.6914426071">
				<ele>649.9</ele>
				<time>2026-05-24T07:38:33Z</time>
				<extensions>
					<swisstopo:routepoint_id>28450790</swisstopo:routepoint_id>
				</extensions>
			</trkpt>
			<trkpt lat="47.1865788961" lon="8.6914423089">
				<ele>650.0</ele>
				<time>2026-05-24T07:38:34Z</time>
				<extensions>
					<swisstopo:routepoint_id>1431057896</swisstopo:routepoint_id>
				</extensions>
			</trkpt>
			<trkpt lat="47.1865802294" lon="8.6914406174">
				<ele>649.9</ele>
				<time>2026-05-24T07:38:35Z</time>
				<extensions>
					<swisstopo:routepoint_id>2120695319</swisstopo:routepoint_id>
				</extensions>
			</trkpt>
			<trkpt lat="47.1865806776" lon="8.6914391530">
				<ele>649.7</ele>
				<time>2026-05-24T07:38:36Z</time>
				<extensions>
					<swisstopo:routepoint_id>740137174</swisstopo:routepoint_id>
				</extensions>
			</trkpt>
			<trkpt lat="47.1865806657" lon="8.6914385801">
				<ele>649.5</ele>
				<time>2026-05-24T07:38:37Z</time>
				<extensions>
					<swisstopo:routepoint_id>1260199994</swisstopo:routepoint_id>
				</extensions>
			</trkpt>
			<trkpt lat="47.1865807010" lon="8.6914389404">
				<ele>649.6</ele>
				<time>2026-05-24T07:38:38Z</time>
				<extensions>
					<swisstopo:routepoint_id>1697572444</swisstopo:routepoint_id>
				</extensions>
			</trkpt>
			<trkpt lat="47.1865797356" lon="8.6914374064">
				<ele>649.4</ele>
				<time>2026-05-24T07:38:39Z</time>
				<extensions>
					<swisstopo:routepoint_id>1779815913</swisstopo:routepoint_id>
				</extensions>
			</trkpt>
			<trkpt lat="47.1865793616" lon="8.6914358880">
				<ele>649.4</ele>
				<time>2026-05-24T07:38:40Z</time>
				<extensions>
					<swisstopo:routepoint_id>1066330728</swisstopo:routepoint_id>
				</extensions>
			</trkpt>
			<trkpt lat="47.1865793965" lon="8.6914347127">
				<ele>649.6</ele>
				<time>2026-05-24T07:38:41Z</time>
				<extensions>
					<swisstopo:routepoint_id>1069511281</swisstopo:routepoint_id>
				</extensions>
			</trkpt>
			<trkpt lat="47.1865801259" lon="8.6914335564">
				<ele>649.6</ele>
				<time>2026-05-24T07:38:42Z</time>
				<extensions>
					<swisstopo:routepoint_id>837974377</swisstopo:routepoint_id>
				</extensions>
			</trkpt>
			<trkpt lat="47.1865813796" lon="8.6914311335">
				<ele>649.6</ele>
				<time>2026-05-24T07:38:43Z</time>
				<extensions>
					<swisstopo:routepoint_id>637597213</swisstopo:routepoint_id>
				</extensions>
			</trkpt>
			<trkpt lat="47.1865820536" lon="8.6914324557">
				<ele>649.6</ele>
				<time>2026-05-24T07:38:44Z</time>
				<extensions>
					<swisstopo:routepoint_id>152960361</swisstopo:routepoint_id>
				</extensions>
			</trkpt>
			<trkpt lat="47.1865829735" lon="8.6914319892">
				<ele>649.6</ele>
				<time>2026-05-24T07:38:45Z</time>
				<extensions>
					<swisstopo:routepoint_id>266861868</swisstopo:routepoint_id>
				</extensions>
			</trkpt>
			<trkpt lat="47.1865850791" lon="8.6914303338">
				<ele>649.7</ele>
				<time>2026-05-24T07:38:46Z</time>
				<extensions>
					<swisstopo:routepoint_id>1201560540</swisstopo:routepoint_id>
				</extensions>
			</trkpt>
			<trkpt lat="47.1865906871" lon="8.6914243184">
				<ele>649.5</ele>
				<time>2026-05-24T07:38:47Z</time>
				<extensions>
					<swisstopo:routepoint_id>1839263039</swisstopo:routepoint_id>
				</extensions>
			</trkpt>
			<trkpt lat="47.1865985589" lon="8.6914179453">
				<ele>649.3</ele>
				<time>2026-05-24T07:38:48Z</time>
				<extensions>
					<swisstopo:routepoint_id>1614281555</swisstopo:routepoint_id>
				</extensions>
			</trkpt>
			<trkpt lat="47.1866051521" lon="8.6914135801">
				<ele>649.2</ele>
				<time>2026-05-24T07:38:49Z</time>
				<extensions>
					<swisstopo:routepoint_id>2069182334</swisstopo:routepoint_id>
				</extensions>
			</trkpt>
			<trkpt lat="47.1866123057" lon="8.6914104085">
				<ele>649.2</ele>
				<time>2026-05-24T07:38:50Z</time>
				<extensions>
					<swisstopo:routepoint_id>397308020</swisstopo:routepoint_id>
				</extensions>
			</trkpt>
			<trkpt lat="47.1866208180" lon="8.6914057890">
				<ele>649.4</ele>
				<time>2026-05-24T07:38:51Z</time>
				<extensions>
					<swisstopo:routepoint_id>1029233617</swisstopo:routepoint_id>
				</extensions>
			</trkpt>
			<trkpt lat="47.1866331847" lon="8.6913994626">
				<ele>649.3</ele>
				<time>2026-05-24T07:38:52Z</time>
				<extensions>
					<swisstopo:routepoint_id>348624334</swisstopo:routepoint_id>
				</extensions>
			</trkpt>
			<trkpt lat="47.1866500071" lon="8.6913961663">
				<ele>649.2</ele>
				<time>2026-05-24T07:38:53Z</time>
				<extensions>
					<swisstopo:routepoint_id>993792522</swisstopo:routepoint_id>
				</extensions>
			</trkpt>
			<trkpt lat="47.1866703982" lon="8.6913964958">
				<ele>649.5</ele>
				<time>2026-05-24T07:38:54Z</time>
				<extensions>
					<swisstopo:routepoint_id>1690594535</swisstopo:routepoint_id>
				</extensions>
			</trkpt>
			<trkpt lat="47.1866965957" lon="8.6914010472">
				<ele>649.6</ele>
				<time>2026-05-24T07:38:55Z</time>
				<extensions>
					<swisstopo:routepoint_id>466216288</swisstopo:routepoint_id>
				</extensions>
			</trkpt>
			<trkpt lat="47.1867246215" lon="8.6914094363">
				<ele>649.3</ele>
				<time>2026-05-24T07:38:56Z</time>
				<extensions>
					<swisstopo:routepoint_id>1676808160</swisstopo:routepoint_id>
				</extensions>
			</trkpt>
			<trkpt lat="47.1867478144" lon="8.6914168347">
				<ele>649.5</ele>
				<time>2026-05-24T07:38:57Z</time>
				<extensions>
					<swisstopo:routepoint_id>686845539</swisstopo:routepoint_id>
				</extensions>
			</trkpt>
			<trkpt lat="47.1867692960" lon="8.6914269566">
				<ele>649.3</ele>
				<time>2026-05-24T07:38:58Z</time>
				<extensions>
					<swisstopo:routepoint_id>1088371348</swisstopo:routepoint_id>
				</extensions>
			</trkpt>
			<trkpt lat="47.1867916418" lon="8.6914396195">
				<ele>649.1</ele>
				<time>2026-05-24T07:38:59Z</time>
				<extensions>
					<swisstopo:routepoint_id>2139024337</swisstopo:routepoint_id>
				</extensions>
			</trkpt>
			<trkpt lat="47.1868142018" lon="8.6914544415">
				<ele>649.1</ele>
				<time>2026-05-24T07:39:00Z</time>
				<extensions>
					<swisstopo:routepoint_id>1705781179</swisstopo:routepoint_id>
				</extensions>
			</trkpt>
			<trkpt lat="47.1868415299" lon="8.6914727754">
				<ele>649.3</ele>
				<time>2026-05-24T07:39:01Z</time>
				<extensions>
					<swisstopo:routepoint_id>157588003</swisstopo:routepoint_id>
				</extensions>
			</trkpt>
			<trkpt lat="47.1868672169" lon="8.6914953734">
				<ele>649.5</ele>
				<time>2026-05-24T07:39:02Z</time>
				<extensions>
					<swisstopo:routepoint_id>734229670</swisstopo:routepoint_id>
				</extensions>
			</trkpt>
			<trkpt lat="47.1868863287" lon="8.6915171695">
				<ele>649.4</ele>
				<time>2026-05-24T07:39:03Z</time>
				<extensions>
					<swisstopo:routepoint_id>757028028</swisstopo:routepoint_id>
				</extensions>
			</trkpt>
			<trkpt lat="47.1869007691" lon="8.6915447083">
				<ele>648.8</ele>
				<time>2026-05-24T07:39:04Z</time>
				<extensions>
					<swisstopo:routepoint_id>1676941768</swisstopo:routepoint_id>
				</extensions>
			</trkpt>
			<trkpt lat="47.1869107605" lon="8.6915748004">
				<ele>648.7</ele>
				<time>2026-05-24T07:39:05Z</time>
				<extensions>
					<swisstopo:routepoint_id>784911548</swisstopo:routepoint_id>
				</extensions>
			</trkpt>
			<trkpt lat="47.1869171658" lon="8.6916030207">
				<ele>648.5</ele>
				<time>2026-05-24T07:39:06Z</time>
				<extensions>
					<swisstopo:routepoint_id>16343715</swisstopo:routepoint_id>
				</extensions>
			</trkpt>
			<trkpt lat="47.1869203373" lon="8.6916314299">
				<ele>648.4</ele>
				<time>2026-05-24T07:39:07Z</time>
				<extensions>
					<swisstopo:routepoint_id>1958394836</swisstopo:routepoint_id>
				</extensions>
			</trkpt>
			<trkpt lat="47.1869210231" lon="8.6916602826">
				<ele>648.2</ele>
				<time>2026-05-24T07:39:08Z</time>
				<extensions>
					<swisstopo:routepoint_id>260151083</swisstopo:routepoint_id>
				</extensions>
			</trkpt>
			<trkpt lat="47.1869190975" lon="8.6916890736">
				<ele>648.5</ele>
				<time>2026-05-24T07:39:09Z</time>
				<extensions>
					<swisstopo:routepoint_id>82546689</swisstopo:routepoint_id>
				</extensions>
			</trkpt>
			<trkpt lat="47.1869166016" lon="8.6917179936">
				<ele>649.0</ele>
				<time>2026-05-24T07:39:10Z</time>
				<extensions>
					<swisstopo:routepoint_id>87766061</swisstopo:routepoint_id>
				</extensions>
			</trkpt>
			<trkpt lat="47.1869151270" lon="8.6917462543">
				<ele>649.5</ele>
				<time>2026-05-24T07:39:11Z</time>
				<extensions>
					<swisstopo:routepoint_id>1910405385</swisstopo:routepoint_id>
				</extensions>
			</trkpt>
			<trkpt lat="47.1869131679" lon="8.6917780542">
				<ele>649.4</ele>
				<time>2026-05-24T07:39:12Z</time>
				<extensions>
					<swisstopo:routepoint_id>1155299398</swisstopo:routepoint_id>
				</extensions>
			</trkpt>
			<trkpt lat="47.1869130363" lon="8.6918131944">
				<ele>649.5</ele>
				<time>2026-05-24T07:39:13Z</time>
				<extensions>
					<swisstopo:routepoint_id>1717329659</swisstopo:routepoint_id>
				</extensions>
			</trkpt>
			<trkpt lat="47.1869114604" lon="8.6918487526">
				<ele>649.3</ele>
				<time>2026-05-24T07:39:14Z</time>
				<extensions>
					<swisstopo:routepoint_id>979363133</swisstopo:routepoint_id>
				</extensions>
			</trkpt>
			<trkpt lat="47.1869080519" lon="8.6918840584">
				<ele>649.2</ele>
				<time>2026-05-24T07:39:15Z</time>
				<extensions>
					<swisstopo:routepoint_id>1841505723</swisstopo:routepoint_id>
				</extensions>
			</trkpt>
			<trkpt lat="47.1869030629" lon="8.6919168129">
				<ele>649.2</ele>
				<time>2026-05-24T07:39:16Z</time>
				<extensions>
					<swisstopo:routepoint_id>652365897</swisstopo:routepoint_id>
				</extensions>
			</trkpt>
			<trkpt lat="47.1868980013" lon="8.6919516262">
				<ele>649.1</ele>
				<time>2026-05-24T07:39:17Z</time>
				<extensions>
					<swisstopo:routepoint_id>1409612944</swisstopo:routepoint_id>
				</extensions>
			</trkpt>
			<trkpt lat="47.1868959188" lon="8.6919867364">
				<ele>648.9</ele>
				<time>2026-05-24T07:39:18Z</time>
				<extensions>
					<swisstopo:routepoint_id>325156104</swisstopo:routepoint_id>
				</extensions>
			</trkpt>
			<trkpt lat="47.1868955628" lon="8.6920265456">
				<ele>648.7</ele>
				<time>2026-05-24T07:39:19Z</time>
				<extensions>
					<swisstopo:routepoint_id>1700241960</swisstopo:routepoint_id>
				</extensions>
			</trkpt>
			<trkpt lat="47.1868958855" lon="8.6920688777">
				<ele>648.6</ele>
				<time>2026-05-24T07:39:20Z</time>
				<extensions>
					<swisstopo:routepoint_id>1549214738</swisstopo:routepoint_id>
				</extensions>
			</trkpt>
			<trkpt lat="47.1868964409" lon="8.6921127209">
				<ele>648.4</ele>
				<time>2026-05-24T07:39:21Z</time>
				<extensions>
					<swisstopo:routepoint_id>1560365338</swisstopo:routepoint_id>
				</extensions>
			</trkpt>
			<trkpt lat="47.1868975062" lon="8.6921575203">
				<ele>647.9</ele>
				<time>2026-05-24T07:39:22Z</time>
				<extensions>
					<swisstopo:routepoint_id>2137422249</swisstopo:routepoint_id>
				</extensions>
			</trkpt>
			<trkpt lat="47.1868973706" lon="8.6922023707">
				<ele>647.6</ele>
				<time>2026-05-24T07:39:23Z</time>
				<extensions>
					<swisstopo:routepoint_id>549291927</swisstopo:routepoint_id>
				</extensions>
			</trkpt>
			<trkpt lat="47.1868962467" lon="8.6922468032">
				<ele>647.5</ele>
				<time>2026-05-24T07:39:24Z</time>
				<extensions>
					<swisstopo:routepoint_id>2064702283</swisstopo:routepoint_id>
				</extensions>
			</trkpt>
			<trkpt lat="47.1868954790" lon="8.6922898757">
				<ele>647.5</ele>
				<time>2026-05-24T07:39:25Z</time>
				<extensions>
					<swisstopo:routepoint_id>263018508</swisstopo:routepoint_id>
				</extensions>
			</trkpt>
			<trkpt lat="47.1868945430" lon="8.6923319731">
				<ele>647.5</ele>
				<time>2026-05-24T07:39:26Z</time>
				<extensions>
					<swisstopo:routepoint_id>1030718430</swisstopo:routepoint_id>
				</extensions>
			</trkpt>
			<trkpt lat="47.1868939182" lon="8.6923741090">
				<ele>647.4</ele>
				<time>2026-05-24T07:39:27Z</time>
				<extensions>
					<swisstopo:routepoint_id>1681556308</swisstopo:routepoint_id>
				</extensions>
			</trkpt>
			<trkpt lat="47.1868930313" lon="8.6924148461">
				<ele>647.3</ele>
				<time>2026-05-24T07:39:28Z</time>
				<extensions>
					<swisstopo:routepoint_id>1032074036</swisstopo:routepoint_id>
				</extensions>
			</trkpt>
			<trkpt lat="47.1868920041" lon="8.6924538667">
				<ele>647.2</ele>
				<time>2026-05-24T07:39:29Z</time>
				<extensions>
					<swisstopo:routepoint_id>842906233</swisstopo:routepoint_id>
				</extensions>
			</trkpt>
			<trkpt lat="47.1868910291" lon="8.6924925168">
				<ele>647.0</ele>
				<time>2026-05-24T07:39:30Z</time>
				<extensions>
					<swisstopo:routepoint_id>1922922419</swisstopo:routepoint_id>
				</extensions>
			</trkpt>
			<trkpt lat="47.1868899826" lon="8.6925303810">
				<ele>647.0</ele>
				<time>2026-05-24T07:39:31Z</time>
				<extensions>
					<swisstopo:routepoint_id>1075692430</swisstopo:routepoint_id>
				</extensions>
			</trkpt>
			<trkpt lat="47.1868890473" lon="8.6925676873">
				<ele>646.8</ele>
				<time>2026-05-24T07:39:32Z</time>
				<extensions>
					<swisstopo:routepoint_id>1645330564</swisstopo:routepoint_id>
				</extensions>
			</trkpt>
			<trkpt lat="47.1868878158" lon="8.6926038844">
				<ele>646.7</ele>
				<time>2026-05-24T07:39:33Z</time>
				<extensions>
					<swisstopo:routepoint_id>2071350376</swisstopo:routepoint_id>
				</extensions>
			</trkpt>
			<trkpt lat="47.1868865162" lon="8.6926386509">
				<ele>646.7</ele>
				<time>2026-05-24T07:39:34Z</time>
				<extensions>
					<swisstopo:routepoint_id>328367915</swisstopo:routepoint_id>
				</extensions>
			</trkpt>
			<trkpt lat="47.1868846294" lon="8.6926729716">
				<ele>646.5</ele>
				<time>2026-05-24T07:39:35Z</time>
				<extensions>
					<swisstopo:routepoint_id>1994058262</swisstopo:routepoint_id>
				</extensions>
			</trkpt>
			<trkpt lat="47.1868825038" lon="8.6927068831">
				<ele>646.1</ele>
				<time>2026-05-24T07:39:36Z</time>
				<extensions>
					<swisstopo:routepoint_id>507414352</swisstopo:routepoint_id>
				</extensions>
			</trkpt>
			<trkpt lat="47.1868813492" lon="8.6927407988">
				<ele>645.9</ele>
				<time>2026-05-24T07:39:37Z</time>
				<extensions>
					<swisstopo:routepoint_id>455451827</swisstopo:routepoint_id>
				</extensions>
			</trkpt>
			<trkpt lat="47.1868807413" lon="8.6927746406">
				<ele>645.9</ele>
				<time>2026-05-24T07:39:38Z</time>
				<extensions>
					<swisstopo:routepoint_id>1147138481</swisstopo:routepoint_id>
				</extensions>
			</trkpt>
			<trkpt lat="47.1868826658" lon="8.6928085824">
				<ele>646.1</ele>
				<time>2026-05-24T07:39:39Z</time>
				<extensions>
					<swisstopo:routepoint_id>1995751048</swisstopo:routepoint_id>
				</extensions>
			</trkpt>
			<trkpt lat="47.1868849218" lon="8.6928422508">
				<ele>646.3</ele>
				<time>2026-05-24T07:39:40Z</time>
				<extensions>
					<swisstopo:routepoint_id>1040781243</swisstopo:routepoint_id>
				</extensions>
			</trkpt>
			<trkpt lat="47.1868844065" lon="8.6928771892">
				<ele>646.1</ele>
				<time>2026-05-24T07:39:41Z</time>
				<extensions>
					<swisstopo:routepoint_id>1156046286</swisstopo:routepoint_id>
				</extensions>
			</trkpt>
			<trkpt lat="47.1868824350" lon="8.6929125738">
				<ele>646.0</ele>
				<time>2026-05-24T07:39:42Z</time>
				<extensions>
					<swisstopo:routepoint_id>1385374393</swisstopo:routepoint_id>
				</extensions>
			</trkpt>
			<trkpt lat="47.1868768471" lon="8.6929489479">
				<ele>645.8</ele>
				<time>2026-05-24T07:39:43Z</time>
				<extensions>
					<swisstopo:routepoint_id>969722377</swisstopo:routepoint_id>
				</extensions>
			</trkpt>
			<trkpt lat="47.1868693640" lon="8.6929848367">
				<ele>645.9</ele>
				<time>2026-05-24T07:39:44Z</time>
				<extensions>
					<swisstopo:routepoint_id>870593156</swisstopo:routepoint_id>
				</extensions>
			</trkpt>
			<trkpt lat="47.1868612596" lon="8.6930174262">
				<ele>646.1</ele>
				<time>2026-05-24T07:39:45Z</time>
				<extensions>
					<swisstopo:routepoint_id>1253085881</swisstopo:routepoint_id>
				</extensions>
			</trkpt>
			<trkpt lat="47.1868527812" lon="8.6930466642">
				<ele>646.0</ele>
				<time>2026-05-24T07:39:46Z</time>
				<extensions>
					<swisstopo:routepoint_id>242275838</swisstopo:routepoint_id>
				</extensions>
			</trkpt>
			<trkpt lat="47.1868455916" lon="8.6930712169">
				<ele>646.0</ele>
				<time>2026-05-24T07:39:47Z</time>
				<extensions>
					<swisstopo:routepoint_id>301014554</swisstopo:routepoint_id>
				</extensions>
			</trkpt>
			<trkpt lat="47.1868389522" lon="8.6930902386">
				<ele>645.9</ele>
				<time>2026-05-24T07:39:48Z</time>
				<extensions>
					<swisstopo:routepoint_id>1827620393</swisstopo:routepoint_id>
				</extensions>
			</trkpt>
			<trkpt lat="47.1868316491" lon="8.6931059271">
				<ele>645.8</ele>
				<time>2026-05-24T07:39:49Z</time>
				<extensions>
					<swisstopo:routepoint_id>1357342110</swisstopo:routepoint_id>
				</extensions>
			</trkpt>
			<trkpt lat="47.1868227026" lon="8.6931190076">
				<ele>645.7</ele>
				<time>2026-05-24T07:39:50Z</time>
				<extensions>
					<swisstopo:routepoint_id>130060689</swisstopo:routepoint_id>
				</extensions>
			</trkpt>
			<trkpt lat="47.1868110120" lon="8.6931298389">
				<ele>645.6</ele>
				<time>2026-05-24T07:39:51Z</time>
				<extensions>
					<swisstopo:routepoint_id>1939131024</swisstopo:routepoint_id>
				</extensions>
			</trkpt>
			<trkpt lat="47.1867951256" lon="8.6931419074">
				<ele>645.3</ele>
				<time>2026-05-24T07:39:52Z</time>
				<extensions>
					<swisstopo:routepoint_id>763293496</swisstopo:routepoint_id>
				</extensions>
			</trkpt>
			<trkpt lat="47.1867756984" lon="8.6931530308">
				<ele>645.2</ele>
				<time>2026-05-24T07:39:53Z</time>
				<extensions>
					<swisstopo:routepoint_id>1753963741</swisstopo:routepoint_id>
				</extensions>
			</trkpt>
			<trkpt lat="47.1867535289" lon="8.6931587309">
				<ele>645.1</ele>
				<time>2026-05-24T07:39:54Z</time>
				<extensions>
					<swisstopo:routepoint_id>360572618</swisstopo:routepoint_id>
				</extensions>
			</trkpt>
			<trkpt lat="47.1867174698" lon="8.6931648733">
				<ele>645.0</ele>
				<time>2026-05-24T07:39:55Z</time>
				<extensions>
					<swisstopo:routepoint_id>2092622539</swisstopo:routepoint_id>
				</extensions>
			</trkpt>
			<trkpt lat="47.1866801065" lon="8.6931714677">
				<ele>644.7</ele>
				<time>2026-05-24T07:39:56Z</time>
				<extensions>
					<swisstopo:routepoint_id>1367326054</swisstopo:routepoint_id>
				</extensions>
			</trkpt>
			<trkpt lat="47.1866442456" lon="8.6931786171">
				<ele>644.8</ele>
				<time>2026-05-24T07:39:57Z</time>
				<extensions>
					<swisstopo:routepoint_id>426483031</swisstopo:routepoint_id>
				</extensions>
			</trkpt>
			<trkpt lat="47.1866104180" lon="8.6931861046">
				<ele>644.8</ele>
				<time>2026-05-24T07:39:58Z</time>
				<extensions>
					<swisstopo:routepoint_id>1747371978</swisstopo:routepoint_id>
				</extensions>
			</trkpt>
			<trkpt lat="47.1865778774" lon="8.6931937365">
				<ele>644.7</ele>
				<time>2026-05-24T07:39:59Z</time>
				<extensions>
					<swisstopo:routepoint_id>1241961521</swisstopo:routepoint_id>
				</extensions>
			</trkpt>
			<trkpt lat="47.1865490853" lon="8.6932009008">
				<ele>644.5</ele>
				<time>2026-05-24T07:40:00Z</time>
				<extensions>
					<swisstopo:routepoint_id>106234607</swisstopo:routepoint_id>
				</extensions>
			</trkpt>
			<trkpt lat="47.1865213843" lon="8.6932088207">
				<ele>644.5</ele>
				<time>2026-05-24T07:40:01Z</time>
				<extensions>
					<swisstopo:routepoint_id>926129192</swisstopo:routepoint_id>
				</extensions>
			</trkpt>
			<trkpt lat="47.1864940310" lon="8.6932195785">
				<ele>644.8</ele>
				<time>2026-05-24T07:40:02Z</time>
				<extensions>
					<swisstopo:routepoint_id>491856488</swisstopo:routepoint_id>
				</extensions>
			</trkpt>
			<trkpt lat="47.1864662581" lon="8.6932315199">
				<ele>645.1</ele>
				<time>2026-05-24T07:40:03Z</time>
				<extensions>
					<swisstopo:routepoint_id>967436513</swisstopo:routepoint_id>
				</extensions>
			</trkpt>
			<trkpt lat="47.1864375033" lon="8.6932442710">
				<ele>645.3</ele>
				<time>2026-05-24T07:40:04Z</time>
				<extensions>
					<swisstopo:routepoint_id>1106782554</swisstopo:routepoint_id>
				</extensions>
			</trkpt>
			<trkpt lat="47.1864090814" lon="8.6932579144">
				<ele>645.4</ele>
				<time>2026-05-24T07:40:05Z</time>
				<extensions>
					<swisstopo:routepoint_id>191034764</swisstopo:routepoint_id>
				</extensions>
			</trkpt>
			<trkpt lat="47.1863814414" lon="8.6932737529">
				<ele>645.4</ele>
				<time>2026-05-24T07:40:06Z</time>
				<extensions>
					<swisstopo:routepoint_id>233226283</swisstopo:routepoint_id>
				</extensions>
			</trkpt>
			<trkpt lat="47.1863548209" lon="8.6932897796">
				<ele>645.6</ele>
				<time>2026-05-24T07:40:07Z</time>
				<extensions>
					<swisstopo:routepoint_id>676482606</swisstopo:routepoint_id>
				</extensions>
			</trkpt>
			<trkpt lat="47.1863296855" lon="8.6933069364">
				<ele>645.8</ele>
				<time>2026-05-24T07:40:08Z</time>
				<extensions>
					<swisstopo:routepoint_id>864731824</swisstopo:routepoint_id>
				</extensions>
			</trkpt>
			<trkpt lat="47.1863051351" lon="8.6933247023">
				<ele>645.8</ele>
				<time>2026-05-24T07:40:09Z</time>
				<extensions>
					<swisstopo:routepoint_id>1525926719</swisstopo:routepoint_id>
				</extensions>
			</trkpt>
			<trkpt lat="47.1862814671" lon="8.6933425756">
				<ele>645.9</ele>
				<time>2026-05-24T07:40:10Z</time>
				<extensions>
					<swisstopo:routepoint_id>1000653759</swisstopo:routepoint_id>
				</extensions>
			</trkpt>
			<trkpt lat="47.1862586691" lon="8.6933603751">
				<ele>645.8</ele>
				<time>2026-05-24T07:40:11Z</time>
				<extensions>
					<swisstopo:routepoint_id>1043287856</swisstopo:routepoint_id>
				</extensions>
			</trkpt>
			<trkpt lat="47.1862363704" lon="8.6933781989">
				<ele>645.8</ele>
				<time>2026-05-24T07:40:12Z</time>
				<extensions>
					<swisstopo:routepoint_id>335018037</swisstopo:routepoint_id>
				</extensions>
			</trkpt>
			<trkpt lat="47.1862153403" lon="8.6933953205">
				<ele>645.7</ele>
				<time>2026-05-24T07:40:13Z</time>
				<extensions>
					<swisstopo:routepoint_id>2093509072</swisstopo:routepoint_id>
				</extensions>
			</trkpt>
			<trkpt lat="47.1861961026" lon="8.6934112272">
				<ele>645.5</ele>
				<time>2026-05-24T07:40:14Z</time>
				<extensions>
					<swisstopo:routepoint_id>1234900656</swisstopo:routepoint_id>
				</extensions>
			</trkpt>
			<trkpt lat="47.1861810910" lon="8.6934239983">
				<ele>645.3</ele>
				<time>2026-05-24T07:40:15Z</time>
				<extensions>
					<swisstopo:routepoint_id>1693360784</swisstopo:routepoint_id>
				</extensions>
			</trkpt>
			<trkpt lat="47.1861734029" lon="8.6934312373">
				<ele>645.2</ele>
				<time>2026-05-24T07:40:16Z</time>
				<extensions>
					<swisstopo:routepoint_id>1861406644</swisstopo:routepoint_id>
				</extensions>
			</trkpt>
			<trkpt lat="47.1861761573" lon="8.6934422851">
				<ele>644.9</ele>
				<time>2026-05-24T07:40:17Z</time>
				<extensions>
					<swisstopo:routepoint_id>119696212</swisstopo:routepoint_id>
				</extensions>
			</trkpt>
			<trkpt lat="47.1861836843" lon="8.6934518697">
				<ele>644.7</ele>
				<time>2026-05-24T07:40:19Z</time>
				<extensions>
					<swisstopo:routepoint_id>1689541492</swisstopo:routepoint_id>
				</extensions>
			</trkpt>
			<trkpt lat="47.1861943035" lon="8.6934595470">
				<ele>644.6</ele>
				<time>2026-05-24T07:40:19Z</time>
				<extensions>
					<swisstopo:routepoint_id>2095075410</swisstopo:routepoint_id>
				</extensions>
			</trkpt>
			<trkpt lat="47.1862090647" lon="8.6934664539">
				<ele>644.5</ele>
				<time>2026-05-24T07:40:20Z</time>
				<extensions>
					<swisstopo:routepoint_id>1790539658</swisstopo:routepoint_id>
				</extensions>
			</trkpt>
			<trkpt lat="47.1862337256" lon="8.6934726998">
				<ele>644.3</ele>
				<time>2026-05-24T07:40:22Z</time>
				<extensions>
					<swisstopo:routepoint_id>911686595</swisstopo:routepoint_id>
				</extensions>
			</trkpt>
			<trkpt lat="47.1862616060" lon="8.6934795236">
				<ele>643.9</ele>
				<time>2026-05-24T07:40:22Z</time>
				<extensions>
					<swisstopo:routepoint_id>420780820</swisstopo:routepoint_id>
				</extensions>
			</trkpt>
			<trkpt lat="47.1862897411" lon="8.6934873800">
				<ele>643.9</ele>
				<time>2026-05-24T07:40:23Z</time>
				<extensions>
					<swisstopo:routepoint_id>399592169</swisstopo:routepoint_id>
				</extensions>
			</trkpt>
			<trkpt lat="47.1863153113" lon="8.6934976816">
				<ele>644.1</ele>
				<time>2026-05-24T07:40:24Z</time>
				<extensions>
					<swisstopo:routepoint_id>764220214</swisstopo:routepoint_id>
				</extensions>
			</trkpt>
			<trkpt lat="47.1863424828" lon="8.6935171720">
				<ele>644.1</ele>
				<time>2026-05-24T07:40:25Z</time>
				<extensions>
					<swisstopo:routepoint_id>149443991</swisstopo:routepoint_id>
				</extensions>
			</trkpt>
			<trkpt lat="47.1863672469" lon="8.6935454979">
				<ele>644.1</ele>
				<time>2026-05-24T07:40:26Z</time>
				<extensions>
					<swisstopo:routepoint_id>1296773394</swisstopo:routepoint_id>
				</extensions>
			</trkpt>
			<trkpt lat="47.1863871607" lon="8.6935783482">
				<ele>644.0</ele>
				<time>2026-05-24T07:40:27Z</time>
				<extensions>
					<swisstopo:routepoint_id>58899555</swisstopo:routepoint_id>
				</extensions>
			</trkpt>
			<trkpt lat="47.1864021398" lon="8.6936118046">
				<ele>643.9</ele>
				<time>2026-05-24T07:40:28Z</time>
				<extensions>
					<swisstopo:routepoint_id>2082343265</swisstopo:routepoint_id>
				</extensions>
			</trkpt>
			<trkpt lat="47.1864119143" lon="8.6936495799">
				<ele>643.9</ele>
				<time>2026-05-24T07:40:29Z</time>
				<extensions>
					<swisstopo:routepoint_id>402259696</swisstopo:routepoint_id>
				</extensions>
			</trkpt>
			<trkpt lat="47.1864173128" lon="8.6936887317">
				<ele>644.0</ele>
				<time>2026-05-24T07:40:30Z</time>
				<extensions>
					<swisstopo:routepoint_id>500189916</swisstopo:routepoint_id>
				</extensions>
			</trkpt>
			<trkpt lat="47.1864191735" lon="8.6937263414">
				<ele>643.9</ele>
				<time>2026-05-24T07:40:31Z</time>
				<extensions>
					<swisstopo:routepoint_id>1440923854</swisstopo:routepoint_id>
				</extensions>
			</trkpt>
			<trkpt lat="47.1864173705" lon="8.6937662021">
				<ele>643.7</ele>
				<time>2026-05-24T07:40:32Z</time>
				<extensions>
					<swisstopo:routepoint_id>434126959</swisstopo:routepoint_id>
				</extensions>
			</trkpt>
			<trkpt lat="47.1864130290" lon="8.6938057076">
				<ele>644.0</ele>
				<time>2026-05-24T07:40:33Z</time>
				<extensions>
					<swisstopo:routepoint_id>1369851054</swisstopo:routepoint_id>
				</extensions>
			</trkpt>
			<trkpt lat="47.1864074448" lon="8.6938471613">
				<ele>644.1</ele>
				<time>2026-05-24T07:40:34Z</time>
				<extensions>
					<swisstopo:routepoint_id>2061968738</swisstopo:routepoint_id>
				</extensions>
			</trkpt>
			<trkpt lat="47.1864001612" lon="8.6938849841">
				<ele>644.1</ele>
				<time>2026-05-24T07:40:35Z</time>
				<extensions>
					<swisstopo:routepoint_id>1564967927</swisstopo:routepoint_id>
				</extensions>
			</trkpt>
			<trkpt lat="47.1863910121" lon="8.6939210293">
				<ele>644.2</ele>
				<time>2026-05-24T07:40:36Z</time>
				<extensions>
					<swisstopo:routepoint_id>36240633</swisstopo:routepoint_id>
				</extensions>
			</trkpt>
			<trkpt lat="47.1863812430" lon="8.6939552091">
				<ele>644.0</ele>
				<time>2026-05-24T07:40:37Z</time>
				<extensions>
					<swisstopo:routepoint_id>1358446730</swisstopo:routepoint_id>
				</extensions>
			</trkpt>
			<trkpt lat="47.1863710761" lon="8.6939885522">
				<ele>644.5</ele>
				<time>2026-05-24T07:40:38Z</time>
				<extensions>
					<swisstopo:routepoint_id>1515539853</swisstopo:routepoint_id>
				</extensions>
			</trkpt>
			<trkpt lat="47.1863605712" lon="8.6940219858">
				<ele>644.7</ele>
				<time>2026-05-24T07:40:39Z</time>
				<extensions>
					<swisstopo:routepoint_id>374772304</swisstopo:routepoint_id>
				</extensions>
			</trkpt>
			<trkpt lat="47.1863503838" lon="8.6940541260">
				<ele>644.7</ele>
				<time>2026-05-24T07:40:40Z</time>
				<extensions>
					<swisstopo:routepoint_id>228576677</swisstopo:routepoint_id>
				</extensions>
			</trkpt>
			<trkpt lat="47.1863409194" lon="8.6940836903">
				<ele>644.5</ele>
				<time>2026-05-24T07:40:41Z</time>
				<extensions>
					<swisstopo:routepoint_id>1987449503</swisstopo:routepoint_id>
				</extensions>
			</trkpt>
			<trkpt lat="47.1863320827" lon="8.6941115878">
				<ele>644.7</ele>
				<time>2026-05-24T07:40:42Z</time>
				<extensions>
					<swisstopo:routepoint_id>1103151483</swisstopo:routepoint_id>
				</extensions>
			</trkpt>
			<trkpt lat="47.1863238236" lon="8.6941388025">
				<ele>644.8</ele>
				<time>2026-05-24T07:40:43Z</time>
				<extensions>
					<swisstopo:routepoint_id>1440650230</swisstopo:routepoint_id>
				</extensions>
			</trkpt>
			<trkpt lat="47.1863161571" lon="8.6941650272">
				<ele>644.8</ele>
				<time>2026-05-24T07:40:44Z</time>
				<extensions>
					<swisstopo:routepoint_id>130295685</swisstopo:routepoint_id>
				</extensions>
			</trkpt>
			<trkpt lat="47.1863101235" lon="8.6941966018">
				<ele>644.7</ele>
				<time>2026-05-24T07:40:45Z</time>
				<extensions>
					<swisstopo:routepoint_id>1593741502</swisstopo:routepoint_id>
				</extensions>
			</trkpt>
			<trkpt lat="47.1863045306" lon="8.6942309057">
				<ele>644.6</ele>
				<time>2026-05-24T07:40:46Z</time>
				<extensions>
					<swisstopo:routepoint_id>449895083</swisstopo:routepoint_id>
				</extensions>
			</trkpt>
			<trkpt lat="47.1862995299" lon="8.6942640042">
				<ele>644.6</ele>
				<time>2026-05-24T07:40:47Z</time>
				<extensions>
					<swisstopo:routepoint_id>96738894</swisstopo:routepoint_id>
				</extensions>
			</trkpt>
			<trkpt lat="47.1862953158" lon="8.6942937029">
				<ele>644.6</ele>
				<time>2026-05-24T07:40:48Z</time>
				<extensions>
					<swisstopo:routepoint_id>245470679</swisstopo:routepoint_id>
				</extensions>
			</trkpt>
			<trkpt lat="47.1862915386" lon="8.6943221484">
				<ele>644.6</ele>
				<time>2026-05-24T07:40:49Z</time>
				<extensions>
					<swisstopo:routepoint_id>309616066</swisstopo:routepoint_id>
				</extensions>
			</trkpt>
			<trkpt lat="47.1862880298" lon="8.6943490653">
				<ele>644.5</ele>
				<time>2026-05-24T07:40:50Z</time>
				<extensions>
					<swisstopo:routepoint_id>364344581</swisstopo:routepoint_id>
				</extensions>
			</trkpt>
			<trkpt lat="47.1862845576" lon="8.6943759113">
				<ele>644.4</ele>
				<time>2026-05-24T07:40:51Z</time>
				<extensions>
					<swisstopo:routepoint_id>1063495270</swisstopo:routepoint_id>
				</extensions>
			</trkpt>
			<trkpt lat="47.1862807355" lon="8.6944051740">
				<ele>644.4</ele>
				<time>2026-05-24T07:40:52Z</time>
				<extensions>
					<swisstopo:routepoint_id>658608909</swisstopo:routepoint_id>
				</extensions>
			</trkpt>
			<trkpt lat="47.1862768176" lon="8.6944350698">
				<ele>644.3</ele>
				<time>2026-05-24T07:40:53Z</time>
				<extensions>
					<swisstopo:routepoint_id>1109216925</swisstopo:routepoint_id>
				</extensions>
			</trkpt>
			<trkpt lat="47.1862719316" lon="8.6944641961">
				<ele>644.2</ele>
				<time>2026-05-24T07:40:54Z</time>
				<extensions>
					<swisstopo:routepoint_id>303318868</swisstopo:routepoint_id>
				</extensions>
			</trkpt>
			<trkpt lat="47.1862677998" lon="8.6944941114">
				<ele>643.8</ele>
				<time>2026-05-24T07:40:55Z</time>
				<extensions>
					<swisstopo:routepoint_id>1901520145</swisstopo:routepoint_id>
				</extensions>
			</trkpt>
			<trkpt lat="47.1862633396" lon="8.6945238792">
				<ele>643.6</ele>
				<time>2026-05-24T07:40:56Z</time>
				<extensions>
					<swisstopo:routepoint_id>2144926008</swisstopo:routepoint_id>
				</extensions>
			</trkpt>
			<trkpt lat="47.1862585688" lon="8.6945535564">
				<ele>643.4</ele>
				<time>2026-05-24T07:40:57Z</time>
				<extensions>
					<swisstopo:routepoint_id>2110917914</swisstopo:routepoint_id>
				</extensions>
			</trkpt>
			<trkpt lat="47.1862533435" lon="8.6945820762">
				<ele>642.8</ele>
				<time>2026-05-24T07:40:58Z</time>
				<extensions>
					<swisstopo:routepoint_id>1767532158</swisstopo:routepoint_id>
				</extensions>
			</trkpt>
			<trkpt lat="47.1862483720" lon="8.6946104109">
				<ele>642.3</ele>
				<time>2026-05-24T07:40:59Z</time>
				<extensions>
					<swisstopo:routepoint_id>771690555</swisstopo:routepoint_id>
				</extensions>
			</trkpt>
			<trkpt lat="47.1862442886" lon="8.6946386701">
				<ele>641.5</ele>
				<time>2026-05-24T07:41:00Z</time>
				<extensions>
					<swisstopo:routepoint_id>1149413652</swisstopo:routepoint_id>
				</extensions>
			</trkpt>
			<trkpt lat="47.1862404937" lon="8.6946698421">
				<ele>641.0</ele>
				<time>2026-05-24T07:41:01Z</time>
				<extensions>
					<swisstopo:routepoint_id>1579844399</swisstopo:routepoint_id>
				</extensions>
			</trkpt>
			<trkpt lat="47.1862377057" lon="8.6947026502">
				<ele>640.6</ele>
				<time>2026-05-24T07:41:02Z</time>
				<extensions>
					<swisstopo:routepoint_id>957002485</swisstopo:routepoint_id>
				</extensions>
			</trkpt>
			<trkpt lat="47.1862356536" lon="8.6947329541">
				<ele>640.3</ele>
				<time>2026-05-24T07:41:03Z</time>
				<extensions>
					<swisstopo:routepoint_id>1835733012</swisstopo:routepoint_id>
				</extensions>
			</trkpt>
			<trkpt lat="47.1862344530" lon="8.6947587609">
				<ele>639.8</ele>
				<time>2026-05-24T07:41:04Z</time>
				<extensions>
					<swisstopo:routepoint_id>267176235</swisstopo:routepoint_id>
				</extensions>
			</trkpt>
			<trkpt lat="47.1862341377" lon="8.6947830255">
				<ele>639.4</ele>
				<time>2026-05-24T07:41:05Z</time>
				<extensions>
					<swisstopo:routepoint_id>42675768</swisstopo:routepoint_id>
				</extensions>
			</trkpt>
			<trkpt lat="47.1862345943" lon="8.6948070535">
				<ele>639.2</ele>
				<time>2026-05-24T07:41:06Z</time>
				<extensions>
					<swisstopo:routepoint_id>2139578325</swisstopo:routepoint_id>
				</extensions>
			</trkpt>
			<trkpt lat="47.1862355536" lon="8.6948277837">
				<ele>639.0</ele>
				<time>2026-05-24T07:41:07Z</time>
				<extensions>
					<swisstopo:routepoint_id>279239260</swisstopo:routepoint_id>
				</extensions>
			</trkpt>
			<trkpt lat="47.1862372932" lon="8.6948483642">
				<ele>638.9</ele>
				<time>2026-05-24T07:41:08Z</time>
				<extensions>
					<swisstopo:routepoint_id>922474125</swisstopo:routepoint_id>
				</extensions>
			</trkpt>
			<trkpt lat="47.1862374434" lon="8.6948686826">
				<ele>638.9</ele>
				<time>2026-05-24T07:41:09Z</time>
				<extensions>
					<swisstopo:routepoint_id>1338171182</swisstopo:routepoint_id>
				</extensions>
			</trkpt>
			<trkpt lat="47.1862348980" lon="8.6948865325">
				<ele>639.0</ele>
				<time>2026-05-24T07:41:10Z</time>
				<extensions>
					<swisstopo:routepoint_id>46820843</swisstopo:routepoint_id>
				</extensions>
			</trkpt>
			<trkpt lat="47.1862295843" lon="8.6949018690">
				<ele>639.3</ele>
				<time>2026-05-24T07:41:11Z</time>
				<extensions>
					<swisstopo:routepoint_id>938893499</swisstopo:routepoint_id>
				</extensions>
			</trkpt>
			<trkpt lat="47.1862219914" lon="8.6949108629">
				<ele>639.7</ele>
				<time>2026-05-24T07:41:12Z</time>
				<extensions>
					<swisstopo:routepoint_id>273199537</swisstopo:routepoint_id>
				</extensions>
			</trkpt>
			<trkpt lat="47.1862110145" lon="8.6949181219">
				<ele>640.2</ele>
				<time>2026-05-24T07:41:13Z</time>
				<extensions>
					<swisstopo:routepoint_id>344581073</swisstopo:routepoint_id>
				</extensions>
			</trkpt>
			<trkpt lat="47.1862002668" lon="8.6949258331">
				<ele>640.8</ele>
				<time>2026-05-24T07:41:14Z</time>
				<extensions>
					<swisstopo:routepoint_id>1758181599</swisstopo:routepoint_id>
				</extensions>
			</trkpt>
			<trkpt lat="47.1861884288" lon="8.6949324637">
				<ele>641.4</ele>
				<time>2026-05-24T07:41:15Z</time>
				<extensions>
					<swisstopo:routepoint_id>383151673</swisstopo:routepoint_id>
				</extensions>
			</trkpt>
			<trkpt lat="47.1861782731" lon="8.6949350170">
				<ele>642.1</ele>
				<time>2026-05-24T07:41:16Z</time>
				<extensions>
					<swisstopo:routepoint_id>1474194405</swisstopo:routepoint_id>
				</extensions>
			</trkpt>
			<trkpt lat="47.1861687774" lon="8.6949297467">
				<ele>642.8</ele>
				<time>2026-05-24T07:41:17Z</time>
				<extensions>
					<swisstopo:routepoint_id>1266529396</swisstopo:routepoint_id>
				</extensions>
			</trkpt>
			<trkpt lat="47.1861604317" lon="8.6949228936">
				<ele>643.4</ele>
				<time>2026-05-24T07:41:18Z</time>
				<extensions>
					<swisstopo:routepoint_id>701649508</swisstopo:routepoint_id>
				</extensions>
			</trkpt>
			<trkpt lat="47.1861542202" lon="8.6949156179">
				<ele>643.9</ele>
				<time>2026-05-24T07:41:19Z</time>
				<extensions>
					<swisstopo:routepoint_id>790575279</swisstopo:routepoint_id>
				</extensions>
			</trkpt>
			<trkpt lat="47.1861539013" lon="8.6949061403">
				<ele>644.4</ele>
				<time>2026-05-24T07:41:20Z</time>
				<extensions>
					<swisstopo:routepoint_id>717390164</swisstopo:routepoint_id>
				</extensions>
			</trkpt>
			<trkpt lat="47.1861554195" lon="8.6948995406">
				<ele>644.7</ele>
				<time>2026-05-24T07:41:21Z</time>
				<extensions>
					<swisstopo:routepoint_id>1203292090</swisstopo:routepoint_id>
				</extensions>
			</trkpt>
			<trkpt lat="47.1861574585" lon="8.6948939823">
				<ele>645.0</ele>
				<time>2026-05-24T07:41:22Z</time>
				<extensions>
					<swisstopo:routepoint_id>876652831</swisstopo:routepoint_id>
				</extensions>
			</trkpt>
			<trkpt lat="47.1861597201" lon="8.6948891066">
				<ele>645.2</ele>
				<time>2026-05-24T07:41:23Z</time>
				<extensions>
					<swisstopo:routepoint_id>18828550</swisstopo:routepoint_id>
				</extensions>
			</trkpt>
			<trkpt lat="47.1861620503" lon="8.6948849260">
				<ele>645.3</ele>
				<time>2026-05-24T07:41:24Z</time>
				<extensions>
					<swisstopo:routepoint_id>771343741</swisstopo:routepoint_id>
				</extensions>
			</trkpt>
			<trkpt lat="47.1861672167" lon="8.6948769380">
				<ele>645.5</ele>
				<time>2026-05-24T07:41:25Z</time>
				<extensions>
					<swisstopo:routepoint_id>1762961695</swisstopo:routepoint_id>
				</extensions>
			</trkpt>
			<trkpt lat="47.1861735370" lon="8.6948724395">
				<ele>645.7</ele>
				<time>2026-05-24T07:41:26Z</time>
				<extensions>
					<swisstopo:routepoint_id>1265330206</swisstopo:routepoint_id>
				</extensions>
			</trkpt>
			<trkpt lat="47.1861794689" lon="8.6948687806">
				<ele>645.9</ele>
				<time>2026-05-24T07:41:27Z</time>
				<extensions>
					<swisstopo:routepoint_id>2021699648</swisstopo:routepoint_id>
				</extensions>
			</trkpt>
			<trkpt lat="47.1861845499" lon="8.6948658569">
				<ele>646.0</ele>
				<time>2026-05-24T07:41:28Z</time>
				<extensions>
					<swisstopo:routepoint_id>1219721102</swisstopo:routepoint_id>
				</extensions>
			</trkpt>
			<trkpt lat="47.1861860640" lon="8.6948586172">
				<ele>646.1</ele>
				<time>2026-05-24T07:41:29Z</time>
				<extensions>
					<swisstopo:routepoint_id>2121150699</swisstopo:routepoint_id>
				</extensions>
			</trkpt>
			<trkpt lat="47.1861880340" lon="8.6948538969">
				<ele>646.2</ele>
				<time>2026-05-24T07:41:30Z</time>
				<extensions>
					<swisstopo:routepoint_id>1951257893</swisstopo:routepoint_id>
				</extensions>
			</trkpt>
			<trkpt lat="47.1861920510" lon="8.6948500488">
				<ele>646.3</ele>
				<time>2026-05-24T07:41:31Z</time>
				<extensions>
					<swisstopo:routepoint_id>568634314</swisstopo:routepoint_id>
				</extensions>
			</trkpt>
			<trkpt lat="47.1861943712" lon="8.6948526975">
				<ele>646.4</ele>
				<time>2026-05-24T07:41:32Z</time>
				<extensions>
					<swisstopo:routepoint_id>734686248</swisstopo:routepoint_id>
				</extensions>
			</trkpt>
			<trkpt lat="47.1861955068" lon="8.6948551768">
				<ele>646.4</ele>
				<time>2026-05-24T07:41:33Z</time>
				<extensions>
					<swisstopo:routepoint_id>1988283533</swisstopo:routepoint_id>
				</extensions>
			</trkpt>
			<trkpt lat="47.1861963189" lon="8.6948573720">
				<ele>646.4</ele>
				<time>2026-05-24T07:41:34Z</time>
				<extensions>
					<swisstopo:routepoint_id>88308164</swisstopo:routepoint_id>
				</extensions>
			</trkpt>
			<trkpt lat="47.1861947169" lon="8.6948601339">
				<ele>646.4</ele>
				<time>2026-05-24T07:41:35Z</time>
				<extensions>
					<swisstopo:routepoint_id>284112271</swisstopo:routepoint_id>
				</extensions>
			</trkpt>
			<trkpt lat="47.1861928123" lon="8.6948645739">
				<ele>646.3</ele>
				<time>2026-05-24T07:41:36Z</time>
				<extensions>
					<swisstopo:routepoint_id>1218791416</swisstopo:routepoint_id>
				</extensions>
			</trkpt>
			<trkpt lat="47.1861942825" lon="8.6948648791">
				<ele>646.2</ele>
				<time>2026-05-24T07:41:37Z</time>
				<extensions>
					<swisstopo:routepoint_id>1528303626</swisstopo:routepoint_id>
				</extensions>
			</trkpt>
			<trkpt lat="47.1861957741" lon="8.6948640989">
				<ele>646.0</ele>
				<time>2026-05-24T07:41:38Z</time>
				<extensions>
					<swisstopo:routepoint_id>147140415</swisstopo:routepoint_id>
				</extensions>
			</trkpt>
			<trkpt lat="47.1861976018" lon="8.6948613312">
				<ele>645.8</ele>
				<time>2026-05-24T07:41:39Z</time>
				<extensions>
					<swisstopo:routepoint_id>1235277208</swisstopo:routepoint_id>
				</extensions>
			</trkpt>
			<trkpt lat="47.1861988650" lon="8.6948581183">
				<ele>645.6</ele>
				<time>2026-05-24T07:41:40Z</time>
				<extensions>
					<swisstopo:routepoint_id>1579619307</swisstopo:routepoint_id>
				</extensions>
			</trkpt>
			<trkpt lat="47.1861993486" lon="8.6948573077">
				<ele>645.5</ele>
				<time>2026-05-24T07:41:41Z</time>
				<extensions>
					<swisstopo:routepoint_id>1468848535</swisstopo:routepoint_id>
				</extensions>
			</trkpt>
			<trkpt lat="47.1861999487" lon="8.6948559197">
				<ele>645.4</ele>
				<time>2026-05-24T07:41:42Z</time>
				<extensions>
					<swisstopo:routepoint_id>1612805480</swisstopo:routepoint_id>
				</extensions>
			</trkpt>
			<trkpt lat="47.1862007326" lon="8.6948554255">
				<ele>645.3</ele>
				<time>2026-05-24T07:41:43Z</time>
				<extensions>
					<swisstopo:routepoint_id>883109926</swisstopo:routepoint_id>
				</extensions>
			</trkpt>
			<trkpt lat="47.1862017975" lon="8.6948557624">
				<ele>645.2</ele>
				<time>2026-05-24T07:41:44Z</time>
				<extensions>
					<swisstopo:routepoint_id>1169041865</swisstopo:routepoint_id>
				</extensions>
			</trkpt>
			<trkpt lat="47.1862023242" lon="8.6948559911">
				<ele>645.1</ele>
				<time>2026-05-24T07:41:45Z</time>
				<extensions>
					<swisstopo:routepoint_id>758738652</swisstopo:routepoint_id>
				</extensions>
			</trkpt>
			<trkpt lat="47.1862028777" lon="8.6948568645">
				<ele>645.1</ele>
				<time>2026-05-24T07:41:46Z</time>
				<extensions>
					<swisstopo:routepoint_id>362628278</swisstopo:routepoint_id>
				</extensions>
			</trkpt>
			<trkpt lat="47.1862034833" lon="8.6948578024">
				<ele>645.1</ele>
				<time>2026-05-24T07:41:47Z</time>
				<extensions>
					<swisstopo:routepoint_id>134878160</swisstopo:routepoint_id>
				</extensions>
			</trkpt>
			<trkpt lat="47.1862052271" lon="8.6948572270">
				<ele>645.2</ele>
				<time>2026-05-24T07:41:48Z</time>
				<extensions>
					<swisstopo:routepoint_id>1301987535</swisstopo:routepoint_id>
				</extensions>
			</trkpt>
			<trkpt lat="47.1862067380" lon="8.6948576458">
				<ele>645.3</ele>
				<time>2026-05-24T07:41:49Z</time>
				<extensions>
					<swisstopo:routepoint_id>1793621462</swisstopo:routepoint_id>
				</extensions>
			</trkpt>
			<trkpt lat="47.1862076434" lon="8.6948575932">
				<ele>645.4</ele>
				<time>2026-05-24T07:41:50Z</time>
				<extensions>
					<swisstopo:routepoint_id>1167958895</swisstopo:routepoint_id>
				</extensions>
			</trkpt>
			<trkpt lat="47.1862080928" lon="8.6948576255">
				<ele>645.4</ele>
				<time>2026-05-24T07:41:51Z</time>
				<extensions>
					<swisstopo:routepoint_id>1884614685</swisstopo:routepoint_id>
				</extensions>
			</trkpt>
			<trkpt lat="47.1862088409" lon="8.6948575667">
				<ele>645.4</ele>
				<time>2026-05-24T07:41:52Z</time>
				<extensions>
					<swisstopo:routepoint_id>1482701192</swisstopo:routepoint_id>
				</extensions>
			</trkpt>
			<trkpt lat="47.1862097997" lon="8.6948563047">
				<ele>645.4</ele>
				<time>2026-05-24T07:41:53Z</time>
				<extensions>
					<swisstopo:routepoint_id>358694156</swisstopo:routepoint_id>
				</extensions>
			</trkpt>
			<trkpt lat="47.1862108184" lon="8.6948545194">
				<ele>645.3</ele>
				<time>2026-05-24T07:41:54Z</time>
				<extensions>
					<swisstopo:routepoint_id>586082763</swisstopo:routepoint_id>
				</extensions>
			</trkpt>
			<trkpt lat="47.1862119500" lon="8.6948534908">
				<ele>645.2</ele>
				<time>2026-05-24T07:41:55Z</time>
				<extensions>
					<swisstopo:routepoint_id>1932992599</swisstopo:routepoint_id>
				</extensions>
			</trkpt>
			<trkpt lat="47.1862126345" lon="8.6948521054">
				<ele>645.2</ele>
				<time>2026-05-24T07:41:56Z</time>
				<extensions>
					<swisstopo:routepoint_id>673999577</swisstopo:routepoint_id>
				</extensions>
			</trkpt>
			<trkpt lat="47.1862122682" lon="8.6948498831">
				<ele>645.4</ele>
				<time>2026-05-24T07:41:57Z</time>
				<extensions>
					<swisstopo:routepoint_id>2082136361</swisstopo:routepoint_id>
				</extensions>
			</trkpt>
			<trkpt lat="47.1862127555" lon="8.6948481326">
				<ele>645.4</ele>
				<time>2026-05-24T07:41:58Z</time>
				<extensions>
					<swisstopo:routepoint_id>1219791462</swisstopo:routepoint_id>
				</extensions>
			</trkpt>
			<trkpt lat="47.1862133366" lon="8.6948462693">
				<ele>645.5</ele>
				<time>2026-05-24T07:41:59Z</time>
				<extensions>
					<swisstopo:routepoint_id>1156207572</swisstopo:routepoint_id>
				</extensions>
			</trkpt>
			<trkpt lat="47.1862117054" lon="8.6948461646">
				<ele>645.7</ele>
				<time>2026-05-24T07:42:00Z</time>
				<extensions>
					<swisstopo:routepoint_id>1948624548</swisstopo:routepoint_id>
				</extensions>
			</trkpt>
			<trkpt lat="47.1862091742" lon="8.6948465192">
				<ele>645.8</ele>
				<time>2026-05-24T07:42:01Z</time>
				<extensions>
					<swisstopo:routepoint_id>1407161486</swisstopo:routepoint_id>
				</extensions>
			</trkpt>
			<trkpt lat="47.1862059776" lon="8.6948473292">
				<ele>646.0</ele>
				<time>2026-05-24T07:42:02Z</time>
				<extensions>
					<swisstopo:routepoint_id>2073174438</swisstopo:routepoint_id>
				</extensions>
			</trkpt>
			<trkpt lat="47.1862036245" lon="8.6948485090">
				<ele>646.1</ele>
				<time>2026-05-24T07:42:03Z</time>
				<extensions>
					<swisstopo:routepoint_id>920606891</swisstopo:routepoint_id>
				</extensions>
			</trkpt>
			<trkpt lat="47.1862013891" lon="8.6948494252">
				<ele>646.1</ele>
				<time>2026-05-24T07:42:04Z</time>
				<extensions>
					<swisstopo:routepoint_id>20340402</swisstopo:routepoint_id>
				</extensions>
			</trkpt>
			<trkpt lat="47.1861997454" lon="8.6948504648">
				<ele>646.1</ele>
				<time>2026-05-24T07:42:05Z</time>
				<extensions>
					<swisstopo:routepoint_id>411236541</swisstopo:routepoint_id>
				</extensions>
			</trkpt>
			<trkpt lat="47.1861965460" lon="8.6948523529">
				<ele>646.1</ele>
				<time>2026-05-24T07:42:06Z</time>
				<extensions>
					<swisstopo:routepoint_id>1050168541</swisstopo:routepoint_id>
				</extensions>
			</trkpt>
			<trkpt lat="47.1861924780" lon="8.6948555338">
				<ele>646.1</ele>
				<time>2026-05-24T07:42:07Z</time>
				<extensions>
					<swisstopo:routepoint_id>14573894</swisstopo:routepoint_id>
				</extensions>
			</trkpt>
			<trkpt lat="47.1861904985" lon="8.6948575148">
				<ele>646.1</ele>
				<time>2026-05-24T07:42:08Z</time>
				<extensions>
					<swisstopo:routepoint_id>130300700</swisstopo:routepoint_id>
				</extensions>
			</trkpt>
			<trkpt lat="47.1861901893" lon="8.6948601383">
				<ele>645.9</ele>
				<time>2026-05-24T07:42:09Z</time>
				<extensions>
					<swisstopo:routepoint_id>1678028607</swisstopo:routepoint_id>
				</extensions>
			</trkpt>
			<trkpt lat="47.1861916182" lon="8.6948594519">
				<ele>645.8</ele>
				<time>2026-05-24T07:42:10Z</time>
				<extensions>
					<swisstopo:routepoint_id>1871545445</swisstopo:routepoint_id>
				</extensions>
			</trkpt>
			<trkpt lat="47.1861926058" lon="8.6948582419">
				<ele>645.6</ele>
				<time>2026-05-24T07:42:11Z</time>
				<extensions>
					<swisstopo:routepoint_id>871316506</swisstopo:routepoint_id>
				</extensions>
			</trkpt>
			<trkpt lat="47.1861947433" lon="8.6948572447">
				<ele>645.4</ele>
				<time>2026-05-24T07:42:12Z</time>
				<extensions>
					<swisstopo:routepoint_id>525527449</swisstopo:routepoint_id>
				</extensions>
			</trkpt>
			<trkpt lat="47.1861965296" lon="8.6948561498">
				<ele>645.3</ele>
				<time>2026-05-24T07:42:13Z</time>
				<extensions>
					<swisstopo:routepoint_id>2087078879</swisstopo:routepoint_id>
				</extensions>
			</trkpt>
			<trkpt lat="47.1861981810" lon="8.6948568117">
				<ele>645.2</ele>
				<time>2026-05-24T07:42:15Z</time>
				<extensions>
					<swisstopo:routepoint_id>536829255</swisstopo:routepoint_id>
				</extensions>
			</trkpt>
			<trkpt lat="47.1861998225" lon="8.6948598210">
				<ele>644.9</ele>
				<time>2026-05-24T07:42:16Z</time>
				<extensions>
					<swisstopo:routepoint_id>910487738</swisstopo:routepoint_id>
				</extensions>
			</trkpt>
			<trkpt lat="47.1862026253" lon="8.6948607056">
				<ele>644.7</ele>
				<time>2026-05-24T07:42:17Z</time>
				<extensions>
					<swisstopo:routepoint_id>1746427691</swisstopo:routepoint_id>
				</extensions>
			</trkpt>
			<trkpt lat="47.1862056788" lon="8.6948619014">
				<ele>644.4</ele>
				<time>2026-05-24T07:42:18Z</time>
				<extensions>
					<swisstopo:routepoint_id>403715441</swisstopo:routepoint_id>
				</extensions>
			</trkpt>
			<trkpt lat="47.1862092638" lon="8.6948646475">
				<ele>644.3</ele>
				<time>2026-05-24T07:42:19Z</time>
				<extensions>
					<swisstopo:routepoint_id>1344576014</swisstopo:routepoint_id>
				</extensions>
			</trkpt>
			<trkpt lat="47.1862120082" lon="8.6948662902">
				<ele>644.1</ele>
				<time>2026-05-24T07:42:20Z</time>
				<extensions>
					<swisstopo:routepoint_id>318649917</swisstopo:routepoint_id>
				</extensions>
			</trkpt>
			<trkpt lat="47.1862151929" lon="8.6948695820">
				<ele>644.0</ele>
				<time>2026-05-24T07:42:21Z</time>
				<extensions>
					<swisstopo:routepoint_id>1872423048</swisstopo:routepoint_id>
				</extensions>
			</trkpt>
			<trkpt lat="47.1862173990" lon="8.6948759911">
				<ele>644.0</ele>
				<time>2026-05-24T07:42:22Z</time>
				<extensions>
					<swisstopo:routepoint_id>588804598</swisstopo:routepoint_id>
				</extensions>
			</trkpt>
			<trkpt lat="47.1862193425" lon="8.6948821892">
				<ele>644.0</ele>
				<time>2026-05-24T07:42:23Z</time>
				<extensions>
					<swisstopo:routepoint_id>434233210</swisstopo:routepoint_id>
				</extensions>
			</trkpt>
			<trkpt lat="47.1862201985" lon="8.6948892106">
				<ele>643.9</ele>
				<time>2026-05-24T07:42:24Z</time>
				<extensions>
					<swisstopo:routepoint_id>1008127964</swisstopo:routepoint_id>
				</extensions>
			</trkpt>
			<trkpt lat="47.1862211566" lon="8.6948931775">
				<ele>643.9</ele>
				<time>2026-05-24T07:42:25Z</time>
				<extensions>
					<swisstopo:routepoint_id>2108199765</swisstopo:routepoint_id>
				</extensions>
			</trkpt>
			<trkpt lat="47.1862215207" lon="8.6948959711">
				<ele>643.9</ele>
				<time>2026-05-24T07:42:26Z</time>
				<extensions>
					<swisstopo:routepoint_id>1180758502</swisstopo:routepoint_id>
				</extensions>
			</trkpt>
			<trkpt lat="47.1862215093" lon="8.6948965258">
				<ele>644.0</ele>
				<time>2026-05-24T07:42:27Z</time>
				<extensions>
					<swisstopo:routepoint_id>111761187</swisstopo:routepoint_id>
				</extensions>
			</trkpt>
			<trkpt lat="47.1862220930" lon="8.6948960245">
				<ele>644.0</ele>
				<time>2026-05-24T07:42:28Z</time>
				<extensions>
					<swisstopo:routepoint_id>1469562431</swisstopo:routepoint_id>
				</extensions>
			</trkpt>
			<trkpt lat="47.1862235180" lon="8.6948966553">
				<ele>644.1</ele>
				<time>2026-05-24T07:42:29Z</time>
				<extensions>
					<swisstopo:routepoint_id>726353670</swisstopo:routepoint_id>
				</extensions>
			</trkpt>
			<trkpt lat="47.1862249916" lon="8.6948969225">
				<ele>644.1</ele>
				<time>2026-05-24T07:42:30Z</time>
				<extensions>
					<swisstopo:routepoint_id>1529082142</swisstopo:routepoint_id>
				</extensions>
			</trkpt>
			<trkpt lat="47.1862235005" lon="8.6948959282">
				<ele>644.2</ele>
				<time>2026-05-24T07:42:31Z</time>
				<extensions>
					<swisstopo:routepoint_id>346756945</swisstopo:routepoint_id>
				</extensions>
			</trkpt>
			<trkpt lat="47.1862209770" lon="8.6948961066">
				<ele>644.3</ele>
				<time>2026-05-24T07:42:32Z</time>
				<extensions>
					<swisstopo:routepoint_id>1820840304</swisstopo:routepoint_id>
				</extensions>
			</trkpt>
			<trkpt lat="47.1862190134" lon="8.6948983406">
				<ele>644.3</ele>
				<time>2026-05-24T07:42:33Z</time>
				<extensions>
					<swisstopo:routepoint_id>1221019578</swisstopo:routepoint_id>
				</extensions>
			</trkpt>
			<trkpt lat="47.1862179780" lon="8.6949000899">
				<ele>644.3</ele>
				<time>2026-05-24T07:42:34Z</time>
				<extensions>
					<swisstopo:routepoint_id>322316714</swisstopo:routepoint_id>
				</extensions>
			</trkpt>
			<trkpt lat="47.1862171655" lon="8.6949013231">
				<ele>644.2</ele>
				<time>2026-05-24T07:42:35Z</time>
				<extensions>
					<swisstopo:routepoint_id>1223254464</swisstopo:routepoint_id>
				</extensions>
			</trkpt>
			<trkpt lat="47.1862164955" lon="8.6948973510">
				<ele>644.4</ele>
				<time>2026-05-24T07:42:35Z</time>
				<extensions>
					<swisstopo:routepoint_id>1376823717</swisstopo:routepoint_id>
				</extensions>
			</trkpt>
			<trkpt lat="47.1862167625" lon="8.6948941816">
				<ele>644.5</ele>
				<time>2026-05-24T07:42:36Z</time>
				<extensions>
					<swisstopo:routepoint_id>1139915194</swisstopo:routepoint_id>
				</extensions>
			</trkpt>
			<trkpt lat="47.1862178650" lon="8.6948920182">
				<ele>644.6</ele>
				<time>2026-05-24T07:42:37Z</time>
				<extensions>
					<swisstopo:routepoint_id>853050671</swisstopo:routepoint_id>
				</extensions>
			</trkpt>
			<trkpt lat="47.1862184134" lon="8.6948906175">
				<ele>644.6</ele>
				<time>2026-05-24T07:42:38Z</time>
				<extensions>
					<swisstopo:routepoint_id>621800125</swisstopo:routepoint_id>
				</extensions>
			</trkpt>
			<trkpt lat="47.1862192743" lon="8.6948915117">
				<ele>644.7</ele>
				<time>2026-05-24T07:42:39Z</time>
				<extensions>
					<swisstopo:routepoint_id>939274573</swisstopo:routepoint_id>
				</extensions>
			</trkpt>
			<trkpt lat="47.1862198228" lon="8.6948951463">
				<ele>644.9</ele>
				<time>2026-05-24T07:42:40Z</time>
				<extensions>
					<swisstopo:routepoint_id>235459314</swisstopo:routepoint_id>
				</extensions>
			</trkpt>
			<trkpt lat="47.1862213016" lon="8.6949007502">
				<ele>645.0</ele>
				<time>2026-05-24T07:42:41Z</time>
				<extensions>
					<swisstopo:routepoint_id>1699812624</swisstopo:routepoint_id>
				</extensions>
			</trkpt>
			<trkpt lat="47.1862225035" lon="8.6949040113">
				<ele>645.0</ele>
				<time>2026-05-24T07:42:42Z</time>
				<extensions>
					<swisstopo:routepoint_id>775815527</swisstopo:routepoint_id>
				</extensions>
			</trkpt>
			<trkpt lat="47.1862244640" lon="8.6949093238">
				<ele>645.0</ele>
				<time>2026-05-24T07:42:43Z</time>
				<extensions>
					<swisstopo:routepoint_id>1758341352</swisstopo:routepoint_id>
				</extensions>
			</trkpt>
			<trkpt lat="47.1862234584" lon="8.6949152264">
				<ele>645.1</ele>
				<time>2026-05-24T07:42:44Z</time>
				<extensions>
					<swisstopo:routepoint_id>920636697</swisstopo:routepoint_id>
				</extensions>
			</trkpt>
			<trkpt lat="47.1862219151" lon="8.6949225639">
				<ele>645.1</ele>
				<time>2026-05-24T07:42:45Z</time>
				<extensions>
					<swisstopo:routepoint_id>521289844</swisstopo:routepoint_id>
				</extensions>
			</trkpt>
			<trkpt lat="47.1862211382" lon="8.6949253630">
				<ele>645.1</ele>
				<time>2026-05-24T07:42:46Z</time>
				<extensions>
					<swisstopo:routepoint_id>1732611995</swisstopo:routepoint_id>
				</extensions>
			</trkpt>
			<trkpt lat="47.1862206498" lon="8.6949249286">
				<ele>644.9</ele>
				<time>2026-05-24T07:42:47Z</time>
				<extensions>
					<swisstopo:routepoint_id>131546645</swisstopo:routepoint_id>
				</extensions>
			</trkpt>
			<trkpt lat="47.1862204414" lon="8.6949247222">
				<ele>644.8</ele>
				<time>2026-05-24T07:42:48Z</time>
				<extensions>
					<swisstopo:routepoint_id>1143789752</swisstopo:routepoint_id>
				</extensions>
			</trkpt>
			<trkpt lat="47.1862181669" lon="8.6949232844">
				<ele>644.8</ele>
				<time>2026-05-24T07:42:49Z</time>
				<extensions>
					<swisstopo:routepoint_id>1548237567</swisstopo:routepoint_id>
				</extensions>
			</trkpt>
			<trkpt lat="47.1862186543" lon="8.6949224773">
				<ele>644.7</ele>
				<time>2026-05-24T07:42:50Z</time>
				<extensions>
					<swisstopo:routepoint_id>169437870</swisstopo:routepoint_id>
				</extensions>
			</trkpt>
			<trkpt lat="47.1862229244" lon="8.6949161552">
				<ele>644.2</ele>
				<time>2026-05-24T07:42:50Z</time>
				<extensions>
					<swisstopo:routepoint_id>178965168</swisstopo:routepoint_id>
				</extensions>
			</trkpt>
			<trkpt lat="47.1862229285" lon="8.6949161770">
				<ele>644.2</ele>
				<time>2026-05-24T07:42:51Z</time>
				<extensions>
					<swisstopo:routepoint_id>1390472776</swisstopo:routepoint_id>
				</extensions>
			</trkpt>
			<trkpt lat="47.1862228761" lon="8.6949159755">
				<ele>644.2</ele>
				<time>2026-05-24T07:42:52Z</time>
				<extensions>
					<swisstopo:routepoint_id>758899578</swisstopo:routepoint_id>
				</extensions>
			</trkpt>
			<trkpt lat="47.1862224320" lon="8.6949147301">
				<ele>644.2</ele>
				<time>2026-05-24T07:42:53Z</time>
				<extensions>
					<swisstopo:routepoint_id>919827913</swisstopo:routepoint_id>
				</extensions>
			</trkpt>
			<trkpt lat="47.1862217615" lon="8.6949131586">
				<ele>644.2</ele>
				<time>2026-05-24T07:42:54Z</time>
				<extensions>
					<swisstopo:routepoint_id>1960442685</swisstopo:routepoint_id>
				</extensions>
			</trkpt>
			<trkpt lat="47.1862208794" lon="8.6949113195">
				<ele>644.3</ele>
				<time>2026-05-24T07:42:55Z</time>
				<extensions>
					<swisstopo:routepoint_id>318610874</swisstopo:routepoint_id>
				</extensions>
			</trkpt>
			<trkpt lat="47.1862201094" lon="8.6949069080">
				<ele>644.3</ele>
				<time>2026-05-24T07:42:56Z</time>
				<extensions>
					<swisstopo:routepoint_id>1216227347</swisstopo:routepoint_id>
				</extensions>
			</trkpt>
			<trkpt lat="47.1862205693" lon="8.6949018597">
				<ele>644.4</ele>
				<time>2026-05-24T07:42:57Z</time>
				<extensions>
					<swisstopo:routepoint_id>1383668883</swisstopo:routepoint_id>
				</extensions>
			</trkpt>
			<trkpt lat="47.1862216982" lon="8.6948969535">
				<ele>644.4</ele>
				<time>2026-05-24T07:42:58Z</time>
				<extensions>
					<swisstopo:routepoint_id>222503218</swisstopo:routepoint_id>
				</extensions>
			</trkpt>
			<trkpt lat="47.1862217465" lon="8.6948912965">
				<ele>644.5</ele>
				<time>2026-05-24T07:42:59Z</time>
				<extensions>
					<swisstopo:routepoint_id>842555499</swisstopo:routepoint_id>
				</extensions>
			</trkpt>
			<trkpt lat="47.1862215624" lon="8.6948857984">
				<ele>644.7</ele>
				<time>2026-05-24T07:43:00Z</time>
				<extensions>
					<swisstopo:routepoint_id>323103375</swisstopo:routepoint_id>
				</extensions>
			</trkpt>
			<trkpt lat="47.1862205206" lon="8.6948812175">
				<ele>644.9</ele>
				<time>2026-05-24T07:43:01Z</time>
				<extensions>
					<swisstopo:routepoint_id>1559764009</swisstopo:routepoint_id>
				</extensions>
			</trkpt>
			<trkpt lat="47.1862194500" lon="8.6948776747">
				<ele>645.1</ele>
				<time>2026-05-24T07:43:02Z</time>
				<extensions>
					<swisstopo:routepoint_id>620820334</swisstopo:routepoint_id>
				</extensions>
			</trkpt>
			<trkpt lat="47.1862185433" lon="8.6948750780">
				<ele>645.3</ele>
				<time>2026-05-24T07:43:03Z</time>
				<extensions>
					<swisstopo:routepoint_id>1651796412</swisstopo:routepoint_id>
				</extensions>
			</trkpt>
			<trkpt lat="47.1862181894" lon="8.6948723621">
				<ele>645.4</ele>
				<time>2026-05-24T07:43:04Z</time>
				<extensions>
					<swisstopo:routepoint_id>1221191715</swisstopo:routepoint_id>
				</extensions>
			</trkpt>
			<trkpt lat="47.1862163745" lon="8.6948735184">
				<ele>645.5</ele>
				<time>2026-05-24T07:43:05Z</time>
				<extensions>
					<swisstopo:routepoint_id>1067939626</swisstopo:routepoint_id>
				</extensions>
			</trkpt>
			<trkpt lat="47.1862136540" lon="8.6948743987">
				<ele>645.7</ele>
				<time>2026-05-24T07:43:06Z</time>
				<extensions>
					<swisstopo:routepoint_id>192972556</swisstopo:routepoint_id>
				</extensions>
			</trkpt>
			<trkpt lat="47.1862117670" lon="8.6948728359">
				<ele>645.8</ele>
				<time>2026-05-24T07:43:07Z</time>
				<extensions>
					<swisstopo:routepoint_id>589441722</swisstopo:routepoint_id>
				</extensions>
			</trkpt>
			<trkpt lat="47.1862102985" lon="8.6948702160">
				<ele>645.8</ele>
				<time>2026-05-24T07:43:08Z</time>
				<extensions>
					<swisstopo:routepoint_id>404958043</swisstopo:routepoint_id>
				</extensions>
			</trkpt>
			<trkpt lat="47.1862091556" lon="8.6948673093">
				<ele>645.8</ele>
				<time>2026-05-24T07:43:09Z</time>
				<extensions>
					<swisstopo:routepoint_id>754151358</swisstopo:routepoint_id>
				</extensions>
			</trkpt>
			<trkpt lat="47.1862076790" lon="8.6948645967">
				<ele>645.8</ele>
				<time>2026-05-24T07:43:10Z</time>
				<extensions>
					<swisstopo:routepoint_id>573389312</swisstopo:routepoint_id>
				</extensions>
			</trkpt>
			<trkpt lat="47.1862064928" lon="8.6948624393">
				<ele>645.8</ele>
				<time>2026-05-24T07:43:11Z</time>
				<extensions>
					<swisstopo:routepoint_id>1195042695</swisstopo:routepoint_id>
				</extensions>
			</trkpt>
			<trkpt lat="47.1862054963" lon="8.6948630319">
				<ele>645.9</ele>
				<time>2026-05-24T07:43:12Z</time>
				<extensions>
					<swisstopo:routepoint_id>1815508121</swisstopo:routepoint_id>
				</extensions>
			</trkpt>
			<trkpt lat="47.1862134732" lon="8.6948696482">
				<ele>645.8</ele>
				<time>2026-05-24T07:43:13Z</time>
				<extensions>
					<swisstopo:routepoint_id>1797333071</swisstopo:routepoint_id>
				</extensions>
			</trkpt>
			<trkpt lat="47.1862145387" lon="8.6948704514">
				<ele>645.2</ele>
				<time>2026-05-24T07:43:14Z</time>
				<extensions>
					<swisstopo:routepoint_id>1271945595</swisstopo:routepoint_id>
				</extensions>
			</trkpt>
			<trkpt lat="47.1862143039" lon="8.6948586298">
				<ele>644.4</ele>
				<time>2026-05-24T07:43:15Z</time>
				<extensions>
					<swisstopo:routepoint_id>1537392927</swisstopo:routepoint_id>
				</extensions>
			</trkpt>
			<trkpt lat="47.1862145373" lon="8.6948498900">
				<ele>643.6</ele>
				<time>2026-05-24T07:43:16Z</time>
				<extensions>
					<swisstopo:routepoint_id>439683385</swisstopo:routepoint_id>
				</extensions>
			</trkpt>
			<trkpt lat="47.1862163228" lon="8.6948456028">
				<ele>642.5</ele>
				<time>2026-05-24T07:43:17Z</time>
				<extensions>
					<swisstopo:routepoint_id>267422368</swisstopo:routepoint_id>
				</extensions>
			</trkpt>
			<trkpt lat="47.1862201618" lon="8.6948442512">
				<ele>641.8</ele>
				<time>2026-05-24T07:43:18Z</time>
				<extensions>
					<swisstopo:routepoint_id>2031949452</swisstopo:routepoint_id>
				</extensions>
			</trkpt>
			<trkpt lat="47.1862235563" lon="8.6948434593">
				<ele>641.3</ele>
				<time>2026-05-24T07:43:19Z</time>
				<extensions>
					<swisstopo:routepoint_id>1689485170</swisstopo:routepoint_id>
				</extensions>
			</trkpt>
			<trkpt lat="47.1862269967" lon="8.6948449080">
				<ele>641.0</ele>
				<time>2026-05-24T07:43:20Z</time>
				<extensions>
					<swisstopo:routepoint_id>1148471556</swisstopo:routepoint_id>
				</extensions>
			</trkpt>
			<trkpt lat="47.1862311245" lon="8.6948486202">
				<ele>640.8</ele>
				<time>2026-05-24T07:43:21Z</time>
				<extensions>
					<swisstopo:routepoint_id>778422456</swisstopo:routepoint_id>
				</extensions>
			</trkpt>
			<trkpt lat="47.1862361104" lon="8.6948558788">
				<ele>640.5</ele>
				<time>2026-05-24T07:43:22Z</time>
				<extensions>
					<swisstopo:routepoint_id>475840468</swisstopo:routepoint_id>
				</extensions>
			</trkpt>
			<trkpt lat="47.1862410576" lon="8.6948636324">
				<ele>640.3</ele>
				<time>2026-05-24T07:43:23Z</time>
				<extensions>
					<swisstopo:routepoint_id>221644248</swisstopo:routepoint_id>
				</extensions>
			</trkpt>
			<trkpt lat="47.1862486152" lon="8.6948743290">
				<ele>640.2</ele>
				<time>2026-05-24T07:43:24Z</time>
				<extensions>
					<swisstopo:routepoint_id>1438232238</swisstopo:routepoint_id>
				</extensions>
			</trkpt>
			<trkpt lat="47.1862549735" lon="8.6948949474">
				<ele>639.9</ele>
				<time>2026-05-24T07:43:25Z</time>
				<extensions>
					<swisstopo:routepoint_id>293293434</swisstopo:routepoint_id>
				</extensions>
			</trkpt>
			<trkpt lat="47.1862620696" lon="8.6949234326">
				<ele>639.6</ele>
				<time>2026-05-24T07:43:26Z</time>
				<extensions>
					<swisstopo:routepoint_id>907775373</swisstopo:routepoint_id>
				</extensions>
			</trkpt>
			<trkpt lat="47.1862682433" lon="8.6949536198">
				<ele>639.4</ele>
				<time>2026-05-24T07:43:27Z</time>
				<extensions>
					<swisstopo:routepoint_id>1256865723</swisstopo:routepoint_id>
				</extensions>
			</trkpt>
			<trkpt lat="47.1862743115" lon="8.6949811507">
				<ele>639.3</ele>
				<time>2026-05-24T07:43:28Z</time>
				<extensions>
					<swisstopo:routepoint_id>1493054569</swisstopo:routepoint_id>
				</extensions>
			</trkpt>
			<trkpt lat="47.1862772735" lon="8.6950112629">
				<ele>639.1</ele>
				<time>2026-05-24T07:43:29Z</time>
				<extensions>
					<swisstopo:routepoint_id>421725988</swisstopo:routepoint_id>
				</extensions>
			</trkpt>
			<trkpt lat="47.1862753897" lon="8.6950403185">
				<ele>638.7</ele>
				<time>2026-05-24T07:43:30Z</time>
				<extensions>
					<swisstopo:routepoint_id>1252645216</swisstopo:routepoint_id>
				</extensions>
			</trkpt>
			<trkpt lat="47.1862806558" lon="8.6950714624">
				<ele>638.9</ele>
				<time>2026-05-24T07:43:31Z</time>
				<extensions>
					<swisstopo:routepoint_id>1425953771</swisstopo:routepoint_id>
				</extensions>
			</trkpt>
			<trkpt lat="47.1862889283" lon="8.6950977983">
				<ele>639.1</ele>
				<time>2026-05-24T07:43:32Z</time>
				<extensions>
					<swisstopo:routepoint_id>87528677</swisstopo:routepoint_id>
				</extensions>
			</trkpt>
			<trkpt lat="47.1863020900" lon="8.6951267692">
				<ele>639.2</ele>
				<time>2026-05-24T07:43:33Z</time>
				<extensions>
					<swisstopo:routepoint_id>68176144</swisstopo:routepoint_id>
				</extensions>
			</trkpt>
			<trkpt lat="47.1863190871" lon="8.6951545088">
				<ele>638.7</ele>
				<time>2026-05-24T07:43:34Z</time>
				<extensions>
					<swisstopo:routepoint_id>1227668357</swisstopo:routepoint_id>
				</extensions>
			</trkpt>
			<trkpt lat="47.1863370218" lon="8.6951759387">
				<ele>638.4</ele>
				<time>2026-05-24T07:43:35Z</time>
				<extensions>
					<swisstopo:routepoint_id>399195723</swisstopo:routepoint_id>
				</extensions>
			</trkpt>
			<trkpt lat="47.1863532934" lon="8.6951918371">
				<ele>638.2</ele>
				<time>2026-05-24T07:43:36Z</time>
				<extensions>
					<swisstopo:routepoint_id>543603233</swisstopo:routepoint_id>
				</extensions>
			</trkpt>
			<trkpt lat="47.1863690111" lon="8.6952047197">
				<ele>638.2</ele>
				<time>2026-05-24T07:43:37Z</time>
				<extensions>
					<swisstopo:routepoint_id>944102693</swisstopo:routepoint_id>
				</extensions>
			</trkpt>
			<trkpt lat="47.1863837584" lon="8.6952128698">
				<ele>638.2</ele>
				<time>2026-05-24T07:43:38Z</time>
				<extensions>
					<swisstopo:routepoint_id>1924777215</swisstopo:routepoint_id>
				</extensions>
			</trkpt>
			<trkpt lat="47.1863915405" lon="8.6952124710">
				<ele>638.2</ele>
				<time>2026-05-24T07:43:39Z</time>
				<extensions>
					<swisstopo:routepoint_id>36994097</swisstopo:routepoint_id>
				</extensions>
			</trkpt>
			<trkpt lat="47.1863967069" lon="8.6952082118">
				<ele>638.3</ele>
				<time>2026-05-24T07:43:40Z</time>
				<extensions>
					<swisstopo:routepoint_id>1137014296</swisstopo:routepoint_id>
				</extensions>
			</trkpt>
			<trkpt lat="47.1863832784" lon="8.6951536799">
				<ele>639.1</ele>
				<time>2026-05-24T07:43:40Z</time>
				<extensions>
					<swisstopo:routepoint_id>1489781866</swisstopo:routepoint_id>
				</extensions>
			</trkpt>
			<trkpt lat="47.1863832771" lon="8.6951536826">
				<ele>639.1</ele>
				<time>2026-05-24T07:43:41Z</time>
				<extensions>
					<swisstopo:routepoint_id>1251981489</swisstopo:routepoint_id>
				</extensions>
			</trkpt>
			<trkpt lat="47.1863832865" lon="8.6951536604">
				<ele>639.1</ele>
				<time>2026-05-24T07:43:42Z</time>
				<extensions>
					<swisstopo:routepoint_id>1008112317</swisstopo:routepoint_id>
				</extensions>
			</trkpt>
			<trkpt lat="47.1863833011" lon="8.6951535850">
				<ele>639.1</ele>
				<time>2026-05-24T07:43:43Z</time>
				<extensions>
					<swisstopo:routepoint_id>1845220636</swisstopo:routepoint_id>
				</extensions>
			</trkpt>
			<trkpt lat="47.1863833451" lon="8.6951533802">
				<ele>639.1</ele>
				<time>2026-05-24T07:43:44Z</time>
				<extensions>
					<swisstopo:routepoint_id>811882925</swisstopo:routepoint_id>
				</extensions>
			</trkpt>
			<trkpt lat="47.1863837520" lon="8.6951532223">
				<ele>639.3</ele>
				<time>2026-05-24T07:43:45Z</time>
				<extensions>
					<swisstopo:routepoint_id>205227437</swisstopo:routepoint_id>
				</extensions>
			</trkpt>
			<trkpt lat="47.1863843438" lon="8.6951536240">
				<ele>639.7</ele>
				<time>2026-05-24T07:43:46Z</time>
				<extensions>
					<swisstopo:routepoint_id>398796577</swisstopo:routepoint_id>
				</extensions>
			</trkpt>
			<trkpt lat="47.1863846749" lon="8.6951549489">
				<ele>640.2</ele>
				<time>2026-05-24T07:43:47Z</time>
				<extensions>
					<swisstopo:routepoint_id>277607352</swisstopo:routepoint_id>
				</extensions>
			</trkpt>
			<trkpt lat="47.1863863210" lon="8.6951571714">
				<ele>640.8</ele>
				<time>2026-05-24T07:43:48Z</time>
				<extensions>
					<swisstopo:routepoint_id>1412283780</swisstopo:routepoint_id>
				</extensions>
			</trkpt>
			<trkpt lat="47.1863880179" lon="8.6951580179">
				<ele>641.4</ele>
				<time>2026-05-24T07:43:49Z</time>
				<extensions>
					<swisstopo:routepoint_id>116740169</swisstopo:routepoint_id>
				</extensions>
			</trkpt>
			<trkpt lat="47.1863893202" lon="8.6951581389">
				<ele>642.0</ele>
				<time>2026-05-24T07:43:50Z</time>
				<extensions>
					<swisstopo:routepoint_id>1399450672</swisstopo:routepoint_id>
				</extensions>
			</trkpt>
			<trkpt lat="47.1863903674" lon="8.6951580875">
				<ele>642.5</ele>
				<time>2026-05-24T07:43:51Z</time>
				<extensions>
					<swisstopo:routepoint_id>1326542360</swisstopo:routepoint_id>
				</extensions>
			</trkpt>
			<trkpt lat="47.1863911840" lon="8.6951579559">
				<ele>642.9</ele>
				<time>2026-05-24T07:43:52Z</time>
				<extensions>
					<swisstopo:routepoint_id>22221366</swisstopo:routepoint_id>
				</extensions>
			</trkpt>
			<trkpt lat="47.1863914556" lon="8.6951573350">
				<ele>643.3</ele>
				<time>2026-05-24T07:43:53Z</time>
				<extensions>
					<swisstopo:routepoint_id>1959827431</swisstopo:routepoint_id>
				</extensions>
			</trkpt>
			<trkpt lat="47.1863914178" lon="8.6951565219">
				<ele>643.6</ele>
				<time>2026-05-24T07:43:54Z</time>
				<extensions>
					<swisstopo:routepoint_id>715455131</swisstopo:routepoint_id>
				</extensions>
			</trkpt>
			<trkpt lat="47.1863924058" lon="8.6951572684">
				<ele>643.8</ele>
				<time>2026-05-24T07:43:55Z</time>
				<extensions>
					<swisstopo:routepoint_id>893447164</swisstopo:routepoint_id>
				</extensions>
			</trkpt>
			<trkpt lat="47.1863905157" lon="8.6951543479">
				<ele>644.1</ele>
				<time>2026-05-24T07:43:56Z</time>
				<extensions>
					<swisstopo:routepoint_id>960825524</swisstopo:routepoint_id>
				</extensions>
			</trkpt>
			<trkpt lat="47.1863867718" lon="8.6951490967">
				<ele>644.2</ele>
				<time>2026-05-24T07:43:57Z</time>
				<extensions>
					<swisstopo:routepoint_id>1665040075</swisstopo:routepoint_id>
				</extensions>
			</trkpt>
			<trkpt lat="47.1863818724" lon="8.6951424195">
				<ele>644.4</ele>
				<time>2026-05-24T07:43:58Z</time>
				<extensions>
					<swisstopo:routepoint_id>469136468</swisstopo:routepoint_id>
				</extensions>
			</trkpt>
			<trkpt lat="47.1863797319" lon="8.6951395055">
				<ele>644.5</ele>
				<time>2026-05-24T07:43:59Z</time>
				<extensions>
					<swisstopo:routepoint_id>1364149539</swisstopo:routepoint_id>
				</extensions>
			</trkpt>
			<trkpt lat="47.1863792804" lon="8.6951389093">
				<ele>644.1</ele>
				<time>2026-05-24T07:44:00Z</time>
				<extensions>
					<swisstopo:routepoint_id>725886601</swisstopo:routepoint_id>
				</extensions>
			</trkpt>
			<trkpt lat="47.1863773916" lon="8.6951364502">
				<ele>643.8</ele>
				<time>2026-05-24T07:44:01Z</time>
				<extensions>
					<swisstopo:routepoint_id>121504400</swisstopo:routepoint_id>
				</extensions>
			</trkpt>
			<trkpt lat="47.1863747348" lon="8.6951329447">
				<ele>643.5</ele>
				<time>2026-05-24T07:44:02Z</time>
				<extensions>
					<swisstopo:routepoint_id>2014986150</swisstopo:routepoint_id>
				</extensions>
			</trkpt>
			<trkpt lat="47.1863722354" lon="8.6951296405">
				<ele>643.5</ele>
				<time>2026-05-24T07:44:03Z</time>
				<extensions>
					<swisstopo:routepoint_id>55109860</swisstopo:routepoint_id>
				</extensions>
			</trkpt>
			<trkpt lat="47.1863711227" lon="8.6951282937">
				<ele>643.4</ele>
				<time>2026-05-24T07:44:04Z</time>
				<extensions>
					<swisstopo:routepoint_id>665965163</swisstopo:routepoint_id>
				</extensions>
			</trkpt>
			<trkpt lat="47.1863741853" lon="8.6951325251">
				<ele>643.4</ele>
				<time>2026-05-24T07:44:05Z</time>
				<extensions>
					<swisstopo:routepoint_id>191726377</swisstopo:routepoint_id>
				</extensions>
			</trkpt>
			<trkpt lat="47.1863801489" lon="8.6951406154">
				<ele>643.6</ele>
				<time>2026-05-24T07:44:06Z</time>
				<extensions>
					<swisstopo:routepoint_id>1119747739</swisstopo:routepoint_id>
				</extensions>
			</trkpt>
			<trkpt lat="47.1863882475" lon="8.6951515396">
				<ele>643.4</ele>
				<time>2026-05-24T07:44:07Z</time>
				<extensions>
					<swisstopo:routepoint_id>1201050712</swisstopo:routepoint_id>
				</extensions>
			</trkpt>
			<trkpt lat="47.1863959567" lon="8.6951619331">
				<ele>643.5</ele>
				<time>2026-05-24T07:44:08Z</time>
				<extensions>
					<swisstopo:routepoint_id>1860518431</swisstopo:routepoint_id>
				</extensions>
			</trkpt>
			<trkpt lat="47.1864046804" lon="8.6951736633">
				<ele>643.4</ele>
				<time>2026-05-24T07:44:09Z</time>
				<extensions>
					<swisstopo:routepoint_id>223885850</swisstopo:routepoint_id>
				</extensions>
			</trkpt>
			<trkpt lat="47.1864131597" lon="8.6951850532">
				<ele>643.2</ele>
				<time>2026-05-24T07:44:10Z</time>
				<extensions>
					<swisstopo:routepoint_id>458131406</swisstopo:routepoint_id>
				</extensions>
			</trkpt>
			<trkpt lat="47.1864240392" lon="8.6951996242">
				<ele>643.1</ele>
				<time>2026-05-24T07:44:11Z</time>
				<extensions>
					<swisstopo:routepoint_id>1085666147</swisstopo:routepoint_id>
				</extensions>
			</trkpt>
			<trkpt lat="47.1864301761" lon="8.6952078657">
				<ele>642.8</ele>
				<time>2026-05-24T07:44:12Z</time>
				<extensions>
					<swisstopo:routepoint_id>1769867717</swisstopo:routepoint_id>
				</extensions>
			</trkpt>
			<trkpt lat="47.1864328093" lon="8.6952114283">
				<ele>642.7</ele>
				<time>2026-05-24T07:44:13Z</time>
				<extensions>
					<swisstopo:routepoint_id>1370725022</swisstopo:routepoint_id>
				</extensions>
			</trkpt>
			<trkpt lat="47.1864298913" lon="8.6952075871">
				<ele>642.4</ele>
				<time>2026-05-24T07:44:14Z</time>
				<extensions>
					<swisstopo:routepoint_id>1718363385</swisstopo:routepoint_id>
				</extensions>
			</trkpt>
			<trkpt lat="47.1864249118" lon="8.6952009900">
				<ele>642.1</ele>
				<time>2026-05-24T07:44:15Z</time>
				<extensions>
					<swisstopo:routepoint_id>1173326839</swisstopo:routepoint_id>
				</extensions>
			</trkpt>
			<trkpt lat="47.1864185074" lon="8.6951924866">
				<ele>641.9</ele>
				<time>2026-05-24T07:44:16Z</time>
				<extensions>
					<swisstopo:routepoint_id>1909336319</swisstopo:routepoint_id>
				</extensions>
			</trkpt>
			<trkpt lat="47.1864140200" lon="8.6951865282">
				<ele>641.6</ele>
				<time>2026-05-24T07:44:17Z</time>
				<extensions>
					<swisstopo:routepoint_id>367376312</swisstopo:routepoint_id>
				</extensions>
			</trkpt>
			<trkpt lat="47.1864103651" lon="8.6951816719">
				<ele>641.4</ele>
				<time>2026-05-24T07:44:18Z</time>
				<extensions>
					<swisstopo:routepoint_id>478190659</swisstopo:routepoint_id>
				</extensions>
			</trkpt>
			<trkpt lat="47.1864072396" lon="8.6951775155">
				<ele>641.3</ele>
				<time>2026-05-24T07:44:19Z</time>
				<extensions>
					<swisstopo:routepoint_id>1066598739</swisstopo:routepoint_id>
				</extensions>
			</trkpt>
			<trkpt lat="47.1864043138" lon="8.6951745197">
				<ele>641.2</ele>
				<time>2026-05-24T07:44:20Z</time>
				<extensions>
					<swisstopo:routepoint_id>1279004864</swisstopo:routepoint_id>
				</extensions>
			</trkpt>
			<trkpt lat="47.1864015589" lon="8.6951726504">
				<ele>641.1</ele>
				<time>2026-05-24T07:44:21Z</time>
				<extensions>
					<swisstopo:routepoint_id>2070926425</swisstopo:routepoint_id>
				</extensions>
			</trkpt>
			<trkpt lat="47.1863989827" lon="8.6951717732">
				<ele>641.1</ele>
				<time>2026-05-24T07:44:22Z</time>
				<extensions>
					<swisstopo:routepoint_id>1792958046</swisstopo:routepoint_id>
				</extensions>
			</trkpt>
			<trkpt lat="47.1863965840" lon="8.6951717507">
				<ele>641.1</ele>
				<time>2026-05-24T07:44:23Z</time>
				<extensions>
					<swisstopo:routepoint_id>755344418</swisstopo:routepoint_id>
				</extensions>
			</trkpt>
			<trkpt lat="47.1863943554" lon="8.6951724477">
				<ele>641.1</ele>
				<time>2026-05-24T07:44:24Z</time>
				<extensions>
					<swisstopo:routepoint_id>1297795909</swisstopo:routepoint_id>
				</extensions>
			</trkpt>
			<trkpt lat="47.1863922842" lon="8.6951737364">
				<ele>641.1</ele>
				<time>2026-05-24T07:44:25Z</time>
				<extensions>
					<swisstopo:routepoint_id>64439984</swisstopo:routepoint_id>
				</extensions>
			</trkpt>
			<trkpt lat="47.1863909643" lon="8.6951745153">
				<ele>641.1</ele>
				<time>2026-05-24T07:44:26Z</time>
				<extensions>
					<swisstopo:routepoint_id>711053000</swisstopo:routepoint_id>
				</extensions>
			</trkpt>
			<trkpt lat="47.1863897725" lon="8.6951756582">
				<ele>641.1</ele>
				<time>2026-05-24T07:44:27Z</time>
				<extensions>
					<swisstopo:routepoint_id>2068759092</swisstopo:routepoint_id>
				</extensions>
			</trkpt>
			<trkpt lat="47.1863885897" lon="8.6951772376">
				<ele>641.1</ele>
				<time>2026-05-24T07:44:28Z</time>
				<extensions>
					<swisstopo:routepoint_id>1873814314</swisstopo:routepoint_id>
				</extensions>
			</trkpt>
			<trkpt lat="47.1863874046" lon="8.6951791654">
				<ele>641.2</ele>
				<time>2026-05-24T07:44:29Z</time>
				<extensions>
					<swisstopo:routepoint_id>349492143</swisstopo:routepoint_id>
				</extensions>
			</trkpt>
			<trkpt lat="47.1863862089" lon="8.6951813632">
				<ele>641.2</ele>
				<time>2026-05-24T07:44:30Z</time>
				<extensions>
					<swisstopo:routepoint_id>546672856</swisstopo:routepoint_id>
				</extensions>
			</trkpt>
			<trkpt lat="47.1863849971" lon="8.6951837621">
				<ele>641.2</ele>
				<time>2026-05-24T07:44:31Z</time>
				<extensions>
					<swisstopo:routepoint_id>995648926</swisstopo:routepoint_id>
				</extensions>
			</trkpt>
			<trkpt lat="47.1863840700" lon="8.6951858123">
				<ele>641.2</ele>
				<time>2026-05-24T07:44:32Z</time>
				<extensions>
					<swisstopo:routepoint_id>678921858</swisstopo:routepoint_id>
				</extensions>
			</trkpt>
			<trkpt lat="47.1863834273" lon="8.6951874627">
				<ele>641.3</ele>
				<time>2026-05-24T07:44:33Z</time>
				<extensions>
					<swisstopo:routepoint_id>1059050895</swisstopo:routepoint_id>
				</extensions>
			</trkpt>
			<trkpt lat="47.1863830192" lon="8.6951887538">
				<ele>641.3</ele>
				<time>2026-05-24T07:44:34Z</time>
				<extensions>
					<swisstopo:routepoint_id>1123925929</swisstopo:routepoint_id>
				</extensions>
			</trkpt>
			<trkpt lat="47.1863827997" lon="8.6951897292">
				<ele>641.3</ele>
				<time>2026-05-24T07:44:35Z</time>
				<extensions>
					<swisstopo:routepoint_id>556929691</swisstopo:routepoint_id>
				</extensions>
			</trkpt>
			<trkpt lat="47.1863827276" lon="8.6951904339">
				<ele>641.3</ele>
				<time>2026-05-24T07:44:36Z</time>
				<extensions>
					<swisstopo:routepoint_id>1583583011</swisstopo:routepoint_id>
				</extensions>
			</trkpt>
			<trkpt lat="47.1863830712" lon="8.6951904195">
				<ele>641.3</ele>
				<time>2026-05-24T07:44:37Z</time>
				<extensions>
					<swisstopo:routepoint_id>1514828606</swisstopo:routepoint_id>
				</extensions>
			</trkpt>
			<trkpt lat="47.1863831920" lon="8.6951907087">
				<ele>641.3</ele>
				<time>2026-05-24T07:44:38Z</time>
				<extensions>
					<swisstopo:routepoint_id>1305745857</swisstopo:routepoint_id>
				</extensions>
			</trkpt>
			<trkpt lat="47.1863833161" lon="8.6951909320">
				<ele>641.3</ele>
				<time>2026-05-24T07:44:39Z</time>
				<extensions>
					<swisstopo:routepoint_id>535229906</swisstopo:routepoint_id>
				</extensions>
			</trkpt>
			<trkpt lat="47.1863834760" lon="8.6951910359">
				<ele>641.3</ele>
				<time>2026-05-24T07:44:40Z</time>
				<extensions>
					<swisstopo:routepoint_id>1947516506</swisstopo:routepoint_id>
				</extensions>
			</trkpt>
			<trkpt lat="47.1863839603" lon="8.6951905560">
				<ele>641.3</ele>
				<time>2026-05-24T07:44:41Z</time>
				<extensions>
					<swisstopo:routepoint_id>2111652415</swisstopo:routepoint_id>
				</extensions>
			</trkpt>
			<trkpt lat="47.1863847581" lon="8.6951895137">
				<ele>641.4</ele>
				<time>2026-05-24T07:44:42Z</time>
				<extensions>
					<swisstopo:routepoint_id>1227388583</swisstopo:routepoint_id>
				</extensions>
			</trkpt>
			<trkpt lat="47.1863852017" lon="8.6951889929">
				<ele>641.4</ele>
				<time>2026-05-24T07:44:43Z</time>
				<extensions>
					<swisstopo:routepoint_id>2139485046</swisstopo:routepoint_id>
				</extensions>
			</trkpt>
			<trkpt lat="47.1863858436" lon="8.6951881064">
				<ele>641.4</ele>
				<time>2026-05-24T07:44:44Z</time>
				<extensions>
					<swisstopo:routepoint_id>858982754</swisstopo:routepoint_id>
				</extensions>
			</trkpt>
			<trkpt lat="47.1863858249" lon="8.6951882482">
				<ele>641.4</ele>
				<time>2026-05-24T07:44:45Z</time>
				<extensions>
					<swisstopo:routepoint_id>1538071344</swisstopo:routepoint_id>
				</extensions>
			</trkpt>
			<trkpt lat="47.1863857035" lon="8.6951885228">
				<ele>641.4</ele>
				<time>2026-05-24T07:44:46Z</time>
				<extensions>
					<swisstopo:routepoint_id>1104419669</swisstopo:routepoint_id>
				</extensions>
			</trkpt>
			<trkpt lat="47.1863855879" lon="8.6951887604">
				<ele>641.4</ele>
				<time>2026-05-24T07:44:47Z</time>
				<extensions>
					<swisstopo:routepoint_id>1280215862</swisstopo:routepoint_id>
				</extensions>
			</trkpt>
			<trkpt lat="47.1863854811" lon="8.6951889613">
				<ele>641.4</ele>
				<time>2026-05-24T07:44:48Z</time>
				<extensions>
					<swisstopo:routepoint_id>949333341</swisstopo:routepoint_id>
				</extensions>
			</trkpt>
			<trkpt lat="47.1863853852" lon="8.6951891273">
				<ele>641.3</ele>
				<time>2026-05-24T07:44:49Z</time>
				<extensions>
					<swisstopo:routepoint_id>1789448624</swisstopo:routepoint_id>
				</extensions>
			</trkpt>
			<trkpt lat="47.1863853010" lon="8.6951892610">
				<ele>641.3</ele>
				<time>2026-05-24T07:44:50Z</time>
				<extensions>
					<swisstopo:routepoint_id>1902030980</swisstopo:routepoint_id>
				</extensions>
			</trkpt>
			<trkpt lat="47.1863852288" lon="8.6951893657">
				<ele>641.3</ele>
				<time>2026-05-24T07:44:51Z</time>
				<extensions>
					<swisstopo:routepoint_id>2140595265</swisstopo:routepoint_id>
				</extensions>
			</trkpt>
			<trkpt lat="47.1863851683" lon="8.6951894448">
				<ele>641.3</ele>
				<time>2026-05-24T07:44:52Z</time>
				<extensions>
					<swisstopo:routepoint_id>191080664</swisstopo:routepoint_id>
				</extensions>
			</trkpt>
			<trkpt lat="47.1863851187" lon="8.6951895021">
				<ele>641.3</ele>
				<time>2026-05-24T07:44:53Z</time>
				<extensions>
					<swisstopo:routepoint_id>1004667583</swisstopo:routepoint_id>
				</extensions>
			</trkpt>
			<trkpt lat="47.1863850792" lon="8.6951895410">
				<ele>641.3</ele>
				<time>2026-05-24T07:44:54Z</time>
				<extensions>
					<swisstopo:routepoint_id>1931634767</swisstopo:routepoint_id>
				</extensions>
			</trkpt>
			<trkpt lat="47.1863850487" lon="8.6951895648">
				<ele>641.3</ele>
				<time>2026-05-24T07:44:55Z</time>
				<extensions>
					<swisstopo:routepoint_id>1475237270</swisstopo:routepoint_id>
				</extensions>
			</trkpt>
			<trkpt lat="47.1863850260" lon="8.6951895766">
				<ele>641.3</ele>
				<time>2026-05-24T07:44:56Z</time>
				<extensions>
					<swisstopo:routepoint_id>1614092275</swisstopo:routepoint_id>
				</extensions>
			</trkpt>
			<trkpt lat="47.1863850099" lon="8.6951895791">
				<ele>641.3</ele>
				<time>2026-05-24T07:44:57Z</time>
				<extensions>
					<swisstopo:routepoint_id>1035437021</swisstopo:routepoint_id>
				</extensions>
			</trkpt>
			<trkpt lat="47.1863849993" lon="8.6951895746">
				<ele>641.3</ele>
				<time>2026-05-24T07:44:58Z</time>
				<extensions>
					<swisstopo:routepoint_id>1530020306</swisstopo:routepoint_id>
				</extensions>
			</trkpt>
			<trkpt lat="47.1863849932" lon="8.6951895653">
				<ele>641.3</ele>
				<time>2026-05-24T07:44:59Z</time>
				<extensions>
					<swisstopo:routepoint_id>1082093764</swisstopo:routepoint_id>
				</extensions>
			</trkpt>
			<trkpt lat="47.1863849907" lon="8.6951895527">
				<ele>641.3</ele>
				<time>2026-05-24T07:45:00Z</time>
				<extensions>
					<swisstopo:routepoint_id>1858368752</swisstopo:routepoint_id>
				</extensions>
			</trkpt>
			<trkpt lat="47.1863849908" lon="8.6951895382">
				<ele>641.3</ele>
				<time>2026-05-24T07:45:01Z</time>
				<extensions>
					<swisstopo:routepoint_id>601452896</swisstopo:routepoint_id>
				</extensions>
			</trkpt>
			<trkpt lat="47.1863849929" lon="8.6951895230">
				<ele>641.3</ele>
				<time>2026-05-24T07:45:02Z</time>
				<extensions>
					<swisstopo:routepoint_id>413296643</swisstopo:routepoint_id>
				</extensions>
			</trkpt>
			<trkpt lat="47.1863849964" lon="8.6951895077">
				<ele>641.3</ele>
				<time>2026-05-24T07:45:03Z</time>
				<extensions>
					<swisstopo:routepoint_id>1314564503</swisstopo:routepoint_id>
				</extensions>
			</trkpt>
			<trkpt lat="47.1863850008" lon="8.6951894930">
				<ele>641.3</ele>
				<time>2026-05-24T07:45:04Z</time>
				<extensions>
					<swisstopo:routepoint_id>573841585</swisstopo:routepoint_id>
				</extensions>
			</trkpt>
			<trkpt lat="47.1863850056" lon="8.6951894794">
				<ele>641.3</ele>
				<time>2026-05-24T07:45:05Z</time>
				<extensions>
					<swisstopo:routepoint_id>206460418</swisstopo:routepoint_id>
				</extensions>
			</trkpt>
			<trkpt lat="47.1863850106" lon="8.6951894671">
				<ele>641.3</ele>
				<time>2026-05-24T07:45:06Z</time>
				<extensions>
					<swisstopo:routepoint_id>1794155421</swisstopo:routepoint_id>
				</extensions>
			</trkpt>
			<trkpt lat="47.1863850154" lon="8.6951894563">
				<ele>641.3</ele>
				<time>2026-05-24T07:45:07Z</time>
				<extensions>
					<swisstopo:routepoint_id>1552273220</swisstopo:routepoint_id>
				</extensions>
			</trkpt>
			<trkpt lat="47.1863850201" lon="8.6951894469">
				<ele>641.3</ele>
				<time>2026-05-24T07:45:08Z</time>
				<extensions>
					<swisstopo:routepoint_id>1424664784</swisstopo:routepoint_id>
				</extensions>
			</trkpt>
			<trkpt lat="47.1863850243" lon="8.6951894390">
				<ele>641.3</ele>
				<time>2026-05-24T07:45:09Z</time>
				<extensions>
					<swisstopo:routepoint_id>2045844285</swisstopo:routepoint_id>
				</extensions>
			</trkpt>
			<trkpt lat="47.1863850281" lon="8.6951894325">
				<ele>641.3</ele>
				<time>2026-05-24T07:45:10Z</time>
				<extensions>
					<swisstopo:routepoint_id>1144225878</swisstopo:routepoint_id>
				</extensions>
			</trkpt>
			<trkpt lat="47.1863850314" lon="8.6951894273">
				<ele>641.3</ele>
				<time>2026-05-24T07:45:11Z</time>
				<extensions>
					<swisstopo:routepoint_id>288272661</swisstopo:routepoint_id>
				</extensions>
			</trkpt>
			<trkpt lat="47.1863850343" lon="8.6951894232">
				<ele>641.3</ele>
				<time>2026-05-24T07:45:12Z</time>
				<extensions>
					<swisstopo:routepoint_id>275505795</swisstopo:routepoint_id>
				</extensions>
			</trkpt>
			<trkpt lat="47.1863807084" lon="8.6951847869">
				<ele>641.9</ele>
				<time>2026-05-24T07:45:13Z</time>
				<extensions>
					<swisstopo:routepoint_id>451153633</swisstopo:routepoint_id>
				</extensions>
			</trkpt>
			<trkpt lat="47.1863766815" lon="8.6951807143">
				<ele>642.4</ele>
				<time>2026-05-24T07:45:14Z</time>
				<extensions>
					<swisstopo:routepoint_id>1921835921</swisstopo:routepoint_id>
				</extensions>
			</trkpt>
			<trkpt lat="47.1863738548" lon="8.6951790060">
				<ele>642.8</ele>
				<time>2026-05-24T07:45:15Z</time>
				<extensions>
					<swisstopo:routepoint_id>2142273367</swisstopo:routepoint_id>
				</extensions>
			</trkpt>
			<trkpt lat="47.1863778446" lon="8.6951791507">
				<ele>643.1</ele>
				<time>2026-05-24T07:45:16Z</time>
				<extensions>
					<swisstopo:routepoint_id>477653567</swisstopo:routepoint_id>
				</extensions>
			</trkpt>
			<trkpt lat="47.1863827049" lon="8.6951809253">
				<ele>643.3</ele>
				<time>2026-05-24T07:45:17Z</time>
				<extensions>
					<swisstopo:routepoint_id>629628083</swisstopo:routepoint_id>
				</extensions>
			</trkpt>
			<trkpt lat="47.1863850090" lon="8.6951840682">
				<ele>643.3</ele>
				<time>2026-05-24T07:45:18Z</time>
				<extensions>
					<swisstopo:routepoint_id>1507262212</swisstopo:routepoint_id>
				</extensions>
			</trkpt>
			<trkpt lat="47.1863905437" lon="8.6951912539">
				<ele>643.2</ele>
				<time>2026-05-24T07:45:19Z</time>
				<extensions>
					<swisstopo:routepoint_id>838897072</swisstopo:routepoint_id>
				</extensions>
			</trkpt>
			<trkpt lat="47.1863922067" lon="8.6951990926">
				<ele>643.0</ele>
				<time>2026-05-24T07:45:20Z</time>
				<extensions>
					<swisstopo:routepoint_id>1112946549</swisstopo:routepoint_id>
				</extensions>
			</trkpt>
			<trkpt lat="47.1863934162" lon="8.6952073579">
				<ele>642.9</ele>
				<time>2026-05-24T07:45:21Z</time>
				<extensions>
					<swisstopo:routepoint_id>710083673</swisstopo:routepoint_id>
				</extensions>
			</trkpt>
			<trkpt lat="47.1863936890" lon="8.6952168358">
				<ele>642.9</ele>
				<time>2026-05-24T07:45:22Z</time>
				<extensions>
					<swisstopo:routepoint_id>809665732</swisstopo:routepoint_id>
				</extensions>
			</trkpt>
			<trkpt lat="47.1863902010" lon="8.6952300629">
				<ele>642.8</ele>
				<time>2026-05-24T07:45:23Z</time>
				<extensions>
					<swisstopo:routepoint_id>1595570332</swisstopo:routepoint_id>
				</extensions>
			</trkpt>
			<trkpt lat="47.1863884585" lon="8.6952361164">
				<ele>642.8</ele>
				<time>2026-05-24T07:45:24Z</time>
				<extensions>
					<swisstopo:routepoint_id>1122269835</swisstopo:routepoint_id>
				</extensions>
			</trkpt>
			<trkpt lat="47.1863871475" lon="8.6952361263">
				<ele>642.8</ele>
				<time>2026-05-24T07:45:25Z</time>
				<extensions>
					<swisstopo:routepoint_id>640245244</swisstopo:routepoint_id>
				</extensions>
			</trkpt>
			<trkpt lat="47.1863860396" lon="8.6952366153">
				<ele>642.8</ele>
				<time>2026-05-24T07:45:26Z</time>
				<extensions>
					<swisstopo:routepoint_id>1708744438</swisstopo:routepoint_id>
				</extensions>
			</trkpt>
			<trkpt lat="47.1863851093" lon="8.6952367811">
				<ele>642.8</ele>
				<time>2026-05-24T07:45:27Z</time>
				<extensions>
					<swisstopo:routepoint_id>568958135</swisstopo:routepoint_id>
				</extensions>
			</trkpt>
			<trkpt lat="47.1863826887" lon="8.6952350941">
				<ele>642.5</ele>
				<time>2026-05-24T07:45:28Z</time>
				<extensions>
					<swisstopo:routepoint_id>1882178501</swisstopo:routepoint_id>
				</extensions>
			</trkpt>
			<trkpt lat="47.1863799309" lon="8.6952336800">
				<ele>642.3</ele>
				<time>2026-05-24T07:45:29Z</time>
				<extensions>
					<swisstopo:routepoint_id>1339945997</swisstopo:routepoint_id>
				</extensions>
			</trkpt>
			<trkpt lat="47.1863775738" lon="8.6952322859">
				<ele>642.1</ele>
				<time>2026-05-24T07:45:30Z</time>
				<extensions>
					<swisstopo:routepoint_id>1958849137</swisstopo:routepoint_id>
				</extensions>
			</trkpt>
			<trkpt lat="47.1863756652" lon="8.6952308866">
				<ele>641.9</ele>
				<time>2026-05-24T07:45:31Z</time>
				<extensions>
					<swisstopo:routepoint_id>1453137049</swisstopo:routepoint_id>
				</extensions>
			</trkpt>
			<trkpt lat="47.1863741623" lon="8.6952295392">
				<ele>641.8</ele>
				<time>2026-05-24T07:45:32Z</time>
				<extensions>
					<swisstopo:routepoint_id>1690348859</swisstopo:routepoint_id>
				</extensions>
			</trkpt>
			<trkpt lat="47.1863730173" lon="8.6952282836">
				<ele>641.7</ele>
				<time>2026-05-24T07:45:33Z</time>
				<extensions>
					<swisstopo:routepoint_id>632107050</swisstopo:routepoint_id>
				</extensions>
			</trkpt>
			<trkpt lat="47.1863721810" lon="8.6952271455">
				<ele>641.6</ele>
				<time>2026-05-24T07:45:34Z</time>
				<extensions>
					<swisstopo:routepoint_id>221587641</swisstopo:routepoint_id>
				</extensions>
			</trkpt>
			<trkpt lat="47.1863716048" lon="8.6952261389">
				<ele>641.5</ele>
				<time>2026-05-24T07:45:35Z</time>
				<extensions>
					<swisstopo:routepoint_id>486838389</swisstopo:routepoint_id>
				</extensions>
			</trkpt>
			<trkpt lat="47.1863712427" lon="8.6952252692">
				<ele>641.5</ele>
				<time>2026-05-24T07:45:36Z</time>
				<extensions>
					<swisstopo:routepoint_id>380108853</swisstopo:routepoint_id>
				</extensions>
			</trkpt>
			<trkpt lat="47.1863710524" lon="8.6952245346">
				<ele>641.5</ele>
				<time>2026-05-24T07:45:37Z</time>
				<extensions>
					<swisstopo:routepoint_id>1873126193</swisstopo:routepoint_id>
				</extensions>
			</trkpt>
			<trkpt lat="47.1863709960" lon="8.6952239285">
				<ele>641.5</ele>
				<time>2026-05-24T07:45:38Z</time>
				<extensions>
					<swisstopo:routepoint_id>1669144378</swisstopo:routepoint_id>
				</extensions>
			</trkpt>
			<trkpt lat="47.1863710401" lon="8.6952234411">
				<ele>641.5</ele>
				<time>2026-05-24T07:45:39Z</time>
				<extensions>
					<swisstopo:routepoint_id>730680285</swisstopo:routepoint_id>
				</extensions>
			</trkpt>
			<trkpt lat="47.1863711565" lon="8.6952230602">
				<ele>641.5</ele>
				<time>2026-05-24T07:45:40Z</time>
				<extensions>
					<swisstopo:routepoint_id>1232056449</swisstopo:routepoint_id>
				</extensions>
			</trkpt>
			<trkpt lat="47.1863713212" lon="8.6952227729">
				<ele>641.5</ele>
				<time>2026-05-24T07:45:41Z</time>
				<extensions>
					<swisstopo:routepoint_id>1135413969</swisstopo:routepoint_id>
				</extensions>
			</trkpt>
			<trkpt lat="47.1863715150" lon="8.6952225657">
				<ele>641.5</ele>
				<time>2026-05-24T07:45:42Z</time>
				<extensions>
					<swisstopo:routepoint_id>362889741</swisstopo:routepoint_id>
				</extensions>
			</trkpt>
			<trkpt lat="47.1863717225" lon="8.6952224256">
				<ele>641.5</ele>
				<time>2026-05-24T07:45:43Z</time>
				<extensions>
					<swisstopo:routepoint_id>234319507</swisstopo:routepoint_id>
				</extensions>
			</trkpt>
			<trkpt lat="47.1863719317" lon="8.6952223405">
				<ele>641.5</ele>
				<time>2026-05-24T07:45:44Z</time>
				<extensions>
					<swisstopo:routepoint_id>1870429198</swisstopo:routepoint_id>
				</extensions>
			</trkpt>
			<trkpt lat="47.1863721338" lon="8.6952222991">
				<ele>641.5</ele>
				<time>2026-05-24T07:45:45Z</time>
				<extensions>
					<swisstopo:routepoint_id>1437906000</swisstopo:routepoint_id>
				</extensions>
			</trkpt>
			<trkpt lat="47.1863723228" lon="8.6952222916">
				<ele>641.5</ele>
				<time>2026-05-24T07:45:46Z</time>
				<extensions>
					<swisstopo:routepoint_id>1252662309</swisstopo:routepoint_id>
				</extensions>
			</trkpt>
			<trkpt lat="47.1863724945" lon="8.6952223092">
				<ele>641.6</ele>
				<time>2026-05-24T07:45:47Z</time>
				<extensions>
					<swisstopo:routepoint_id>1713235822</swisstopo:routepoint_id>
				</extensions>
			</trkpt>
			<trkpt lat="47.1863726467" lon="8.6952223445">
				<ele>641.6</ele>
				<time>2026-05-24T07:45:48Z</time>
				<extensions>
					<swisstopo:routepoint_id>893721378</swisstopo:routepoint_id>
				</extensions>
			</trkpt>
			<trkpt lat="47.1863727785" lon="8.6952223916">
				<ele>641.6</ele>
				<time>2026-05-24T07:45:49Z</time>
				<extensions>
					<swisstopo:routepoint_id>1274572928</swisstopo:routepoint_id>
				</extensions>
			</trkpt>
			<trkpt lat="47.1863728901" lon="8.6952224453">
				<ele>641.6</ele>
				<time>2026-05-24T07:45:50Z</time>
				<extensions>
					<swisstopo:routepoint_id>597822071</swisstopo:routepoint_id>
				</extensions>
			</trkpt>
			<trkpt lat="47.1863729824" lon="8.6952225018">
				<ele>641.6</ele>
				<time>2026-05-24T07:45:51Z</time>
				<extensions>
					<swisstopo:routepoint_id>1667046631</swisstopo:routepoint_id>
				</extensions>
			</trkpt>
			<trkpt lat="47.1863730568" lon="8.6952225582">
				<ele>641.6</ele>
				<time>2026-05-24T07:45:52Z</time>
				<extensions>
					<swisstopo:routepoint_id>1981068455</swisstopo:routepoint_id>
				</extensions>
			</trkpt>
			<trkpt lat="47.1863731151" lon="8.6952226121">
				<ele>641.6</ele>
				<time>2026-05-24T07:45:53Z</time>
				<extensions>
					<swisstopo:routepoint_id>1231060097</swisstopo:routepoint_id>
				</extensions>
			</trkpt>
			<trkpt lat="47.1863731593" lon="8.6952226621">
				<ele>641.6</ele>
				<time>2026-05-24T07:45:54Z</time>
				<extensions>
					<swisstopo:routepoint_id>1569595081</swisstopo:routepoint_id>
				</extensions>
			</trkpt>
			<trkpt lat="47.1863731913" lon="8.6952227073">
				<ele>641.6</ele>
				<time>2026-05-24T07:45:55Z</time>
				<extensions>
					<swisstopo:routepoint_id>495406619</swisstopo:routepoint_id>
				</extensions>
			</trkpt>
			<trkpt lat="47.1863732131" lon="8.6952227471">
				<ele>641.6</ele>
				<time>2026-05-24T07:45:56Z</time>
				<extensions>
					<swisstopo:routepoint_id>504946114</swisstopo:routepoint_id>
				</extensions>
			</trkpt>
			<trkpt lat="47.1863732265" lon="8.6952227814">
				<ele>641.6</ele>
				<time>2026-05-24T07:45:57Z</time>
				<extensions>
					<swisstopo:routepoint_id>1921448701</swisstopo:routepoint_id>
				</extensions>
			</trkpt>
			<trkpt lat="47.1863732333" lon="8.6952228102">
				<ele>641.6</ele>
				<time>2026-05-24T07:45:58Z</time>
				<extensions>
					<swisstopo:routepoint_id>2076717768</swisstopo:routepoint_id>
				</extensions>
			</trkpt>
			<trkpt lat="47.1863732348" lon="8.6952228339">
				<ele>641.6</ele>
				<time>2026-05-24T07:45:59Z</time>
				<extensions>
					<swisstopo:routepoint_id>343812085</swisstopo:routepoint_id>
				</extensions>
			</trkpt>
			<trkpt lat="47.1863732325" lon="8.6952228529">
				<ele>641.6</ele>
				<time>2026-05-24T07:46:00Z</time>
				<extensions>
					<swisstopo:routepoint_id>1718702165</swisstopo:routepoint_id>
				</extensions>
			</trkpt>
			<trkpt lat="47.1863732275" lon="8.6952228676">
				<ele>641.6</ele>
				<time>2026-05-24T07:46:01Z</time>
				<extensions>
					<swisstopo:routepoint_id>424751358</swisstopo:routepoint_id>
				</extensions>
			</trkpt>
			<trkpt lat="47.1863732206" lon="8.6952228787">
				<ele>641.6</ele>
				<time>2026-05-24T07:46:02Z</time>
				<extensions>
					<swisstopo:routepoint_id>560431278</swisstopo:routepoint_id>
				</extensions>
			</trkpt>
			<trkpt lat="47.1863732126" lon="8.6952228866">
				<ele>641.6</ele>
				<time>2026-05-24T07:46:03Z</time>
				<extensions>
					<swisstopo:routepoint_id>305213604</swisstopo:routepoint_id>
				</extensions>
			</trkpt>
			<trkpt lat="47.1863732042" lon="8.6952228919">
				<ele>641.6</ele>
				<time>2026-05-24T07:46:04Z</time>
				<extensions>
					<swisstopo:routepoint_id>1534093392</swisstopo:routepoint_id>
				</extensions>
			</trkpt>
			<trkpt lat="47.1863731958" lon="8.6952228950">
				<ele>641.6</ele>
				<time>2026-05-24T07:46:05Z</time>
				<extensions>
					<swisstopo:routepoint_id>818973462</swisstopo:routepoint_id>
				</extensions>
			</trkpt>
			<trkpt lat="47.1863731877" lon="8.6952228965">
				<ele>641.6</ele>
				<time>2026-05-24T07:46:06Z</time>
				<extensions>
					<swisstopo:routepoint_id>1264282211</swisstopo:routepoint_id>
				</extensions>
			</trkpt>
			<trkpt lat="47.1863731802" lon="8.6952228966">
				<ele>641.6</ele>
				<time>2026-05-24T07:46:07Z</time>
				<extensions>
					<swisstopo:routepoint_id>1587916859</swisstopo:routepoint_id>
				</extensions>
			</trkpt>
			<trkpt lat="47.1863731733" lon="8.6952228958">
				<ele>641.6</ele>
				<time>2026-05-24T07:46:08Z</time>
				<extensions>
					<swisstopo:routepoint_id>1339367944</swisstopo:routepoint_id>
				</extensions>
			</trkpt>
			<trkpt lat="47.1863731673" lon="8.6952228942">
				<ele>641.6</ele>
				<time>2026-05-24T07:46:09Z</time>
				<extensions>
					<swisstopo:routepoint_id>833446954</swisstopo:routepoint_id>
				</extensions>
			</trkpt>
			<trkpt lat="47.1863731621" lon="8.6952228923">
				<ele>641.6</ele>
				<time>2026-05-24T07:46:10Z</time>
				<extensions>
					<swisstopo:routepoint_id>1854610144</swisstopo:routepoint_id>
				</extensions>
			</trkpt>
			<trkpt lat="47.1863731577" lon="8.6952228901">
				<ele>641.6</ele>
				<time>2026-05-24T07:46:11Z</time>
				<extensions>
					<swisstopo:routepoint_id>1855037650</swisstopo:routepoint_id>
				</extensions>
			</trkpt>
			<trkpt lat="47.1863731541" lon="8.6952228878">
				<ele>641.6</ele>
				<time>2026-05-24T07:46:12Z</time>
				<extensions>
					<swisstopo:routepoint_id>450196404</swisstopo:routepoint_id>
				</extensions>
			</trkpt>
			<trkpt lat="47.1863731512" lon="8.6952228855">
				<ele>641.6</ele>
				<time>2026-05-24T07:46:13Z</time>
				<extensions>
					<swisstopo:routepoint_id>866073647</swisstopo:routepoint_id>
				</extensions>
			</trkpt>
			<trkpt lat="47.1863731490" lon="8.6952228834">
				<ele>641.6</ele>
				<time>2026-05-24T07:46:14Z</time>
				<extensions>
					<swisstopo:routepoint_id>455625763</swisstopo:routepoint_id>
				</extensions>
			</trkpt>
			<trkpt lat="47.1863731473" lon="8.6952228814">
				<ele>641.6</ele>
				<time>2026-05-24T07:46:15Z</time>
				<extensions>
					<swisstopo:routepoint_id>1922997186</swisstopo:routepoint_id>
				</extensions>
			</trkpt>
			<trkpt lat="47.1863731460" lon="8.6952228796">
				<ele>641.6</ele>
				<time>2026-05-24T07:46:16Z</time>
				<extensions>
					<swisstopo:routepoint_id>184817752</swisstopo:routepoint_id>
				</extensions>
			</trkpt>
			<trkpt lat="47.1863731452" lon="8.6952228780">
				<ele>641.6</ele>
				<time>2026-05-24T07:46:17Z</time>
				<extensions>
					<swisstopo:routepoint_id>970604302</swisstopo:routepoint_id>
				</extensions>
			</trkpt>
			<trkpt lat="47.1863731447" lon="8.6952228767">
				<ele>641.6</ele>
				<time>2026-05-24T07:46:18Z</time>
				<extensions>
					<swisstopo:routepoint_id>660721102</swisstopo:routepoint_id>
				</extensions>
			</trkpt>
			<trkpt lat="47.1863731445" lon="8.6952228755">
				<ele>641.6</ele>
				<time>2026-05-24T07:46:19Z</time>
				<extensions>
					<swisstopo:routepoint_id>101622677</swisstopo:routepoint_id>
				</extensions>
			</trkpt>
			<trkpt lat="47.1863731444" lon="8.6952228746">
				<ele>641.6</ele>
				<time>2026-05-24T07:46:20Z</time>
				<extensions>
					<swisstopo:routepoint_id>722832974</swisstopo:routepoint_id>
				</extensions>
			</trkpt>
			<trkpt lat="47.1863731446" lon="8.6952228739">
				<ele>641.6</ele>
				<time>2026-05-24T07:46:21Z</time>
				<extensions>
					<swisstopo:routepoint_id>338802939</swisstopo:routepoint_id>
				</extensions>
			</trkpt>
			<trkpt lat="47.1863731448" lon="8.6952228733">
				<ele>641.6</ele>
				<time>2026-05-24T07:46:22Z</time>
				<extensions>
					<swisstopo:routepoint_id>1281847576</swisstopo:routepoint_id>
				</extensions>
			</trkpt>
			<trkpt lat="47.1863731451" lon="8.6952228729">
				<ele>641.6</ele>
				<time>2026-05-24T07:46:23Z</time>
				<extensions>
					<swisstopo:routepoint_id>456263128</swisstopo:routepoint_id>
				</extensions>
			</trkpt>
			<trkpt lat="47.1863731454" lon="8.6952228726">
				<ele>641.6</ele>
				<time>2026-05-24T07:46:24Z</time>
				<extensions>
					<swisstopo:routepoint_id>1897772506</swisstopo:routepoint_id>
				</extensions>
			</trkpt>
			<trkpt lat="47.1863731457" lon="8.6952228724">
				<ele>641.6</ele>
				<time>2026-05-24T07:46:25Z</time>
				<extensions>
					<swisstopo:routepoint_id>1435383098</swisstopo:routepoint_id>
				</extensions>
			</trkpt>
			<trkpt lat="47.1863731461" lon="8.6952228723">
				<ele>641.6</ele>
				<time>2026-05-24T07:46:26Z</time>
				<extensions>
					<swisstopo:routepoint_id>1799921335</swisstopo:routepoint_id>
				</extensions>
			</trkpt>
			<trkpt lat="47.1863731464" lon="8.6952228722">
				<ele>641.6</ele>
				<time>2026-05-24T07:46:27Z</time>
				<extensions>
					<swisstopo:routepoint_id>1823225703</swisstopo:routepoint_id>
				</extensions>
			</trkpt>
			<trkpt lat="47.1863731467" lon="8.6952228722">
				<ele>641.6</ele>
				<time>2026-05-24T07:46:28Z</time>
				<extensions>
					<swisstopo:routepoint_id>510231278</swisstopo:routepoint_id>
				</extensions>
			</trkpt>
			<trkpt lat="47.1863836476" lon="8.6952174562">
				<ele>643.5</ele>
				<time>2026-05-24T07:46:29Z</time>
				<extensions>
					<swisstopo:routepoint_id>554886875</swisstopo:routepoint_id>
				</extensions>
			</trkpt>
			<trkpt lat="47.1863922237" lon="8.6952097766">
				<ele>645.4</ele>
				<time>2026-05-24T07:46:30Z</time>
				<extensions>
					<swisstopo:routepoint_id>1609712851</swisstopo:routepoint_id>
				</extensions>
			</trkpt>
			<trkpt lat="47.1863980087" lon="8.6952033003">
				<ele>647.1</ele>
				<time>2026-05-24T07:46:31Z</time>
				<extensions>
					<swisstopo:routepoint_id>444901851</swisstopo:routepoint_id>
				</extensions>
			</trkpt>
			<trkpt lat="47.1864023740" lon="8.6951991146">
				<ele>648.4</ele>
				<time>2026-05-24T07:46:32Z</time>
				<extensions>
					<swisstopo:routepoint_id>2074834550</swisstopo:routepoint_id>
				</extensions>
			</trkpt>
			<trkpt lat="47.1864082308" lon="8.6951976498">
				<ele>649.3</ele>
				<time>2026-05-24T07:46:33Z</time>
				<extensions>
					<swisstopo:routepoint_id>904821864</swisstopo:routepoint_id>
				</extensions>
			</trkpt>
			<trkpt lat="47.1864133397" lon="8.6952009637">
				<ele>649.7</ele>
				<time>2026-05-24T07:46:34Z</time>
				<extensions>
					<swisstopo:routepoint_id>1009363841</swisstopo:routepoint_id>
				</extensions>
			</trkpt>
			<trkpt lat="47.1864190858" lon="8.6952089508">
				<ele>649.9</ele>
				<time>2026-05-24T07:46:35Z</time>
				<extensions>
					<swisstopo:routepoint_id>1404748034</swisstopo:routepoint_id>
				</extensions>
			</trkpt>
			<trkpt lat="47.1864240399" lon="8.6952167936">
				<ele>649.8</ele>
				<time>2026-05-24T07:46:36Z</time>
				<extensions>
					<swisstopo:routepoint_id>164992320</swisstopo:routepoint_id>
				</extensions>
			</trkpt>
			<trkpt lat="47.1864279088" lon="8.6952235507">
				<ele>649.6</ele>
				<time>2026-05-24T07:46:37Z</time>
				<extensions>
					<swisstopo:routepoint_id>624533963</swisstopo:routepoint_id>
				</extensions>
			</trkpt>
			<trkpt lat="47.1864341751" lon="8.6952360247">
				<ele>649.3</ele>
				<time>2026-05-24T07:46:38Z</time>
				<extensions>
					<swisstopo:routepoint_id>1789733252</swisstopo:routepoint_id>
				</extensions>
			</trkpt>
			<trkpt lat="47.1864440925" lon="8.6952443621">
				<ele>648.9</ele>
				<time>2026-05-24T07:46:39Z</time>
				<extensions>
					<swisstopo:routepoint_id>243322835</swisstopo:routepoint_id>
				</extensions>
			</trkpt>
			<trkpt lat="47.1864547589" lon="8.6952369407">
				<ele>648.4</ele>
				<time>2026-05-24T07:46:40Z</time>
				<extensions>
					<swisstopo:routepoint_id>718023957</swisstopo:routepoint_id>
				</extensions>
			</trkpt>
			<trkpt lat="47.1864651096" lon="8.6952290491">
				<ele>647.9</ele>
				<time>2026-05-24T07:46:41Z</time>
				<extensions>
					<swisstopo:routepoint_id>1118032806</swisstopo:routepoint_id>
				</extensions>
			</trkpt>
			<trkpt lat="47.1864745088" lon="8.6952220197">
				<ele>647.3</ele>
				<time>2026-05-24T07:46:42Z</time>
				<extensions>
					<swisstopo:routepoint_id>295459192</swisstopo:routepoint_id>
				</extensions>
			</trkpt>
			<trkpt lat="47.1864803214" lon="8.6952226233">
				<ele>646.8</ele>
				<time>2026-05-24T07:46:43Z</time>
				<extensions>
					<swisstopo:routepoint_id>800448080</swisstopo:routepoint_id>
				</extensions>
			</trkpt>
			<trkpt lat="47.1864861811" lon="8.6952264499">
				<ele>646.4</ele>
				<time>2026-05-24T07:46:44Z</time>
				<extensions>
					<swisstopo:routepoint_id>1293315752</swisstopo:routepoint_id>
				</extensions>
			</trkpt>
			<trkpt lat="47.1864960550" lon="8.6952282232">
				<ele>646.0</ele>
				<time>2026-05-24T07:46:45Z</time>
				<extensions>
					<swisstopo:routepoint_id>2075852577</swisstopo:routepoint_id>
				</extensions>
			</trkpt>
			<trkpt lat="47.1864922141" lon="8.6952343094">
				<ele>645.7</ele>
				<time>2026-05-24T07:46:46Z</time>
				<extensions>
					<swisstopo:routepoint_id>834932477</swisstopo:routepoint_id>
				</extensions>
			</trkpt>
			<trkpt lat="47.1865047550" lon="8.6952457159">
				<ele>645.0</ele>
				<time>2026-05-24T07:46:47Z</time>
				<extensions>
					<swisstopo:routepoint_id>1051991441</swisstopo:routepoint_id>
				</extensions>
			</trkpt>
			<trkpt lat="47.1865208024" lon="8.6952603922">
				<ele>644.3</ele>
				<time>2026-05-24T07:46:48Z</time>
				<extensions>
					<swisstopo:routepoint_id>587283136</swisstopo:routepoint_id>
				</extensions>
			</trkpt>
			<trkpt lat="47.1865379107" lon="8.6952793445">
				<ele>643.9</ele>
				<time>2026-05-24T07:46:49Z</time>
				<extensions>
					<swisstopo:routepoint_id>632825140</swisstopo:routepoint_id>
				</extensions>
			</trkpt>
			<trkpt lat="47.1865537026" lon="8.6952968002">
				<ele>643.9</ele>
				<time>2026-05-24T07:46:50Z</time>
				<extensions>
					<swisstopo:routepoint_id>1553108036</swisstopo:routepoint_id>
				</extensions>
			</trkpt>
			<trkpt lat="47.1865653822" lon="8.6953139147">
				<ele>643.7</ele>
				<time>2026-05-24T07:46:51Z</time>
				<extensions>
					<swisstopo:routepoint_id>423031767</swisstopo:routepoint_id>
				</extensions>
			</trkpt>
			<trkpt lat="47.1865751107" lon="8.6953342403">
				<ele>643.3</ele>
				<time>2026-05-24T07:46:52Z</time>
				<extensions>
					<swisstopo:routepoint_id>1724036399</swisstopo:routepoint_id>
				</extensions>
			</trkpt>
			<trkpt lat="47.1865865727" lon="8.6953579156">
				<ele>643.1</ele>
				<time>2026-05-24T07:46:53Z</time>
				<extensions>
					<swisstopo:routepoint_id>2030392669</swisstopo:routepoint_id>
				</extensions>
			</trkpt>
			<trkpt lat="47.1865959013" lon="8.6953810433">
				<ele>642.6</ele>
				<time>2026-05-24T07:46:54Z</time>
				<extensions>
					<swisstopo:routepoint_id>1294437053</swisstopo:routepoint_id>
				</extensions>
			</trkpt>
			<trkpt lat="47.1866025877" lon="8.6954094148">
				<ele>642.2</ele>
				<time>2026-05-24T07:46:55Z</time>
				<extensions>
					<swisstopo:routepoint_id>1594205661</swisstopo:routepoint_id>
				</extensions>
			</trkpt>
			<trkpt lat="47.1866067895" lon="8.6954351921">
				<ele>642.0</ele>
				<time>2026-05-24T07:46:56Z</time>
				<extensions>
					<swisstopo:routepoint_id>1808564455</swisstopo:routepoint_id>
				</extensions>
			</trkpt>
			<trkpt lat="47.1866098038" lon="8.6954605452">
				<ele>641.9</ele>
				<time>2026-05-24T07:46:57Z</time>
				<extensions>
					<swisstopo:routepoint_id>1059255547</swisstopo:routepoint_id>
				</extensions>
			</trkpt>
			<trkpt lat="47.1866102061" lon="8.6954853086">
				<ele>641.8</ele>
				<time>2026-05-24T07:46:58Z</time>
				<extensions>
					<swisstopo:routepoint_id>268544799</swisstopo:routepoint_id>
				</extensions>
			</trkpt>
			<trkpt lat="47.1866119388" lon="8.6955118820">
				<ele>641.4</ele>
				<time>2026-05-24T07:46:59Z</time>
				<extensions>
					<swisstopo:routepoint_id>1569294446</swisstopo:routepoint_id>
				</extensions>
			</trkpt>
			<trkpt lat="47.1866142402" lon="8.6955428931">
				<ele>640.7</ele>
				<time>2026-05-24T07:47:00Z</time>
				<extensions>
					<swisstopo:routepoint_id>1885085115</swisstopo:routepoint_id>
				</extensions>
			</trkpt>
			<trkpt lat="47.1866144026" lon="8.6955728765">
				<ele>640.2</ele>
				<time>2026-05-24T07:47:01Z</time>
				<extensions>
					<swisstopo:routepoint_id>799283614</swisstopo:routepoint_id>
				</extensions>
			</trkpt>
			<trkpt lat="47.1866125235" lon="8.6956026852">
				<ele>639.3</ele>
				<time>2026-05-24T07:47:02Z</time>
				<extensions>
					<swisstopo:routepoint_id>1049488513</swisstopo:routepoint_id>
				</extensions>
			</trkpt>
			<trkpt lat="47.1866084332" lon="8.6956346638">
				<ele>638.9</ele>
				<time>2026-05-24T07:47:03Z</time>
				<extensions>
					<swisstopo:routepoint_id>1470245180</swisstopo:routepoint_id>
				</extensions>
			</trkpt>
			<trkpt lat="47.1866080643" lon="8.6956636886">
				<ele>638.8</ele>
				<time>2026-05-24T07:47:04Z</time>
				<extensions>
					<swisstopo:routepoint_id>1463897878</swisstopo:routepoint_id>
				</extensions>
			</trkpt>
			<trkpt lat="47.1866104527" lon="8.6956895006">
				<ele>638.9</ele>
				<time>2026-05-24T07:47:05Z</time>
				<extensions>
					<swisstopo:routepoint_id>11491867</swisstopo:routepoint_id>
				</extensions>
			</trkpt>
			<trkpt lat="47.1866131097" lon="8.6957110414">
				<ele>638.9</ele>
				<time>2026-05-24T07:47:06Z</time>
				<extensions>
					<swisstopo:routepoint_id>2017764086</swisstopo:routepoint_id>
				</extensions>
			</trkpt>
			<trkpt lat="47.1866192216" lon="8.6957317078">
				<ele>638.8</ele>
				<time>2026-05-24T07:47:07Z</time>
				<extensions>
					<swisstopo:routepoint_id>1646723625</swisstopo:routepoint_id>
				</extensions>
			</trkpt>
			<trkpt lat="47.1866225511" lon="8.6957536378">
				<ele>638.8</ele>
				<time>2026-05-24T07:47:08Z</time>
				<extensions>
					<swisstopo:routepoint_id>1862206486</swisstopo:routepoint_id>
				</extensions>
			</trkpt>
			<trkpt lat="47.1866237180" lon="8.6957738954">
				<ele>638.8</ele>
				<time>2026-05-24T07:47:09Z</time>
				<extensions>
					<swisstopo:routepoint_id>677738824</swisstopo:routepoint_id>
				</extensions>
			</trkpt>
			<trkpt lat="47.1866245744" lon="8.6957898560">
				<ele>638.8</ele>
				<time>2026-05-24T07:47:10Z</time>
				<extensions>
					<swisstopo:routepoint_id>503151280</swisstopo:routepoint_id>
				</extensions>
			</trkpt>
			<trkpt lat="47.1866220588" lon="8.6958033028">
				<ele>638.7</ele>
				<time>2026-05-24T07:47:11Z</time>
				<extensions>
					<swisstopo:routepoint_id>1820444721</swisstopo:routepoint_id>
				</extensions>
			</trkpt>
			<trkpt lat="47.1866185058" lon="8.6958144055">
				<ele>638.4</ele>
				<time>2026-05-24T07:47:12Z</time>
				<extensions>
					<swisstopo:routepoint_id>1014907038</swisstopo:routepoint_id>
				</extensions>
			</trkpt>
			<trkpt lat="47.1866137017" lon="8.6958186372">
				<ele>638.1</ele>
				<time>2026-05-24T07:47:13Z</time>
				<extensions>
					<swisstopo:routepoint_id>79979545</swisstopo:routepoint_id>
				</extensions>
			</trkpt>
			<trkpt lat="47.1866092503" lon="8.6958194159">
				<ele>637.9</ele>
				<time>2026-05-24T07:47:14Z</time>
				<extensions>
					<swisstopo:routepoint_id>2038933440</swisstopo:routepoint_id>
				</extensions>
			</trkpt>
			<trkpt lat="47.1866054548" lon="8.6958182666">
				<ele>637.7</ele>
				<time>2026-05-24T07:47:15Z</time>
				<extensions>
					<swisstopo:routepoint_id>957770901</swisstopo:routepoint_id>
				</extensions>
			</trkpt>
			<trkpt lat="47.1866022979" lon="8.6958157866">
				<ele>637.6</ele>
				<time>2026-05-24T07:47:16Z</time>
				<extensions>
					<swisstopo:routepoint_id>1865598842</swisstopo:routepoint_id>
				</extensions>
			</trkpt>
			<trkpt lat="47.1865997361" lon="8.6958124273">
				<ele>637.5</ele>
				<time>2026-05-24T07:47:17Z</time>
				<extensions>
					<swisstopo:routepoint_id>1858491294</swisstopo:routepoint_id>
				</extensions>
			</trkpt>
			<trkpt lat="47.1865977137" lon="8.6958085554">
				<ele>637.4</ele>
				<time>2026-05-24T07:47:18Z</time>
				<extensions>
					<swisstopo:routepoint_id>513532643</swisstopo:routepoint_id>
				</extensions>
			</trkpt>
			<trkpt lat="47.1865961681" lon="8.6958044610">
				<ele>637.4</ele>
				<time>2026-05-24T07:47:19Z</time>
				<extensions>
					<swisstopo:routepoint_id>206353608</swisstopo:routepoint_id>
				</extensions>
			</trkpt>
			<trkpt lat="47.1865950345" lon="8.6958003658">
				<ele>637.4</ele>
				<time>2026-05-24T07:47:20Z</time>
				<extensions>
					<swisstopo:routepoint_id>2146483398</swisstopo:routepoint_id>
				</extensions>
			</trkpt>
			<trkpt lat="47.1865942489" lon="8.6957964332">
				<ele>637.4</ele>
				<time>2026-05-24T07:47:21Z</time>
				<extensions>
					<swisstopo:routepoint_id>368684233</swisstopo:routepoint_id>
				</extensions>
			</trkpt>
			<trkpt lat="47.1865937502" lon="8.6957927765">
				<ele>637.4</ele>
				<time>2026-05-24T07:47:22Z</time>
				<extensions>
					<swisstopo:routepoint_id>985582436</swisstopo:routepoint_id>
				</extensions>
			</trkpt>
			<trkpt lat="47.1865934823" lon="8.6957894682">
				<ele>637.4</ele>
				<time>2026-05-24T07:47:23Z</time>
				<extensions>
					<swisstopo:routepoint_id>1142632541</swisstopo:routepoint_id>
				</extensions>
			</trkpt>
			<trkpt lat="47.1865933947" lon="8.6957865475">
				<ele>637.4</ele>
				<time>2026-05-24T07:47:24Z</time>
				<extensions>
					<swisstopo:routepoint_id>1426345113</swisstopo:routepoint_id>
				</extensions>
			</trkpt>
			<trkpt lat="47.1865934431" lon="8.6957840281">
				<ele>637.5</ele>
				<time>2026-05-24T07:47:25Z</time>
				<extensions>
					<swisstopo:routepoint_id>222362730</swisstopo:routepoint_id>
				</extensions>
			</trkpt>
			<trkpt lat="47.1865935895" lon="8.6957819038">
				<ele>637.5</ele>
				<time>2026-05-24T07:47:26Z</time>
				<extensions>
					<swisstopo:routepoint_id>628857330</swisstopo:routepoint_id>
				</extensions>
			</trkpt>
			<trkpt lat="47.1865938021" lon="8.6957801544">
				<ele>637.5</ele>
				<time>2026-05-24T07:47:27Z</time>
				<extensions>
					<swisstopo:routepoint_id>1438118423</swisstopo:routepoint_id>
				</extensions>
			</trkpt>
			<trkpt lat="47.1865940549" lon="8.6957787503">
				<ele>637.6</ele>
				<time>2026-05-24T07:47:28Z</time>
				<extensions>
					<swisstopo:routepoint_id>527888376</swisstopo:routepoint_id>
				</extensions>
			</trkpt>
			<trkpt lat="47.1865943272" lon="8.6957776557">
				<ele>637.6</ele>
				<time>2026-05-24T07:47:29Z</time>
				<extensions>
					<swisstopo:routepoint_id>964989675</swisstopo:routepoint_id>
				</extensions>
			</trkpt>
			<trkpt lat="47.1865946029" lon="8.6957768323">
				<ele>637.6</ele>
				<time>2026-05-24T07:47:30Z</time>
				<extensions>
					<swisstopo:routepoint_id>784965581</swisstopo:routepoint_id>
				</extensions>
			</trkpt>
			<trkpt lat="47.1865948703" lon="8.6957762409">
				<ele>637.6</ele>
				<time>2026-05-24T07:47:31Z</time>
				<extensions>
					<swisstopo:routepoint_id>924476346</swisstopo:routepoint_id>
				</extensions>
			</trkpt>
			<trkpt lat="47.1865951209" lon="8.6957758436">
				<ele>637.6</ele>
				<time>2026-05-24T07:47:32Z</time>
				<extensions>
					<swisstopo:routepoint_id>629761177</swisstopo:routepoint_id>
				</extensions>
			</trkpt>
			<trkpt lat="47.1865953491" lon="8.6957756047">
				<ele>637.7</ele>
				<time>2026-05-24T07:47:33Z</time>
				<extensions>
					<swisstopo:routepoint_id>1596689423</swisstopo:routepoint_id>
				</extensions>
			</trkpt>
			<trkpt lat="47.1865955518" lon="8.6957754918">
				<ele>637.7</ele>
				<time>2026-05-24T07:47:34Z</time>
				<extensions>
					<swisstopo:routepoint_id>603479449</swisstopo:routepoint_id>
				</extensions>
			</trkpt>
			<trkpt lat="47.1865968753" lon="8.6957846694">
				<ele>637.0</ele>
				<time>2026-05-24T07:47:35Z</time>
				<extensions>
					<swisstopo:routepoint_id>113834562</swisstopo:routepoint_id>
				</extensions>
			</trkpt>
			<trkpt lat="47.1865971823" lon="8.6957911855">
				<ele>636.8</ele>
				<time>2026-05-24T07:47:36Z</time>
				<extensions>
					<swisstopo:routepoint_id>1957037704</swisstopo:routepoint_id>
				</extensions>
			</trkpt>
			<trkpt lat="47.1865999592" lon="8.6957906519">
				<ele>636.7</ele>
				<time>2026-05-24T07:47:37Z</time>
				<extensions>
					<swisstopo:routepoint_id>1073153676</swisstopo:routepoint_id>
				</extensions>
			</trkpt>
			<trkpt lat="47.1866007095" lon="8.6957922420">
				<ele>636.6</ele>
				<time>2026-05-24T07:47:38Z</time>
				<extensions>
					<swisstopo:routepoint_id>1926165026</swisstopo:routepoint_id>
				</extensions>
			</trkpt>
			<trkpt lat="47.1866006184" lon="8.6957894929">
				<ele>636.5</ele>
				<time>2026-05-24T07:47:39Z</time>
				<extensions>
					<swisstopo:routepoint_id>1887097104</swisstopo:routepoint_id>
				</extensions>
			</trkpt>
			<trkpt lat="47.1865988186" lon="8.6957853365">
				<ele>636.3</ele>
				<time>2026-05-24T07:47:40Z</time>
				<extensions>
					<swisstopo:routepoint_id>255044385</swisstopo:routepoint_id>
				</extensions>
			</trkpt>
			<trkpt lat="47.1865976698" lon="8.6957862211">
				<ele>636.4</ele>
				<time>2026-05-24T07:47:41Z</time>
				<extensions>
					<swisstopo:routepoint_id>153619283</swisstopo:routepoint_id>
				</extensions>
			</trkpt>
			<trkpt lat="47.1865962641" lon="8.6957861504">
				<ele>636.5</ele>
				<time>2026-05-24T07:47:42Z</time>
				<extensions>
					<swisstopo:routepoint_id>603945687</swisstopo:routepoint_id>
				</extensions>
			</trkpt>
			<trkpt lat="47.1865918244" lon="8.6957846663">
				<ele>637.1</ele>
				<time>2026-05-24T07:47:42Z</time>
				<extensions>
					<swisstopo:routepoint_id>1507445687</swisstopo:routepoint_id>
				</extensions>
			</trkpt>
			<trkpt lat="47.1865918232" lon="8.6957846668">
				<ele>637.1</ele>
				<time>2026-05-24T07:47:43Z</time>
				<extensions>
					<swisstopo:routepoint_id>1775077750</swisstopo:routepoint_id>
				</extensions>
			</trkpt>
			<trkpt lat="47.1865918313" lon="8.6957846583">
				<ele>637.1</ele>
				<time>2026-05-24T07:47:44Z</time>
				<extensions>
					<swisstopo:routepoint_id>888920126</swisstopo:routepoint_id>
				</extensions>
			</trkpt>
			<trkpt lat="47.1865918363" lon="8.6957845954">
				<ele>637.1</ele>
				<time>2026-05-24T07:47:45Z</time>
				<extensions>
					<swisstopo:routepoint_id>36825503</swisstopo:routepoint_id>
				</extensions>
			</trkpt>
			<trkpt lat="47.1865917751" lon="8.6957845487">
				<ele>637.1</ele>
				<time>2026-05-24T07:47:46Z</time>
				<extensions>
					<swisstopo:routepoint_id>450938585</swisstopo:routepoint_id>
				</extensions>
			</trkpt>
			<trkpt lat="47.1865916134" lon="8.6957846113">
				<ele>637.1</ele>
				<time>2026-05-24T07:47:47Z</time>
				<extensions>
					<swisstopo:routepoint_id>455007832</swisstopo:routepoint_id>
				</extensions>
			</trkpt>
			<trkpt lat="47.1865913146" lon="8.6957848410">
				<ele>637.2</ele>
				<time>2026-05-24T07:47:48Z</time>
				<extensions>
					<swisstopo:routepoint_id>127365457</swisstopo:routepoint_id>
				</extensions>
			</trkpt>
			<trkpt lat="47.1865909693" lon="8.6957848426">
				<ele>637.3</ele>
				<time>2026-05-24T07:47:49Z</time>
				<extensions>
					<swisstopo:routepoint_id>1737523387</swisstopo:routepoint_id>
				</extensions>
			</trkpt>
			<trkpt lat="47.1865902509" lon="8.6957830310">
				<ele>637.4</ele>
				<time>2026-05-24T07:47:50Z</time>
				<extensions>
					<swisstopo:routepoint_id>1072933403</swisstopo:routepoint_id>
				</extensions>
			</trkpt>
			<trkpt lat="47.1865893719" lon="8.6957810706">
				<ele>637.5</ele>
				<time>2026-05-24T07:47:51Z</time>
				<extensions>
					<swisstopo:routepoint_id>371520362</swisstopo:routepoint_id>
				</extensions>
			</trkpt>
			<trkpt lat="47.1865897656" lon="8.6957800818">
				<ele>637.6</ele>
				<time>2026-05-24T07:47:52Z</time>
				<extensions>
					<swisstopo:routepoint_id>1407762305</swisstopo:routepoint_id>
				</extensions>
			</trkpt>
			<trkpt lat="47.1865904308" lon="8.6957794786">
				<ele>637.7</ele>
				<time>2026-05-24T07:47:53Z</time>
				<extensions>
					<swisstopo:routepoint_id>1433721136</swisstopo:routepoint_id>
				</extensions>
			</trkpt>
			<trkpt lat="47.1865910620" lon="8.6957790465">
				<ele>637.8</ele>
				<time>2026-05-24T07:47:54Z</time>
				<extensions>
					<swisstopo:routepoint_id>1784613412</swisstopo:routepoint_id>
				</extensions>
			</trkpt>
			<trkpt lat="47.1865855113" lon="8.6957771481">
				<ele>638.0</ele>
				<time>2026-05-24T07:47:55Z</time>
				<extensions>
					<swisstopo:routepoint_id>93517835</swisstopo:routepoint_id>
				</extensions>
			</trkpt>
			<trkpt lat="47.1865791880" lon="8.6957730270">
				<ele>637.8</ele>
				<time>2026-05-24T07:47:56Z</time>
				<extensions>
					<swisstopo:routepoint_id>1943706888</swisstopo:routepoint_id>
				</extensions>
			</trkpt>
			<trkpt lat="47.1865718927" lon="8.6957673464">
				<ele>637.5</ele>
				<time>2026-05-24T07:47:57Z</time>
				<extensions>
					<swisstopo:routepoint_id>360428452</swisstopo:routepoint_id>
				</extensions>
			</trkpt>
			<trkpt lat="47.1865639485" lon="8.6957611726">
				<ele>637.3</ele>
				<time>2026-05-24T07:47:58Z</time>
				<extensions>
					<swisstopo:routepoint_id>1817108224</swisstopo:routepoint_id>
				</extensions>
			</trkpt>
			<trkpt lat="47.1865576652" lon="8.6957549708">
				<ele>637.2</ele>
				<time>2026-05-24T07:47:59Z</time>
				<extensions>
					<swisstopo:routepoint_id>772976781</swisstopo:routepoint_id>
				</extensions>
			</trkpt>
			<trkpt lat="47.1865565596" lon="8.6957525101">
				<ele>637.1</ele>
				<time>2026-05-24T07:48:00Z</time>
				<extensions>
					<swisstopo:routepoint_id>1292177564</swisstopo:routepoint_id>
				</extensions>
			</trkpt>
			<trkpt lat="47.1865566765" lon="8.6957510626">
				<ele>637.1</ele>
				<time>2026-05-24T07:48:01Z</time>
				<extensions>
					<swisstopo:routepoint_id>126196037</swisstopo:routepoint_id>
				</extensions>
			</trkpt>
			<trkpt lat="47.1865571547" lon="8.6957501379">
				<ele>637.1</ele>
				<time>2026-05-24T07:48:02Z</time>
				<extensions>
					<swisstopo:routepoint_id>1410434270</swisstopo:routepoint_id>
				</extensions>
			</trkpt>
			<trkpt lat="47.1865578714" lon="8.6957496464">
				<ele>637.1</ele>
				<time>2026-05-24T07:48:03Z</time>
				<extensions>
					<swisstopo:routepoint_id>1244280304</swisstopo:routepoint_id>
				</extensions>
			</trkpt>
			<trkpt lat="47.1865587362" lon="8.6957494948">
				<ele>637.1</ele>
				<time>2026-05-24T07:48:04Z</time>
				<extensions>
					<swisstopo:routepoint_id>423314842</swisstopo:routepoint_id>
				</extensions>
			</trkpt>
			<trkpt lat="47.1865596757" lon="8.6957495999">
				<ele>637.1</ele>
				<time>2026-05-24T07:48:05Z</time>
				<extensions>
					<swisstopo:routepoint_id>39226983</swisstopo:routepoint_id>
				</extensions>
			</trkpt>
			<trkpt lat="47.1865606327" lon="8.6957498899">
				<ele>637.1</ele>
				<time>2026-05-24T07:48:06Z</time>
				<extensions>
					<swisstopo:routepoint_id>10423652</swisstopo:routepoint_id>
				</extensions>
			</trkpt>
			<trkpt lat="47.1865615638" lon="8.6957503043">
				<ele>637.1</ele>
				<time>2026-05-24T07:48:07Z</time>
				<extensions>
					<swisstopo:routepoint_id>1244143757</swisstopo:routepoint_id>
				</extensions>
			</trkpt>
			<trkpt lat="47.1865624383" lon="8.6957507934">
				<ele>637.1</ele>
				<time>2026-05-24T07:48:08Z</time>
				<extensions>
					<swisstopo:routepoint_id>275853060</swisstopo:routepoint_id>
				</extensions>
			</trkpt>
			<trkpt lat="47.1865632360" lon="8.6957513177">
				<ele>637.1</ele>
				<time>2026-05-24T07:48:09Z</time>
				<extensions>
					<swisstopo:routepoint_id>1992669194</swisstopo:routepoint_id>
				</extensions>
			</trkpt>
			<trkpt lat="47.1865639452" lon="8.6957518466">
				<ele>637.2</ele>
				<time>2026-05-24T07:48:10Z</time>
				<extensions>
					<swisstopo:routepoint_id>783668593</swisstopo:routepoint_id>
				</extensions>
			</trkpt>
			<trkpt lat="47.1865645607" lon="8.6957523577">
				<ele>637.2</ele>
				<time>2026-05-24T07:48:11Z</time>
				<extensions>
					<swisstopo:routepoint_id>600835500</swisstopo:routepoint_id>
				</extensions>
			</trkpt>
			<trkpt lat="47.1865650829" lon="8.6957528352">
				<ele>637.2</ele>
				<time>2026-05-24T07:48:12Z</time>
				<extensions>
					<swisstopo:routepoint_id>774140306</swisstopo:routepoint_id>
				</extensions>
			</trkpt>
			<trkpt lat="47.1865655156" lon="8.6957532690">
				<ele>637.2</ele>
				<time>2026-05-24T07:48:13Z</time>
				<extensions>
					<swisstopo:routepoint_id>1520189416</swisstopo:routepoint_id>
				</extensions>
			</trkpt>
			<trkpt lat="47.1865658652" lon="8.6957536533">
				<ele>637.2</ele>
				<time>2026-05-24T07:48:14Z</time>
				<extensions>
					<swisstopo:routepoint_id>1210566353</swisstopo:routepoint_id>
				</extensions>
			</trkpt>
			<trkpt lat="47.1865661399" lon="8.6957539859">
				<ele>637.2</ele>
				<time>2026-05-24T07:48:15Z</time>
				<extensions>
					<swisstopo:routepoint_id>728623193</swisstopo:routepoint_id>
				</extensions>
			</trkpt>
			<trkpt lat="47.1865663485" lon="8.6957542672">
				<ele>637.2</ele>
				<time>2026-05-24T07:48:16Z</time>
				<extensions>
					<swisstopo:routepoint_id>1018249557</swisstopo:routepoint_id>
				</extensions>
			</trkpt>
			<trkpt lat="47.1865665002" lon="8.6957544996">
				<ele>637.2</ele>
				<time>2026-05-24T07:48:17Z</time>
				<extensions>
					<swisstopo:routepoint_id>423121556</swisstopo:routepoint_id>
				</extensions>
			</trkpt>
			<trkpt lat="47.1865666042" lon="8.6957546870">
				<ele>637.2</ele>
				<time>2026-05-24T07:48:18Z</time>
				<extensions>
					<swisstopo:routepoint_id>1085636475</swisstopo:routepoint_id>
				</extensions>
			</trkpt>
			<trkpt lat="47.1865666689" lon="8.6957548337">
				<ele>637.2</ele>
				<time>2026-05-24T07:48:19Z</time>
				<extensions>
					<swisstopo:routepoint_id>1271170413</swisstopo:routepoint_id>
				</extensions>
			</trkpt>
			<trkpt lat="47.1865667022" lon="8.6957549447">
				<ele>637.2</ele>
				<time>2026-05-24T07:48:20Z</time>
				<extensions>
					<swisstopo:routepoint_id>1393810935</swisstopo:routepoint_id>
				</extensions>
			</trkpt>
			<trkpt lat="47.1865667111" lon="8.6957550250">
				<ele>637.2</ele>
				<time>2026-05-24T07:48:21Z</time>
				<extensions>
					<swisstopo:routepoint_id>1028763069</swisstopo:routepoint_id>
				</extensions>
			</trkpt>
			<trkpt lat="47.1865667016" lon="8.6957550796">
				<ele>637.2</ele>
				<time>2026-05-24T07:48:22Z</time>
				<extensions>
					<swisstopo:routepoint_id>1030058686</swisstopo:routepoint_id>
				</extensions>
			</trkpt>
			<trkpt lat="47.1865666790" lon="8.6957551131">
				<ele>637.2</ele>
				<time>2026-05-24T07:48:23Z</time>
				<extensions>
					<swisstopo:routepoint_id>1330657135</swisstopo:routepoint_id>
				</extensions>
			</trkpt>
			<trkpt lat="47.1865666477" lon="8.6957551298">
				<ele>637.2</ele>
				<time>2026-05-24T07:48:24Z</time>
				<extensions>
					<swisstopo:routepoint_id>459768087</swisstopo:routepoint_id>
				</extensions>
			</trkpt>
			<trkpt lat="47.1865666113" lon="8.6957551334">
				<ele>637.2</ele>
				<time>2026-05-24T07:48:25Z</time>
				<extensions>
					<swisstopo:routepoint_id>676076303</swisstopo:routepoint_id>
				</extensions>
			</trkpt>
			<trkpt lat="47.1865665725" lon="8.6957551273">
				<ele>637.2</ele>
				<time>2026-05-24T07:48:26Z</time>
				<extensions>
					<swisstopo:routepoint_id>478448244</swisstopo:routepoint_id>
				</extensions>
			</trkpt>
			<trkpt lat="47.1865665335" lon="8.6957551143">
				<ele>637.2</ele>
				<time>2026-05-24T07:48:27Z</time>
				<extensions>
					<swisstopo:routepoint_id>1100862540</swisstopo:routepoint_id>
				</extensions>
			</trkpt>
			<trkpt lat="47.1865664960" lon="8.6957550967">
				<ele>637.2</ele>
				<time>2026-05-24T07:48:28Z</time>
				<extensions>
					<swisstopo:routepoint_id>1625090875</swisstopo:routepoint_id>
				</extensions>
			</trkpt>
			<trkpt lat="47.1865664609" lon="8.6957550765">
				<ele>637.2</ele>
				<time>2026-05-24T07:48:29Z</time>
				<extensions>
					<swisstopo:routepoint_id>1205313579</swisstopo:routepoint_id>
				</extensions>
			</trkpt>
			<trkpt lat="47.1865664292" lon="8.6957550551">
				<ele>637.2</ele>
				<time>2026-05-24T07:48:30Z</time>
				<extensions>
					<swisstopo:routepoint_id>492080102</swisstopo:routepoint_id>
				</extensions>
			</trkpt>
			<trkpt lat="47.1865664011" lon="8.6957550338">
				<ele>637.2</ele>
				<time>2026-05-24T07:48:31Z</time>
				<extensions>
					<swisstopo:routepoint_id>430749717</swisstopo:routepoint_id>
				</extensions>
			</trkpt>
			<trkpt lat="47.1865663768" lon="8.6957550133">
				<ele>637.2</ele>
				<time>2026-05-24T07:48:32Z</time>
				<extensions>
					<swisstopo:routepoint_id>443119582</swisstopo:routepoint_id>
				</extensions>
			</trkpt>
			<trkpt lat="47.1865663563" lon="8.6957549942">
				<ele>637.2</ele>
				<time>2026-05-24T07:48:33Z</time>
				<extensions>
					<swisstopo:routepoint_id>37526878</swisstopo:routepoint_id>
				</extensions>
			</trkpt>
			<trkpt lat="47.1865663393" lon="8.6957549770">
				<ele>637.2</ele>
				<time>2026-05-24T07:48:34Z</time>
				<extensions>
					<swisstopo:routepoint_id>1501529975</swisstopo:routepoint_id>
				</extensions>
			</trkpt>
			<trkpt lat="47.1865663257" lon="8.6957549618">
				<ele>637.2</ele>
				<time>2026-05-24T07:48:35Z</time>
				<extensions>
					<swisstopo:routepoint_id>1133953928</swisstopo:routepoint_id>
				</extensions>
			</trkpt>
			<trkpt lat="47.1865663150" lon="8.6957549487">
				<ele>637.2</ele>
				<time>2026-05-24T07:48:36Z</time>
				<extensions>
					<swisstopo:routepoint_id>1593784418</swisstopo:routepoint_id>
				</extensions>
			</trkpt>
			<trkpt lat="47.1865663070" lon="8.6957549376">
				<ele>637.2</ele>
				<time>2026-05-24T07:48:37Z</time>
				<extensions>
					<swisstopo:routepoint_id>1171184295</swisstopo:routepoint_id>
				</extensions>
			</trkpt>
			<trkpt lat="47.1865663012" lon="8.6957549285">
				<ele>637.2</ele>
				<time>2026-05-24T07:48:38Z</time>
				<extensions>
					<swisstopo:routepoint_id>259337663</swisstopo:routepoint_id>
				</extensions>
			</trkpt>
			<trkpt lat="47.1865662972" lon="8.6957549212">
				<ele>637.2</ele>
				<time>2026-05-24T07:48:39Z</time>
				<extensions>
					<swisstopo:routepoint_id>1443782278</swisstopo:routepoint_id>
				</extensions>
			</trkpt>
			<trkpt lat="47.1865662949" lon="8.6957549156">
				<ele>637.2</ele>
				<time>2026-05-24T07:48:40Z</time>
				<extensions>
					<swisstopo:routepoint_id>1231018893</swisstopo:routepoint_id>
				</extensions>
			</trkpt>
			<trkpt lat="47.1865662937" lon="8.6957549113">
				<ele>637.2</ele>
				<time>2026-05-24T07:48:41Z</time>
				<extensions>
					<swisstopo:routepoint_id>877079453</swisstopo:routepoint_id>
				</extensions>
			</trkpt>
			<trkpt lat="47.1865662935" lon="8.6957549082">
				<ele>637.2</ele>
				<time>2026-05-24T07:48:43Z</time>
				<extensions>
					<swisstopo:routepoint_id>746613563</swisstopo:routepoint_id>
				</extensions>
			</trkpt>
			<trkpt lat="47.1865662939" lon="8.6957549062">
				<ele>637.2</ele>
				<time>2026-05-24T07:48:43Z</time>
				<extensions>
					<swisstopo:routepoint_id>587203920</swisstopo:routepoint_id>
				</extensions>
			</trkpt>
			<trkpt lat="47.1865662949" lon="8.6957549049">
				<ele>637.2</ele>
				<time>2026-05-24T07:48:45Z</time>
				<extensions>
					<swisstopo:routepoint_id>1448925475</swisstopo:routepoint_id>
				</extensions>
			</trkpt>
			<trkpt lat="47.1865671386" lon="8.6957591268">
				<ele>637.1</ele>
				<time>2026-05-24T07:48:46Z</time>
				<extensions>
					<swisstopo:routepoint_id>1773384992</swisstopo:routepoint_id>
				</extensions>
			</trkpt>
			<trkpt lat="47.1865720155" lon="8.6957579289">
				<ele>637.0</ele>
				<time>2026-05-24T07:48:46Z</time>
				<extensions>
					<swisstopo:routepoint_id>356023831</swisstopo:routepoint_id>
				</extensions>
			</trkpt>
			<trkpt lat="47.1865778661" lon="8.6957722451">
				<ele>636.5</ele>
				<time>2026-05-24T07:48:47Z</time>
				<extensions>
					<swisstopo:routepoint_id>803087075</swisstopo:routepoint_id>
				</extensions>
			</trkpt>
			<trkpt lat="47.1865862031" lon="8.6957843320">
				<ele>636.0</ele>
				<time>2026-05-24T07:48:48Z</time>
				<extensions>
					<swisstopo:routepoint_id>549748130</swisstopo:routepoint_id>
				</extensions>
			</trkpt>
			<trkpt lat="47.1865949972" lon="8.6957933629">
				<ele>635.9</ele>
				<time>2026-05-24T07:48:49Z</time>
				<extensions>
					<swisstopo:routepoint_id>1142171516</swisstopo:routepoint_id>
				</extensions>
			</trkpt>
			<trkpt lat="47.1866047030" lon="8.6958037972">
				<ele>636.2</ele>
				<time>2026-05-24T07:48:50Z</time>
				<extensions>
					<swisstopo:routepoint_id>120348879</swisstopo:routepoint_id>
				</extensions>
			</trkpt>
			<trkpt lat="47.1866165989" lon="8.6958187109">
				<ele>636.4</ele>
				<time>2026-05-24T07:48:51Z</time>
				<extensions>
					<swisstopo:routepoint_id>1921497526</swisstopo:routepoint_id>
				</extensions>
			</trkpt>
			<trkpt lat="47.1866285125" lon="8.6958337510">
				<ele>636.3</ele>
				<time>2026-05-24T07:48:52Z</time>
				<extensions>
					<swisstopo:routepoint_id>749835896</swisstopo:routepoint_id>
				</extensions>
			</trkpt>
			<trkpt lat="47.1866341597" lon="8.6958486457">
				<ele>634.9</ele>
				<time>2026-05-24T07:48:53Z</time>
				<extensions>
					<swisstopo:routepoint_id>1057863476</swisstopo:routepoint_id>
				</extensions>
			</trkpt>
			<trkpt lat="47.1866320095" lon="8.6958605441">
				<ele>633.8</ele>
				<time>2026-05-24T07:48:54Z</time>
				<extensions>
					<swisstopo:routepoint_id>494327619</swisstopo:routepoint_id>
				</extensions>
			</trkpt>
			<trkpt lat="47.1866333709" lon="8.6958789333">
				<ele>633.1</ele>
				<time>2026-05-24T07:48:55Z</time>
				<extensions>
					<swisstopo:routepoint_id>1697545937</swisstopo:routepoint_id>
				</extensions>
			</trkpt>
			<trkpt lat="47.1866387715" lon="8.6958987597">
				<ele>632.8</ele>
				<time>2026-05-24T07:48:56Z</time>
				<extensions>
					<swisstopo:routepoint_id>1334312764</swisstopo:routepoint_id>
				</extensions>
			</trkpt>
			<trkpt lat="47.1866430921" lon="8.6959200189">
				<ele>632.8</ele>
				<time>2026-05-24T07:48:57Z</time>
				<extensions>
					<swisstopo:routepoint_id>1770382574</swisstopo:routepoint_id>
				</extensions>
			</trkpt>
			<trkpt lat="47.1866493833" lon="8.6959433880">
				<ele>632.6</ele>
				<time>2026-05-24T07:48:58Z</time>
				<extensions>
					<swisstopo:routepoint_id>1433992033</swisstopo:routepoint_id>
				</extensions>
			</trkpt>
			<trkpt lat="47.1866560970" lon="8.6959649599">
				<ele>632.6</ele>
				<time>2026-05-24T07:48:59Z</time>
				<extensions>
					<swisstopo:routepoint_id>2042611997</swisstopo:routepoint_id>
				</extensions>
			</trkpt>
			<trkpt lat="47.1866568751" lon="8.6959792106">
				<ele>632.3</ele>
				<time>2026-05-24T07:49:00Z</time>
				<extensions>
					<swisstopo:routepoint_id>506252637</swisstopo:routepoint_id>
				</extensions>
			</trkpt>
			<trkpt lat="47.1866534319" lon="8.6959951898">
				<ele>631.8</ele>
				<time>2026-05-24T07:49:01Z</time>
				<extensions>
					<swisstopo:routepoint_id>257860645</swisstopo:routepoint_id>
				</extensions>
			</trkpt>
			<trkpt lat="47.1866501946" lon="8.6959977273">
				<ele>631.7</ele>
				<time>2026-05-24T07:49:02Z</time>
				<extensions>
					<swisstopo:routepoint_id>241860869</swisstopo:routepoint_id>
				</extensions>
			</trkpt>
			<trkpt lat="47.1866430238" lon="8.6960085205">
				<ele>631.7</ele>
				<time>2026-05-24T07:49:03Z</time>
				<extensions>
					<swisstopo:routepoint_id>1916565159</swisstopo:routepoint_id>
				</extensions>
			</trkpt>
			<trkpt lat="47.1866339845" lon="8.6960202337">
				<ele>632.0</ele>
				<time>2026-05-24T07:49:04Z</time>
				<extensions>
					<swisstopo:routepoint_id>1603405960</swisstopo:routepoint_id>
				</extensions>
			</trkpt>
			<trkpt lat="47.1866216625" lon="8.6960375465">
				<ele>632.2</ele>
				<time>2026-05-24T07:49:05Z</time>
				<extensions>
					<swisstopo:routepoint_id>1819167164</swisstopo:routepoint_id>
				</extensions>
			</trkpt>
			<trkpt lat="47.1866126569" lon="8.6960546770">
				<ele>632.4</ele>
				<time>2026-05-24T07:49:06Z</time>
				<extensions>
					<swisstopo:routepoint_id>1017843009</swisstopo:routepoint_id>
				</extensions>
			</trkpt>
			<trkpt lat="47.1866068676" lon="8.6960736353">
				<ele>632.6</ele>
				<time>2026-05-24T07:49:07Z</time>
				<extensions>
					<swisstopo:routepoint_id>32720261</swisstopo:routepoint_id>
				</extensions>
			</trkpt>
			<trkpt lat="47.1866031088" lon="8.6960937693">
				<ele>632.7</ele>
				<time>2026-05-24T07:49:08Z</time>
				<extensions>
					<swisstopo:routepoint_id>173612995</swisstopo:routepoint_id>
				</extensions>
			</trkpt>
			<trkpt lat="47.1866025021" lon="8.6961148891">
				<ele>633.0</ele>
				<time>2026-05-24T07:49:09Z</time>
				<extensions>
					<swisstopo:routepoint_id>1630814339</swisstopo:routepoint_id>
				</extensions>
			</trkpt>
			<trkpt lat="47.1866132692" lon="8.6961423633">
				<ele>633.5</ele>
				<time>2026-05-24T07:49:10Z</time>
				<extensions>
					<swisstopo:routepoint_id>762808912</swisstopo:routepoint_id>
				</extensions>
			</trkpt>
			<trkpt lat="47.1866303201" lon="8.6961772642">
				<ele>633.7</ele>
				<time>2026-05-24T07:49:11Z</time>
				<extensions>
					<swisstopo:routepoint_id>52011394</swisstopo:routepoint_id>
				</extensions>
			</trkpt>
			<trkpt lat="47.1866504316" lon="8.6962127235">
				<ele>633.9</ele>
				<time>2026-05-24T07:49:12Z</time>
				<extensions>
					<swisstopo:routepoint_id>129654629</swisstopo:routepoint_id>
				</extensions>
			</trkpt>
			<trkpt lat="47.1866715676" lon="8.6962518557">
				<ele>634.0</ele>
				<time>2026-05-24T07:49:13Z</time>
				<extensions>
					<swisstopo:routepoint_id>1556931545</swisstopo:routepoint_id>
				</extensions>
			</trkpt>
			<trkpt lat="47.1866913732" lon="8.6962894913">
				<ele>633.6</ele>
				<time>2026-05-24T07:49:14Z</time>
				<extensions>
					<swisstopo:routepoint_id>260238120</swisstopo:routepoint_id>
				</extensions>
			</trkpt>
			<trkpt lat="47.1867101328" lon="8.6963280817">
				<ele>633.4</ele>
				<time>2026-05-24T07:49:15Z</time>
				<extensions>
					<swisstopo:routepoint_id>1545377548</swisstopo:routepoint_id>
				</extensions>
			</trkpt>
			<trkpt lat="47.1867281301" lon="8.6963668928">
				<ele>633.5</ele>
				<time>2026-05-24T07:49:16Z</time>
				<extensions>
					<swisstopo:routepoint_id>1493222418</swisstopo:routepoint_id>
				</extensions>
			</trkpt>
			<trkpt lat="47.1867455954" lon="8.6964068313">
				<ele>633.4</ele>
				<time>2026-05-24T07:49:17Z</time>
				<extensions>
					<swisstopo:routepoint_id>1095280484</swisstopo:routepoint_id>
				</extensions>
			</trkpt>
			<trkpt lat="47.1867628231" lon="8.6964484046">
				<ele>632.9</ele>
				<time>2026-05-24T07:49:18Z</time>
				<extensions>
					<swisstopo:routepoint_id>149272504</swisstopo:routepoint_id>
				</extensions>
			</trkpt>
			<trkpt lat="47.1867797555" lon="8.6964911048">
				<ele>632.6</ele>
				<time>2026-05-24T07:49:19Z</time>
				<extensions>
					<swisstopo:routepoint_id>562075032</swisstopo:routepoint_id>
				</extensions>
			</trkpt>
			<trkpt lat="47.1867961447" lon="8.6965324714">
				<ele>632.2</ele>
				<time>2026-05-24T07:49:20Z</time>
				<extensions>
					<swisstopo:routepoint_id>14499671</swisstopo:routepoint_id>
				</extensions>
			</trkpt>
			<trkpt lat="47.1868108001" lon="8.6965709630">
				<ele>631.9</ele>
				<time>2026-05-24T07:49:21Z</time>
				<extensions>
					<swisstopo:routepoint_id>1030318386</swisstopo:routepoint_id>
				</extensions>
			</trkpt>
			<trkpt lat="47.1868230761" lon="8.6965989544">
				<ele>631.7</ele>
				<time>2026-05-24T07:49:22Z</time>
				<extensions>
					<swisstopo:routepoint_id>1400467741</swisstopo:routepoint_id>
				</extensions>
			</trkpt>
			<trkpt lat="47.1868319399" lon="8.6966203998">
				<ele>631.6</ele>
				<time>2026-05-24T07:49:23Z</time>
				<extensions>
					<swisstopo:routepoint_id>1240551867</swisstopo:routepoint_id>
				</extensions>
			</trkpt>
			<trkpt lat="47.1868400256" lon="8.6966389040">
				<ele>631.7</ele>
				<time>2026-05-24T07:49:24Z</time>
				<extensions>
					<swisstopo:routepoint_id>36499946</swisstopo:routepoint_id>
				</extensions>
			</trkpt>
			<trkpt lat="47.1868310145" lon="8.6966108450">
				<ele>632.4</ele>
				<time>2026-05-24T07:49:24Z</time>
				<extensions>
					<swisstopo:routepoint_id>1421753027</swisstopo:routepoint_id>
				</extensions>
			</trkpt>
			<trkpt lat="47.1868310142" lon="8.6966108439">
				<ele>632.4</ele>
				<time>2026-05-24T07:49:25Z</time>
				<extensions>
					<swisstopo:routepoint_id>352584620</swisstopo:routepoint_id>
				</extensions>
			</trkpt>
			<trkpt lat="47.1868310176" lon="8.6966108543">
				<ele>632.4</ele>
				<time>2026-05-24T07:49:26Z</time>
				<extensions>
					<swisstopo:routepoint_id>982326267</swisstopo:routepoint_id>
				</extensions>
			</trkpt>
			<trkpt lat="47.1868310407" lon="8.6966109232">
				<ele>632.4</ele>
				<time>2026-05-24T07:49:27Z</time>
				<extensions>
					<swisstopo:routepoint_id>103291333</swisstopo:routepoint_id>
				</extensions>
			</trkpt>
			<trkpt lat="47.1868310748" lon="8.6966110254">
				<ele>632.4</ele>
				<time>2026-05-24T07:49:28Z</time>
				<extensions>
					<swisstopo:routepoint_id>850646955</swisstopo:routepoint_id>
				</extensions>
			</trkpt>
			<trkpt lat="47.1868311308" lon="8.6966111128">
				<ele>632.5</ele>
				<time>2026-05-24T07:49:29Z</time>
				<extensions>
					<swisstopo:routepoint_id>1024734606</swisstopo:routepoint_id>
				</extensions>
			</trkpt>
			<trkpt lat="47.1868312178" lon="8.6966113199">
				<ele>632.6</ele>
				<time>2026-05-24T07:49:30Z</time>
				<extensions>
					<swisstopo:routepoint_id>2043157749</swisstopo:routepoint_id>
				</extensions>
			</trkpt>
			<trkpt lat="47.1868312843" lon="8.6966115126">
				<ele>632.7</ele>
				<time>2026-05-24T07:49:31Z</time>
				<extensions>
					<swisstopo:routepoint_id>1088771913</swisstopo:routepoint_id>
				</extensions>
			</trkpt>
			<trkpt lat="47.1868315905" lon="8.6966124342">
				<ele>632.8</ele>
				<time>2026-05-24T07:49:32Z</time>
				<extensions>
					<swisstopo:routepoint_id>281385704</swisstopo:routepoint_id>
				</extensions>
			</trkpt>
			<trkpt lat="47.1868316549" lon="8.6966126399">
				<ele>633.0</ele>
				<time>2026-05-24T07:49:33Z</time>
				<extensions>
					<swisstopo:routepoint_id>490536434</swisstopo:routepoint_id>
				</extensions>
			</trkpt>
			<trkpt lat="47.1868319619" lon="8.6966135761">
				<ele>633.2</ele>
				<time>2026-05-24T07:49:34Z</time>
				<extensions>
					<swisstopo:routepoint_id>256125405</swisstopo:routepoint_id>
				</extensions>
			</trkpt>
			<trkpt lat="47.1868326475" lon="8.6966186477">
				<ele>633.3</ele>
				<time>2026-05-24T07:49:35Z</time>
				<extensions>
					<swisstopo:routepoint_id>1142453247</swisstopo:routepoint_id>
				</extensions>
			</trkpt>
			<trkpt lat="47.1868339897" lon="8.6966229097">
				<ele>633.5</ele>
				<time>2026-05-24T07:49:36Z</time>
				<extensions>
					<swisstopo:routepoint_id>560434502</swisstopo:routepoint_id>
				</extensions>
			</trkpt>
			<trkpt lat="47.1868345650" lon="8.6966241847">
				<ele>633.7</ele>
				<time>2026-05-24T07:49:37Z</time>
				<extensions>
					<swisstopo:routepoint_id>359399372</swisstopo:routepoint_id>
				</extensions>
			</trkpt>
			<trkpt lat="47.1868347119" lon="8.6966241690">
				<ele>633.9</ele>
				<time>2026-05-24T07:49:38Z</time>
				<extensions>
					<swisstopo:routepoint_id>1701229840</swisstopo:routepoint_id>
				</extensions>
			</trkpt>
			<trkpt lat="47.1868348596" lon="8.6966238231">
				<ele>634.1</ele>
				<time>2026-05-24T07:49:39Z</time>
				<extensions>
					<swisstopo:routepoint_id>972644722</swisstopo:routepoint_id>
				</extensions>
			</trkpt>
			<trkpt lat="47.1868341149" lon="8.6966212078">
				<ele>634.2</ele>
				<time>2026-05-24T07:49:40Z</time>
				<extensions>
					<swisstopo:routepoint_id>594321690</swisstopo:routepoint_id>
				</extensions>
			</trkpt>
			<trkpt lat="47.1868334220" lon="8.6966184540">
				<ele>634.3</ele>
				<time>2026-05-24T07:49:41Z</time>
				<extensions>
					<swisstopo:routepoint_id>818201633</swisstopo:routepoint_id>
				</extensions>
			</trkpt>
			<trkpt lat="47.1868329312" lon="8.6966159479">
				<ele>634.4</ele>
				<time>2026-05-24T07:49:42Z</time>
				<extensions>
					<swisstopo:routepoint_id>1177054090</swisstopo:routepoint_id>
				</extensions>
			</trkpt>
			<trkpt lat="47.1868325273" lon="8.6966143997">
				<ele>634.2</ele>
				<time>2026-05-24T07:49:43Z</time>
				<extensions>
					<swisstopo:routepoint_id>128734466</swisstopo:routepoint_id>
				</extensions>
			</trkpt>
			<trkpt lat="47.1868321749" lon="8.6966133702">
				<ele>634.0</ele>
				<time>2026-05-24T07:49:44Z</time>
				<extensions>
					<swisstopo:routepoint_id>1124137533</swisstopo:routepoint_id>
				</extensions>
			</trkpt>
			<trkpt lat="47.1868321467" lon="8.6966133669">
				<ele>633.9</ele>
				<time>2026-05-24T07:49:45Z</time>
				<extensions>
					<swisstopo:routepoint_id>1965874472</swisstopo:routepoint_id>
				</extensions>
			</trkpt>
			<trkpt lat="47.1868322867" lon="8.6966138800">
				<ele>633.8</ele>
				<time>2026-05-24T07:49:46Z</time>
				<extensions>
					<swisstopo:routepoint_id>1416341809</swisstopo:routepoint_id>
				</extensions>
			</trkpt>
			<trkpt lat="47.1868321384" lon="8.6966135365">
				<ele>633.6</ele>
				<time>2026-05-24T07:49:47Z</time>
				<extensions>
					<swisstopo:routepoint_id>1748040515</swisstopo:routepoint_id>
				</extensions>
			</trkpt>
			<trkpt lat="47.1868329430" lon="8.6966160449">
				<ele>633.6</ele>
				<time>2026-05-24T07:49:48Z</time>
				<extensions>
					<swisstopo:routepoint_id>1740644645</swisstopo:routepoint_id>
				</extensions>
			</trkpt>
			<trkpt lat="47.1868342144" lon="8.6966199460">
				<ele>633.3</ele>
				<time>2026-05-24T07:49:49Z</time>
				<extensions>
					<swisstopo:routepoint_id>1992309081</swisstopo:routepoint_id>
				</extensions>
			</trkpt>
			<trkpt lat="47.1868352553" lon="8.6966231509">
				<ele>633.1</ele>
				<time>2026-05-24T07:49:50Z</time>
				<extensions>
					<swisstopo:routepoint_id>1173700343</swisstopo:routepoint_id>
				</extensions>
			</trkpt>
			<trkpt lat="47.1868354743" lon="8.6966238880">
				<ele>632.9</ele>
				<time>2026-05-24T07:49:51Z</time>
				<extensions>
					<swisstopo:routepoint_id>1744367106</swisstopo:routepoint_id>
				</extensions>
			</trkpt>
			<trkpt lat="47.1868355849" lon="8.6966242910">
				<ele>632.6</ele>
				<time>2026-05-24T07:49:52Z</time>
				<extensions>
					<swisstopo:routepoint_id>131201698</swisstopo:routepoint_id>
				</extensions>
			</trkpt>
			<trkpt lat="47.1868352885" lon="8.6966234663">
				<ele>632.4</ele>
				<time>2026-05-24T07:49:53Z</time>
				<extensions>
					<swisstopo:routepoint_id>1788716464</swisstopo:routepoint_id>
				</extensions>
			</trkpt>
			<trkpt lat="47.1868349946" lon="8.6966226393">
				<ele>632.4</ele>
				<time>2026-05-24T07:49:54Z</time>
				<extensions>
					<swisstopo:routepoint_id>334036095</swisstopo:routepoint_id>
				</extensions>
			</trkpt>
			<trkpt lat="47.1868352379" lon="8.6966234105">
				<ele>632.2</ele>
				<time>2026-05-24T07:49:55Z</time>
				<extensions>
					<swisstopo:routepoint_id>622395407</swisstopo:routepoint_id>
				</extensions>
			</trkpt>
			<trkpt lat="47.1868357348" lon="8.6966281834">
				<ele>632.2</ele>
				<time>2026-05-24T07:49:56Z</time>
				<extensions>
					<swisstopo:routepoint_id>206760912</swisstopo:routepoint_id>
				</extensions>
			</trkpt>
			<trkpt lat="47.1868377333" lon="8.6966406517">
				<ele>632.0</ele>
				<time>2026-05-24T07:49:57Z</time>
				<extensions>
					<swisstopo:routepoint_id>402107138</swisstopo:routepoint_id>
				</extensions>
			</trkpt>
			<trkpt lat="47.1868393757" lon="8.6966482289">
				<ele>632.0</ele>
				<time>2026-05-24T07:49:58Z</time>
				<extensions>
					<swisstopo:routepoint_id>83631257</swisstopo:routepoint_id>
				</extensions>
			</trkpt>
			<trkpt lat="47.1868390620" lon="8.6966464985">
				<ele>631.9</ele>
				<time>2026-05-24T07:49:59Z</time>
				<extensions>
					<swisstopo:routepoint_id>1136231261</swisstopo:routepoint_id>
				</extensions>
			</trkpt>
			<trkpt lat="47.1868407854" lon="8.6966406132">
				<ele>631.8</ele>
				<time>2026-05-24T07:50:00Z</time>
				<extensions>
					<swisstopo:routepoint_id>1214214503</swisstopo:routepoint_id>
				</extensions>
			</trkpt>
			<trkpt lat="47.1868449787" lon="8.6966326193">
				<ele>631.7</ele>
				<time>2026-05-24T07:50:01Z</time>
				<extensions>
					<swisstopo:routepoint_id>1913538127</swisstopo:routepoint_id>
				</extensions>
			</trkpt>
			<trkpt lat="47.1868500272" lon="8.6966260743">
				<ele>631.4</ele>
				<time>2026-05-24T07:50:02Z</time>
				<extensions>
					<swisstopo:routepoint_id>120203017</swisstopo:routepoint_id>
				</extensions>
			</trkpt>
			<trkpt lat="47.1868534768" lon="8.6966208893">
				<ele>631.1</ele>
				<time>2026-05-24T07:50:03Z</time>
				<extensions>
					<swisstopo:routepoint_id>1617478539</swisstopo:routepoint_id>
				</extensions>
			</trkpt>
			<trkpt lat="47.1868538127" lon="8.6966165114">
				<ele>631.0</ele>
				<time>2026-05-24T07:50:04Z</time>
				<extensions>
					<swisstopo:routepoint_id>2113801247</swisstopo:routepoint_id>
				</extensions>
			</trkpt>
			<trkpt lat="47.1868529287" lon="8.6966136725">
				<ele>630.7</ele>
				<time>2026-05-24T07:50:05Z</time>
				<extensions>
					<swisstopo:routepoint_id>835586008</swisstopo:routepoint_id>
				</extensions>
			</trkpt>
			<trkpt lat="47.1868546110" lon="8.6966095990">
				<ele>630.6</ele>
				<time>2026-05-24T07:50:06Z</time>
				<extensions>
					<swisstopo:routepoint_id>1298468723</swisstopo:routepoint_id>
				</extensions>
			</trkpt>
			<trkpt lat="47.1868580531" lon="8.6966032741">
				<ele>630.3</ele>
				<time>2026-05-24T07:50:07Z</time>
				<extensions>
					<swisstopo:routepoint_id>635006647</swisstopo:routepoint_id>
				</extensions>
			</trkpt>
			<trkpt lat="47.1868597015" lon="8.6965985377">
				<ele>630.1</ele>
				<time>2026-05-24T07:50:08Z</time>
				<extensions>
					<swisstopo:routepoint_id>1710474186</swisstopo:routepoint_id>
				</extensions>
			</trkpt>
			<trkpt lat="47.1868624895" lon="8.6965934992">
				<ele>630.1</ele>
				<time>2026-05-24T07:50:09Z</time>
				<extensions>
					<swisstopo:routepoint_id>1723545360</swisstopo:routepoint_id>
				</extensions>
			</trkpt>
			<trkpt lat="47.1868619617" lon="8.6965884447">
				<ele>629.9</ele>
				<time>2026-05-24T07:50:10Z</time>
				<extensions>
					<swisstopo:routepoint_id>219951137</swisstopo:routepoint_id>
				</extensions>
			</trkpt>
			<trkpt lat="47.1868632972" lon="8.6965857337">
				<ele>629.8</ele>
				<time>2026-05-24T07:50:11Z</time>
				<extensions>
					<swisstopo:routepoint_id>899403072</swisstopo:routepoint_id>
				</extensions>
			</trkpt>
			<trkpt lat="47.1868645524" lon="8.6965842591">
				<ele>629.8</ele>
				<time>2026-05-24T07:50:12Z</time>
				<extensions>
					<swisstopo:routepoint_id>130039871</swisstopo:routepoint_id>
				</extensions>
			</trkpt>
			<trkpt lat="47.1868672019" lon="8.6965824280">
				<ele>629.8</ele>
				<time>2026-05-24T07:50:13Z</time>
				<extensions>
					<swisstopo:routepoint_id>1589242898</swisstopo:routepoint_id>
				</extensions>
			</trkpt>
			<trkpt lat="47.1868711839" lon="8.6965804071">
				<ele>629.8</ele>
				<time>2026-05-24T07:50:14Z</time>
				<extensions>
					<swisstopo:routepoint_id>3785300</swisstopo:routepoint_id>
				</extensions>
			</trkpt>
			<trkpt lat="47.1868766563" lon="8.6965791313">
				<ele>629.8</ele>
				<time>2026-05-24T07:50:15Z</time>
				<extensions>
					<swisstopo:routepoint_id>1342511337</swisstopo:routepoint_id>
				</extensions>
			</trkpt>
			<trkpt lat="47.1868794157" lon="8.6965823365">
				<ele>629.8</ele>
				<time>2026-05-24T07:50:16Z</time>
				<extensions>
					<swisstopo:routepoint_id>2124845577</swisstopo:routepoint_id>
				</extensions>
			</trkpt>
			<trkpt lat="47.1868798339" lon="8.6965877426">
				<ele>630.0</ele>
				<time>2026-05-24T07:50:17Z</time>
				<extensions>
					<swisstopo:routepoint_id>1774046676</swisstopo:routepoint_id>
				</extensions>
			</trkpt>
			<trkpt lat="47.1868756467" lon="8.6965967282">
				<ele>630.0</ele>
				<time>2026-05-24T07:50:18Z</time>
				<extensions>
					<swisstopo:routepoint_id>739528584</swisstopo:routepoint_id>
				</extensions>
			</trkpt>
			<trkpt lat="47.1868710898" lon="8.6966050601">
				<ele>629.9</ele>
				<time>2026-05-24T07:50:19Z</time>
				<extensions>
					<swisstopo:routepoint_id>1769046099</swisstopo:routepoint_id>
				</extensions>
			</trkpt>
			<trkpt lat="47.1868673000" lon="8.6966095714">
				<ele>629.8</ele>
				<time>2026-05-24T07:50:20Z</time>
				<extensions>
					<swisstopo:routepoint_id>446693178</swisstopo:routepoint_id>
				</extensions>
			</trkpt>
			<trkpt lat="47.1868652526" lon="8.6966062209">
				<ele>629.7</ele>
				<time>2026-05-24T07:50:21Z</time>
				<extensions>
					<swisstopo:routepoint_id>2116896381</swisstopo:routepoint_id>
				</extensions>
			</trkpt>
			<trkpt lat="47.1868647922" lon="8.6966016659">
				<ele>629.6</ele>
				<time>2026-05-24T07:50:22Z</time>
				<extensions>
					<swisstopo:routepoint_id>1315895618</swisstopo:routepoint_id>
				</extensions>
			</trkpt>
			<trkpt lat="47.1868680089" lon="8.6965972165">
				<ele>629.6</ele>
				<time>2026-05-24T07:50:23Z</time>
				<extensions>
					<swisstopo:routepoint_id>1471054920</swisstopo:routepoint_id>
				</extensions>
			</trkpt>
			<trkpt lat="47.1868717231" lon="8.6965942514">
				<ele>629.8</ele>
				<time>2026-05-24T07:50:24Z</time>
				<extensions>
					<swisstopo:routepoint_id>40812529</swisstopo:routepoint_id>
				</extensions>
			</trkpt>
			<trkpt lat="47.1868759873" lon="8.6965902265">
				<ele>629.9</ele>
				<time>2026-05-24T07:50:25Z</time>
				<extensions>
					<swisstopo:routepoint_id>888891510</swisstopo:routepoint_id>
				</extensions>
			</trkpt>
			<trkpt lat="47.1868792522" lon="8.6965869915">
				<ele>629.9</ele>
				<time>2026-05-24T07:50:26Z</time>
				<extensions>
					<swisstopo:routepoint_id>1703360038</swisstopo:routepoint_id>
				</extensions>
			</trkpt>
			<trkpt lat="47.1868817627" lon="8.6965848950">
				<ele>629.8</ele>
				<time>2026-05-24T07:50:27Z</time>
				<extensions>
					<swisstopo:routepoint_id>267660509</swisstopo:routepoint_id>
				</extensions>
			</trkpt>
			<trkpt lat="47.1868839064" lon="8.6965826662">
				<ele>629.9</ele>
				<time>2026-05-24T07:50:28Z</time>
				<extensions>
					<swisstopo:routepoint_id>1739417945</swisstopo:routepoint_id>
				</extensions>
			</trkpt>
			<trkpt lat="47.1868804974" lon="8.6965815732">
				<ele>629.8</ele>
				<time>2026-05-24T07:50:29Z</time>
				<extensions>
					<swisstopo:routepoint_id>702515004</swisstopo:routepoint_id>
				</extensions>
			</trkpt>
			<trkpt lat="47.1868756812" lon="8.6965828298">
				<ele>629.7</ele>
				<time>2026-05-24T07:50:30Z</time>
				<extensions>
					<swisstopo:routepoint_id>304581022</swisstopo:routepoint_id>
				</extensions>
			</trkpt>
			<trkpt lat="47.1868799140" lon="8.6965782103">
				<ele>629.7</ele>
				<time>2026-05-24T07:50:31Z</time>
				<extensions>
					<swisstopo:routepoint_id>1639705953</swisstopo:routepoint_id>
				</extensions>
			</trkpt>
			<trkpt lat="47.1868837280" lon="8.6965743885">
				<ele>629.6</ele>
				<time>2026-05-24T07:50:32Z</time>
				<extensions>
					<swisstopo:routepoint_id>2027793767</swisstopo:routepoint_id>
				</extensions>
			</trkpt>
			<trkpt lat="47.1868843066" lon="8.6965740676">
				<ele>629.4</ele>
				<time>2026-05-24T07:50:33Z</time>
				<extensions>
					<swisstopo:routepoint_id>564364079</swisstopo:routepoint_id>
				</extensions>
			</trkpt>
			<trkpt lat="47.1868817696" lon="8.6965785721">
				<ele>629.5</ele>
				<time>2026-05-24T07:50:34Z</time>
				<extensions>
					<swisstopo:routepoint_id>1979290601</swisstopo:routepoint_id>
				</extensions>
			</trkpt>
			<trkpt lat="47.1868766829" lon="8.6965900830">
				<ele>629.1</ele>
				<time>2026-05-24T07:50:35Z</time>
				<extensions>
					<swisstopo:routepoint_id>1415438977</swisstopo:routepoint_id>
				</extensions>
			</trkpt>
			<trkpt lat="47.1868688413" lon="8.6966088734">
				<ele>628.6</ele>
				<time>2026-05-24T07:50:36Z</time>
				<extensions>
					<swisstopo:routepoint_id>1606528620</swisstopo:routepoint_id>
				</extensions>
			</trkpt>
			<trkpt lat="47.1868623152" lon="8.6966290975">
				<ele>628.0</ele>
				<time>2026-05-24T07:50:37Z</time>
				<extensions>
					<swisstopo:routepoint_id>614622609</swisstopo:routepoint_id>
				</extensions>
			</trkpt>
			<trkpt lat="47.1868553582" lon="8.6966470786">
				<ele>627.5</ele>
				<time>2026-05-24T07:50:39Z</time>
				<extensions>
					<swisstopo:routepoint_id>565847393</swisstopo:routepoint_id>
				</extensions>
			</trkpt>
			<trkpt lat="47.1868476785" lon="8.6966651103">
				<ele>627.3</ele>
				<time>2026-05-24T07:50:40Z</time>
				<extensions>
					<swisstopo:routepoint_id>1139545235</swisstopo:routepoint_id>
				</extensions>
			</trkpt>
			<trkpt lat="47.1868415927" lon="8.6966815099">
				<ele>627.5</ele>
				<time>2026-05-24T07:50:41Z</time>
				<extensions>
					<swisstopo:routepoint_id>1077600699</swisstopo:routepoint_id>
				</extensions>
			</trkpt>
			<trkpt lat="47.1868374983" lon="8.6966969259">
				<ele>628.2</ele>
				<time>2026-05-24T07:50:42Z</time>
				<extensions>
					<swisstopo:routepoint_id>1505352942</swisstopo:routepoint_id>
				</extensions>
			</trkpt>
			<trkpt lat="47.1868338090" lon="8.6967103293">
				<ele>628.4</ele>
				<time>2026-05-24T07:50:43Z</time>
				<extensions>
					<swisstopo:routepoint_id>962050887</swisstopo:routepoint_id>
				</extensions>
			</trkpt>
			<trkpt lat="47.1868369754" lon="8.6967245943">
				<ele>630.2</ele>
				<time>2026-05-24T07:50:44Z</time>
				<extensions>
					<swisstopo:routepoint_id>784879546</swisstopo:routepoint_id>
				</extensions>
			</trkpt>
			<trkpt lat="47.1868440129" lon="8.6967471740">
				<ele>631.0</ele>
				<time>2026-05-24T07:50:45Z</time>
				<extensions>
					<swisstopo:routepoint_id>1625969748</swisstopo:routepoint_id>
				</extensions>
			</trkpt>
			<trkpt lat="47.1868542733" lon="8.6967724070">
				<ele>631.8</ele>
				<time>2026-05-24T07:50:46Z</time>
				<extensions>
					<swisstopo:routepoint_id>944146561</swisstopo:routepoint_id>
				</extensions>
			</trkpt>
			<trkpt lat="47.1868659998" lon="8.6967992411">
				<ele>632.0</ele>
				<time>2026-05-24T07:50:47Z</time>
				<extensions>
					<swisstopo:routepoint_id>514583044</swisstopo:routepoint_id>
				</extensions>
			</trkpt>
			<trkpt lat="47.1868795272" lon="8.6968294908">
				<ele>632.2</ele>
				<time>2026-05-24T07:50:48Z</time>
				<extensions>
					<swisstopo:routepoint_id>680574039</swisstopo:routepoint_id>
				</extensions>
			</trkpt>
			<trkpt lat="47.1868946711" lon="8.6968612234">
				<ele>632.1</ele>
				<time>2026-05-24T07:50:49Z</time>
				<extensions>
					<swisstopo:routepoint_id>909969551</swisstopo:routepoint_id>
				</extensions>
			</trkpt>
			<trkpt lat="47.1869129682" lon="8.6968894694">
				<ele>632.2</ele>
				<time>2026-05-24T07:50:50Z</time>
				<extensions>
					<swisstopo:routepoint_id>1627193370</swisstopo:routepoint_id>
				</extensions>
			</trkpt>
			<trkpt lat="47.1869337809" lon="8.6969152178">
				<ele>632.0</ele>
				<time>2026-05-24T07:50:51Z</time>
				<extensions>
					<swisstopo:routepoint_id>34725045</swisstopo:routepoint_id>
				</extensions>
			</trkpt>
			<trkpt lat="47.1869513443" lon="8.6969352261">
				<ele>632.0</ele>
				<time>2026-05-24T07:50:52Z</time>
				<extensions>
					<swisstopo:routepoint_id>1655762978</swisstopo:routepoint_id>
				</extensions>
			</trkpt>
			<trkpt lat="47.1869691435" lon="8.6969555243">
				<ele>631.6</ele>
				<time>2026-05-24T07:50:53Z</time>
				<extensions>
					<swisstopo:routepoint_id>1315273420</swisstopo:routepoint_id>
				</extensions>
			</trkpt>
			<trkpt lat="47.1869856028" lon="8.6969732643">
				<ele>631.0</ele>
				<time>2026-05-24T07:50:54Z</time>
				<extensions>
					<swisstopo:routepoint_id>1751191369</swisstopo:routepoint_id>
				</extensions>
			</trkpt>
			<trkpt lat="47.1870008641" lon="8.6969964438">
				<ele>630.5</ele>
				<time>2026-05-24T07:50:55Z</time>
				<extensions>
					<swisstopo:routepoint_id>1009956648</swisstopo:routepoint_id>
				</extensions>
			</trkpt>
			<trkpt lat="47.1870140009" lon="8.6970178376">
				<ele>629.8</ele>
				<time>2026-05-24T07:50:56Z</time>
				<extensions>
					<swisstopo:routepoint_id>630637048</swisstopo:routepoint_id>
				</extensions>
			</trkpt>
			<trkpt lat="47.1870194153" lon="8.6970369695">
				<ele>629.3</ele>
				<time>2026-05-24T07:50:57Z</time>
				<extensions>
					<swisstopo:routepoint_id>1285067791</swisstopo:routepoint_id>
				</extensions>
			</trkpt>
			<trkpt lat="47.1870243381" lon="8.6970566416">
				<ele>628.9</ele>
				<time>2026-05-24T07:50:58Z</time>
				<extensions>
					<swisstopo:routepoint_id>891325458</swisstopo:routepoint_id>
				</extensions>
			</trkpt>
			<trkpt lat="47.1870279865" lon="8.6970741024">
				<ele>628.3</ele>
				<time>2026-05-24T07:50:59Z</time>
				<extensions>
					<swisstopo:routepoint_id>1808534781</swisstopo:routepoint_id>
				</extensions>
			</trkpt>
			<trkpt lat="47.1870320913" lon="8.6970947918">
				<ele>627.9</ele>
				<time>2026-05-24T07:51:00Z</time>
				<extensions>
					<swisstopo:routepoint_id>560524629</swisstopo:routepoint_id>
				</extensions>
			</trkpt>
			<trkpt lat="47.1870376130" lon="8.6971202976">
				<ele>627.3</ele>
				<time>2026-05-24T07:51:01Z</time>
				<extensions>
					<swisstopo:routepoint_id>1874163861</swisstopo:routepoint_id>
				</extensions>
			</trkpt>
			<trkpt lat="47.1870402346" lon="8.6971405155">
				<ele>627.1</ele>
				<time>2026-05-24T07:51:02Z</time>
				<extensions>
					<swisstopo:routepoint_id>1929361278</swisstopo:routepoint_id>
				</extensions>
			</trkpt>
			<trkpt lat="47.1870411672" lon="8.6971598481">
				<ele>626.7</ele>
				<time>2026-05-24T07:51:03Z</time>
				<extensions>
					<swisstopo:routepoint_id>1919413293</swisstopo:routepoint_id>
				</extensions>
			</trkpt>
			<trkpt lat="47.1870418961" lon="8.6971799925">
				<ele>626.4</ele>
				<time>2026-05-24T07:51:04Z</time>
				<extensions>
					<swisstopo:routepoint_id>79870217</swisstopo:routepoint_id>
				</extensions>
			</trkpt>
			<trkpt lat="47.1870434887" lon="8.6972001113">
				<ele>626.2</ele>
				<time>2026-05-24T07:51:05Z</time>
				<extensions>
					<swisstopo:routepoint_id>201457744</swisstopo:routepoint_id>
				</extensions>
			</trkpt>
			<trkpt lat="47.1870462516" lon="8.6972207108">
				<ele>625.9</ele>
				<time>2026-05-24T07:51:06Z</time>
				<extensions>
					<swisstopo:routepoint_id>1466075736</swisstopo:routepoint_id>
				</extensions>
			</trkpt>
			<trkpt lat="47.1870534363" lon="8.6972511944">
				<ele>625.7</ele>
				<time>2026-05-24T07:51:07Z</time>
				<extensions>
					<swisstopo:routepoint_id>107529274</swisstopo:routepoint_id>
				</extensions>
			</trkpt>
			<trkpt lat="47.1870582027" lon="8.6972725557">
				<ele>625.7</ele>
				<time>2026-05-24T07:51:08Z</time>
				<extensions>
					<swisstopo:routepoint_id>1210760991</swisstopo:routepoint_id>
				</extensions>
			</trkpt>
			<trkpt lat="47.1870645461" lon="8.6972963539">
				<ele>624.8</ele>
				<time>2026-05-24T07:51:09Z</time>
				<extensions>
					<swisstopo:routepoint_id>1852420412</swisstopo:routepoint_id>
				</extensions>
			</trkpt>
			<trkpt lat="47.1870723007" lon="8.6973224135">
				<ele>624.3</ele>
				<time>2026-05-24T07:51:09Z</time>
				<extensions>
					<swisstopo:routepoint_id>1559433925</swisstopo:routepoint_id>
				</extensions>
			</trkpt>
			<trkpt lat="47.1870792442" lon="8.6973447679">
				<ele>623.8</ele>
				<time>2026-05-24T07:51:10Z</time>
				<extensions>
					<swisstopo:routepoint_id>1515549487</swisstopo:routepoint_id>
				</extensions>
			</trkpt>
			<trkpt lat="47.1870887381" lon="8.6973727611">
				<ele>623.1</ele>
				<time>2026-05-24T07:51:11Z</time>
				<extensions>
					<swisstopo:routepoint_id>536690942</swisstopo:routepoint_id>
				</extensions>
			</trkpt>
			<trkpt lat="47.1870969897" lon="8.6973970819">
				<ele>622.7</ele>
				<time>2026-05-24T07:51:12Z</time>
				<extensions>
					<swisstopo:routepoint_id>733344794</swisstopo:routepoint_id>
				</extensions>
			</trkpt>
			<trkpt lat="47.1871040870" lon="8.6974178499">
				<ele>622.5</ele>
				<time>2026-05-24T07:51:13Z</time>
				<extensions>
					<swisstopo:routepoint_id>917302625</swisstopo:routepoint_id>
				</extensions>
			</trkpt>
			<trkpt lat="47.1871110737" lon="8.6974393822">
				<ele>622.4</ele>
				<time>2026-05-24T07:51:14Z</time>
				<extensions>
					<swisstopo:routepoint_id>320116562</swisstopo:routepoint_id>
				</extensions>
			</trkpt>
			<trkpt lat="47.1871275021" lon="8.6974887402">
				<ele>622.7</ele>
				<time>2026-05-24T07:51:15Z</time>
				<extensions>
					<swisstopo:routepoint_id>752521799</swisstopo:routepoint_id>
				</extensions>
			</trkpt>
			<trkpt lat="47.1871442516" lon="8.6975380591">
				<ele>623.8</ele>
				<time>2026-05-24T07:51:16Z</time>
				<extensions>
					<swisstopo:routepoint_id>1102678610</swisstopo:routepoint_id>
				</extensions>
			</trkpt>
			<trkpt lat="47.1871742607" lon="8.6976189857">
				<ele>627.9</ele>
				<time>2026-05-24T07:51:16Z</time>
				<extensions>
					<swisstopo:routepoint_id>2083008307</swisstopo:routepoint_id>
				</extensions>
			</trkpt>
			<trkpt lat="47.1871742617" lon="8.6976189885">
				<ele>627.9</ele>
				<time>2026-05-24T07:51:17Z</time>
				<extensions>
					<swisstopo:routepoint_id>842202355</swisstopo:routepoint_id>
				</extensions>
			</trkpt>
			<trkpt lat="47.1871742563" lon="8.6976189743">
				<ele>627.9</ele>
				<time>2026-05-24T07:51:18Z</time>
				<extensions>
					<swisstopo:routepoint_id>830263108</swisstopo:routepoint_id>
				</extensions>
			</trkpt>
			<trkpt lat="47.1871742383" lon="8.6976189271">
				<ele>628.0</ele>
				<time>2026-05-24T07:51:19Z</time>
				<extensions>
					<swisstopo:routepoint_id>2030801597</swisstopo:routepoint_id>
				</extensions>
			</trkpt>
			<trkpt lat="47.1871741512" lon="8.6976186987">
				<ele>628.2</ele>
				<time>2026-05-24T07:51:20Z</time>
				<extensions>
					<swisstopo:routepoint_id>1724839008</swisstopo:routepoint_id>
				</extensions>
			</trkpt>
			<trkpt lat="47.1871739754" lon="8.6976182379">
				<ele>628.5</ele>
				<time>2026-05-24T07:51:21Z</time>
				<extensions>
					<swisstopo:routepoint_id>487456603</swisstopo:routepoint_id>
				</extensions>
			</trkpt>
			<trkpt lat="47.1871738499" lon="8.6976179091">
				<ele>628.9</ele>
				<time>2026-05-24T07:51:22Z</time>
				<extensions>
					<swisstopo:routepoint_id>33013316</swisstopo:routepoint_id>
				</extensions>
			</trkpt>
			<trkpt lat="47.1871736689" lon="8.6976178252">
				<ele>629.5</ele>
				<time>2026-05-24T07:51:23Z</time>
				<extensions>
					<swisstopo:routepoint_id>804021086</swisstopo:routepoint_id>
				</extensions>
			</trkpt>
			<trkpt lat="47.1871735593" lon="8.6976176420">
				<ele>630.1</ele>
				<time>2026-05-24T07:51:24Z</time>
				<extensions>
					<swisstopo:routepoint_id>1215285478</swisstopo:routepoint_id>
				</extensions>
			</trkpt>
			<trkpt lat="47.1871740056" lon="8.6976187754">
				<ele>630.6</ele>
				<time>2026-05-24T07:51:25Z</time>
				<extensions>
					<swisstopo:routepoint_id>586062129</swisstopo:routepoint_id>
				</extensions>
			</trkpt>
			<trkpt lat="47.1871748973" lon="8.6976210574">
				<ele>631.0</ele>
				<time>2026-05-24T07:51:26Z</time>
				<extensions>
					<swisstopo:routepoint_id>1586196961</swisstopo:routepoint_id>
				</extensions>
			</trkpt>
			<trkpt lat="47.1871751495" lon="8.6976216558">
				<ele>631.3</ele>
				<time>2026-05-24T07:51:27Z</time>
				<extensions>
					<swisstopo:routepoint_id>350329669</swisstopo:routepoint_id>
				</extensions>
			</trkpt>
			<trkpt lat="47.1871746832" lon="8.6976203712">
				<ele>631.5</ele>
				<time>2026-05-24T07:51:28Z</time>
				<extensions>
					<swisstopo:routepoint_id>1738070456</swisstopo:routepoint_id>
				</extensions>
			</trkpt>
			<trkpt lat="47.1871743585" lon="8.6976194620">
				<ele>631.5</ele>
				<time>2026-05-24T07:51:29Z</time>
				<extensions>
					<swisstopo:routepoint_id>1677587498</swisstopo:routepoint_id>
				</extensions>
			</trkpt>
			<trkpt lat="47.1871749187" lon="8.6976208786">
				<ele>631.4</ele>
				<time>2026-05-24T07:51:30Z</time>
				<extensions>
					<swisstopo:routepoint_id>900277423</swisstopo:routepoint_id>
				</extensions>
			</trkpt>
			<trkpt lat="47.1871756227" lon="8.6976226790">
				<ele>631.3</ele>
				<time>2026-05-24T07:51:31Z</time>
				<extensions>
					<swisstopo:routepoint_id>1940355246</swisstopo:routepoint_id>
				</extensions>
			</trkpt>
			<trkpt lat="47.1871776312" lon="8.6976257253">
				<ele>631.1</ele>
				<time>2026-05-24T07:51:32Z</time>
				<extensions>
					<swisstopo:routepoint_id>2011439827</swisstopo:routepoint_id>
				</extensions>
			</trkpt>
			<trkpt lat="47.1871809590" lon="8.6976300422">
				<ele>630.9</ele>
				<time>2026-05-24T07:51:33Z</time>
				<extensions>
					<swisstopo:routepoint_id>581601315</swisstopo:routepoint_id>
				</extensions>
			</trkpt>
			<trkpt lat="47.1871813310" lon="8.6976313168">
				<ele>630.8</ele>
				<time>2026-05-24T07:51:34Z</time>
				<extensions>
					<swisstopo:routepoint_id>1775223708</swisstopo:routepoint_id>
				</extensions>
			</trkpt>
			<trkpt lat="47.1871815048" lon="8.6976327785">
				<ele>630.6</ele>
				<time>2026-05-24T07:51:35Z</time>
				<extensions>
					<swisstopo:routepoint_id>1194552585</swisstopo:routepoint_id>
				</extensions>
			</trkpt>
			<trkpt lat="47.1871833721" lon="8.6976355446">
				<ele>630.2</ele>
				<time>2026-05-24T07:51:36Z</time>
				<extensions>
					<swisstopo:routepoint_id>20680292</swisstopo:routepoint_id>
				</extensions>
			</trkpt>
			<trkpt lat="47.1871846556" lon="8.6976387434">
				<ele>630.0</ele>
				<time>2026-05-24T07:51:37Z</time>
				<extensions>
					<swisstopo:routepoint_id>1828800477</swisstopo:routepoint_id>
				</extensions>
			</trkpt>
			<trkpt lat="47.1871856545" lon="8.6976416870">
				<ele>629.8</ele>
				<time>2026-05-24T07:51:38Z</time>
				<extensions>
					<swisstopo:routepoint_id>1863661075</swisstopo:routepoint_id>
				</extensions>
			</trkpt>
			<trkpt lat="47.1871857676" lon="8.6976428043">
				<ele>629.7</ele>
				<time>2026-05-24T07:51:39Z</time>
				<extensions>
					<swisstopo:routepoint_id>1502696030</swisstopo:routepoint_id>
				</extensions>
			</trkpt>
			<trkpt lat="47.1871840200" lon="8.6976395288">
				<ele>629.5</ele>
				<time>2026-05-24T07:51:40Z</time>
				<extensions>
					<swisstopo:routepoint_id>1404487490</swisstopo:routepoint_id>
				</extensions>
			</trkpt>
			<trkpt lat="47.1871809748" lon="8.6976327686">
				<ele>629.2</ele>
				<time>2026-05-24T07:51:41Z</time>
				<extensions>
					<swisstopo:routepoint_id>80996606</swisstopo:routepoint_id>
				</extensions>
			</trkpt>
			<trkpt lat="47.1871767760" lon="8.6976228140">
				<ele>628.9</ele>
				<time>2026-05-24T07:51:42Z</time>
				<extensions>
					<swisstopo:routepoint_id>1952808491</swisstopo:routepoint_id>
				</extensions>
			</trkpt>
			<trkpt lat="47.1871716595" lon="8.6976102862">
				<ele>628.6</ele>
				<time>2026-05-24T07:51:43Z</time>
				<extensions>
					<swisstopo:routepoint_id>859731136</swisstopo:routepoint_id>
				</extensions>
			</trkpt>
			<trkpt lat="47.1871669233" lon="8.6975985976">
				<ele>628.3</ele>
				<time>2026-05-24T07:51:44Z</time>
				<extensions>
					<swisstopo:routepoint_id>1231225736</swisstopo:routepoint_id>
				</extensions>
			</trkpt>
			<trkpt lat="47.1871619969" lon="8.6975861728">
				<ele>628.0</ele>
				<time>2026-05-24T07:51:45Z</time>
				<extensions>
					<swisstopo:routepoint_id>58522460</swisstopo:routepoint_id>
				</extensions>
			</trkpt>
			<trkpt lat="47.1871582494" lon="8.6975767448">
				<ele>627.8</ele>
				<time>2026-05-24T07:51:46Z</time>
				<extensions>
					<swisstopo:routepoint_id>39474894</swisstopo:routepoint_id>
				</extensions>
			</trkpt>
			<trkpt lat="47.1871571984" lon="8.6975743389">
				<ele>627.6</ele>
				<time>2026-05-24T07:51:47Z</time>
				<extensions>
					<swisstopo:routepoint_id>2029580182</swisstopo:routepoint_id>
				</extensions>
			</trkpt>
			<trkpt lat="47.1871570195" lon="8.6975741303">
				<ele>627.5</ele>
				<time>2026-05-24T07:51:48Z</time>
				<extensions>
					<swisstopo:routepoint_id>523869926</swisstopo:routepoint_id>
				</extensions>
			</trkpt>
			<trkpt lat="47.1871599479" lon="8.6975812230">
				<ele>627.3</ele>
				<time>2026-05-24T07:51:49Z</time>
				<extensions>
					<swisstopo:routepoint_id>2146377229</swisstopo:routepoint_id>
				</extensions>
			</trkpt>
			<trkpt lat="47.1871638112" lon="8.6975914557">
				<ele>627.3</ele>
				<time>2026-05-24T07:51:50Z</time>
				<extensions>
					<swisstopo:routepoint_id>731785497</swisstopo:routepoint_id>
				</extensions>
			</trkpt>
			<trkpt lat="47.1871674214" lon="8.6976003786">
				<ele>627.5</ele>
				<time>2026-05-24T07:51:51Z</time>
				<extensions>
					<swisstopo:routepoint_id>480001710</swisstopo:routepoint_id>
				</extensions>
			</trkpt>
			<trkpt lat="47.1871677882" lon="8.6976017897">
				<ele>627.3</ele>
				<time>2026-05-24T07:51:52Z</time>
				<extensions>
					<swisstopo:routepoint_id>1440161838</swisstopo:routepoint_id>
				</extensions>
			</trkpt>
			<trkpt lat="47.1871672842" lon="8.6976009505">
				<ele>627.1</ele>
				<time>2026-05-24T07:51:53Z</time>
				<extensions>
					<swisstopo:routepoint_id>511825929</swisstopo:routepoint_id>
				</extensions>
			</trkpt>
			<trkpt lat="47.1871680659" lon="8.6976015419">
				<ele>627.1</ele>
				<time>2026-05-24T07:51:54Z</time>
				<extensions>
					<swisstopo:routepoint_id>1586382468</swisstopo:routepoint_id>
				</extensions>
			</trkpt>
			<trkpt lat="47.1871711180" lon="8.6976015181">
				<ele>626.8</ele>
				<time>2026-05-24T07:51:55Z</time>
				<extensions>
					<swisstopo:routepoint_id>1320662171</swisstopo:routepoint_id>
				</extensions>
			</trkpt>
			<trkpt lat="47.1871708091" lon="8.6976011541">
				<ele>626.3</ele>
				<time>2026-05-24T07:51:56Z</time>
				<extensions>
					<swisstopo:routepoint_id>2125616252</swisstopo:routepoint_id>
				</extensions>
			</trkpt>
			<trkpt lat="47.1871693937" lon="8.6976048898">
				<ele>626.4</ele>
				<time>2026-05-24T07:51:57Z</time>
				<extensions>
					<swisstopo:routepoint_id>1841879519</swisstopo:routepoint_id>
				</extensions>
			</trkpt>
			<trkpt lat="47.1871653108" lon="8.6976089010">
				<ele>626.3</ele>
				<time>2026-05-24T07:51:58Z</time>
				<extensions>
					<swisstopo:routepoint_id>492304328</swisstopo:routepoint_id>
				</extensions>
			</trkpt>
			<trkpt lat="47.1871609802" lon="8.6976131509">
				<ele>626.0</ele>
				<time>2026-05-24T07:51:59Z</time>
				<extensions>
					<swisstopo:routepoint_id>2051832452</swisstopo:routepoint_id>
				</extensions>
			</trkpt>
			<trkpt lat="47.1871576911" lon="8.6976175392">
				<ele>625.8</ele>
				<time>2026-05-24T07:52:00Z</time>
				<extensions>
					<swisstopo:routepoint_id>855617238</swisstopo:routepoint_id>
				</extensions>
			</trkpt>
			<trkpt lat="47.1871557165" lon="8.6976200347">
				<ele>625.7</ele>
				<time>2026-05-24T07:52:01Z</time>
				<extensions>
					<swisstopo:routepoint_id>808418754</swisstopo:routepoint_id>
				</extensions>
			</trkpt>
			<trkpt lat="47.1871511539" lon="8.6976274982">
				<ele>625.5</ele>
				<time>2026-05-24T07:52:02Z</time>
				<extensions>
					<swisstopo:routepoint_id>2112447556</swisstopo:routepoint_id>
				</extensions>
			</trkpt>
			<trkpt lat="47.1871424784" lon="8.6976449117">
				<ele>625.4</ele>
				<time>2026-05-24T07:52:03Z</time>
				<extensions>
					<swisstopo:routepoint_id>1706421488</swisstopo:routepoint_id>
				</extensions>
			</trkpt>
			<trkpt lat="47.1871344175" lon="8.6976653364">
				<ele>625.2</ele>
				<time>2026-05-24T07:52:04Z</time>
				<extensions>
					<swisstopo:routepoint_id>181843131</swisstopo:routepoint_id>
				</extensions>
			</trkpt>
			<trkpt lat="47.1871285572" lon="8.6976821590">
				<ele>624.9</ele>
				<time>2026-05-24T07:52:05Z</time>
				<extensions>
					<swisstopo:routepoint_id>368273036</swisstopo:routepoint_id>
				</extensions>
			</trkpt>
			<trkpt lat="47.1871261217" lon="8.6976965728">
				<ele>624.8</ele>
				<time>2026-05-24T07:52:06Z</time>
				<extensions>
					<swisstopo:routepoint_id>517045398</swisstopo:routepoint_id>
				</extensions>
			</trkpt>
			<trkpt lat="47.1871267815" lon="8.6977061661">
				<ele>624.5</ele>
				<time>2026-05-24T07:52:07Z</time>
				<extensions>
					<swisstopo:routepoint_id>1263168424</swisstopo:routepoint_id>
				</extensions>
			</trkpt>
			<trkpt lat="47.1871291002" lon="8.6977140596">
				<ele>624.7</ele>
				<time>2026-05-24T07:52:08Z</time>
				<extensions>
					<swisstopo:routepoint_id>48367926</swisstopo:routepoint_id>
				</extensions>
			</trkpt>
			<trkpt lat="47.1871312463" lon="8.6977254102">
				<ele>625.0</ele>
				<time>2026-05-24T07:52:09Z</time>
				<extensions>
					<swisstopo:routepoint_id>1170913716</swisstopo:routepoint_id>
				</extensions>
			</trkpt>
			<trkpt lat="47.1871317732" lon="8.6977340246">
				<ele>625.0</ele>
				<time>2026-05-24T07:52:10Z</time>
				<extensions>
					<swisstopo:routepoint_id>6683704</swisstopo:routepoint_id>
				</extensions>
			</trkpt>
			<trkpt lat="47.1871375939" lon="8.6977303143">
				<ele>624.5</ele>
				<time>2026-05-24T07:52:11Z</time>
				<extensions>
					<swisstopo:routepoint_id>663863484</swisstopo:routepoint_id>
				</extensions>
			</trkpt>
			<trkpt lat="47.1871481086" lon="8.6977207939">
				<ele>624.2</ele>
				<time>2026-05-24T07:52:12Z</time>
				<extensions>
					<swisstopo:routepoint_id>1376029423</swisstopo:routepoint_id>
				</extensions>
			</trkpt>
			<trkpt lat="47.1871581007" lon="8.6977089647">
				<ele>624.1</ele>
				<time>2026-05-24T07:52:13Z</time>
				<extensions>
					<swisstopo:routepoint_id>675117818</swisstopo:routepoint_id>
				</extensions>
			</trkpt>
			<trkpt lat="47.1871682186" lon="8.6976916950">
				<ele>623.6</ele>
				<time>2026-05-24T07:52:14Z</time>
				<extensions>
					<swisstopo:routepoint_id>1549060025</swisstopo:routepoint_id>
				</extensions>
			</trkpt>
			<trkpt lat="47.1871798589" lon="8.6976776708">
				<ele>623.1</ele>
				<time>2026-05-24T07:52:15Z</time>
				<extensions>
					<swisstopo:routepoint_id>1107587594</swisstopo:routepoint_id>
				</extensions>
			</trkpt>
			<trkpt lat="47.1871922806" lon="8.6976721096">
				<ele>622.8</ele>
				<time>2026-05-24T07:52:16Z</time>
				<extensions>
					<swisstopo:routepoint_id>836440162</swisstopo:routepoint_id>
				</extensions>
			</trkpt>
			<trkpt lat="47.1872084968" lon="8.6976709238">
				<ele>622.4</ele>
				<time>2026-05-24T07:52:17Z</time>
				<extensions>
					<swisstopo:routepoint_id>621849472</swisstopo:routepoint_id>
				</extensions>
			</trkpt>
			<trkpt lat="47.1872291809" lon="8.6976830003">
				<ele>621.6</ele>
				<time>2026-05-24T07:52:18Z</time>
				<extensions>
					<swisstopo:routepoint_id>1768649602</swisstopo:routepoint_id>
				</extensions>
			</trkpt>
			<trkpt lat="47.1872476037" lon="8.6976991811">
				<ele>620.5</ele>
				<time>2026-05-24T07:52:19Z</time>
				<extensions>
					<swisstopo:routepoint_id>225219040</swisstopo:routepoint_id>
				</extensions>
			</trkpt>
			<trkpt lat="47.1872626401" lon="8.6977154372">
				<ele>619.7</ele>
				<time>2026-05-24T07:52:20Z</time>
				<extensions>
					<swisstopo:routepoint_id>1390219266</swisstopo:routepoint_id>
				</extensions>
			</trkpt>
			<trkpt lat="47.1872757531" lon="8.6977325536">
				<ele>619.3</ele>
				<time>2026-05-24T07:52:21Z</time>
				<extensions>
					<swisstopo:routepoint_id>793124302</swisstopo:routepoint_id>
				</extensions>
			</trkpt>
			<trkpt lat="47.1872903600" lon="8.6977581804">
				<ele>619.2</ele>
				<time>2026-05-24T07:52:22Z</time>
				<extensions>
					<swisstopo:routepoint_id>609146785</swisstopo:routepoint_id>
				</extensions>
			</trkpt>
			<trkpt lat="47.1872975879" lon="8.6977911923">
				<ele>618.5</ele>
				<time>2026-05-24T07:52:23Z</time>
				<extensions>
					<swisstopo:routepoint_id>875470246</swisstopo:routepoint_id>
				</extensions>
			</trkpt>
			<trkpt lat="47.1873054888" lon="8.6978284062">
				<ele>617.8</ele>
				<time>2026-05-24T07:52:24Z</time>
				<extensions>
					<swisstopo:routepoint_id>1617958925</swisstopo:routepoint_id>
				</extensions>
			</trkpt>
			<trkpt lat="47.1873153615" lon="8.6978688546">
				<ele>617.0</ele>
				<time>2026-05-24T07:52:25Z</time>
				<extensions>
					<swisstopo:routepoint_id>1597714161</swisstopo:routepoint_id>
				</extensions>
			</trkpt>
			<trkpt lat="47.1873255253" lon="8.6979081319">
				<ele>616.3</ele>
				<time>2026-05-24T07:52:26Z</time>
				<extensions>
					<swisstopo:routepoint_id>646381839</swisstopo:routepoint_id>
				</extensions>
			</trkpt>
			<trkpt lat="47.1873341969" lon="8.6979421976">
				<ele>615.9</ele>
				<time>2026-05-24T07:52:27Z</time>
				<extensions>
					<swisstopo:routepoint_id>1767281547</swisstopo:routepoint_id>
				</extensions>
			</trkpt>
			<trkpt lat="47.1873433145" lon="8.6979754410">
				<ele>615.9</ele>
				<time>2026-05-24T07:52:28Z</time>
				<extensions>
					<swisstopo:routepoint_id>854638772</swisstopo:routepoint_id>
				</extensions>
			</trkpt>
			<trkpt lat="47.1873536530" lon="8.6980095205">
				<ele>615.7</ele>
				<time>2026-05-24T07:52:29Z</time>
				<extensions>
					<swisstopo:routepoint_id>1543209868</swisstopo:routepoint_id>
				</extensions>
			</trkpt>
			<trkpt lat="47.1873647971" lon="8.6980435504">
				<ele>615.6</ele>
				<time>2026-05-24T07:52:30Z</time>
				<extensions>
					<swisstopo:routepoint_id>1568246657</swisstopo:routepoint_id>
				</extensions>
			</trkpt>
			<trkpt lat="47.1873768977" lon="8.6980775051">
				<ele>615.4</ele>
				<time>2026-05-24T07:52:31Z</time>
				<extensions>
					<swisstopo:routepoint_id>1454764568</swisstopo:routepoint_id>
				</extensions>
			</trkpt>
			<trkpt lat="47.1873896694" lon="8.6981105102">
				<ele>615.4</ele>
				<time>2026-05-24T07:52:32Z</time>
				<extensions>
					<swisstopo:routepoint_id>1126773281</swisstopo:routepoint_id>
				</extensions>
			</trkpt>
			<trkpt lat="47.1874047143" lon="8.6981455457">
				<ele>615.9</ele>
				<time>2026-05-24T07:52:33Z</time>
				<extensions>
					<swisstopo:routepoint_id>1167734521</swisstopo:routepoint_id>
				</extensions>
			</trkpt>
			<trkpt lat="47.1874175740" lon="8.6981745120">
				<ele>616.2</ele>
				<time>2026-05-24T07:52:34Z</time>
				<extensions>
					<swisstopo:routepoint_id>261044514</swisstopo:routepoint_id>
				</extensions>
			</trkpt>
			<trkpt lat="47.1874261122" lon="8.6981937142">
				<ele>616.7</ele>
				<time>2026-05-24T07:52:35Z</time>
				<extensions>
					<swisstopo:routepoint_id>66055977</swisstopo:routepoint_id>
				</extensions>
			</trkpt>
			<trkpt lat="47.1874288114" lon="8.6982040791">
				<ele>617.0</ele>
				<time>2026-05-24T07:52:36Z</time>
				<extensions>
					<swisstopo:routepoint_id>2101243587</swisstopo:routepoint_id>
				</extensions>
			</trkpt>
			<trkpt lat="47.1874305431" lon="8.6982081201">
				<ele>616.8</ele>
				<time>2026-05-24T07:52:37Z</time>
				<extensions>
					<swisstopo:routepoint_id>232391794</swisstopo:routepoint_id>
				</extensions>
			</trkpt>
			<trkpt lat="47.1874320094" lon="8.6982102851">
				<ele>616.7</ele>
				<time>2026-05-24T07:52:38Z</time>
				<extensions>
					<swisstopo:routepoint_id>1683611512</swisstopo:routepoint_id>
				</extensions>
			</trkpt>
			<trkpt lat="47.1874326834" lon="8.6982104073">
				<ele>616.4</ele>
				<time>2026-05-24T07:52:39Z</time>
				<extensions>
					<swisstopo:routepoint_id>1214149312</swisstopo:routepoint_id>
				</extensions>
			</trkpt>
			<trkpt lat="47.1874320389" lon="8.6982123277">
				<ele>616.3</ele>
				<time>2026-05-24T07:52:40Z</time>
				<extensions>
					<swisstopo:routepoint_id>817872990</swisstopo:routepoint_id>
				</extensions>
			</trkpt>
			<trkpt lat="47.1874312334" lon="8.6982137754">
				<ele>615.9</ele>
				<time>2026-05-24T07:52:41Z</time>
				<extensions>
					<swisstopo:routepoint_id>2096002130</swisstopo:routepoint_id>
				</extensions>
			</trkpt>
			<trkpt lat="47.1874312549" lon="8.6982157019">
				<ele>615.8</ele>
				<time>2026-05-24T07:52:42Z</time>
				<extensions>
					<swisstopo:routepoint_id>186053522</swisstopo:routepoint_id>
				</extensions>
			</trkpt>
			<trkpt lat="47.1874281988" lon="8.6982113660">
				<ele>615.7</ele>
				<time>2026-05-24T07:52:43Z</time>
				<extensions>
					<swisstopo:routepoint_id>265354222</swisstopo:routepoint_id>
				</extensions>
			</trkpt>
			<trkpt lat="47.1874274033" lon="8.6982105663">
				<ele>615.7</ele>
				<time>2026-05-24T07:52:45Z</time>
				<extensions>
					<swisstopo:routepoint_id>1632357982</swisstopo:routepoint_id>
				</extensions>
			</trkpt>
			<trkpt lat="47.1874287052" lon="8.6982129135">
				<ele>616.3</ele>
				<time>2026-05-24T07:52:46Z</time>
				<extensions>
					<swisstopo:routepoint_id>937013049</swisstopo:routepoint_id>
				</extensions>
			</trkpt>
			<trkpt lat="47.1874299945" lon="8.6982148716">
				<ele>616.1</ele>
				<time>2026-05-24T07:52:47Z</time>
				<extensions>
					<swisstopo:routepoint_id>880731092</swisstopo:routepoint_id>
				</extensions>
			</trkpt>
			<trkpt lat="47.1874352528" lon="8.6982223243">
				<ele>615.9</ele>
				<time>2026-05-24T07:52:48Z</time>
				<extensions>
					<swisstopo:routepoint_id>1990168120</swisstopo:routepoint_id>
				</extensions>
			</trkpt>
			<trkpt lat="47.1874467236" lon="8.6982381536">
				<ele>615.9</ele>
				<time>2026-05-24T07:52:49Z</time>
				<extensions>
					<swisstopo:routepoint_id>1697790815</swisstopo:routepoint_id>
				</extensions>
			</trkpt>
			<trkpt lat="47.1874566315" lon="8.6982576459">
				<ele>615.9</ele>
				<time>2026-05-24T07:52:50Z</time>
				<extensions>
					<swisstopo:routepoint_id>1155010016</swisstopo:routepoint_id>
				</extensions>
			</trkpt>
			<trkpt lat="47.1874677000" lon="8.6982855648">
				<ele>615.8</ele>
				<time>2026-05-24T07:52:51Z</time>
				<extensions>
					<swisstopo:routepoint_id>1148653679</swisstopo:routepoint_id>
				</extensions>
			</trkpt>
			<trkpt lat="47.1874758258" lon="8.6983173467">
				<ele>615.6</ele>
				<time>2026-05-24T07:52:52Z</time>
				<extensions>
					<swisstopo:routepoint_id>1691880070</swisstopo:routepoint_id>
				</extensions>
			</trkpt>
			<trkpt lat="47.1874843304" lon="8.6983554260">
				<ele>615.5</ele>
				<time>2026-05-24T07:52:53Z</time>
				<extensions>
					<swisstopo:routepoint_id>597366563</swisstopo:routepoint_id>
				</extensions>
			</trkpt>
			<trkpt lat="47.1874936757" lon="8.6983960035">
				<ele>615.4</ele>
				<time>2026-05-24T07:52:54Z</time>
				<extensions>
					<swisstopo:routepoint_id>453774616</swisstopo:routepoint_id>
				</extensions>
			</trkpt>
			<trkpt lat="47.1875033624" lon="8.6984390895">
				<ele>615.2</ele>
				<time>2026-05-24T07:52:55Z</time>
				<extensions>
					<swisstopo:routepoint_id>875540615</swisstopo:routepoint_id>
				</extensions>
			</trkpt>
			<trkpt lat="47.1875096581" lon="8.6984954489">
				<ele>615.1</ele>
				<time>2026-05-24T07:52:56Z</time>
				<extensions>
					<swisstopo:routepoint_id>653167061</swisstopo:routepoint_id>
				</extensions>
			</trkpt>
			<trkpt lat="47.1875081869" lon="8.6985686624">
				<ele>614.9</ele>
				<time>2026-05-24T07:52:57Z</time>
				<extensions>
					<swisstopo:routepoint_id>1989874410</swisstopo:routepoint_id>
				</extensions>
			</trkpt>
			<trkpt lat="47.1875042368" lon="8.6986319008">
				<ele>614.7</ele>
				<time>2026-05-24T07:52:58Z</time>
				<extensions>
					<swisstopo:routepoint_id>1056374139</swisstopo:routepoint_id>
				</extensions>
			</trkpt>
			<trkpt lat="47.1874763974" lon="8.6987255208">
				<ele>614.3</ele>
				<time>2026-05-24T07:52:58Z</time>
				<extensions>
					<swisstopo:routepoint_id>1232844424</swisstopo:routepoint_id>
				</extensions>
			</trkpt>
			<trkpt lat="47.1874763900" lon="8.6987255085">
				<ele>614.3</ele>
				<time>2026-05-24T07:52:59Z</time>
				<extensions>
					<swisstopo:routepoint_id>1494007912</swisstopo:routepoint_id>
				</extensions>
			</trkpt>
			<trkpt lat="47.1874764593" lon="8.6987256221">
				<ele>614.3</ele>
				<time>2026-05-24T07:53:00Z</time>
				<extensions>
					<swisstopo:routepoint_id>1412176260</swisstopo:routepoint_id>
				</extensions>
			</trkpt>
			<trkpt lat="47.1874770157" lon="8.6987266360">
				<ele>614.3</ele>
				<time>2026-05-24T07:53:01Z</time>
				<extensions>
					<swisstopo:routepoint_id>457135176</swisstopo:routepoint_id>
				</extensions>
			</trkpt>
			<trkpt lat="47.1874788981" lon="8.6987304109">
				<ele>614.2</ele>
				<time>2026-05-24T07:53:02Z</time>
				<extensions>
					<swisstopo:routepoint_id>1521897713</swisstopo:routepoint_id>
				</extensions>
			</trkpt>
			<trkpt lat="47.1874829339" lon="8.6987388154">
				<ele>614.0</ele>
				<time>2026-05-24T07:53:03Z</time>
				<extensions>
					<swisstopo:routepoint_id>2004626621</swisstopo:routepoint_id>
				</extensions>
			</trkpt>
			<trkpt lat="47.1874898897" lon="8.6987550680">
				<ele>613.7</ele>
				<time>2026-05-24T07:53:04Z</time>
				<extensions>
					<swisstopo:routepoint_id>2036165011</swisstopo:routepoint_id>
				</extensions>
			</trkpt>
			<trkpt lat="47.1874988767" lon="8.6987768355">
				<ele>613.5</ele>
				<time>2026-05-24T07:53:05Z</time>
				<extensions>
					<swisstopo:routepoint_id>1673424932</swisstopo:routepoint_id>
				</extensions>
			</trkpt>
			<trkpt lat="47.1875088870" lon="8.6988025258">
				<ele>613.3</ele>
				<time>2026-05-24T07:53:06Z</time>
				<extensions>
					<swisstopo:routepoint_id>1806991012</swisstopo:routepoint_id>
				</extensions>
			</trkpt>
			<trkpt lat="47.1875189513" lon="8.6988303085">
				<ele>613.2</ele>
				<time>2026-05-24T07:53:07Z</time>
				<extensions>
					<swisstopo:routepoint_id>384202810</swisstopo:routepoint_id>
				</extensions>
			</trkpt>
			<trkpt lat="47.1875287304" lon="8.6988590178">
				<ele>613.2</ele>
				<time>2026-05-24T07:53:08Z</time>
				<extensions>
					<swisstopo:routepoint_id>1960784788</swisstopo:routepoint_id>
				</extensions>
			</trkpt>
			<trkpt lat="47.1875382856" lon="8.6988823792">
				<ele>613.3</ele>
				<time>2026-05-24T07:53:09Z</time>
				<extensions>
					<swisstopo:routepoint_id>1773368701</swisstopo:routepoint_id>
				</extensions>
			</trkpt>
			<trkpt lat="47.1875461803" lon="8.6989010061">
				<ele>613.3</ele>
				<time>2026-05-24T07:53:10Z</time>
				<extensions>
					<swisstopo:routepoint_id>82220994</swisstopo:routepoint_id>
				</extensions>
			</trkpt>
			<trkpt lat="47.1875525189" lon="8.6989168128">
				<ele>613.4</ele>
				<time>2026-05-24T07:53:11Z</time>
				<extensions>
					<swisstopo:routepoint_id>1056261137</swisstopo:routepoint_id>
				</extensions>
			</trkpt>
			<trkpt lat="47.1875570795" lon="8.6989279324">
				<ele>613.3</ele>
				<time>2026-05-24T07:53:12Z</time>
				<extensions>
					<swisstopo:routepoint_id>1481103457</swisstopo:routepoint_id>
				</extensions>
			</trkpt>
			<trkpt lat="47.1875607592" lon="8.6989394883">
				<ele>613.3</ele>
				<time>2026-05-24T07:53:13Z</time>
				<extensions>
					<swisstopo:routepoint_id>1422849422</swisstopo:routepoint_id>
				</extensions>
			</trkpt>
			<trkpt lat="47.1875615538" lon="8.6989500470">
				<ele>613.3</ele>
				<time>2026-05-24T07:53:14Z</time>
				<extensions>
					<swisstopo:routepoint_id>1599826209</swisstopo:routepoint_id>
				</extensions>
			</trkpt>
			<trkpt lat="47.1875613393" lon="8.6989548843">
				<ele>613.4</ele>
				<time>2026-05-24T07:53:15Z</time>
				<extensions>
					<swisstopo:routepoint_id>1783834223</swisstopo:routepoint_id>
				</extensions>
			</trkpt>
			<trkpt lat="47.1875618379" lon="8.6989546029">
				<ele>613.4</ele>
				<time>2026-05-24T07:53:15Z</time>
				<extensions>
					<swisstopo:routepoint_id>2030073841</swisstopo:routepoint_id>
				</extensions>
			</trkpt>
			<trkpt lat="47.1875615753" lon="8.6989505429">
				<ele>613.5</ele>
				<time>2026-05-24T07:53:16Z</time>
				<extensions>
					<swisstopo:routepoint_id>230862151</swisstopo:routepoint_id>
				</extensions>
			</trkpt>
			<trkpt lat="47.1875611283" lon="8.6989468025">
				<ele>613.5</ele>
				<time>2026-05-24T07:53:17Z</time>
				<extensions>
					<swisstopo:routepoint_id>1744705375</swisstopo:routepoint_id>
				</extensions>
			</trkpt>
			<trkpt lat="47.1875604679" lon="8.6989431112">
				<ele>613.4</ele>
				<time>2026-05-24T07:53:18Z</time>
				<extensions>
					<swisstopo:routepoint_id>1521521487</swisstopo:routepoint_id>
				</extensions>
			</trkpt>
			<trkpt lat="47.1875598949" lon="8.6989413383">
				<ele>613.2</ele>
				<time>2026-05-24T07:53:19Z</time>
				<extensions>
					<swisstopo:routepoint_id>2123847180</swisstopo:routepoint_id>
				</extensions>
			</trkpt>
			<trkpt lat="47.1875595550" lon="8.6989421479">
				<ele>613.1</ele>
				<time>2026-05-24T07:53:20Z</time>
				<extensions>
					<swisstopo:routepoint_id>26373826</swisstopo:routepoint_id>
				</extensions>
			</trkpt>
			<trkpt lat="47.1875593028" lon="8.6989440931">
				<ele>613.0</ele>
				<time>2026-05-24T07:53:21Z</time>
				<extensions>
					<swisstopo:routepoint_id>883262300</swisstopo:routepoint_id>
				</extensions>
			</trkpt>
			<trkpt lat="47.1875591499" lon="8.6989469797">
				<ele>612.9</ele>
				<time>2026-05-24T07:53:22Z</time>
				<extensions>
					<swisstopo:routepoint_id>1582508036</swisstopo:routepoint_id>
				</extensions>
			</trkpt>
			<trkpt lat="47.1875590547" lon="8.6989502810">
				<ele>612.8</ele>
				<time>2026-05-24T07:53:23Z</time>
				<extensions>
					<swisstopo:routepoint_id>627592957</swisstopo:routepoint_id>
				</extensions>
			</trkpt>
			<trkpt lat="47.1875590897" lon="8.6989543852">
				<ele>612.7</ele>
				<time>2026-05-24T07:53:24Z</time>
				<extensions>
					<swisstopo:routepoint_id>1662637882</swisstopo:routepoint_id>
				</extensions>
			</trkpt>
			<trkpt lat="47.1875594581" lon="8.6989607139">
				<ele>612.4</ele>
				<time>2026-05-24T07:53:25Z</time>
				<extensions>
					<swisstopo:routepoint_id>897668010</swisstopo:routepoint_id>
				</extensions>
			</trkpt>
			<trkpt lat="47.1875592592" lon="8.6989624211">
				<ele>612.7</ele>
				<time>2026-05-24T07:53:26Z</time>
				<extensions>
					<swisstopo:routepoint_id>1033623895</swisstopo:routepoint_id>
				</extensions>
			</trkpt>
			<trkpt lat="47.1875579410" lon="8.6989548147">
				<ele>612.6</ele>
				<time>2026-05-24T07:53:27Z</time>
				<extensions>
					<swisstopo:routepoint_id>1121582682</swisstopo:routepoint_id>
				</extensions>
			</trkpt>
			<trkpt lat="47.1875573115" lon="8.6989524958">
				<ele>612.5</ele>
				<time>2026-05-24T07:53:28Z</time>
				<extensions>
					<swisstopo:routepoint_id>1976166655</swisstopo:routepoint_id>
				</extensions>
			</trkpt>
			<trkpt lat="47.1875578846" lon="8.6989610757">
				<ele>612.8</ele>
				<time>2026-05-24T07:53:29Z</time>
				<extensions>
					<swisstopo:routepoint_id>450886083</swisstopo:routepoint_id>
				</extensions>
			</trkpt>
			<trkpt lat="47.1875583644" lon="8.6989663796">
				<ele>612.9</ele>
				<time>2026-05-24T07:53:30Z</time>
				<extensions>
					<swisstopo:routepoint_id>1720090365</swisstopo:routepoint_id>
				</extensions>
			</trkpt>
			<trkpt lat="47.1875587004" lon="8.6989694007">
				<ele>613.0</ele>
				<time>2026-05-24T07:53:31Z</time>
				<extensions>
					<swisstopo:routepoint_id>133908641</swisstopo:routepoint_id>
				</extensions>
			</trkpt>
			<trkpt lat="47.1875580240" lon="8.6989650828">
				<ele>613.2</ele>
				<time>2026-05-24T07:53:32Z</time>
				<extensions>
					<swisstopo:routepoint_id>39667231</swisstopo:routepoint_id>
				</extensions>
			</trkpt>
			<trkpt lat="47.1875620668" lon="8.6989693657">
				<ele>613.2</ele>
				<time>2026-05-24T07:53:33Z</time>
				<extensions>
					<swisstopo:routepoint_id>967220847</swisstopo:routepoint_id>
				</extensions>
			</trkpt>
			<trkpt lat="47.1875625503" lon="8.6989750537">
				<ele>613.2</ele>
				<time>2026-05-24T07:53:34Z</time>
				<extensions>
					<swisstopo:routepoint_id>1777051386</swisstopo:routepoint_id>
				</extensions>
			</trkpt>
			<trkpt lat="47.1875624119" lon="8.6989814061">
				<ele>612.7</ele>
				<time>2026-05-24T07:53:35Z</time>
				<extensions>
					<swisstopo:routepoint_id>1847565673</swisstopo:routepoint_id>
				</extensions>
			</trkpt>
			<trkpt lat="47.1875621585" lon="8.6989851624">
				<ele>613.1</ele>
				<time>2026-05-24T07:53:36Z</time>
				<extensions>
					<swisstopo:routepoint_id>1570214138</swisstopo:routepoint_id>
				</extensions>
			</trkpt>
			<trkpt lat="47.1875618309" lon="8.6989868651">
				<ele>613.2</ele>
				<time>2026-05-24T07:53:37Z</time>
				<extensions>
					<swisstopo:routepoint_id>162479383</swisstopo:routepoint_id>
				</extensions>
			</trkpt>
			<trkpt lat="47.1875614185" lon="8.6989860584">
				<ele>613.2</ele>
				<time>2026-05-24T07:53:38Z</time>
				<extensions>
					<swisstopo:routepoint_id>1339274744</swisstopo:routepoint_id>
				</extensions>
			</trkpt>
			<trkpt lat="47.1875611355" lon="8.6989856623">
				<ele>613.7</ele>
				<time>2026-05-24T07:53:39Z</time>
				<extensions>
					<swisstopo:routepoint_id>1414518201</swisstopo:routepoint_id>
				</extensions>
			</trkpt>
			<trkpt lat="47.1875608755" lon="8.6989864258">
				<ele>613.9</ele>
				<time>2026-05-24T07:53:40Z</time>
				<extensions>
					<swisstopo:routepoint_id>1163431917</swisstopo:routepoint_id>
				</extensions>
			</trkpt>
			<trkpt lat="47.1875608417" lon="8.6989976813">
				<ele>613.8</ele>
				<time>2026-05-24T07:53:41Z</time>
				<extensions>
					<swisstopo:routepoint_id>961623084</swisstopo:routepoint_id>
				</extensions>
			</trkpt>
			<trkpt lat="47.1875603012" lon="8.6990163126">
				<ele>613.3</ele>
				<time>2026-05-24T07:53:42Z</time>
				<extensions>
					<swisstopo:routepoint_id>37245466</swisstopo:routepoint_id>
				</extensions>
			</trkpt>
			<trkpt lat="47.1875589219" lon="8.6990388373">
				<ele>613.6</ele>
				<time>2026-05-24T07:53:43Z</time>
				<extensions>
					<swisstopo:routepoint_id>1066805785</swisstopo:routepoint_id>
				</extensions>
			</trkpt>
			<trkpt lat="47.1875577784" lon="8.6990579095">
				<ele>614.1</ele>
				<time>2026-05-24T07:53:44Z</time>
				<extensions>
					<swisstopo:routepoint_id>463859692</swisstopo:routepoint_id>
				</extensions>
			</trkpt>
			<trkpt lat="47.1875560298" lon="8.6990641214">
				<ele>614.4</ele>
				<time>2026-05-24T07:53:45Z</time>
				<extensions>
					<swisstopo:routepoint_id>724204834</swisstopo:routepoint_id>
				</extensions>
			</trkpt>
			<trkpt lat="47.1875490886" lon="8.6990876325">
				<ele>614.7</ele>
				<time>2026-05-24T07:53:46Z</time>
				<extensions>
					<swisstopo:routepoint_id>1920817489</swisstopo:routepoint_id>
				</extensions>
			</trkpt>
			<trkpt lat="47.1875446735" lon="8.6991042835">
				<ele>614.9</ele>
				<time>2026-05-24T07:53:47Z</time>
				<extensions>
					<swisstopo:routepoint_id>57872272</swisstopo:routepoint_id>
				</extensions>
			</trkpt>
			<trkpt lat="47.1875412666" lon="8.6991168478">
				<ele>615.0</ele>
				<time>2026-05-24T07:53:48Z</time>
				<extensions>
					<swisstopo:routepoint_id>1996667060</swisstopo:routepoint_id>
				</extensions>
			</trkpt>
			<trkpt lat="47.1875386708" lon="8.6991260148">
				<ele>615.2</ele>
				<time>2026-05-24T07:53:49Z</time>
				<extensions>
					<swisstopo:routepoint_id>1403809398</swisstopo:routepoint_id>
				</extensions>
			</trkpt>
			<trkpt lat="47.1875390508" lon="8.6991235623">
				<ele>615.4</ele>
				<time>2026-05-24T07:53:50Z</time>
				<extensions>
					<swisstopo:routepoint_id>1569206244</swisstopo:routepoint_id>
				</extensions>
			</trkpt>
			<trkpt lat="47.1875402257" lon="8.6991168646">
				<ele>615.4</ele>
				<time>2026-05-24T07:53:51Z</time>
				<extensions>
					<swisstopo:routepoint_id>402674101</swisstopo:routepoint_id>
				</extensions>
			</trkpt>
			<trkpt lat="47.1875420178" lon="8.6991043808">
				<ele>615.1</ele>
				<time>2026-05-24T07:53:52Z</time>
				<extensions>
					<swisstopo:routepoint_id>1022643810</swisstopo:routepoint_id>
				</extensions>
			</trkpt>
			<trkpt lat="47.1875438930" lon="8.6990874320">
				<ele>614.6</ele>
				<time>2026-05-24T07:53:53Z</time>
				<extensions>
					<swisstopo:routepoint_id>1262887729</swisstopo:routepoint_id>
				</extensions>
			</trkpt>
			<trkpt lat="47.1875454214" lon="8.6990650179">
				<ele>614.1</ele>
				<time>2026-05-24T07:53:54Z</time>
				<extensions>
					<swisstopo:routepoint_id>1773178002</swisstopo:routepoint_id>
				</extensions>
			</trkpt>
			<trkpt lat="47.1875459130" lon="8.6990363471">
				<ele>613.3</ele>
				<time>2026-05-24T07:53:55Z</time>
				<extensions>
					<swisstopo:routepoint_id>1172110195</swisstopo:routepoint_id>
				</extensions>
			</trkpt>
			<trkpt lat="47.1875467759" lon="8.6990060732">
				<ele>612.4</ele>
				<time>2026-05-24T07:53:56Z</time>
				<extensions>
					<swisstopo:routepoint_id>788553434</swisstopo:routepoint_id>
				</extensions>
			</trkpt>
			<trkpt lat="47.1875468320" lon="8.6989832570">
				<ele>611.8</ele>
				<time>2026-05-24T07:53:57Z</time>
				<extensions>
					<swisstopo:routepoint_id>1095979601</swisstopo:routepoint_id>
				</extensions>
			</trkpt>
			<trkpt lat="47.1875484378" lon="8.6989632384">
				<ele>611.3</ele>
				<time>2026-05-24T07:53:58Z</time>
				<extensions>
					<swisstopo:routepoint_id>1161913688</swisstopo:routepoint_id>
				</extensions>
			</trkpt>
			<trkpt lat="47.1875509479" lon="8.6989538639">
				<ele>611.0</ele>
				<time>2026-05-24T07:53:59Z</time>
				<extensions>
					<swisstopo:routepoint_id>1214552045</swisstopo:routepoint_id>
				</extensions>
			</trkpt>
			<trkpt lat="47.1875531881" lon="8.6989482618">
				<ele>610.7</ele>
				<time>2026-05-24T07:54:00Z</time>
				<extensions>
					<swisstopo:routepoint_id>1144155580</swisstopo:routepoint_id>
				</extensions>
			</trkpt>
			<trkpt lat="47.1875552716" lon="8.6989466396">
				<ele>610.7</ele>
				<time>2026-05-24T07:54:01Z</time>
				<extensions>
					<swisstopo:routepoint_id>1254257822</swisstopo:routepoint_id>
				</extensions>
			</trkpt>
			<trkpt lat="47.1875568111" lon="8.6989454041">
				<ele>610.8</ele>
				<time>2026-05-24T07:54:02Z</time>
				<extensions>
					<swisstopo:routepoint_id>611735402</swisstopo:routepoint_id>
				</extensions>
			</trkpt>
			<trkpt lat="47.1875581401" lon="8.6989457932">
				<ele>611.6</ele>
				<time>2026-05-24T07:54:03Z</time>
				<extensions>
					<swisstopo:routepoint_id>1432683225</swisstopo:routepoint_id>
				</extensions>
			</trkpt>
			<trkpt lat="47.1875594648" lon="8.6989533546">
				<ele>611.8</ele>
				<time>2026-05-24T07:54:04Z</time>
				<extensions>
					<swisstopo:routepoint_id>1520312411</swisstopo:routepoint_id>
				</extensions>
			</trkpt>
			<trkpt lat="47.1875605253" lon="8.6989617366">
				<ele>611.7</ele>
				<time>2026-05-24T07:54:05Z</time>
				<extensions>
					<swisstopo:routepoint_id>1130259671</swisstopo:routepoint_id>
				</extensions>
			</trkpt>
			<trkpt lat="47.1875614266" lon="8.6989733648">
				<ele>611.7</ele>
				<time>2026-05-24T07:54:06Z</time>
				<extensions>
					<swisstopo:routepoint_id>1781432782</swisstopo:routepoint_id>
				</extensions>
			</trkpt>
			<trkpt lat="47.1875619782" lon="8.6989888831">
				<ele>611.6</ele>
				<time>2026-05-24T07:54:07Z</time>
				<extensions>
					<swisstopo:routepoint_id>323760600</swisstopo:routepoint_id>
				</extensions>
			</trkpt>
			<trkpt lat="47.1875622787" lon="8.6990043590">
				<ele>611.4</ele>
				<time>2026-05-24T07:54:08Z</time>
				<extensions>
					<swisstopo:routepoint_id>1868326349</swisstopo:routepoint_id>
				</extensions>
			</trkpt>
			<trkpt lat="47.1875623252" lon="8.6990193987">
				<ele>611.3</ele>
				<time>2026-05-24T07:54:09Z</time>
				<extensions>
					<swisstopo:routepoint_id>455061209</swisstopo:routepoint_id>
				</extensions>
			</trkpt>
			<trkpt lat="47.1875622060" lon="8.6990324714">
				<ele>611.5</ele>
				<time>2026-05-24T07:54:10Z</time>
				<extensions>
					<swisstopo:routepoint_id>1024472696</swisstopo:routepoint_id>
				</extensions>
			</trkpt>
			<trkpt lat="47.1875618081" lon="8.6990447181">
				<ele>611.5</ele>
				<time>2026-05-24T07:54:11Z</time>
				<extensions>
					<swisstopo:routepoint_id>1936203673</swisstopo:routepoint_id>
				</extensions>
			</trkpt>
			<trkpt lat="47.1875603563" lon="8.6990617295">
				<ele>611.5</ele>
				<time>2026-05-24T07:54:12Z</time>
				<extensions>
					<swisstopo:routepoint_id>955429120</swisstopo:routepoint_id>
				</extensions>
			</trkpt>
			<trkpt lat="47.1875592970" lon="8.6990744380">
				<ele>611.6</ele>
				<time>2026-05-24T07:54:13Z</time>
				<extensions>
					<swisstopo:routepoint_id>1161991221</swisstopo:routepoint_id>
				</extensions>
			</trkpt>
			<trkpt lat="47.1875589030" lon="8.6990803085">
				<ele>611.6</ele>
				<time>2026-05-24T07:54:14Z</time>
				<extensions>
					<swisstopo:routepoint_id>370165529</swisstopo:routepoint_id>
				</extensions>
			</trkpt>
			<trkpt lat="47.1875585010" lon="8.6990848361">
				<ele>611.6</ele>
				<time>2026-05-24T07:54:15Z</time>
				<extensions>
					<swisstopo:routepoint_id>111920544</swisstopo:routepoint_id>
				</extensions>
			</trkpt>
			<trkpt lat="47.1875580170" lon="8.6990889206">
				<ele>611.7</ele>
				<time>2026-05-24T07:54:16Z</time>
				<extensions>
					<swisstopo:routepoint_id>2000391883</swisstopo:routepoint_id>
				</extensions>
			</trkpt>
			<trkpt lat="47.1875574196" lon="8.6990930869">
				<ele>611.9</ele>
				<time>2026-05-24T07:54:17Z</time>
				<extensions>
					<swisstopo:routepoint_id>1729883796</swisstopo:routepoint_id>
				</extensions>
			</trkpt>
			<trkpt lat="47.1875571617" lon="8.6990940073">
				<ele>612.0</ele>
				<time>2026-05-24T07:54:18Z</time>
				<extensions>
					<swisstopo:routepoint_id>1523346286</swisstopo:routepoint_id>
				</extensions>
			</trkpt>
			<trkpt lat="47.1875563989" lon="8.6990889527">
				<ele>612.3</ele>
				<time>2026-05-24T07:54:19Z</time>
				<extensions>
					<swisstopo:routepoint_id>580989268</swisstopo:routepoint_id>
				</extensions>
			</trkpt>
			<trkpt lat="47.1875551157" lon="8.6990786242">
				<ele>612.4</ele>
				<time>2026-05-24T07:54:20Z</time>
				<extensions>
					<swisstopo:routepoint_id>78484367</swisstopo:routepoint_id>
				</extensions>
			</trkpt>
			<trkpt lat="47.1875541902" lon="8.6990652344">
				<ele>612.5</ele>
				<time>2026-05-24T07:54:21Z</time>
				<extensions>
					<swisstopo:routepoint_id>531796911</swisstopo:routepoint_id>
				</extensions>
			</trkpt>
			<trkpt lat="47.1875537605" lon="8.6990470622">
				<ele>612.5</ele>
				<time>2026-05-24T07:54:22Z</time>
				<extensions>
					<swisstopo:routepoint_id>83744363</swisstopo:routepoint_id>
				</extensions>
			</trkpt>
			<trkpt lat="47.1875535375" lon="8.6990280612">
				<ele>612.5</ele>
				<time>2026-05-24T07:54:23Z</time>
				<extensions>
					<swisstopo:routepoint_id>889720156</swisstopo:routepoint_id>
				</extensions>
			</trkpt>
			<trkpt lat="47.1875536322" lon="8.6990075779">
				<ele>612.4</ele>
				<time>2026-05-24T07:54:24Z</time>
				<extensions>
					<swisstopo:routepoint_id>598027831</swisstopo:routepoint_id>
				</extensions>
			</trkpt>
			<trkpt lat="47.1875539174" lon="8.6989879557">
				<ele>612.4</ele>
				<time>2026-05-24T07:54:25Z</time>
				<extensions>
					<swisstopo:routepoint_id>830287657</swisstopo:routepoint_id>
				</extensions>
			</trkpt>
			<trkpt lat="47.1875534258" lon="8.6989712011">
				<ele>612.3</ele>
				<time>2026-05-24T07:54:26Z</time>
				<extensions>
					<swisstopo:routepoint_id>295912993</swisstopo:routepoint_id>
				</extensions>
			</trkpt>
			<trkpt lat="47.1875514295" lon="8.6989556087">
				<ele>612.3</ele>
				<time>2026-05-24T07:54:27Z</time>
				<extensions>
					<swisstopo:routepoint_id>1985030546</swisstopo:routepoint_id>
				</extensions>
			</trkpt>
			<trkpt lat="47.1875491751" lon="8.6989408644">
				<ele>611.9</ele>
				<time>2026-05-24T07:54:28Z</time>
				<extensions>
					<swisstopo:routepoint_id>1249930477</swisstopo:routepoint_id>
				</extensions>
			</trkpt>
			<trkpt lat="47.1875497063" lon="8.6989326921">
				<ele>611.8</ele>
				<time>2026-05-24T07:54:29Z</time>
				<extensions>
					<swisstopo:routepoint_id>896491985</swisstopo:routepoint_id>
				</extensions>
			</trkpt>
			<trkpt lat="47.1875504031" lon="8.6989259026">
				<ele>611.7</ele>
				<time>2026-05-24T07:54:30Z</time>
				<extensions>
					<swisstopo:routepoint_id>595524543</swisstopo:routepoint_id>
				</extensions>
			</trkpt>
			<trkpt lat="47.1875514402" lon="8.6989241253">
				<ele>611.6</ele>
				<time>2026-05-24T07:54:31Z</time>
				<extensions>
					<swisstopo:routepoint_id>1707199181</swisstopo:routepoint_id>
				</extensions>
			</trkpt>
			<trkpt lat="47.1875528916" lon="8.6989276485">
				<ele>611.9</ele>
				<time>2026-05-24T07:54:32Z</time>
				<extensions>
					<swisstopo:routepoint_id>367627500</swisstopo:routepoint_id>
				</extensions>
			</trkpt>
			<trkpt lat="47.1875543469" lon="8.6989330997">
				<ele>611.6</ele>
				<time>2026-05-24T07:54:33Z</time>
				<extensions>
					<swisstopo:routepoint_id>404940081</swisstopo:routepoint_id>
				</extensions>
			</trkpt>
			<trkpt lat="47.1875561175" lon="8.6989475834">
				<ele>611.4</ele>
				<time>2026-05-24T07:54:34Z</time>
				<extensions>
					<swisstopo:routepoint_id>452264024</swisstopo:routepoint_id>
				</extensions>
			</trkpt>
			<trkpt lat="47.1875576322" lon="8.6989662004">
				<ele>611.3</ele>
				<time>2026-05-24T07:54:35Z</time>
				<extensions>
					<swisstopo:routepoint_id>1256824635</swisstopo:routepoint_id>
				</extensions>
			</trkpt>
			<trkpt lat="47.1875588733" lon="8.6989826744">
				<ele>611.3</ele>
				<time>2026-05-24T07:54:36Z</time>
				<extensions>
					<swisstopo:routepoint_id>802488553</swisstopo:routepoint_id>
				</extensions>
			</trkpt>
			<trkpt lat="47.1875598720" lon="8.6989962735">
				<ele>611.6</ele>
				<time>2026-05-24T07:54:37Z</time>
				<extensions>
					<swisstopo:routepoint_id>1227807111</swisstopo:routepoint_id>
				</extensions>
			</trkpt>
			<trkpt lat="47.1875605893" lon="8.6990098634">
				<ele>611.6</ele>
				<time>2026-05-24T07:54:38Z</time>
				<extensions>
					<swisstopo:routepoint_id>583750554</swisstopo:routepoint_id>
				</extensions>
			</trkpt>
			<trkpt lat="47.1875609690" lon="8.6990271655">
				<ele>611.7</ele>
				<time>2026-05-24T07:54:39Z</time>
				<extensions>
					<swisstopo:routepoint_id>1390261582</swisstopo:routepoint_id>
				</extensions>
			</trkpt>
			<trkpt lat="47.1875604566" lon="8.6990456216">
				<ele>611.8</ele>
				<time>2026-05-24T07:54:40Z</time>
				<extensions>
					<swisstopo:routepoint_id>1504329314</swisstopo:routepoint_id>
				</extensions>
			</trkpt>
			<trkpt lat="47.1875597181" lon="8.6990619654">
				<ele>611.9</ele>
				<time>2026-05-24T07:54:41Z</time>
				<extensions>
					<swisstopo:routepoint_id>937804267</swisstopo:routepoint_id>
				</extensions>
			</trkpt>
			<trkpt lat="47.1875585641" lon="8.6990775410">
				<ele>611.9</ele>
				<time>2026-05-24T07:54:42Z</time>
				<extensions>
					<swisstopo:routepoint_id>1293830136</swisstopo:routepoint_id>
				</extensions>
			</trkpt>
			<trkpt lat="47.1875569656" lon="8.6990925706">
				<ele>611.9</ele>
				<time>2026-05-24T07:54:43Z</time>
				<extensions>
					<swisstopo:routepoint_id>2131169877</swisstopo:routepoint_id>
				</extensions>
			</trkpt>
			<trkpt lat="47.1875532926" lon="8.6991105199">
				<ele>611.7</ele>
				<time>2026-05-24T07:54:44Z</time>
				<extensions>
					<swisstopo:routepoint_id>692374426</swisstopo:routepoint_id>
				</extensions>
			</trkpt>
			<trkpt lat="47.1875490965" lon="8.6991273206">
				<ele>611.4</ele>
				<time>2026-05-24T07:54:45Z</time>
				<extensions>
					<swisstopo:routepoint_id>1670578336</swisstopo:routepoint_id>
				</extensions>
			</trkpt>
			<trkpt lat="47.1875447437" lon="8.6991422200">
				<ele>611.2</ele>
				<time>2026-05-24T07:54:46Z</time>
				<extensions>
					<swisstopo:routepoint_id>1208892274</swisstopo:routepoint_id>
				</extensions>
			</trkpt>
			<trkpt lat="47.1875399191" lon="8.6991562827">
				<ele>611.2</ele>
				<time>2026-05-24T07:54:47Z</time>
				<extensions>
					<swisstopo:routepoint_id>509664851</swisstopo:routepoint_id>
				</extensions>
			</trkpt>
			<trkpt lat="47.1875346567" lon="8.6991697056">
				<ele>611.1</ele>
				<time>2026-05-24T07:54:48Z</time>
				<extensions>
					<swisstopo:routepoint_id>1772366521</swisstopo:routepoint_id>
				</extensions>
			</trkpt>
			<trkpt lat="47.1875301507" lon="8.6991802229">
				<ele>611.1</ele>
				<time>2026-05-24T07:54:49Z</time>
				<extensions>
					<swisstopo:routepoint_id>418450910</swisstopo:routepoint_id>
				</extensions>
			</trkpt>
			<trkpt lat="47.1875254153" lon="8.6991897521">
				<ele>610.9</ele>
				<time>2026-05-24T07:54:51Z</time>
				<extensions>
					<swisstopo:routepoint_id>2042984092</swisstopo:routepoint_id>
				</extensions>
			</trkpt>
			<trkpt lat="47.1875203301" lon="8.6991987785">
				<ele>610.6</ele>
				<time>2026-05-24T07:54:52Z</time>
				<extensions>
					<swisstopo:routepoint_id>317602361</swisstopo:routepoint_id>
				</extensions>
			</trkpt>
			<trkpt lat="47.1875173110" lon="8.6991991770">
				<ele>610.4</ele>
				<time>2026-05-24T07:54:53Z</time>
				<extensions>
					<swisstopo:routepoint_id>1446018532</swisstopo:routepoint_id>
				</extensions>
			</trkpt>
			<trkpt lat="47.1875151485" lon="8.6991975245">
				<ele>610.2</ele>
				<time>2026-05-24T07:54:54Z</time>
				<extensions>
					<swisstopo:routepoint_id>161034225</swisstopo:routepoint_id>
				</extensions>
			</trkpt>
			<trkpt lat="47.1875143770" lon="8.6991978744">
				<ele>610.3</ele>
				<time>2026-05-24T07:54:55Z</time>
				<extensions>
					<swisstopo:routepoint_id>672824355</swisstopo:routepoint_id>
				</extensions>
			</trkpt>
			<trkpt lat="47.1875152695" lon="8.6991960284">
				<ele>610.3</ele>
				<time>2026-05-24T07:54:56Z</time>
				<extensions>
					<swisstopo:routepoint_id>1657533030</swisstopo:routepoint_id>
				</extensions>
			</trkpt>
			<trkpt lat="47.1875163394" lon="8.6991938123">
				<ele>610.4</ele>
				<time>2026-05-24T07:54:57Z</time>
				<extensions>
					<swisstopo:routepoint_id>999766326</swisstopo:routepoint_id>
				</extensions>
			</trkpt>
			<trkpt lat="47.1875174802" lon="8.6991948048">
				<ele>610.2</ele>
				<time>2026-05-24T07:54:58Z</time>
				<extensions>
					<swisstopo:routepoint_id>1160586954</swisstopo:routepoint_id>
				</extensions>
			</trkpt>
			<trkpt lat="47.1875174276" lon="8.6992015022">
				<ele>609.8</ele>
				<time>2026-05-24T07:54:59Z</time>
				<extensions>
					<swisstopo:routepoint_id>390970177</swisstopo:routepoint_id>
				</extensions>
			</trkpt>
			<trkpt lat="47.1875169975" lon="8.6992146338">
				<ele>610.3</ele>
				<time>2026-05-24T07:55:00Z</time>
				<extensions>
					<swisstopo:routepoint_id>1883288666</swisstopo:routepoint_id>
				</extensions>
			</trkpt>
			<trkpt lat="47.1875203904" lon="8.6992329955">
				<ele>610.8</ele>
				<time>2026-05-24T07:55:01Z</time>
				<extensions>
					<swisstopo:routepoint_id>671136329</swisstopo:routepoint_id>
				</extensions>
			</trkpt>
			<trkpt lat="47.1875299619" lon="8.6992550473">
				<ele>611.1</ele>
				<time>2026-05-24T07:55:02Z</time>
				<extensions>
					<swisstopo:routepoint_id>1204167459</swisstopo:routepoint_id>
				</extensions>
			</trkpt>
			<trkpt lat="47.1875444572" lon="8.6992770050">
				<ele>611.1</ele>
				<time>2026-05-24T07:55:03Z</time>
				<extensions>
					<swisstopo:routepoint_id>556594085</swisstopo:routepoint_id>
				</extensions>
			</trkpt>
			<trkpt lat="47.1875755107" lon="8.6993164931">
				<ele>610.9</ele>
				<time>2026-05-24T07:55:04Z</time>
				<extensions>
					<swisstopo:routepoint_id>238020263</swisstopo:routepoint_id>
				</extensions>
			</trkpt>
			<trkpt lat="47.1876071725" lon="8.6993596590">
				<ele>610.7</ele>
				<time>2026-05-24T07:55:05Z</time>
				<extensions>
					<swisstopo:routepoint_id>1792009527</swisstopo:routepoint_id>
				</extensions>
			</trkpt>
			<trkpt lat="47.1876381832" lon="8.6994001080">
				<ele>610.3</ele>
				<time>2026-05-24T07:55:06Z</time>
				<extensions>
					<swisstopo:routepoint_id>1993454761</swisstopo:routepoint_id>
				</extensions>
			</trkpt>
			<trkpt lat="47.1876659199" lon="8.6994362662">
				<ele>609.8</ele>
				<time>2026-05-24T07:55:07Z</time>
				<extensions>
					<swisstopo:routepoint_id>1101791280</swisstopo:routepoint_id>
				</extensions>
			</trkpt>
			<trkpt lat="47.1876899141" lon="8.6994676849">
				<ele>609.4</ele>
				<time>2026-05-24T07:55:08Z</time>
				<extensions>
					<swisstopo:routepoint_id>54554879</swisstopo:routepoint_id>
				</extensions>
			</trkpt>
			<trkpt lat="47.1877194977" lon="8.6994969351">
				<ele>608.6</ele>
				<time>2026-05-24T07:55:08Z</time>
				<extensions>
					<swisstopo:routepoint_id>2075817731</swisstopo:routepoint_id>
				</extensions>
			</trkpt>
			<trkpt lat="47.1877194897" lon="8.6994969225">
				<ele>608.6</ele>
				<time>2026-05-24T07:55:09Z</time>
				<extensions>
					<swisstopo:routepoint_id>249275755</swisstopo:routepoint_id>
				</extensions>
			</trkpt>
			<trkpt lat="47.1877195634" lon="8.6994970452">
				<ele>608.6</ele>
				<time>2026-05-24T07:55:10Z</time>
				<extensions>
					<swisstopo:routepoint_id>1984502635</swisstopo:routepoint_id>
				</extensions>
			</trkpt>
			<trkpt lat="47.1877201442" lon="8.6994981773">
				<ele>608.6</ele>
				<time>2026-05-24T07:55:11Z</time>
				<extensions>
					<swisstopo:routepoint_id>967264888</swisstopo:routepoint_id>
				</extensions>
			</trkpt>
			<trkpt lat="47.1877219707" lon="8.6995020430">
				<ele>608.6</ele>
				<time>2026-05-24T07:55:12Z</time>
				<extensions>
					<swisstopo:routepoint_id>369764826</swisstopo:routepoint_id>
				</extensions>
			</trkpt>
			<trkpt lat="47.1877256977" lon="8.6995103720">
				<ele>608.7</ele>
				<time>2026-05-24T07:55:13Z</time>
				<extensions>
					<swisstopo:routepoint_id>1967239811</swisstopo:routepoint_id>
				</extensions>
			</trkpt>
			<trkpt lat="47.1877319285" lon="8.6995253694">
				<ele>608.8</ele>
				<time>2026-05-24T07:55:14Z</time>
				<extensions>
					<swisstopo:routepoint_id>741274265</swisstopo:routepoint_id>
				</extensions>
			</trkpt>
			<trkpt lat="47.1877408205" lon="8.6995486405">
				<ele>609.0</ele>
				<time>2026-05-24T07:55:15Z</time>
				<extensions>
					<swisstopo:routepoint_id>1043935608</swisstopo:routepoint_id>
				</extensions>
			</trkpt>
			<trkpt lat="47.1877518543" lon="8.6995786810">
				<ele>609.2</ele>
				<time>2026-05-24T07:55:16Z</time>
				<extensions>
					<swisstopo:routepoint_id>484367666</swisstopo:routepoint_id>
				</extensions>
			</trkpt>
			<trkpt lat="47.1877627098" lon="8.6996098808">
				<ele>609.4</ele>
				<time>2026-05-24T07:55:17Z</time>
				<extensions>
					<swisstopo:routepoint_id>1804340332</swisstopo:routepoint_id>
				</extensions>
			</trkpt>
			<trkpt lat="47.1877721413" lon="8.6996376043">
				<ele>609.5</ele>
				<time>2026-05-24T07:55:18Z</time>
				<extensions>
					<swisstopo:routepoint_id>931380637</swisstopo:routepoint_id>
				</extensions>
			</trkpt>
			<trkpt lat="47.1877801663" lon="8.6996619020">
				<ele>609.6</ele>
				<time>2026-05-24T07:55:18Z</time>
				<extensions>
					<swisstopo:routepoint_id>706063076</swisstopo:routepoint_id>
				</extensions>
			</trkpt>
			<trkpt lat="47.1877865300" lon="8.6996816332">
				<ele>609.7</ele>
				<time>2026-05-24T07:55:19Z</time>
				<extensions>
					<swisstopo:routepoint_id>1954968657</swisstopo:routepoint_id>
				</extensions>
			</trkpt>
			<trkpt lat="47.1877912130" lon="8.6996954128">
				<ele>609.8</ele>
				<time>2026-05-24T07:55:20Z</time>
				<extensions>
					<swisstopo:routepoint_id>658419099</swisstopo:routepoint_id>
				</extensions>
			</trkpt>
			<trkpt lat="47.1877961395" lon="8.6997057898">
				<ele>609.8</ele>
				<time>2026-05-24T07:55:21Z</time>
				<extensions>
					<swisstopo:routepoint_id>66563902</swisstopo:routepoint_id>
				</extensions>
			</trkpt>
			<trkpt lat="47.1877996579" lon="8.6997113824">
				<ele>609.9</ele>
				<time>2026-05-24T07:55:22Z</time>
				<extensions>
					<swisstopo:routepoint_id>2048004474</swisstopo:routepoint_id>
				</extensions>
			</trkpt>
			<trkpt lat="47.1878026452" lon="8.6997159832">
				<ele>610.1</ele>
				<time>2026-05-24T07:55:23Z</time>
				<extensions>
					<swisstopo:routepoint_id>943300402</swisstopo:routepoint_id>
				</extensions>
			</trkpt>
			<trkpt lat="47.1878041935" lon="8.6997166442">
				<ele>610.2</ele>
				<time>2026-05-24T07:55:24Z</time>
				<extensions>
					<swisstopo:routepoint_id>1325574260</swisstopo:routepoint_id>
				</extensions>
			</trkpt>
			<trkpt lat="47.1878046264" lon="8.6997145050">
				<ele>610.3</ele>
				<time>2026-05-24T07:55:25Z</time>
				<extensions>
					<swisstopo:routepoint_id>931233842</swisstopo:routepoint_id>
				</extensions>
			</trkpt>
			<trkpt lat="47.1878053949" lon="8.6997150131">
				<ele>610.4</ele>
				<time>2026-05-24T07:55:26Z</time>
				<extensions>
					<swisstopo:routepoint_id>386363158</swisstopo:routepoint_id>
				</extensions>
			</trkpt>
			<trkpt lat="47.1878025393" lon="8.6997104349">
				<ele>610.4</ele>
				<time>2026-05-24T07:55:27Z</time>
				<extensions>
					<swisstopo:routepoint_id>1762531625</swisstopo:routepoint_id>
				</extensions>
			</trkpt>
			<trkpt lat="47.1877997131" lon="8.6997040802">
				<ele>610.4</ele>
				<time>2026-05-24T07:55:28Z</time>
				<extensions>
					<swisstopo:routepoint_id>479594657</swisstopo:routepoint_id>
				</extensions>
			</trkpt>
			<trkpt lat="47.1877963566" lon="8.6996977990">
				<ele>610.5</ele>
				<time>2026-05-24T07:55:29Z</time>
				<extensions>
					<swisstopo:routepoint_id>1041273008</swisstopo:routepoint_id>
				</extensions>
			</trkpt>
			<trkpt lat="47.1877939283" lon="8.6996948981">
				<ele>610.5</ele>
				<time>2026-05-24T07:55:30Z</time>
				<extensions>
					<swisstopo:routepoint_id>831206053</swisstopo:routepoint_id>
				</extensions>
			</trkpt>
			<trkpt lat="47.1877919292" lon="8.6996928648">
				<ele>610.6</ele>
				<time>2026-05-24T07:55:31Z</time>
				<extensions>
					<swisstopo:routepoint_id>699009036</swisstopo:routepoint_id>
				</extensions>
			</trkpt>
			<trkpt lat="47.1877901802" lon="8.6996909769">
				<ele>610.6</ele>
				<time>2026-05-24T07:55:32Z</time>
				<extensions>
					<swisstopo:routepoint_id>1509318962</swisstopo:routepoint_id>
				</extensions>
			</trkpt>
			<trkpt lat="47.1877882311" lon="8.6996874826">
				<ele>610.6</ele>
				<time>2026-05-24T07:55:33Z</time>
				<extensions>
					<swisstopo:routepoint_id>1046955970</swisstopo:routepoint_id>
				</extensions>
			</trkpt>
			<trkpt lat="47.1877861128" lon="8.6996825525">
				<ele>610.6</ele>
				<time>2026-05-24T07:55:34Z</time>
				<extensions>
					<swisstopo:routepoint_id>1855467919</swisstopo:routepoint_id>
				</extensions>
			</trkpt>
			<trkpt lat="47.1877845682" lon="8.6996791773">
				<ele>610.4</ele>
				<time>2026-05-24T07:55:35Z</time>
				<extensions>
					<swisstopo:routepoint_id>1239276546</swisstopo:routepoint_id>
				</extensions>
			</trkpt>
			<trkpt lat="47.1877836323" lon="8.6996775730">
				<ele>610.3</ele>
				<time>2026-05-24T07:55:36Z</time>
				<extensions>
					<swisstopo:routepoint_id>77016369</swisstopo:routepoint_id>
				</extensions>
			</trkpt>
			<trkpt lat="47.1877823217" lon="8.6996739518">
				<ele>609.9</ele>
				<time>2026-05-24T07:55:37Z</time>
				<extensions>
					<swisstopo:routepoint_id>1628958289</swisstopo:routepoint_id>
				</extensions>
			</trkpt>
			<trkpt lat="47.1877815978" lon="8.6996721795">
				<ele>609.6</ele>
				<time>2026-05-24T07:55:38Z</time>
				<extensions>
					<swisstopo:routepoint_id>1780431267</swisstopo:routepoint_id>
				</extensions>
			</trkpt>
			<trkpt lat="47.1877817498" lon="8.6996734734">
				<ele>609.3</ele>
				<time>2026-05-24T07:55:39Z</time>
				<extensions>
					<swisstopo:routepoint_id>671167171</swisstopo:routepoint_id>
				</extensions>
			</trkpt>
			<trkpt lat="47.1877818743" lon="8.6996743515">
				<ele>609.2</ele>
				<time>2026-05-24T07:55:40Z</time>
				<extensions>
					<swisstopo:routepoint_id>1722528953</swisstopo:routepoint_id>
				</extensions>
			</trkpt>
			<trkpt lat="47.1877836258" lon="8.6996743799">
				<ele>609.1</ele>
				<time>2026-05-24T07:55:41Z</time>
				<extensions>
					<swisstopo:routepoint_id>317067864</swisstopo:routepoint_id>
				</extensions>
			</trkpt>
			<trkpt lat="47.1877855150" lon="8.6996750522">
				<ele>609.1</ele>
				<time>2026-05-24T07:55:42Z</time>
				<extensions>
					<swisstopo:routepoint_id>1052662041</swisstopo:routepoint_id>
				</extensions>
			</trkpt>
			<trkpt lat="47.1877874678" lon="8.6996755057">
				<ele>609.2</ele>
				<time>2026-05-24T07:55:43Z</time>
				<extensions>
					<swisstopo:routepoint_id>1120639101</swisstopo:routepoint_id>
				</extensions>
			</trkpt>
			<trkpt lat="47.1877891329" lon="8.6996757470">
				<ele>609.3</ele>
				<time>2026-05-24T07:55:44Z</time>
				<extensions>
					<swisstopo:routepoint_id>1149786317</swisstopo:routepoint_id>
				</extensions>
			</trkpt>
			<trkpt lat="47.1877901013" lon="8.6996743579">
				<ele>609.3</ele>
				<time>2026-05-24T07:55:45Z</time>
				<extensions>
					<swisstopo:routepoint_id>1400774113</swisstopo:routepoint_id>
				</extensions>
			</trkpt>
			<trkpt lat="47.1877909039" lon="8.6996733412">
				<ele>609.4</ele>
				<time>2026-05-24T07:55:46Z</time>
				<extensions>
					<swisstopo:routepoint_id>2094778777</swisstopo:routepoint_id>
				</extensions>
			</trkpt>
			<trkpt lat="47.1877915399" lon="8.6996725878">
				<ele>609.5</ele>
				<time>2026-05-24T07:55:47Z</time>
				<extensions>
					<swisstopo:routepoint_id>1099996121</swisstopo:routepoint_id>
				</extensions>
			</trkpt>
			<trkpt lat="47.1877917827" lon="8.6996710919">
				<ele>609.7</ele>
				<time>2026-05-24T07:55:48Z</time>
				<extensions>
					<swisstopo:routepoint_id>2095572271</swisstopo:routepoint_id>
				</extensions>
			</trkpt>
			<trkpt lat="47.1877923475" lon="8.6996694821">
				<ele>609.8</ele>
				<time>2026-05-24T07:55:49Z</time>
				<extensions>
					<swisstopo:routepoint_id>1551347897</swisstopo:routepoint_id>
				</extensions>
			</trkpt>
			<trkpt lat="47.1877928367" lon="8.6996681411">
				<ele>609.9</ele>
				<time>2026-05-24T07:55:50Z</time>
				<extensions>
					<swisstopo:routepoint_id>905146652</swisstopo:routepoint_id>
				</extensions>
			</trkpt>
			<trkpt lat="47.1877931929" lon="8.6996670827">
				<ele>609.9</ele>
				<time>2026-05-24T07:55:51Z</time>
				<extensions>
					<swisstopo:routepoint_id>25624816</swisstopo:routepoint_id>
				</extensions>
			</trkpt>
			<trkpt lat="47.1877934370" lon="8.6996662742">
				<ele>610.0</ele>
				<time>2026-05-24T07:55:52Z</time>
				<extensions>
					<swisstopo:routepoint_id>1179553112</swisstopo:routepoint_id>
				</extensions>
			</trkpt>
			<trkpt lat="47.1877935890" lon="8.6996656814">
				<ele>610.0</ele>
				<time>2026-05-24T07:55:53Z</time>
				<extensions>
					<swisstopo:routepoint_id>1327607927</swisstopo:routepoint_id>
				</extensions>
			</trkpt>
			<trkpt lat="47.1877933124" lon="8.6996676608">
				<ele>610.1</ele>
				<time>2026-05-24T07:55:54Z</time>
				<extensions>
					<swisstopo:routepoint_id>751336759</swisstopo:routepoint_id>
				</extensions>
			</trkpt>
			<trkpt lat="47.1877921462" lon="8.6996708856">
				<ele>610.2</ele>
				<time>2026-05-24T07:55:55Z</time>
				<extensions>
					<swisstopo:routepoint_id>513064153</swisstopo:routepoint_id>
				</extensions>
			</trkpt>
			<trkpt lat="47.1877903886" lon="8.6996657001">
				<ele>610.4</ele>
				<time>2026-05-24T07:55:56Z</time>
				<extensions>
					<swisstopo:routepoint_id>922376766</swisstopo:routepoint_id>
				</extensions>
			</trkpt>
			<trkpt lat="47.1877886606" lon="8.6996635076">
				<ele>610.7</ele>
				<time>2026-05-24T07:55:57Z</time>
				<extensions>
					<swisstopo:routepoint_id>1849342116</swisstopo:routepoint_id>
				</extensions>
			</trkpt>
			<trkpt lat="47.1877872140" lon="8.6996665272">
				<ele>610.8</ele>
				<time>2026-05-24T07:55:58Z</time>
				<extensions>
					<swisstopo:routepoint_id>1362120581</swisstopo:routepoint_id>
				</extensions>
			</trkpt>
			<trkpt lat="47.1877863731" lon="8.6996669575">
				<ele>610.8</ele>
				<time>2026-05-24T07:55:59Z</time>
				<extensions>
					<swisstopo:routepoint_id>984927847</swisstopo:routepoint_id>
				</extensions>
			</trkpt>
			<trkpt lat="47.1877861767" lon="8.6996676367">
				<ele>610.7</ele>
				<time>2026-05-24T07:56:00Z</time>
				<extensions>
					<swisstopo:routepoint_id>878373453</swisstopo:routepoint_id>
				</extensions>
			</trkpt>
			<trkpt lat="47.1877869870" lon="8.6996660008">
				<ele>610.5</ele>
				<time>2026-05-24T07:56:01Z</time>
				<extensions>
					<swisstopo:routepoint_id>1020035093</swisstopo:routepoint_id>
				</extensions>
			</trkpt>
			<trkpt lat="47.1877876197" lon="8.6996655400">
				<ele>610.3</ele>
				<time>2026-05-24T07:56:02Z</time>
				<extensions>
					<swisstopo:routepoint_id>367854050</swisstopo:routepoint_id>
				</extensions>
			</trkpt>
			<trkpt lat="47.1877879538" lon="8.6996655631">
				<ele>610.1</ele>
				<time>2026-05-24T07:56:03Z</time>
				<extensions>
					<swisstopo:routepoint_id>2065082284</swisstopo:routepoint_id>
				</extensions>
			</trkpt>
			<trkpt lat="47.1877884930" lon="8.6996656064">
				<ele>609.8</ele>
				<time>2026-05-24T07:56:04Z</time>
				<extensions>
					<swisstopo:routepoint_id>207244374</swisstopo:routepoint_id>
				</extensions>
			</trkpt>
			<trkpt lat="47.1877891999" lon="8.6996655836">
				<ele>609.6</ele>
				<time>2026-05-24T07:56:05Z</time>
				<extensions>
					<swisstopo:routepoint_id>2085202031</swisstopo:routepoint_id>
				</extensions>
			</trkpt>
			<trkpt lat="47.1877891205" lon="8.6996655023">
				<ele>609.4</ele>
				<time>2026-05-24T07:56:06Z</time>
				<extensions>
					<swisstopo:routepoint_id>1204899624</swisstopo:routepoint_id>
				</extensions>
			</trkpt>
			<trkpt lat="47.1877884853" lon="8.6996662697">
				<ele>609.2</ele>
				<time>2026-05-24T07:56:07Z</time>
				<extensions>
					<swisstopo:routepoint_id>2124673005</swisstopo:routepoint_id>
				</extensions>
			</trkpt>
			<trkpt lat="47.1877878536" lon="8.6996670951">
				<ele>609.0</ele>
				<time>2026-05-24T07:56:08Z</time>
				<extensions>
					<swisstopo:routepoint_id>1021112719</swisstopo:routepoint_id>
				</extensions>
			</trkpt>
			<trkpt lat="47.1877873152" lon="8.6996678073">
				<ele>608.9</ele>
				<time>2026-05-24T07:56:09Z</time>
				<extensions>
					<swisstopo:routepoint_id>1299645056</swisstopo:routepoint_id>
				</extensions>
			</trkpt>
			<trkpt lat="47.1877871022" lon="8.6996675591">
				<ele>608.8</ele>
				<time>2026-05-24T07:56:10Z</time>
				<extensions>
					<swisstopo:routepoint_id>1078282555</swisstopo:routepoint_id>
				</extensions>
			</trkpt>
			<trkpt lat="47.1877871559" lon="8.6996671546">
				<ele>608.5</ele>
				<time>2026-05-24T07:56:11Z</time>
				<extensions>
					<swisstopo:routepoint_id>80404852</swisstopo:routepoint_id>
				</extensions>
			</trkpt>
			<trkpt lat="47.1877858079" lon="8.6996672431">
				<ele>608.4</ele>
				<time>2026-05-24T07:56:12Z</time>
				<extensions>
					<swisstopo:routepoint_id>597133601</swisstopo:routepoint_id>
				</extensions>
			</trkpt>
			<trkpt lat="47.1877836038" lon="8.6996652408">
				<ele>608.3</ele>
				<time>2026-05-24T07:56:13Z</time>
				<extensions>
					<swisstopo:routepoint_id>833349576</swisstopo:routepoint_id>
				</extensions>
			</trkpt>
			<trkpt lat="47.1877824244" lon="8.6996643222">
				<ele>608.2</ele>
				<time>2026-05-24T07:56:14Z</time>
				<extensions>
					<swisstopo:routepoint_id>217978098</swisstopo:routepoint_id>
				</extensions>
			</trkpt>
			<trkpt lat="47.1877822327" lon="8.6996644897">
				<ele>608.2</ele>
				<time>2026-05-24T07:56:15Z</time>
				<extensions>
					<swisstopo:routepoint_id>2098274951</swisstopo:routepoint_id>
				</extensions>
			</trkpt>
			<trkpt lat="47.1877817329" lon="8.6996637540">
				<ele>608.2</ele>
				<time>2026-05-24T07:56:16Z</time>
				<extensions>
					<swisstopo:routepoint_id>1878134070</swisstopo:routepoint_id>
				</extensions>
			</trkpt>
			<trkpt lat="47.1877812176" lon="8.6996630802">
				<ele>608.2</ele>
				<time>2026-05-24T07:56:17Z</time>
				<extensions>
					<swisstopo:routepoint_id>2084670884</swisstopo:routepoint_id>
				</extensions>
			</trkpt>
			<trkpt lat="47.1877808009" lon="8.6996627225">
				<ele>608.4</ele>
				<time>2026-05-24T07:56:18Z</time>
				<extensions>
					<swisstopo:routepoint_id>867846583</swisstopo:routepoint_id>
				</extensions>
			</trkpt>
			<trkpt lat="47.1877798771" lon="8.6996620441">
				<ele>608.6</ele>
				<time>2026-05-24T07:56:19Z</time>
				<extensions>
					<swisstopo:routepoint_id>188590057</swisstopo:routepoint_id>
				</extensions>
			</trkpt>
			<trkpt lat="47.1877780146" lon="8.6996614799">
				<ele>608.8</ele>
				<time>2026-05-24T07:56:20Z</time>
				<extensions>
					<swisstopo:routepoint_id>2094708674</swisstopo:routepoint_id>
				</extensions>
			</trkpt>
			<trkpt lat="47.1877772251" lon="8.6996601202">
				<ele>609.1</ele>
				<time>2026-05-24T07:56:21Z</time>
				<extensions>
					<swisstopo:routepoint_id>2069258647</swisstopo:routepoint_id>
				</extensions>
			</trkpt>
			<trkpt lat="47.1877769305" lon="8.6996593731">
				<ele>609.5</ele>
				<time>2026-05-24T07:56:22Z</time>
				<extensions>
					<swisstopo:routepoint_id>1679900611</swisstopo:routepoint_id>
				</extensions>
			</trkpt>
			<trkpt lat="47.1877755743" lon="8.6996603400">
				<ele>609.6</ele>
				<time>2026-05-24T07:56:23Z</time>
				<extensions>
					<swisstopo:routepoint_id>1122061968</swisstopo:routepoint_id>
				</extensions>
			</trkpt>
			<trkpt lat="47.1877715758" lon="8.6996590511">
				<ele>609.6</ele>
				<time>2026-05-24T07:56:24Z</time>
				<extensions>
					<swisstopo:routepoint_id>1441591869</swisstopo:routepoint_id>
				</extensions>
			</trkpt>
			<trkpt lat="47.1877681267" lon="8.6996571124">
				<ele>609.5</ele>
				<time>2026-05-24T07:56:25Z</time>
				<extensions>
					<swisstopo:routepoint_id>924036829</swisstopo:routepoint_id>
				</extensions>
			</trkpt>
			<trkpt lat="47.1877702933" lon="8.6996596073">
				<ele>609.3</ele>
				<time>2026-05-24T07:56:26Z</time>
				<extensions>
					<swisstopo:routepoint_id>1832733546</swisstopo:routepoint_id>
				</extensions>
			</trkpt>
			<trkpt lat="47.1877714542" lon="8.6996624303">
				<ele>609.2</ele>
				<time>2026-05-24T07:56:27Z</time>
				<extensions>
					<swisstopo:routepoint_id>1394758701</swisstopo:routepoint_id>
				</extensions>
			</trkpt>
			<trkpt lat="47.1877722502" lon="8.6996639948">
				<ele>609.0</ele>
				<time>2026-05-24T07:56:28Z</time>
				<extensions>
					<swisstopo:routepoint_id>1925480702</swisstopo:routepoint_id>
				</extensions>
			</trkpt>
			<trkpt lat="47.1877731959" lon="8.6996661019">
				<ele>608.7</ele>
				<time>2026-05-24T07:56:29Z</time>
				<extensions>
					<swisstopo:routepoint_id>1123081871</swisstopo:routepoint_id>
				</extensions>
			</trkpt>
			<trkpt lat="47.1877741249" lon="8.6996666407">
				<ele>608.5</ele>
				<time>2026-05-24T07:56:30Z</time>
				<extensions>
					<swisstopo:routepoint_id>1403232414</swisstopo:routepoint_id>
				</extensions>
			</trkpt>
			<trkpt lat="47.1877734390" lon="8.6996711325">
				<ele>608.6</ele>
				<time>2026-05-24T07:56:31Z</time>
				<extensions>
					<swisstopo:routepoint_id>461770744</swisstopo:routepoint_id>
				</extensions>
			</trkpt>
			<trkpt lat="47.1877705926" lon="8.6996854874">
				<ele>609.0</ele>
				<time>2026-05-24T07:56:31Z</time>
				<extensions>
					<swisstopo:routepoint_id>2122477797</swisstopo:routepoint_id>
				</extensions>
			</trkpt>
			<trkpt lat="47.1877705836" lon="8.6996854838">
				<ele>609.0</ele>
				<time>2026-05-24T07:56:32Z</time>
				<extensions>
					<swisstopo:routepoint_id>633473862</swisstopo:routepoint_id>
				</extensions>
			</trkpt>
			<trkpt lat="47.1877706488" lon="8.6996854879">
				<ele>609.0</ele>
				<time>2026-05-24T07:56:33Z</time>
				<extensions>
					<swisstopo:routepoint_id>1718760455</swisstopo:routepoint_id>
				</extensions>
			</trkpt>
			<trkpt lat="47.1877708976" lon="8.6996852064">
				<ele>609.1</ele>
				<time>2026-05-24T07:56:34Z</time>
				<extensions>
					<swisstopo:routepoint_id>1404431388</swisstopo:routepoint_id>
				</extensions>
			</trkpt>
			<trkpt lat="47.1877714708" lon="8.6996843743">
				<ele>609.2</ele>
				<time>2026-05-24T07:56:35Z</time>
				<extensions>
					<swisstopo:routepoint_id>1285573939</swisstopo:routepoint_id>
				</extensions>
			</trkpt>
			<trkpt lat="47.1877730523" lon="8.6996831159">
				<ele>609.3</ele>
				<time>2026-05-24T07:56:36Z</time>
				<extensions>
					<swisstopo:routepoint_id>808220306</swisstopo:routepoint_id>
				</extensions>
			</trkpt>
			<trkpt lat="47.1877758194" lon="8.6996815432">
				<ele>609.5</ele>
				<time>2026-05-24T07:56:37Z</time>
				<extensions>
					<swisstopo:routepoint_id>924615667</swisstopo:routepoint_id>
				</extensions>
			</trkpt>
			<trkpt lat="47.1877796387" lon="8.6996802013">
				<ele>609.7</ele>
				<time>2026-05-24T07:56:38Z</time>
				<extensions>
					<swisstopo:routepoint_id>823845577</swisstopo:routepoint_id>
				</extensions>
			</trkpt>
			<trkpt lat="47.1877839616" lon="8.6996784022">
				<ele>609.9</ele>
				<time>2026-05-24T07:56:39Z</time>
				<extensions>
					<swisstopo:routepoint_id>1545540430</swisstopo:routepoint_id>
				</extensions>
			</trkpt>
			<trkpt lat="47.1877884658" lon="8.6996762004">
				<ele>610.0</ele>
				<time>2026-05-24T07:56:40Z</time>
				<extensions>
					<swisstopo:routepoint_id>2083296545</swisstopo:routepoint_id>
				</extensions>
			</trkpt>
			<trkpt lat="47.1877936393" lon="8.6996748128">
				<ele>610.2</ele>
				<time>2026-05-24T07:56:41Z</time>
				<extensions>
					<swisstopo:routepoint_id>1391651127</swisstopo:routepoint_id>
				</extensions>
			</trkpt>
			<trkpt lat="47.1877991468" lon="8.6996748102">
				<ele>610.4</ele>
				<time>2026-05-24T07:56:42Z</time>
				<extensions>
					<swisstopo:routepoint_id>1236092012</swisstopo:routepoint_id>
				</extensions>
			</trkpt>
			<trkpt lat="47.1878030085" lon="8.6996759443">
				<ele>610.7</ele>
				<time>2026-05-24T07:56:43Z</time>
				<extensions>
					<swisstopo:routepoint_id>241644606</swisstopo:routepoint_id>
				</extensions>
			</trkpt>
			<trkpt lat="47.1878067144" lon="8.6996783795">
				<ele>611.0</ele>
				<time>2026-05-24T07:56:44Z</time>
				<extensions>
					<swisstopo:routepoint_id>429316565</swisstopo:routepoint_id>
				</extensions>
			</trkpt>
			<trkpt lat="47.1878117171" lon="8.6996828241">
				<ele>611.5</ele>
				<time>2026-05-24T07:56:45Z</time>
				<extensions>
					<swisstopo:routepoint_id>2125937682</swisstopo:routepoint_id>
				</extensions>
			</trkpt>
			<trkpt lat="47.1878155294" lon="8.6996887584">
				<ele>611.8</ele>
				<time>2026-05-24T07:56:46Z</time>
				<extensions>
					<swisstopo:routepoint_id>801702588</swisstopo:routepoint_id>
				</extensions>
			</trkpt>
			<trkpt lat="47.1878166543" lon="8.6996939565">
				<ele>612.0</ele>
				<time>2026-05-24T07:56:47Z</time>
				<extensions>
					<swisstopo:routepoint_id>902995238</swisstopo:routepoint_id>
				</extensions>
			</trkpt>
			<trkpt lat="47.1878138244" lon="8.6996980847">
				<ele>612.1</ele>
				<time>2026-05-24T07:56:48Z</time>
				<extensions>
					<swisstopo:routepoint_id>374031717</swisstopo:routepoint_id>
				</extensions>
			</trkpt>
			<trkpt lat="47.1878091411" lon="8.6997022422">
				<ele>612.4</ele>
				<time>2026-05-24T07:56:49Z</time>
				<extensions>
					<swisstopo:routepoint_id>666432850</swisstopo:routepoint_id>
				</extensions>
			</trkpt>
			<trkpt lat="47.1878044268" lon="8.6997057115">
				<ele>612.6</ele>
				<time>2026-05-24T07:56:50Z</time>
				<extensions>
					<swisstopo:routepoint_id>1609690845</swisstopo:routepoint_id>
				</extensions>
			</trkpt>
			<trkpt lat="47.1877995303" lon="8.6997066219">
				<ele>612.7</ele>
				<time>2026-05-24T07:56:51Z</time>
				<extensions>
					<swisstopo:routepoint_id>75047009</swisstopo:routepoint_id>
				</extensions>
			</trkpt>
			<trkpt lat="47.1877950388" lon="8.6997070093">
				<ele>612.6</ele>
				<time>2026-05-24T07:56:52Z</time>
				<extensions>
					<swisstopo:routepoint_id>742179474</swisstopo:routepoint_id>
				</extensions>
			</trkpt>
			<trkpt lat="47.1877926989" lon="8.6997052867">
				<ele>612.4</ele>
				<time>2026-05-24T07:56:53Z</time>
				<extensions>
					<swisstopo:routepoint_id>1225397742</swisstopo:routepoint_id>
				</extensions>
			</trkpt>
			<trkpt lat="47.1877913914" lon="8.6997019358">
				<ele>612.0</ele>
				<time>2026-05-24T07:56:54Z</time>
				<extensions>
					<swisstopo:routepoint_id>891675064</swisstopo:routepoint_id>
				</extensions>
			</trkpt>
			<trkpt lat="47.1877886137" lon="8.6996974127">
				<ele>611.5</ele>
				<time>2026-05-24T07:56:55Z</time>
				<extensions>
					<swisstopo:routepoint_id>1241911882</swisstopo:routepoint_id>
				</extensions>
			</trkpt>
			<trkpt lat="47.1877862233" lon="8.6996952587">
				<ele>610.9</ele>
				<time>2026-05-24T07:56:57Z</time>
				<extensions>
					<swisstopo:routepoint_id>1419435581</swisstopo:routepoint_id>
				</extensions>
			</trkpt>
			<trkpt lat="47.1877852430" lon="8.6996934102">
				<ele>610.5</ele>
				<time>2026-05-24T07:56:58Z</time>
				<extensions>
					<swisstopo:routepoint_id>57975344</swisstopo:routepoint_id>
				</extensions>
			</trkpt>
			<trkpt lat="47.1877850551" lon="8.6996915495">
				<ele>610.1</ele>
				<time>2026-05-24T07:56:59Z</time>
				<extensions>
					<swisstopo:routepoint_id>1581514517</swisstopo:routepoint_id>
				</extensions>
			</trkpt>
			<trkpt lat="47.1877860205" lon="8.6996901322">
				<ele>609.7</ele>
				<time>2026-05-24T07:57:00Z</time>
				<extensions>
					<swisstopo:routepoint_id>1109388300</swisstopo:routepoint_id>
				</extensions>
			</trkpt>
			<trkpt lat="47.1877866146" lon="8.6996897164">
				<ele>609.3</ele>
				<time>2026-05-24T07:57:01Z</time>
				<extensions>
					<swisstopo:routepoint_id>1036134846</swisstopo:routepoint_id>
				</extensions>
			</trkpt>
			<trkpt lat="47.1877872592" lon="8.6996879751">
				<ele>609.0</ele>
				<time>2026-05-24T07:57:02Z</time>
				<extensions>
					<swisstopo:routepoint_id>373463199</swisstopo:routepoint_id>
				</extensions>
			</trkpt>
			<trkpt lat="47.1877878136" lon="8.6996844030">
				<ele>608.8</ele>
				<time>2026-05-24T07:57:03Z</time>
				<extensions>
					<swisstopo:routepoint_id>1848769059</swisstopo:routepoint_id>
				</extensions>
			</trkpt>
			<trkpt lat="47.1877889571" lon="8.6996838015">
				<ele>608.7</ele>
				<time>2026-05-24T07:57:04Z</time>
				<extensions>
					<swisstopo:routepoint_id>320686170</swisstopo:routepoint_id>
				</extensions>
			</trkpt>
			<trkpt lat="47.1877897051" lon="8.6996814384">
				<ele>608.6</ele>
				<time>2026-05-24T07:57:05Z</time>
				<extensions>
					<swisstopo:routepoint_id>1735988867</swisstopo:routepoint_id>
				</extensions>
			</trkpt>
			<trkpt lat="47.1877895845" lon="8.6996786536">
				<ele>608.5</ele>
				<time>2026-05-24T07:57:06Z</time>
				<extensions>
					<swisstopo:routepoint_id>1052059527</swisstopo:routepoint_id>
				</extensions>
			</trkpt>
			<trkpt lat="47.1877891284" lon="8.6996760819">
				<ele>608.5</ele>
				<time>2026-05-24T07:57:07Z</time>
				<extensions>
					<swisstopo:routepoint_id>1731604538</swisstopo:routepoint_id>
				</extensions>
			</trkpt>
			<trkpt lat="47.1877892542" lon="8.6996736939">
				<ele>608.6</ele>
				<time>2026-05-24T07:57:08Z</time>
				<extensions>
					<swisstopo:routepoint_id>379086022</swisstopo:routepoint_id>
				</extensions>
			</trkpt>
			<trkpt lat="47.1877892562" lon="8.6996716729">
				<ele>608.7</ele>
				<time>2026-05-24T07:57:09Z</time>
				<extensions>
					<swisstopo:routepoint_id>1862274752</swisstopo:routepoint_id>
				</extensions>
			</trkpt>
			<trkpt lat="47.1877869780" lon="8.6996691449">
				<ele>608.9</ele>
				<time>2026-05-24T07:57:10Z</time>
				<extensions>
					<swisstopo:routepoint_id>1825085486</swisstopo:routepoint_id>
				</extensions>
			</trkpt>
			<trkpt lat="47.1877838245" lon="8.6996682190">
				<ele>609.0</ele>
				<time>2026-05-24T07:57:11Z</time>
				<extensions>
					<swisstopo:routepoint_id>1702833101</swisstopo:routepoint_id>
				</extensions>
			</trkpt>
			<trkpt lat="47.1877771077" lon="8.6996658951">
				<ele>609.1</ele>
				<time>2026-05-24T07:57:12Z</time>
				<extensions>
					<swisstopo:routepoint_id>1364938</swisstopo:routepoint_id>
				</extensions>
			</trkpt>
			<trkpt lat="47.1877726194" lon="8.6996636749">
				<ele>609.1</ele>
				<time>2026-05-24T07:57:13Z</time>
				<extensions>
					<swisstopo:routepoint_id>1465676496</swisstopo:routepoint_id>
				</extensions>
			</trkpt>
			<trkpt lat="47.1877693698" lon="8.6996638858">
				<ele>609.0</ele>
				<time>2026-05-24T07:57:14Z</time>
				<extensions>
					<swisstopo:routepoint_id>1987437182</swisstopo:routepoint_id>
				</extensions>
			</trkpt>
			<trkpt lat="47.1877667626" lon="8.6996665982">
				<ele>609.1</ele>
				<time>2026-05-24T07:57:15Z</time>
				<extensions>
					<swisstopo:routepoint_id>896072436</swisstopo:routepoint_id>
				</extensions>
			</trkpt>
			<trkpt lat="47.1877663332" lon="8.6996751932">
				<ele>609.0</ele>
				<time>2026-05-24T07:57:16Z</time>
				<extensions>
					<swisstopo:routepoint_id>2134099088</swisstopo:routepoint_id>
				</extensions>
			</trkpt>
			<trkpt lat="47.1877676540" lon="8.6996803527">
				<ele>608.9</ele>
				<time>2026-05-24T07:57:17Z</time>
				<extensions>
					<swisstopo:routepoint_id>531499822</swisstopo:routepoint_id>
				</extensions>
			</trkpt>
			<trkpt lat="47.1877702373" lon="8.6996844575">
				<ele>608.8</ele>
				<time>2026-05-24T07:57:18Z</time>
				<extensions>
					<swisstopo:routepoint_id>1533020481</swisstopo:routepoint_id>
				</extensions>
			</trkpt>
			<trkpt lat="47.1877727655" lon="8.6996878645">
				<ele>608.7</ele>
				<time>2026-05-24T07:57:19Z</time>
				<extensions>
					<swisstopo:routepoint_id>2113911108</swisstopo:routepoint_id>
				</extensions>
			</trkpt>
			<trkpt lat="47.1877750197" lon="8.6996905930">
				<ele>608.7</ele>
				<time>2026-05-24T07:57:19Z</time>
				<extensions>
					<swisstopo:routepoint_id>534536188</swisstopo:routepoint_id>
				</extensions>
			</trkpt>
			<trkpt lat="47.1877769830" lon="8.6996927172">
				<ele>608.6</ele>
				<time>2026-05-24T07:57:20Z</time>
				<extensions>
					<swisstopo:routepoint_id>1025616315</swisstopo:routepoint_id>
				</extensions>
			</trkpt>
			<trkpt lat="47.1877786545" lon="8.6996943115">
				<ele>608.6</ele>
				<time>2026-05-24T07:57:21Z</time>
				<extensions>
					<swisstopo:routepoint_id>1829655383</swisstopo:routepoint_id>
				</extensions>
			</trkpt>
			<trkpt lat="47.1877800450" lon="8.6996954526">
				<ele>608.6</ele>
				<time>2026-05-24T07:57:22Z</time>
				<extensions>
					<swisstopo:routepoint_id>1199680688</swisstopo:routepoint_id>
				</extensions>
			</trkpt>
			<trkpt lat="47.1877808097" lon="8.6996956397">
				<ele>608.7</ele>
				<time>2026-05-24T07:57:23Z</time>
				<extensions>
					<swisstopo:routepoint_id>309361533</swisstopo:routepoint_id>
				</extensions>
			</trkpt>
			<trkpt lat="47.1877799895" lon="8.6996944671">
				<ele>608.7</ele>
				<time>2026-05-24T07:57:24Z</time>
				<extensions>
					<swisstopo:routepoint_id>381375744</swisstopo:routepoint_id>
				</extensions>
			</trkpt>
			<trkpt lat="47.1877800156" lon="8.6996938917">
				<ele>608.8</ele>
				<time>2026-05-24T07:57:25Z</time>
				<extensions>
					<swisstopo:routepoint_id>1690926760</swisstopo:routepoint_id>
				</extensions>
			</trkpt>
			<trkpt lat="47.1877789975" lon="8.6996923983">
				<ele>608.8</ele>
				<time>2026-05-24T07:57:26Z</time>
				<extensions>
					<swisstopo:routepoint_id>1754954569</swisstopo:routepoint_id>
				</extensions>
			</trkpt>
			<trkpt lat="47.1877781825" lon="8.6996904929">
				<ele>608.7</ele>
				<time>2026-05-24T07:57:27Z</time>
				<extensions>
					<swisstopo:routepoint_id>1981033285</swisstopo:routepoint_id>
				</extensions>
			</trkpt>
			<trkpt lat="47.1877776041" lon="8.6996881902">
				<ele>608.6</ele>
				<time>2026-05-24T07:57:28Z</time>
				<extensions>
					<swisstopo:routepoint_id>639957907</swisstopo:routepoint_id>
				</extensions>
			</trkpt>
			<trkpt lat="47.1877769447" lon="8.6996856498">
				<ele>608.6</ele>
				<time>2026-05-24T07:57:29Z</time>
				<extensions>
					<swisstopo:routepoint_id>1174438773</swisstopo:routepoint_id>
				</extensions>
			</trkpt>
			<trkpt lat="47.1877769519" lon="8.6996832541">
				<ele>608.4</ele>
				<time>2026-05-24T07:57:30Z</time>
				<extensions>
					<swisstopo:routepoint_id>1270258234</swisstopo:routepoint_id>
				</extensions>
			</trkpt>
			<trkpt lat="47.1877770641" lon="8.6996812430">
				<ele>608.3</ele>
				<time>2026-05-24T07:57:31Z</time>
				<extensions>
					<swisstopo:routepoint_id>1095204011</swisstopo:routepoint_id>
				</extensions>
			</trkpt>
			<trkpt lat="47.1877787883" lon="8.6996779205">
				<ele>608.1</ele>
				<time>2026-05-24T07:57:32Z</time>
				<extensions>
					<swisstopo:routepoint_id>1011474440</swisstopo:routepoint_id>
				</extensions>
			</trkpt>
			<trkpt lat="47.1877811866" lon="8.6996764748">
				<ele>608.0</ele>
				<time>2026-05-24T07:57:33Z</time>
				<extensions>
					<swisstopo:routepoint_id>370363428</swisstopo:routepoint_id>
				</extensions>
			</trkpt>
			<trkpt lat="47.1877826809" lon="8.6996780280">
				<ele>607.9</ele>
				<time>2026-05-24T07:57:34Z</time>
				<extensions>
					<swisstopo:routepoint_id>1290525390</swisstopo:routepoint_id>
				</extensions>
			</trkpt>
			<trkpt lat="47.1877842735" lon="8.6996831387">
				<ele>607.7</ele>
				<time>2026-05-24T07:57:35Z</time>
				<extensions>
					<swisstopo:routepoint_id>275395030</swisstopo:routepoint_id>
				</extensions>
			</trkpt>
			<trkpt lat="47.1877859236" lon="8.6996879594">
				<ele>607.6</ele>
				<time>2026-05-24T07:57:36Z</time>
				<extensions>
					<swisstopo:routepoint_id>737009925</swisstopo:routepoint_id>
				</extensions>
			</trkpt>
			<trkpt lat="47.1877866539" lon="8.6996937700">
				<ele>607.6</ele>
				<time>2026-05-24T07:57:37Z</time>
				<extensions>
					<swisstopo:routepoint_id>240133579</swisstopo:routepoint_id>
				</extensions>
			</trkpt>
			<trkpt lat="47.1877877545" lon="8.6996985916">
				<ele>607.6</ele>
				<time>2026-05-24T07:57:38Z</time>
				<extensions>
					<swisstopo:routepoint_id>803289540</swisstopo:routepoint_id>
				</extensions>
			</trkpt>
			<trkpt lat="47.1877900178" lon="8.6997040462">
				<ele>607.5</ele>
				<time>2026-05-24T07:57:39Z</time>
				<extensions>
					<swisstopo:routepoint_id>1805093738</swisstopo:routepoint_id>
				</extensions>
			</trkpt>
			<trkpt lat="47.1877963669" lon="8.6997076949">
				<ele>607.5</ele>
				<time>2026-05-24T07:57:40Z</time>
				<extensions>
					<swisstopo:routepoint_id>708973397</swisstopo:routepoint_id>
				</extensions>
			</trkpt>
			<trkpt lat="47.1877969482" lon="8.6997201935">
				<ele>607.4</ele>
				<time>2026-05-24T07:57:41Z</time>
				<extensions>
					<swisstopo:routepoint_id>1476609823</swisstopo:routepoint_id>
				</extensions>
			</trkpt>
			<trkpt lat="47.1877967353" lon="8.6997348819">
				<ele>607.4</ele>
				<time>2026-05-24T07:57:42Z</time>
				<extensions>
					<swisstopo:routepoint_id>1060270429</swisstopo:routepoint_id>
				</extensions>
			</trkpt>
			<trkpt lat="47.1877970778" lon="8.6997433555">
				<ele>607.3</ele>
				<time>2026-05-24T07:57:43Z</time>
				<extensions>
					<swisstopo:routepoint_id>145797397</swisstopo:routepoint_id>
				</extensions>
			</trkpt>
			<trkpt lat="47.1877964438" lon="8.6997484699">
				<ele>607.3</ele>
				<time>2026-05-24T07:57:44Z</time>
				<extensions>
					<swisstopo:routepoint_id>138010152</swisstopo:routepoint_id>
				</extensions>
			</trkpt>
			<trkpt lat="47.1877954141" lon="8.6997545857">
				<ele>607.3</ele>
				<time>2026-05-24T07:57:45Z</time>
				<extensions>
					<swisstopo:routepoint_id>254285904</swisstopo:routepoint_id>
				</extensions>
			</trkpt>
			<trkpt lat="47.1877934098" lon="8.6997599859">
				<ele>607.3</ele>
				<time>2026-05-24T07:57:46Z</time>
				<extensions>
					<swisstopo:routepoint_id>290730998</swisstopo:routepoint_id>
				</extensions>
			</trkpt>
			<trkpt lat="47.1877911936" lon="8.6997651902">
				<ele>607.2</ele>
				<time>2026-05-24T07:57:47Z</time>
				<extensions>
					<swisstopo:routepoint_id>790586461</swisstopo:routepoint_id>
				</extensions>
			</trkpt>
			<trkpt lat="47.1877895150" lon="8.6997667248">
				<ele>607.0</ele>
				<time>2026-05-24T07:57:48Z</time>
				<extensions>
					<swisstopo:routepoint_id>905326038</swisstopo:routepoint_id>
				</extensions>
			</trkpt>
			<trkpt lat="47.1877846063" lon="8.6997702811">
				<ele>606.8</ele>
				<time>2026-05-24T07:57:49Z</time>
				<extensions>
					<swisstopo:routepoint_id>893081671</swisstopo:routepoint_id>
				</extensions>
			</trkpt>
			<trkpt lat="47.1877834078" lon="8.6997719994">
				<ele>606.6</ele>
				<time>2026-05-24T07:57:50Z</time>
				<extensions>
					<swisstopo:routepoint_id>1260435614</swisstopo:routepoint_id>
				</extensions>
			</trkpt>
			<trkpt lat="47.1877830216" lon="8.6997727658">
				<ele>606.4</ele>
				<time>2026-05-24T07:57:51Z</time>
				<extensions>
					<swisstopo:routepoint_id>1362670490</swisstopo:routepoint_id>
				</extensions>
			</trkpt>
			<trkpt lat="47.1877828097" lon="8.6997729608">
				<ele>606.3</ele>
				<time>2026-05-24T07:57:52Z</time>
				<extensions>
					<swisstopo:routepoint_id>1637313822</swisstopo:routepoint_id>
				</extensions>
			</trkpt>
			<trkpt lat="47.1877827343" lon="8.6997727282">
				<ele>606.2</ele>
				<time>2026-05-24T07:57:53Z</time>
				<extensions>
					<swisstopo:routepoint_id>477953696</swisstopo:routepoint_id>
				</extensions>
			</trkpt>
			<trkpt lat="47.1877827623" lon="8.6997721906">
				<ele>606.2</ele>
				<time>2026-05-24T07:57:54Z</time>
				<extensions>
					<swisstopo:routepoint_id>1378928892</swisstopo:routepoint_id>
				</extensions>
			</trkpt>
			<trkpt lat="47.1877828651" lon="8.6997714502">
				<ele>606.1</ele>
				<time>2026-05-24T07:57:55Z</time>
				<extensions>
					<swisstopo:routepoint_id>14369420</swisstopo:routepoint_id>
				</extensions>
			</trkpt>
			<trkpt lat="47.1877830189" lon="8.6997705901">
				<ele>606.1</ele>
				<time>2026-05-24T07:57:56Z</time>
				<extensions>
					<swisstopo:routepoint_id>988673476</swisstopo:routepoint_id>
				</extensions>
			</trkpt>
			<trkpt lat="47.1877832039" lon="8.6997696764">
				<ele>606.1</ele>
				<time>2026-05-24T07:57:57Z</time>
				<extensions>
					<swisstopo:routepoint_id>1554134293</swisstopo:routepoint_id>
				</extensions>
			</trkpt>
			<trkpt lat="47.1877834046" lon="8.6997687597">
				<ele>606.1</ele>
				<time>2026-05-24T07:57:58Z</time>
				<extensions>
					<swisstopo:routepoint_id>491463990</swisstopo:routepoint_id>
				</extensions>
			</trkpt>
			<trkpt lat="47.1877836088" lon="8.6997678771">
				<ele>606.1</ele>
				<time>2026-05-24T07:57:59Z</time>
				<extensions>
					<swisstopo:routepoint_id>813173568</swisstopo:routepoint_id>
				</extensions>
			</trkpt>
			<trkpt lat="47.1877838075" lon="8.6997670548">
				<ele>606.1</ele>
				<time>2026-05-24T07:58:00Z</time>
				<extensions>
					<swisstopo:routepoint_id>422227868</swisstopo:routepoint_id>
				</extensions>
			</trkpt>
			<trkpt lat="47.1877839942" lon="8.6997663096">
				<ele>606.1</ele>
				<time>2026-05-24T07:58:01Z</time>
				<extensions>
					<swisstopo:routepoint_id>1097807788</swisstopo:routepoint_id>
				</extensions>
			</trkpt>
			<trkpt lat="47.1877841646" lon="8.6997656506">
				<ele>606.1</ele>
				<time>2026-05-24T07:58:02Z</time>
				<extensions>
					<swisstopo:routepoint_id>1823481539</swisstopo:routepoint_id>
				</extensions>
			</trkpt>
			<trkpt lat="47.1877843163" lon="8.6997650813">
				<ele>606.2</ele>
				<time>2026-05-24T07:58:03Z</time>
				<extensions>
					<swisstopo:routepoint_id>515099636</swisstopo:routepoint_id>
				</extensions>
			</trkpt>
			<trkpt lat="47.1877844482" lon="8.6997646005">
				<ele>606.2</ele>
				<time>2026-05-24T07:58:04Z</time>
				<extensions>
					<swisstopo:routepoint_id>773001195</swisstopo:routepoint_id>
				</extensions>
			</trkpt>
			<trkpt lat="47.1877845604" lon="8.6997642039">
				<ele>606.2</ele>
				<time>2026-05-24T07:58:05Z</time>
				<extensions>
					<swisstopo:routepoint_id>1702503662</swisstopo:routepoint_id>
				</extensions>
			</trkpt>
			<trkpt lat="47.1877846535" lon="8.6997638850">
				<ele>606.2</ele>
				<time>2026-05-24T07:58:06Z</time>
				<extensions>
					<swisstopo:routepoint_id>906934606</swisstopo:routepoint_id>
				</extensions>
			</trkpt>
			<trkpt lat="47.1878099272" lon="8.6997591980">
				<ele>606.4</ele>
				<time>2026-05-24T07:58:07Z</time>
				<extensions>
					<swisstopo:routepoint_id>10996636</swisstopo:routepoint_id>
				</extensions>
			</trkpt>
			<trkpt lat="47.1878346697" lon="8.6997546583">
				<ele>606.5</ele>
				<time>2026-05-24T07:58:08Z</time>
				<extensions>
					<swisstopo:routepoint_id>136867610</swisstopo:routepoint_id>
				</extensions>
			</trkpt>
			<trkpt lat="47.1878553128" lon="8.6997508905">
				<ele>606.7</ele>
				<time>2026-05-24T07:58:09Z</time>
				<extensions>
					<swisstopo:routepoint_id>378935333</swisstopo:routepoint_id>
				</extensions>
			</trkpt>
			<trkpt lat="47.1878722019" lon="8.6997478263">
				<ele>606.8</ele>
				<time>2026-05-24T07:58:10Z</time>
				<extensions>
					<swisstopo:routepoint_id>1477128376</swisstopo:routepoint_id>
				</extensions>
			</trkpt>
			<trkpt lat="47.1878856599" lon="8.6997454014">
				<ele>606.8</ele>
				<time>2026-05-24T07:58:11Z</time>
				<extensions>
					<swisstopo:routepoint_id>1185656112</swisstopo:routepoint_id>
				</extensions>
			</trkpt>
			<trkpt lat="47.1878960603" lon="8.6997435427">
				<ele>606.9</ele>
				<time>2026-05-24T07:58:12Z</time>
				<extensions>
					<swisstopo:routepoint_id>821513871</swisstopo:routepoint_id>
				</extensions>
			</trkpt>
			<trkpt lat="47.1879037997" lon="8.6997421741">
				<ele>607.0</ele>
				<time>2026-05-24T07:58:13Z</time>
				<extensions>
					<swisstopo:routepoint_id>1011263334</swisstopo:routepoint_id>
				</extensions>
			</trkpt>
			<trkpt lat="47.1879092753" lon="8.6997412203">
				<ele>607.0</ele>
				<time>2026-05-24T07:58:14Z</time>
				<extensions>
					<swisstopo:routepoint_id>1117272180</swisstopo:routepoint_id>
				</extensions>
			</trkpt>
			<trkpt lat="47.1879128690" lon="8.6997406093">
				<ele>607.0</ele>
				<time>2026-05-24T07:58:15Z</time>
				<extensions>
					<swisstopo:routepoint_id>396519892</swisstopo:routepoint_id>
				</extensions>
			</trkpt>
			<trkpt lat="47.1879149366" lon="8.6997402745">
				<ele>607.0</ele>
				<time>2026-05-24T07:58:16Z</time>
				<extensions>
					<swisstopo:routepoint_id>668068203</swisstopo:routepoint_id>
				</extensions>
			</trkpt>
			<trkpt lat="47.1879158003" lon="8.6997401561">
				<ele>607.0</ele>
				<time>2026-05-24T07:58:17Z</time>
				<extensions>
					<swisstopo:routepoint_id>1177781305</swisstopo:routepoint_id>
				</extensions>
			</trkpt>
			<trkpt lat="47.1879157448" lon="8.6997402014">
				<ele>607.0</ele>
				<time>2026-05-24T07:58:18Z</time>
				<extensions>
					<swisstopo:routepoint_id>1613618736</swisstopo:routepoint_id>
				</extensions>
			</trkpt>
			<trkpt lat="47.1879150159" lon="8.6997403652">
				<ele>607.0</ele>
				<time>2026-05-24T07:58:19Z</time>
				<extensions>
					<swisstopo:routepoint_id>1666601636</swisstopo:routepoint_id>
				</extensions>
			</trkpt>
			<trkpt lat="47.1879138210" lon="8.6997406097">
				<ele>607.0</ele>
				<time>2026-05-24T07:58:20Z</time>
				<extensions>
					<swisstopo:routepoint_id>944488431</swisstopo:routepoint_id>
				</extensions>
			</trkpt>
			<trkpt lat="47.1879123313" lon="8.6997409036">
				<ele>607.0</ele>
				<time>2026-05-24T07:58:21Z</time>
				<extensions>
					<swisstopo:routepoint_id>1965424840</swisstopo:routepoint_id>
				</extensions>
			</trkpt>
			<trkpt lat="47.1879106841" lon="8.6997412223">
				<ele>607.0</ele>
				<time>2026-05-24T07:58:22Z</time>
				<extensions>
					<swisstopo:routepoint_id>301827726</swisstopo:routepoint_id>
				</extensions>
			</trkpt>
			<trkpt lat="47.1879089867" lon="8.6997415464">
				<ele>607.0</ele>
				<time>2026-05-24T07:58:23Z</time>
				<extensions>
					<swisstopo:routepoint_id>462216668</swisstopo:routepoint_id>
				</extensions>
			</trkpt>
			<trkpt lat="47.1879073201" lon="8.6997418616">
				<ele>607.0</ele>
				<time>2026-05-24T07:58:24Z</time>
				<extensions>
					<swisstopo:routepoint_id>1027187877</swisstopo:routepoint_id>
				</extensions>
			</trkpt>
			<trkpt lat="47.1879057423" lon="8.6997421578">
				<ele>607.0</ele>
				<time>2026-05-24T07:58:25Z</time>
				<extensions>
					<swisstopo:routepoint_id>325610506</swisstopo:routepoint_id>
				</extensions>
			</trkpt>
			<trkpt lat="47.1879042926" lon="8.6997424281">
				<ele>607.0</ele>
				<time>2026-05-24T07:58:26Z</time>
				<extensions>
					<swisstopo:routepoint_id>747441786</swisstopo:routepoint_id>
				</extensions>
			</trkpt>
			<trkpt lat="47.1879029949" lon="8.6997426687">
				<ele>607.0</ele>
				<time>2026-05-24T07:58:27Z</time>
				<extensions>
					<swisstopo:routepoint_id>1622245999</swisstopo:routepoint_id>
				</extensions>
			</trkpt>
			<trkpt lat="47.1879018603" lon="8.6997428779">
				<ele>606.9</ele>
				<time>2026-05-24T07:58:28Z</time>
				<extensions>
					<swisstopo:routepoint_id>636122881</swisstopo:routepoint_id>
				</extensions>
			</trkpt>
			<trkpt lat="47.1879008910" lon="8.6997430557">
				<ele>606.9</ele>
				<time>2026-05-24T07:58:29Z</time>
				<extensions>
					<swisstopo:routepoint_id>1143666201</swisstopo:routepoint_id>
				</extensions>
			</trkpt>
			<trkpt lat="47.1879000816" lon="8.6997432033">
				<ele>606.9</ele>
				<time>2026-05-24T07:58:30Z</time>
				<extensions>
					<swisstopo:routepoint_id>1619199557</swisstopo:routepoint_id>
				</extensions>
			</trkpt>
			<trkpt lat="47.1878994219" lon="8.6997433229">
				<ele>606.9</ele>
				<time>2026-05-24T07:58:31Z</time>
				<extensions>
					<swisstopo:routepoint_id>974179715</swisstopo:routepoint_id>
				</extensions>
			</trkpt>
			<trkpt lat="47.1878988987" lon="8.6997434170">
				<ele>606.9</ele>
				<time>2026-05-24T07:58:32Z</time>
				<extensions>
					<swisstopo:routepoint_id>623145277</swisstopo:routepoint_id>
				</extensions>
			</trkpt>
			<trkpt lat="47.1878984967" lon="8.6997434888">
				<ele>606.9</ele>
				<time>2026-05-24T07:58:33Z</time>
				<extensions>
					<swisstopo:routepoint_id>2072407767</swisstopo:routepoint_id>
				</extensions>
			</trkpt>
			<trkpt lat="47.1878981993" lon="8.6997435413">
				<ele>606.9</ele>
				<time>2026-05-24T07:58:34Z</time>
				<extensions>
					<swisstopo:routepoint_id>920069276</swisstopo:routepoint_id>
				</extensions>
			</trkpt>
			<trkpt lat="47.1878979909" lon="8.6997435774">
				<ele>606.9</ele>
				<time>2026-05-24T07:58:35Z</time>
				<extensions>
					<swisstopo:routepoint_id>1722063332</swisstopo:routepoint_id>
				</extensions>
			</trkpt>
			<trkpt lat="47.1878978562" lon="8.6997436002">
				<ele>606.9</ele>
				<time>2026-05-24T07:58:36Z</time>
				<extensions>
					<swisstopo:routepoint_id>1081310305</swisstopo:routepoint_id>
				</extensions>
			</trkpt>
			<trkpt lat="47.1878977810" lon="8.6997436122">
				<ele>606.9</ele>
				<time>2026-05-24T07:58:37Z</time>
				<extensions>
					<swisstopo:routepoint_id>1575675221</swisstopo:routepoint_id>
				</extensions>
			</trkpt>
			<trkpt lat="47.1878977526" lon="8.6997436159">
				<ele>606.9</ele>
				<time>2026-05-24T07:58:38Z</time>
				<extensions>
					<swisstopo:routepoint_id>1752588190</swisstopo:routepoint_id>
				</extensions>
			</trkpt>
			<trkpt lat="47.1878977597" lon="8.6997436132">
				<ele>606.9</ele>
				<time>2026-05-24T07:58:39Z</time>
				<extensions>
					<swisstopo:routepoint_id>864007078</swisstopo:routepoint_id>
				</extensions>
			</trkpt>
			<trkpt lat="47.1878977926" lon="8.6997436060">
				<ele>606.9</ele>
				<time>2026-05-24T07:58:40Z</time>
				<extensions>
					<swisstopo:routepoint_id>82538932</swisstopo:routepoint_id>
				</extensions>
			</trkpt>
			<trkpt lat="47.1878978431" lon="8.6997435957">
				<ele>606.9</ele>
				<time>2026-05-24T07:58:41Z</time>
				<extensions>
					<swisstopo:routepoint_id>2104877809</swisstopo:routepoint_id>
				</extensions>
			</trkpt>
			<trkpt lat="47.1878979046" lon="8.6997435836">
				<ele>606.9</ele>
				<time>2026-05-24T07:58:42Z</time>
				<extensions>
					<swisstopo:routepoint_id>1183218832</swisstopo:routepoint_id>
				</extensions>
			</trkpt>
			<trkpt lat="47.1878979717" lon="8.6997435707">
				<ele>606.9</ele>
				<time>2026-05-24T07:58:43Z</time>
				<extensions>
					<swisstopo:routepoint_id>660338204</swisstopo:routepoint_id>
				</extensions>
			</trkpt>
			<trkpt lat="47.1878980403" lon="8.6997435576">
				<ele>606.9</ele>
				<time>2026-05-24T07:58:44Z</time>
				<extensions>
					<swisstopo:routepoint_id>108706932</swisstopo:routepoint_id>
				</extensions>
			</trkpt>
			<trkpt lat="47.1878981072" lon="8.6997435450">
				<ele>606.9</ele>
				<time>2026-05-24T07:58:45Z</time>
				<extensions>
					<swisstopo:routepoint_id>1676306174</swisstopo:routepoint_id>
				</extensions>
			</trkpt>
			<trkpt lat="47.1878981702" lon="8.6997435331">
				<ele>606.9</ele>
				<time>2026-05-24T07:58:46Z</time>
				<extensions>
					<swisstopo:routepoint_id>839901425</swisstopo:routepoint_id>
				</extensions>
			</trkpt>
			<trkpt lat="47.1878982278" lon="8.6997435224">
				<ele>606.9</ele>
				<time>2026-05-24T07:58:47Z</time>
				<extensions>
					<swisstopo:routepoint_id>813238244</swisstopo:routepoint_id>
				</extensions>
			</trkpt>
			<trkpt lat="47.1878982793" lon="8.6997435129">
				<ele>606.9</ele>
				<time>2026-05-24T07:58:48Z</time>
				<extensions>
					<swisstopo:routepoint_id>1509237400</swisstopo:routepoint_id>
				</extensions>
			</trkpt>
			<trkpt lat="47.1878983240" lon="8.6997435046">
				<ele>606.9</ele>
				<time>2026-05-24T07:58:49Z</time>
				<extensions>
					<swisstopo:routepoint_id>1823627083</swisstopo:routepoint_id>
				</extensions>
			</trkpt>
			<trkpt lat="47.1878983622" lon="8.6997434976">
				<ele>606.9</ele>
				<time>2026-05-24T07:58:50Z</time>
				<extensions>
					<swisstopo:routepoint_id>813773997</swisstopo:routepoint_id>
				</extensions>
			</trkpt>
			<trkpt lat="47.1878983939" lon="8.6997434919">
				<ele>606.9</ele>
				<time>2026-05-24T07:58:51Z</time>
				<extensions>
					<swisstopo:routepoint_id>1923703483</swisstopo:routepoint_id>
				</extensions>
			</trkpt>
			<trkpt lat="47.1878984197" lon="8.6997434872">
				<ele>606.9</ele>
				<time>2026-05-24T07:58:52Z</time>
				<extensions>
					<swisstopo:routepoint_id>1318133196</swisstopo:routepoint_id>
				</extensions>
			</trkpt>
			<trkpt lat="47.1878984400" lon="8.6997434835">
				<ele>606.9</ele>
				<time>2026-05-24T07:58:53Z</time>
				<extensions>
					<swisstopo:routepoint_id>423322720</swisstopo:routepoint_id>
				</extensions>
			</trkpt>
			<trkpt lat="47.1878984555" lon="8.6997434808">
				<ele>606.9</ele>
				<time>2026-05-24T07:58:54Z</time>
				<extensions>
					<swisstopo:routepoint_id>171632529</swisstopo:routepoint_id>
				</extensions>
			</trkpt>
			<trkpt lat="47.1878984670" lon="8.6997434788">
				<ele>606.9</ele>
				<time>2026-05-24T07:58:55Z</time>
				<extensions>
					<swisstopo:routepoint_id>557376982</swisstopo:routepoint_id>
				</extensions>
			</trkpt>
			<trkpt lat="47.1878984749" lon="8.6997434774">
				<ele>606.9</ele>
				<time>2026-05-24T07:58:56Z</time>
				<extensions>
					<swisstopo:routepoint_id>511268260</swisstopo:routepoint_id>
				</extensions>
			</trkpt>
			<trkpt lat="47.1878984799" lon="8.6997434765">
				<ele>606.9</ele>
				<time>2026-05-24T07:58:57Z</time>
				<extensions>
					<swisstopo:routepoint_id>803574173</swisstopo:routepoint_id>
				</extensions>
			</trkpt>
			<trkpt lat="47.1878984826" lon="8.6997434761">
				<ele>606.9</ele>
				<time>2026-05-24T07:58:58Z</time>
				<extensions>
					<swisstopo:routepoint_id>146469628</swisstopo:routepoint_id>
				</extensions>
			</trkpt>
			<trkpt lat="47.1878984835" lon="8.6997434760">
				<ele>606.9</ele>
				<time>2026-05-24T07:58:59Z</time>
				<extensions>
					<swisstopo:routepoint_id>698778334</swisstopo:routepoint_id>
				</extensions>
			</trkpt>
			<trkpt lat="47.1878984830" lon="8.6997434762">
				<ele>606.9</ele>
				<time>2026-05-24T07:59:00Z</time>
				<extensions>
					<swisstopo:routepoint_id>1926877742</swisstopo:routepoint_id>
				</extensions>
			</trkpt>
			<trkpt lat="47.1878984816" lon="8.6997434765">
				<ele>606.9</ele>
				<time>2026-05-24T07:59:01Z</time>
				<extensions>
					<swisstopo:routepoint_id>980813034</swisstopo:routepoint_id>
				</extensions>
			</trkpt>
			<trkpt lat="47.1878984794" lon="8.6997434769">
				<ele>606.9</ele>
				<time>2026-05-24T07:59:03Z</time>
				<extensions>
					<swisstopo:routepoint_id>440188066</swisstopo:routepoint_id>
				</extensions>
			</trkpt>
			<trkpt lat="47.1878984769" lon="8.6997434774">
				<ele>606.9</ele>
				<time>2026-05-24T07:59:04Z</time>
				<extensions>
					<swisstopo:routepoint_id>159661347</swisstopo:routepoint_id>
				</extensions>
			</trkpt>
			<trkpt lat="47.1878984742" lon="8.6997434779">
				<ele>606.9</ele>
				<time>2026-05-24T07:59:05Z</time>
				<extensions>
					<swisstopo:routepoint_id>1221183926</swisstopo:routepoint_id>
				</extensions>
			</trkpt>
			<trkpt lat="47.1878984714" lon="8.6997434785">
				<ele>606.9</ele>
				<time>2026-05-24T07:59:06Z</time>
				<extensions>
					<swisstopo:routepoint_id>937029903</swisstopo:routepoint_id>
				</extensions>
			</trkpt>
			<trkpt lat="47.1878984687" lon="8.6997434790">
				<ele>606.9</ele>
				<time>2026-05-24T07:59:07Z</time>
				<extensions>
					<swisstopo:routepoint_id>1163996270</swisstopo:routepoint_id>
				</extensions>
			</trkpt>
			<trkpt lat="47.1878984662" lon="8.6997434794">
				<ele>606.9</ele>
				<time>2026-05-24T07:59:08Z</time>
				<extensions>
					<swisstopo:routepoint_id>1856769367</swisstopo:routepoint_id>
				</extensions>
			</trkpt>
			<trkpt lat="47.1878984639" lon="8.6997434799">
				<ele>606.9</ele>
				<time>2026-05-24T07:59:09Z</time>
				<extensions>
					<swisstopo:routepoint_id>1637876612</swisstopo:routepoint_id>
				</extensions>
			</trkpt>
			<trkpt lat="47.1878984619" lon="8.6997434802">
				<ele>606.9</ele>
				<time>2026-05-24T07:59:10Z</time>
				<extensions>
					<swisstopo:routepoint_id>1346830638</swisstopo:routepoint_id>
				</extensions>
			</trkpt>
			<trkpt lat="47.1878984601" lon="8.6997434806">
				<ele>606.9</ele>
				<time>2026-05-24T07:59:11Z</time>
				<extensions>
					<swisstopo:routepoint_id>1704893486</swisstopo:routepoint_id>
				</extensions>
			</trkpt>
			<trkpt lat="47.1878984586" lon="8.6997434808">
				<ele>606.9</ele>
				<time>2026-05-24T07:59:12Z</time>
				<extensions>
					<swisstopo:routepoint_id>270517281</swisstopo:routepoint_id>
				</extensions>
			</trkpt>
			<trkpt lat="47.1878984574" lon="8.6997434811">
				<ele>606.9</ele>
				<time>2026-05-24T07:59:13Z</time>
				<extensions>
					<swisstopo:routepoint_id>361061068</swisstopo:routepoint_id>
				</extensions>
			</trkpt>
			<trkpt lat="47.1878984564" lon="8.6997434812">
				<ele>606.9</ele>
				<time>2026-05-24T07:59:14Z</time>
				<extensions>
					<swisstopo:routepoint_id>1712067101</swisstopo:routepoint_id>
				</extensions>
			</trkpt>
			<trkpt lat="47.1878984556" lon="8.6997434814">
				<ele>606.9</ele>
				<time>2026-05-24T07:59:15Z</time>
				<extensions>
					<swisstopo:routepoint_id>578380354</swisstopo:routepoint_id>
				</extensions>
			</trkpt>
			<trkpt lat="47.1878984550" lon="8.6997434815">
				<ele>606.9</ele>
				<time>2026-05-24T07:59:16Z</time>
				<extensions>
					<swisstopo:routepoint_id>1327623356</swisstopo:routepoint_id>
				</extensions>
			</trkpt>
			<trkpt lat="47.1878984545" lon="8.6997434816">
				<ele>606.9</ele>
				<time>2026-05-24T07:59:17Z</time>
				<extensions>
					<swisstopo:routepoint_id>1010651962</swisstopo:routepoint_id>
				</extensions>
			</trkpt>
			<trkpt lat="47.1878984542" lon="8.6997434816">
				<ele>606.9</ele>
				<time>2026-05-24T07:59:18Z</time>
				<extensions>
					<swisstopo:routepoint_id>1579361211</swisstopo:routepoint_id>
				</extensions>
			</trkpt>
			<trkpt lat="47.1878984541" lon="8.6997434817">
				<ele>606.9</ele>
				<time>2026-05-24T07:59:19Z</time>
				<extensions>
					<swisstopo:routepoint_id>1425996357</swisstopo:routepoint_id>
				</extensions>
			</trkpt>
			<trkpt lat="47.1878984540" lon="8.6997434817">
				<ele>606.9</ele>
				<time>2026-05-24T07:59:20Z</time>
				<extensions>
					<swisstopo:routepoint_id>803271579</swisstopo:routepoint_id>
				</extensions>
			</trkpt>
			<trkpt lat="47.1878984539" lon="8.6997434817">
				<ele>606.9</ele>
				<time>2026-05-24T07:59:21Z</time>
				<extensions>
					<swisstopo:routepoint_id>1503223211</swisstopo:routepoint_id>
				</extensions>
			</trkpt>
			<trkpt lat="47.1878984540" lon="8.6997434817">
				<ele>606.9</ele>
				<time>2026-05-24T07:59:22Z</time>
				<extensions>
					<swisstopo:routepoint_id>1674883969</swisstopo:routepoint_id>
				</extensions>
			</trkpt>
			<trkpt lat="47.1878984540" lon="8.6997434816">
				<ele>606.9</ele>
				<time>2026-05-24T07:59:22Z</time>
				<extensions>
					<swisstopo:routepoint_id>559222107</swisstopo:routepoint_id>
				</extensions>
			</trkpt>
			<trkpt lat="47.1878984541" lon="8.6997434816">
				<ele>606.9</ele>
				<time>2026-05-24T07:59:23Z</time>
				<extensions>
					<swisstopo:routepoint_id>1457513077</swisstopo:routepoint_id>
				</extensions>
			</trkpt>
			<trkpt lat="47.1878984542" lon="8.6997434816">
				<ele>606.9</ele>
				<time>2026-05-24T07:59:24Z</time>
				<extensions>
					<swisstopo:routepoint_id>76323810</swisstopo:routepoint_id>
				</extensions>
			</trkpt>
			<trkpt lat="47.1878984543" lon="8.6997434816">
				<ele>606.9</ele>
				<time>2026-05-24T07:59:25Z</time>
				<extensions>
					<swisstopo:routepoint_id>726537411</swisstopo:routepoint_id>
				</extensions>
			</trkpt>
			<trkpt lat="47.1878984544" lon="8.6997434816">
				<ele>606.9</ele>
				<time>2026-05-24T07:59:26Z</time>
				<extensions>
					<swisstopo:routepoint_id>322249835</swisstopo:routepoint_id>
				</extensions>
			</trkpt>
			<trkpt lat="47.1878984545" lon="8.6997434815">
				<ele>606.9</ele>
				<time>2026-05-24T07:59:27Z</time>
				<extensions>
					<swisstopo:routepoint_id>99219111</swisstopo:routepoint_id>
				</extensions>
			</trkpt>
			<trkpt lat="47.1878984546" lon="8.6997434815">
				<ele>606.9</ele>
				<time>2026-05-24T07:59:28Z</time>
				<extensions>
					<swisstopo:routepoint_id>1128288505</swisstopo:routepoint_id>
				</extensions>
			</trkpt>
			<trkpt lat="47.1878835313" lon="8.6997425739">
				<ele>607.5</ele>
				<time>2026-05-24T07:59:29Z</time>
				<extensions>
					<swisstopo:routepoint_id>864300525</swisstopo:routepoint_id>
				</extensions>
			</trkpt>
			<trkpt lat="47.1878680959" lon="8.6997425008">
				<ele>608.0</ele>
				<time>2026-05-24T07:59:30Z</time>
				<extensions>
					<swisstopo:routepoint_id>719535367</swisstopo:routepoint_id>
				</extensions>
			</trkpt>
			<trkpt lat="47.1878536249" lon="8.6997447388">
				<ele>608.4</ele>
				<time>2026-05-24T07:59:31Z</time>
				<extensions>
					<swisstopo:routepoint_id>750496912</swisstopo:routepoint_id>
				</extensions>
			</trkpt>
			<trkpt lat="47.1878446254" lon="8.6997476836">
				<ele>608.7</ele>
				<time>2026-05-24T07:59:32Z</time>
				<extensions>
					<swisstopo:routepoint_id>1430141153</swisstopo:routepoint_id>
				</extensions>
			</trkpt>
			<trkpt lat="47.1878351507" lon="8.6997563668">
				<ele>609.4</ele>
				<time>2026-05-24T07:59:32Z</time>
				<extensions>
					<swisstopo:routepoint_id>1745381247</swisstopo:routepoint_id>
				</extensions>
			</trkpt>
			<trkpt lat="47.1878351531" lon="8.6997563685">
				<ele>609.4</ele>
				<time>2026-05-24T07:59:33Z</time>
				<extensions>
					<swisstopo:routepoint_id>2143483956</swisstopo:routepoint_id>
				</extensions>
			</trkpt>
			<trkpt lat="47.1878351386" lon="8.6997563594">
				<ele>609.4</ele>
				<time>2026-05-24T07:59:34Z</time>
				<extensions>
					<swisstopo:routepoint_id>1496670067</swisstopo:routepoint_id>
				</extensions>
			</trkpt>
			<trkpt lat="47.1878351305" lon="8.6997564063">
				<ele>609.3</ele>
				<time>2026-05-24T07:59:35Z</time>
				<extensions>
					<swisstopo:routepoint_id>1057858758</swisstopo:routepoint_id>
				</extensions>
			</trkpt>
			<trkpt lat="47.1878351393" lon="8.6997567378">
				<ele>609.3</ele>
				<time>2026-05-24T07:59:36Z</time>
				<extensions>
					<swisstopo:routepoint_id>415032193</swisstopo:routepoint_id>
				</extensions>
			</trkpt>
			<trkpt lat="47.1878347123" lon="8.6997573338">
				<ele>609.1</ele>
				<time>2026-05-24T07:59:37Z</time>
				<extensions>
					<swisstopo:routepoint_id>419182295</swisstopo:routepoint_id>
				</extensions>
			</trkpt>
			<trkpt lat="47.1878341360" lon="8.6997588664">
				<ele>609.0</ele>
				<time>2026-05-24T07:59:38Z</time>
				<extensions>
					<swisstopo:routepoint_id>1450469905</swisstopo:routepoint_id>
				</extensions>
			</trkpt>
			<trkpt lat="47.1878324099" lon="8.6997603926">
				<ele>608.8</ele>
				<time>2026-05-24T07:59:39Z</time>
				<extensions>
					<swisstopo:routepoint_id>1960816238</swisstopo:routepoint_id>
				</extensions>
			</trkpt>
			<trkpt lat="47.1878291203" lon="8.6997609773">
				<ele>608.7</ele>
				<time>2026-05-24T07:59:40Z</time>
				<extensions>
					<swisstopo:routepoint_id>154465204</swisstopo:routepoint_id>
				</extensions>
			</trkpt>
			<trkpt lat="47.1878229038" lon="8.6997596427">
				<ele>608.5</ele>
				<time>2026-05-24T07:59:41Z</time>
				<extensions>
					<swisstopo:routepoint_id>1936438052</swisstopo:routepoint_id>
				</extensions>
			</trkpt>
			<trkpt lat="47.1878165215" lon="8.6997564958">
				<ele>608.3</ele>
				<time>2026-05-24T07:59:42Z</time>
				<extensions>
					<swisstopo:routepoint_id>599669679</swisstopo:routepoint_id>
				</extensions>
			</trkpt>
			<trkpt lat="47.1878105416" lon="8.6997521415">
				<ele>608.0</ele>
				<time>2026-05-24T07:59:43Z</time>
				<extensions>
					<swisstopo:routepoint_id>507539582</swisstopo:routepoint_id>
				</extensions>
			</trkpt>
			<trkpt lat="47.1878057901" lon="8.6997485483">
				<ele>607.8</ele>
				<time>2026-05-24T07:59:44Z</time>
				<extensions>
					<swisstopo:routepoint_id>412708790</swisstopo:routepoint_id>
				</extensions>
			</trkpt>
			<trkpt lat="47.1878020884" lon="8.6997455920">
				<ele>607.7</ele>
				<time>2026-05-24T07:59:45Z</time>
				<extensions>
					<swisstopo:routepoint_id>24453720</swisstopo:routepoint_id>
				</extensions>
			</trkpt>
			<trkpt lat="47.1877992931" lon="8.6997431886">
				<ele>607.6</ele>
				<time>2026-05-24T07:59:46Z</time>
				<extensions>
					<swisstopo:routepoint_id>824295463</swisstopo:routepoint_id>
				</extensions>
			</trkpt>
			<trkpt lat="47.1877972800" lon="8.6997412952">
				<ele>607.5</ele>
				<time>2026-05-24T07:59:47Z</time>
				<extensions>
					<swisstopo:routepoint_id>516839844</swisstopo:routepoint_id>
				</extensions>
			</trkpt>
			<trkpt lat="47.1877959228" lon="8.6997398534">
				<ele>607.5</ele>
				<time>2026-05-24T07:59:48Z</time>
				<extensions>
					<swisstopo:routepoint_id>2103389640</swisstopo:routepoint_id>
				</extensions>
			</trkpt>
			<trkpt lat="47.1877951031" lon="8.6997388014">
				<ele>607.5</ele>
				<time>2026-05-24T07:59:49Z</time>
				<extensions>
					<swisstopo:routepoint_id>1941366213</swisstopo:routepoint_id>
				</extensions>
			</trkpt>
			<trkpt lat="47.1877947138" lon="8.6997380787">
				<ele>607.5</ele>
				<time>2026-05-24T07:59:50Z</time>
				<extensions>
					<swisstopo:routepoint_id>1822893020</swisstopo:routepoint_id>
				</extensions>
			</trkpt>
			<trkpt lat="47.1877946594" lon="8.6997376281">
				<ele>607.5</ele>
				<time>2026-05-24T07:59:51Z</time>
				<extensions>
					<swisstopo:routepoint_id>1361279038</swisstopo:routepoint_id>
				</extensions>
			</trkpt>
			<trkpt lat="47.1877948560" lon="8.6997373970">
				<ele>607.5</ele>
				<time>2026-05-24T07:59:52Z</time>
				<extensions>
					<swisstopo:routepoint_id>1873500175</swisstopo:routepoint_id>
				</extensions>
			</trkpt>
			<trkpt lat="47.1877952309" lon="8.6997373375">
				<ele>607.5</ele>
				<time>2026-05-24T07:59:53Z</time>
				<extensions>
					<swisstopo:routepoint_id>1512208911</swisstopo:routepoint_id>
				</extensions>
			</trkpt>
			<trkpt lat="47.1877957231" lon="8.6997374073">
				<ele>607.5</ele>
				<time>2026-05-24T07:59:54Z</time>
				<extensions>
					<swisstopo:routepoint_id>226204932</swisstopo:routepoint_id>
				</extensions>
			</trkpt>
			<trkpt lat="47.1877962822" lon="8.6997375698">
				<ele>607.6</ele>
				<time>2026-05-24T07:59:55Z</time>
				<extensions>
					<swisstopo:routepoint_id>780236934</swisstopo:routepoint_id>
				</extensions>
			</trkpt>
			<trkpt lat="47.1877968680" lon="8.6997377940">
				<ele>607.6</ele>
				<time>2026-05-24T07:59:56Z</time>
				<extensions>
					<swisstopo:routepoint_id>907001156</swisstopo:routepoint_id>
				</extensions>
			</trkpt>
			<trkpt lat="47.1877974500" lon="8.6997380545">
				<ele>607.6</ele>
				<time>2026-05-24T07:59:57Z</time>
				<extensions>
					<swisstopo:routepoint_id>1129502486</swisstopo:routepoint_id>
				</extensions>
			</trkpt>
			<trkpt lat="47.1877980056" lon="8.6997383313">
				<ele>607.6</ele>
				<time>2026-05-24T07:59:58Z</time>
				<extensions>
					<swisstopo:routepoint_id>1940326369</swisstopo:routepoint_id>
				</extensions>
			</trkpt>
			<trkpt lat="47.1877985194" lon="8.6997386087">
				<ele>607.7</ele>
				<time>2026-05-24T07:59:59Z</time>
				<extensions>
					<swisstopo:routepoint_id>1526104088</swisstopo:routepoint_id>
				</extensions>
			</trkpt>
			<trkpt lat="47.1877989818" lon="8.6997388756">
				<ele>607.7</ele>
				<time>2026-05-24T08:00:00Z</time>
				<extensions>
					<swisstopo:routepoint_id>1834210895</swisstopo:routepoint_id>
				</extensions>
			</trkpt>
			<trkpt lat="47.1877993879" lon="8.6997391239">
				<ele>607.7</ele>
				<time>2026-05-24T08:00:01Z</time>
				<extensions>
					<swisstopo:routepoint_id>454759580</swisstopo:routepoint_id>
				</extensions>
			</trkpt>
			<trkpt lat="47.1877997363" lon="8.6997393487">
				<ele>607.7</ele>
				<time>2026-05-24T08:00:02Z</time>
				<extensions>
					<swisstopo:routepoint_id>249961387</swisstopo:routepoint_id>
				</extensions>
			</trkpt>
			<trkpt lat="47.1878000284" lon="8.6997395471">
				<ele>607.7</ele>
				<time>2026-05-24T08:00:03Z</time>
				<extensions>
					<swisstopo:routepoint_id>623017777</swisstopo:routepoint_id>
				</extensions>
			</trkpt>
			<trkpt lat="47.1878002675" lon="8.6997397183">
				<ele>607.7</ele>
				<time>2026-05-24T08:00:04Z</time>
				<extensions>
					<swisstopo:routepoint_id>2076998914</swisstopo:routepoint_id>
				</extensions>
			</trkpt>
			<trkpt lat="47.1878004581" lon="8.6997398627">
				<ele>607.7</ele>
				<time>2026-05-24T08:00:05Z</time>
				<extensions>
					<swisstopo:routepoint_id>774065613</swisstopo:routepoint_id>
				</extensions>
			</trkpt>
			<trkpt lat="47.1878006055" lon="8.6997399815">
				<ele>607.7</ele>
				<time>2026-05-24T08:00:06Z</time>
				<extensions>
					<swisstopo:routepoint_id>264824165</swisstopo:routepoint_id>
				</extensions>
			</trkpt>
			<trkpt lat="47.1878007152" lon="8.6997400769">
				<ele>607.8</ele>
				<time>2026-05-24T08:00:07Z</time>
				<extensions>
					<swisstopo:routepoint_id>1313624571</swisstopo:routepoint_id>
				</extensions>
			</trkpt>
			<trkpt lat="47.1878007929" lon="8.6997401513">
				<ele>607.8</ele>
				<time>2026-05-24T08:00:08Z</time>
				<extensions>
					<swisstopo:routepoint_id>1956273637</swisstopo:routepoint_id>
				</extensions>
			</trkpt>
			<trkpt lat="47.1878008439" lon="8.6997402072">
				<ele>607.8</ele>
				<time>2026-05-24T08:00:09Z</time>
				<extensions>
					<swisstopo:routepoint_id>1116381489</swisstopo:routepoint_id>
				</extensions>
			</trkpt>
			<trkpt lat="47.1878008734" lon="8.6997402473">
				<ele>607.8</ele>
				<time>2026-05-24T08:00:10Z</time>
				<extensions>
					<swisstopo:routepoint_id>459061784</swisstopo:routepoint_id>
				</extensions>
			</trkpt>
			<trkpt lat="47.1878008857" lon="8.6997402743">
				<ele>607.8</ele>
				<time>2026-05-24T08:00:11Z</time>
				<extensions>
					<swisstopo:routepoint_id>1690143664</swisstopo:routepoint_id>
				</extensions>
			</trkpt>
			<trkpt lat="47.1878008851" lon="8.6997402905">
				<ele>607.8</ele>
				<time>2026-05-24T08:00:12Z</time>
				<extensions>
					<swisstopo:routepoint_id>1478361979</swisstopo:routepoint_id>
				</extensions>
			</trkpt>
			<trkpt lat="47.1878020962" lon="8.6997469837">
				<ele>608.5</ele>
				<time>2026-05-24T08:00:13Z</time>
				<extensions>
					<swisstopo:routepoint_id>443985263</swisstopo:routepoint_id>
				</extensions>
			</trkpt>
			<trkpt lat="47.1878068129" lon="8.6997570739">
				<ele>609.4</ele>
				<time>2026-05-24T08:00:14Z</time>
				<extensions>
					<swisstopo:routepoint_id>1702125563</swisstopo:routepoint_id>
				</extensions>
			</trkpt>
			<trkpt lat="47.1878081193" lon="8.6997686690">
				<ele>610.0</ele>
				<time>2026-05-24T08:00:15Z</time>
				<extensions>
					<swisstopo:routepoint_id>994675654</swisstopo:routepoint_id>
				</extensions>
			</trkpt>
			<trkpt lat="47.1878075890" lon="8.6997986308">
				<ele>610.8</ele>
				<time>2026-05-24T08:00:15Z</time>
				<extensions>
					<swisstopo:routepoint_id>1501008530</swisstopo:routepoint_id>
				</extensions>
			</trkpt>
			<trkpt lat="47.1878075841" lon="8.6997986356">
				<ele>610.8</ele>
				<time>2026-05-24T08:00:16Z</time>
				<extensions>
					<swisstopo:routepoint_id>959962401</swisstopo:routepoint_id>
				</extensions>
			</trkpt>
			<trkpt lat="47.1878076366" lon="8.6997985975">
				<ele>610.8</ele>
				<time>2026-05-24T08:00:17Z</time>
				<extensions>
					<swisstopo:routepoint_id>43433696</swisstopo:routepoint_id>
				</extensions>
			</trkpt>
			<trkpt lat="47.1878079749" lon="8.6997984629">
				<ele>610.8</ele>
				<time>2026-05-24T08:00:18Z</time>
				<extensions>
					<swisstopo:routepoint_id>1993172339</swisstopo:routepoint_id>
				</extensions>
			</trkpt>
			<trkpt lat="47.1878090580" lon="8.6997978425">
				<ele>610.8</ele>
				<time>2026-05-24T08:00:19Z</time>
				<extensions>
					<swisstopo:routepoint_id>650092020</swisstopo:routepoint_id>
				</extensions>
			</trkpt>
			<trkpt lat="47.1878122448" lon="8.6997963965">
				<ele>610.7</ele>
				<time>2026-05-24T08:00:20Z</time>
				<extensions>
					<swisstopo:routepoint_id>1847267851</swisstopo:routepoint_id>
				</extensions>
			</trkpt>
			<trkpt lat="47.1878175036" lon="8.6997958832">
				<ele>610.7</ele>
				<time>2026-05-24T08:00:21Z</time>
				<extensions>
					<swisstopo:routepoint_id>859687078</swisstopo:routepoint_id>
				</extensions>
			</trkpt>
			<trkpt lat="47.1878242361" lon="8.6997975331">
				<ele>610.6</ele>
				<time>2026-05-24T08:00:22Z</time>
				<extensions>
					<swisstopo:routepoint_id>490742930</swisstopo:routepoint_id>
				</extensions>
			</trkpt>
			<trkpt lat="47.1878303277" lon="8.6998024526">
				<ele>610.3</ele>
				<time>2026-05-24T08:00:23Z</time>
				<extensions>
					<swisstopo:routepoint_id>1579220030</swisstopo:routepoint_id>
				</extensions>
			</trkpt>
			<trkpt lat="47.1878362524" lon="8.6998097400">
				<ele>609.8</ele>
				<time>2026-05-24T08:00:24Z</time>
				<extensions>
					<swisstopo:routepoint_id>1200650937</swisstopo:routepoint_id>
				</extensions>
			</trkpt>
			<trkpt lat="47.1878413469" lon="8.6998179187">
				<ele>609.2</ele>
				<time>2026-05-24T08:00:25Z</time>
				<extensions>
					<swisstopo:routepoint_id>1583950947</swisstopo:routepoint_id>
				</extensions>
			</trkpt>
			<trkpt lat="47.1878498337" lon="8.6998292228">
				<ele>608.2</ele>
				<time>2026-05-24T08:00:26Z</time>
				<extensions>
					<swisstopo:routepoint_id>1256278017</swisstopo:routepoint_id>
				</extensions>
			</trkpt>
			<trkpt lat="47.1878576269" lon="8.6998437743">
				<ele>607.2</ele>
				<time>2026-05-24T08:00:27Z</time>
				<extensions>
					<swisstopo:routepoint_id>205414415</swisstopo:routepoint_id>
				</extensions>
			</trkpt>
			<trkpt lat="47.1878639032" lon="8.6998602739">
				<ele>606.2</ele>
				<time>2026-05-24T08:00:28Z</time>
				<extensions>
					<swisstopo:routepoint_id>1393852176</swisstopo:routepoint_id>
				</extensions>
			</trkpt>
			<trkpt lat="47.1878678143" lon="8.6998779213">
				<ele>605.2</ele>
				<time>2026-05-24T08:00:29Z</time>
				<extensions>
					<swisstopo:routepoint_id>1721900556</swisstopo:routepoint_id>
				</extensions>
			</trkpt>
			<trkpt lat="47.1878691418" lon="8.6998993661">
				<ele>604.1</ele>
				<time>2026-05-24T08:00:30Z</time>
				<extensions>
					<swisstopo:routepoint_id>493017720</swisstopo:routepoint_id>
				</extensions>
			</trkpt>
			<trkpt lat="47.1878700112" lon="8.6999254023">
				<ele>603.3</ele>
				<time>2026-05-24T08:00:31Z</time>
				<extensions>
					<swisstopo:routepoint_id>1156909914</swisstopo:routepoint_id>
				</extensions>
			</trkpt>
			<trkpt lat="47.1878709785" lon="8.6999522620">
				<ele>602.7</ele>
				<time>2026-05-24T08:00:32Z</time>
				<extensions>
					<swisstopo:routepoint_id>867984660</swisstopo:routepoint_id>
				</extensions>
			</trkpt>
			<trkpt lat="47.1878770106" lon="8.6999779733">
				<ele>602.1</ele>
				<time>2026-05-24T08:00:33Z</time>
				<extensions>
					<swisstopo:routepoint_id>361766549</swisstopo:routepoint_id>
				</extensions>
			</trkpt>
			<trkpt lat="47.1878817190" lon="8.7000060710">
				<ele>601.9</ele>
				<time>2026-05-24T08:00:34Z</time>
				<extensions>
					<swisstopo:routepoint_id>684184386</swisstopo:routepoint_id>
				</extensions>
			</trkpt>
			<trkpt lat="47.1878859804" lon="8.7000366741">
				<ele>601.9</ele>
				<time>2026-05-24T08:00:35Z</time>
				<extensions>
					<swisstopo:routepoint_id>1459529464</swisstopo:routepoint_id>
				</extensions>
			</trkpt>
			<trkpt lat="47.1878916922" lon="8.7000638922">
				<ele>602.0</ele>
				<time>2026-05-24T08:00:36Z</time>
				<extensions>
					<swisstopo:routepoint_id>1753485414</swisstopo:routepoint_id>
				</extensions>
			</trkpt>
			<trkpt lat="47.1879001193" lon="8.7000911916">
				<ele>602.3</ele>
				<time>2026-05-24T08:00:37Z</time>
				<extensions>
					<swisstopo:routepoint_id>911265317</swisstopo:routepoint_id>
				</extensions>
			</trkpt>
			<trkpt lat="47.1879079643" lon="8.7001155767">
				<ele>602.3</ele>
				<time>2026-05-24T08:00:38Z</time>
				<extensions>
					<swisstopo:routepoint_id>1930296062</swisstopo:routepoint_id>
				</extensions>
			</trkpt>
			<trkpt lat="47.1879177731" lon="8.7001415698">
				<ele>602.2</ele>
				<time>2026-05-24T08:00:39Z</time>
				<extensions>
					<swisstopo:routepoint_id>450458805</swisstopo:routepoint_id>
				</extensions>
			</trkpt>
			<trkpt lat="47.1879297803" lon="8.7001612074">
				<ele>602.1</ele>
				<time>2026-05-24T08:00:40Z</time>
				<extensions>
					<swisstopo:routepoint_id>981279960</swisstopo:routepoint_id>
				</extensions>
			</trkpt>
			<trkpt lat="47.1879455531" lon="8.7001781119">
				<ele>602.4</ele>
				<time>2026-05-24T08:00:41Z</time>
				<extensions>
					<swisstopo:routepoint_id>1845362407</swisstopo:routepoint_id>
				</extensions>
			</trkpt>
			<trkpt lat="47.1879636774" lon="8.7001951285">
				<ele>602.6</ele>
				<time>2026-05-24T08:00:42Z</time>
				<extensions>
					<swisstopo:routepoint_id>1047144475</swisstopo:routepoint_id>
				</extensions>
			</trkpt>
			<trkpt lat="47.1879794671" lon="8.7002108300">
				<ele>602.9</ele>
				<time>2026-05-24T08:00:43Z</time>
				<extensions>
					<swisstopo:routepoint_id>728704160</swisstopo:routepoint_id>
				</extensions>
			</trkpt>
		</trkseg>
	</trk>
</gpx>
