<?xml version="1.0"?>
<gpx version="1.1" creator="Generated by Swisstopo App. See https://www.swisstopo.ch/app for more information." xmlns="http://www.topografix.com/GPX/1/1" xmlns:xsi="http://www.w3.org/2001/XMLSchema-instance" xmlns:swisstopo="https://prod-static.swisstopo-app.ch/xmlschemas/SwisstopoExtensions" xsi:schemaLocation="http://www.topografix.com/GPX/1/1 http://www.topografix.com/GPX/1/1/gpx.xsd https://swisstopo-app.ch/xmlschemas/SwisstopoExtensions https://prod-static.swisstopo-app.ch/xmlschemas/SwisstopoExtensions.xsd">
	<metadata>
		<name>Vitaparcours_wollerau_20260521</name>
		<desc />
		<time>2026-05-21T15:09:50Z</time>
		<extensions>
			<swisstopo:tour_type>3</swisstopo:tour_type>
		</extensions>
	</metadata>
	<wpt lat="47.1880706427" lon="8.7002728456">
		<ele>606.1</ele>
		<name>Startpunkt</name>
		<extensions>
			<swisstopo:waypoint_id>1</swisstopo:waypoint_id>
			<swisstopo:waypoint_routepoint_id>118357208</swisstopo:waypoint_routepoint_id>
			<swisstopo:waypoint_meters_into_tour>0.000000</swisstopo:waypoint_meters_into_tour>
			<swisstopo:waypoint_is_controlpoint>1</swisstopo:waypoint_is_controlpoint>
		</extensions>
	</wpt>
	<wpt lat="47.1878760566" lon="8.7001656116">
		<ele>603.1</ele>
		<name>Ziel</name>
		<extensions>
			<swisstopo:waypoint_id>2</swisstopo:waypoint_id>
			<swisstopo:waypoint_routepoint_id>594936034</swisstopo:waypoint_routepoint_id>
			<swisstopo:waypoint_meters_into_tour>3013.165338</swisstopo:waypoint_meters_into_tour>
			<swisstopo:waypoint_is_controlpoint>1</swisstopo:waypoint_is_controlpoint>
			<swisstopo:waypoint_stage_before distance="3013.165338" duration="3264.000000" ascent="49.812758" descent="52.763932" />
		</extensions>
	</wpt>
	<trk>
		<name>Swisstopo Route</name>
		<trkseg>
			<trkpt lat="47.1880706427" lon="8.7002728456">
				<ele>606.1</ele>
				<time>2026-05-21T14:14:55Z</time>
				<extensions>
					<swisstopo:routepoint_id>118357208</swisstopo:routepoint_id>
				</extensions>
			</trkpt>
			<trkpt lat="47.1880386439" lon="8.7002490048">
				<ele>605.9</ele>
				<time>2026-05-21T14:14:56Z</time>
				<extensions>
					<swisstopo:routepoint_id>659737734</swisstopo:routepoint_id>
				</extensions>
			</trkpt>
			<trkpt lat="47.1880386510" lon="8.7002490091">
				<ele>605.9</ele>
				<time>2026-05-21T14:14:57Z</time>
				<extensions>
					<swisstopo:routepoint_id>754025877</swisstopo:routepoint_id>
				</extensions>
			</trkpt>
			<trkpt lat="47.1880385701" lon="8.7002489677">
				<ele>605.9</ele>
				<time>2026-05-21T14:14:58Z</time>
				<extensions>
					<swisstopo:routepoint_id>611913792</swisstopo:routepoint_id>
				</extensions>
			</trkpt>
			<trkpt lat="47.1880377217" lon="8.7002485850">
				<ele>605.9</ele>
				<time>2026-05-21T14:14:59Z</time>
				<extensions>
					<swisstopo:routepoint_id>135916661</swisstopo:routepoint_id>
				</extensions>
			</trkpt>
			<trkpt lat="47.1880345326" lon="8.7002470322">
				<ele>605.9</ele>
				<time>2026-05-21T14:15:00Z</time>
				<extensions>
					<swisstopo:routepoint_id>1576204666</swisstopo:routepoint_id>
				</extensions>
			</trkpt>
			<trkpt lat="47.1880270178" lon="8.7002428060">
				<ele>605.9</ele>
				<time>2026-05-21T14:15:01Z</time>
				<extensions>
					<swisstopo:routepoint_id>2061035717</swisstopo:routepoint_id>
				</extensions>
			</trkpt>
			<trkpt lat="47.1880138481" lon="8.7002343755">
				<ele>605.9</ele>
				<time>2026-05-21T14:15:02Z</time>
				<extensions>
					<swisstopo:routepoint_id>916069509</swisstopo:routepoint_id>
				</extensions>
			</trkpt>
			<trkpt lat="47.1879949006" lon="8.7002218826">
				<ele>606.1</ele>
				<time>2026-05-21T14:15:03Z</time>
				<extensions>
					<swisstopo:routepoint_id>1069972420</swisstopo:routepoint_id>
				</extensions>
			</trkpt>
			<trkpt lat="47.1879720121" lon="8.7002063402">
				<ele>606.3</ele>
				<time>2026-05-21T14:15:04Z</time>
				<extensions>
					<swisstopo:routepoint_id>2145886609</swisstopo:routepoint_id>
				</extensions>
			</trkpt>
			<trkpt lat="47.1879485003" lon="8.7001905260">
				<ele>606.4</ele>
				<time>2026-05-21T14:15:05Z</time>
				<extensions>
					<swisstopo:routepoint_id>1075869745</swisstopo:routepoint_id>
				</extensions>
			</trkpt>
			<trkpt lat="47.1879268182" lon="8.7001751685">
				<ele>606.6</ele>
				<time>2026-05-21T14:15:06Z</time>
				<extensions>
					<swisstopo:routepoint_id>330496475</swisstopo:routepoint_id>
				</extensions>
			</trkpt>
			<trkpt lat="47.1879091042" lon="8.7001623177">
				<ele>606.8</ele>
				<time>2026-05-21T14:15:07Z</time>
				<extensions>
					<swisstopo:routepoint_id>1261544183</swisstopo:routepoint_id>
				</extensions>
			</trkpt>
			<trkpt lat="47.1878927058" lon="8.7001454284">
				<ele>606.8</ele>
				<time>2026-05-21T14:15:08Z</time>
				<extensions>
					<swisstopo:routepoint_id>667036850</swisstopo:routepoint_id>
				</extensions>
			</trkpt>
			<trkpt lat="47.1878781360" lon="8.7001308789">
				<ele>606.8</ele>
				<time>2026-05-21T14:15:09Z</time>
				<extensions>
					<swisstopo:routepoint_id>1023700610</swisstopo:routepoint_id>
				</extensions>
			</trkpt>
			<trkpt lat="47.1878671728" lon="8.7001204838">
				<ele>606.8</ele>
				<time>2026-05-21T14:15:10Z</time>
				<extensions>
					<swisstopo:routepoint_id>1844656153</swisstopo:routepoint_id>
				</extensions>
			</trkpt>
			<trkpt lat="47.1878573717" lon="8.7001126534">
				<ele>606.7</ele>
				<time>2026-05-21T14:15:11Z</time>
				<extensions>
					<swisstopo:routepoint_id>2062035379</swisstopo:routepoint_id>
				</extensions>
			</trkpt>
			<trkpt lat="47.1878471584" lon="8.7001092398">
				<ele>606.6</ele>
				<time>2026-05-21T14:15:12Z</time>
				<extensions>
					<swisstopo:routepoint_id>537519567</swisstopo:routepoint_id>
				</extensions>
			</trkpt>
			<trkpt lat="47.1878375224" lon="8.7001063370">
				<ele>606.5</ele>
				<time>2026-05-21T14:15:13Z</time>
				<extensions>
					<swisstopo:routepoint_id>1775143287</swisstopo:routepoint_id>
				</extensions>
			</trkpt>
			<trkpt lat="47.1878275904" lon="8.7001030333">
				<ele>606.4</ele>
				<time>2026-05-21T14:15:14Z</time>
				<extensions>
					<swisstopo:routepoint_id>1990400485</swisstopo:routepoint_id>
				</extensions>
			</trkpt>
			<trkpt lat="47.1878175441" lon="8.7001023827">
				<ele>606.3</ele>
				<time>2026-05-21T14:15:15Z</time>
				<extensions>
					<swisstopo:routepoint_id>1308182076</swisstopo:routepoint_id>
				</extensions>
			</trkpt>
			<trkpt lat="47.1878062682" lon="8.7001005534">
				<ele>606.2</ele>
				<time>2026-05-21T14:15:16Z</time>
				<extensions>
					<swisstopo:routepoint_id>678573346</swisstopo:routepoint_id>
				</extensions>
			</trkpt>
			<trkpt lat="47.1877959479" lon="8.7000981384">
				<ele>606.4</ele>
				<time>2026-05-21T14:15:17Z</time>
				<extensions>
					<swisstopo:routepoint_id>1644060652</swisstopo:routepoint_id>
				</extensions>
			</trkpt>
			<trkpt lat="47.1877845865" lon="8.7000946111">
				<ele>606.2</ele>
				<time>2026-05-21T14:15:18Z</time>
				<extensions>
					<swisstopo:routepoint_id>55292215</swisstopo:routepoint_id>
				</extensions>
			</trkpt>
			<trkpt lat="47.1877721522" lon="8.7000911210">
				<ele>606.0</ele>
				<time>2026-05-21T14:15:19Z</time>
				<extensions>
					<swisstopo:routepoint_id>1583322001</swisstopo:routepoint_id>
				</extensions>
			</trkpt>
			<trkpt lat="47.1877587381" lon="8.7000863849">
				<ele>605.8</ele>
				<time>2026-05-21T14:15:20Z</time>
				<extensions>
					<swisstopo:routepoint_id>1423000830</swisstopo:routepoint_id>
				</extensions>
			</trkpt>
			<trkpt lat="47.1877463227" lon="8.7000799871">
				<ele>605.7</ele>
				<time>2026-05-21T14:15:21Z</time>
				<extensions>
					<swisstopo:routepoint_id>1997056818</swisstopo:routepoint_id>
				</extensions>
			</trkpt>
			<trkpt lat="47.1877338676" lon="8.7000735452">
				<ele>605.6</ele>
				<time>2026-05-21T14:15:22Z</time>
				<extensions>
					<swisstopo:routepoint_id>1512021163</swisstopo:routepoint_id>
				</extensions>
			</trkpt>
			<trkpt lat="47.1877211330" lon="8.7000664200">
				<ele>605.6</ele>
				<time>2026-05-21T14:15:23Z</time>
				<extensions>
					<swisstopo:routepoint_id>1365691590</swisstopo:routepoint_id>
				</extensions>
			</trkpt>
			<trkpt lat="47.1877079705" lon="8.7000608847">
				<ele>605.8</ele>
				<time>2026-05-21T14:15:24Z</time>
				<extensions>
					<swisstopo:routepoint_id>873333994</swisstopo:routepoint_id>
				</extensions>
			</trkpt>
			<trkpt lat="47.1876942671" lon="8.7000554890">
				<ele>606.0</ele>
				<time>2026-05-21T14:15:25Z</time>
				<extensions>
					<swisstopo:routepoint_id>73709913</swisstopo:routepoint_id>
				</extensions>
			</trkpt>
			<trkpt lat="47.1876811007" lon="8.7000476485">
				<ele>606.3</ele>
				<time>2026-05-21T14:15:26Z</time>
				<extensions>
					<swisstopo:routepoint_id>1891927119</swisstopo:routepoint_id>
				</extensions>
			</trkpt>
			<trkpt lat="47.1876676998" lon="8.7000395837">
				<ele>606.4</ele>
				<time>2026-05-21T14:15:27Z</time>
				<extensions>
					<swisstopo:routepoint_id>1976211551</swisstopo:routepoint_id>
				</extensions>
			</trkpt>
			<trkpt lat="47.1876544683" lon="8.7000292747">
				<ele>606.5</ele>
				<time>2026-05-21T14:15:28Z</time>
				<extensions>
					<swisstopo:routepoint_id>1205453155</swisstopo:routepoint_id>
				</extensions>
			</trkpt>
			<trkpt lat="47.1876402930" lon="8.7000194701">
				<ele>606.4</ele>
				<time>2026-05-21T14:15:29Z</time>
				<extensions>
					<swisstopo:routepoint_id>690450287</swisstopo:routepoint_id>
				</extensions>
			</trkpt>
			<trkpt lat="47.1876269785" lon="8.7000029575">
				<ele>606.4</ele>
				<time>2026-05-21T14:15:30Z</time>
				<extensions>
					<swisstopo:routepoint_id>1543828868</swisstopo:routepoint_id>
				</extensions>
			</trkpt>
			<trkpt lat="47.1876154423" lon="8.6999830219">
				<ele>606.5</ele>
				<time>2026-05-21T14:15:31Z</time>
				<extensions>
					<swisstopo:routepoint_id>1234361422</swisstopo:routepoint_id>
				</extensions>
			</trkpt>
			<trkpt lat="47.1876048964" lon="8.6999600226">
				<ele>606.5</ele>
				<time>2026-05-21T14:15:32Z</time>
				<extensions>
					<swisstopo:routepoint_id>1220389534</swisstopo:routepoint_id>
				</extensions>
			</trkpt>
			<trkpt lat="47.1875945256" lon="8.6999331868">
				<ele>606.6</ele>
				<time>2026-05-21T14:15:33Z</time>
				<extensions>
					<swisstopo:routepoint_id>470585441</swisstopo:routepoint_id>
				</extensions>
			</trkpt>
			<trkpt lat="47.1875831159" lon="8.6999079115">
				<ele>606.8</ele>
				<time>2026-05-21T14:15:34Z</time>
				<extensions>
					<swisstopo:routepoint_id>2094718633</swisstopo:routepoint_id>
				</extensions>
			</trkpt>
			<trkpt lat="47.1875730849" lon="8.6998806249">
				<ele>606.9</ele>
				<time>2026-05-21T14:15:35Z</time>
				<extensions>
					<swisstopo:routepoint_id>89155913</swisstopo:routepoint_id>
				</extensions>
			</trkpt>
			<trkpt lat="47.1875627909" lon="8.6998523543">
				<ele>607.1</ele>
				<time>2026-05-21T14:15:36Z</time>
				<extensions>
					<swisstopo:routepoint_id>1647327832</swisstopo:routepoint_id>
				</extensions>
			</trkpt>
			<trkpt lat="47.1875531817" lon="8.6998245283">
				<ele>607.2</ele>
				<time>2026-05-21T14:15:37Z</time>
				<extensions>
					<swisstopo:routepoint_id>1279695300</swisstopo:routepoint_id>
				</extensions>
			</trkpt>
			<trkpt lat="47.1875428670" lon="8.6997969160">
				<ele>607.4</ele>
				<time>2026-05-21T14:15:38Z</time>
				<extensions>
					<swisstopo:routepoint_id>790182395</swisstopo:routepoint_id>
				</extensions>
			</trkpt>
			<trkpt lat="47.1875343421" lon="8.6997697221">
				<ele>607.6</ele>
				<time>2026-05-21T14:15:39Z</time>
				<extensions>
					<swisstopo:routepoint_id>556639717</swisstopo:routepoint_id>
				</extensions>
			</trkpt>
			<trkpt lat="47.1875245545" lon="8.6997400646">
				<ele>607.6</ele>
				<time>2026-05-21T14:15:40Z</time>
				<extensions>
					<swisstopo:routepoint_id>1004957287</swisstopo:routepoint_id>
				</extensions>
			</trkpt>
			<trkpt lat="47.1875132264" lon="8.6997114993">
				<ele>607.7</ele>
				<time>2026-05-21T14:15:41Z</time>
				<extensions>
					<swisstopo:routepoint_id>358238954</swisstopo:routepoint_id>
				</extensions>
			</trkpt>
			<trkpt lat="47.1875020320" lon="8.6996831401">
				<ele>607.8</ele>
				<time>2026-05-21T14:15:42Z</time>
				<extensions>
					<swisstopo:routepoint_id>1525437337</swisstopo:routepoint_id>
				</extensions>
			</trkpt>
			<trkpt lat="47.1874886612" lon="8.6996567397">
				<ele>608.0</ele>
				<time>2026-05-21T14:15:43Z</time>
				<extensions>
					<swisstopo:routepoint_id>1365545073</swisstopo:routepoint_id>
				</extensions>
			</trkpt>
			<trkpt lat="47.1874747864" lon="8.6996259220">
				<ele>608.1</ele>
				<time>2026-05-21T14:15:44Z</time>
				<extensions>
					<swisstopo:routepoint_id>558306422</swisstopo:routepoint_id>
				</extensions>
			</trkpt>
			<trkpt lat="47.1874623748" lon="8.6995970298">
				<ele>608.1</ele>
				<time>2026-05-21T14:15:45Z</time>
				<extensions>
					<swisstopo:routepoint_id>1099980811</swisstopo:routepoint_id>
				</extensions>
			</trkpt>
			<trkpt lat="47.1874530439" lon="8.6995663848">
				<ele>608.2</ele>
				<time>2026-05-21T14:15:46Z</time>
				<extensions>
					<swisstopo:routepoint_id>1838257101</swisstopo:routepoint_id>
				</extensions>
			</trkpt>
			<trkpt lat="47.1874421536" lon="8.6995373381">
				<ele>608.2</ele>
				<time>2026-05-21T14:15:47Z</time>
				<extensions>
					<swisstopo:routepoint_id>1887350765</swisstopo:routepoint_id>
				</extensions>
			</trkpt>
			<trkpt lat="47.1874289656" lon="8.6995067840">
				<ele>608.3</ele>
				<time>2026-05-21T14:15:48Z</time>
				<extensions>
					<swisstopo:routepoint_id>223357518</swisstopo:routepoint_id>
				</extensions>
			</trkpt>
			<trkpt lat="47.1874157825" lon="8.6994747440">
				<ele>608.6</ele>
				<time>2026-05-21T14:15:49Z</time>
				<extensions>
					<swisstopo:routepoint_id>168390070</swisstopo:routepoint_id>
				</extensions>
			</trkpt>
			<trkpt lat="47.1874057785" lon="8.6994391693">
				<ele>608.7</ele>
				<time>2026-05-21T14:15:50Z</time>
				<extensions>
					<swisstopo:routepoint_id>1895943391</swisstopo:routepoint_id>
				</extensions>
			</trkpt>
			<trkpt lat="47.1873914253" lon="8.6994058285">
				<ele>609.0</ele>
				<time>2026-05-21T14:15:51Z</time>
				<extensions>
					<swisstopo:routepoint_id>758218351</swisstopo:routepoint_id>
				</extensions>
			</trkpt>
			<trkpt lat="47.1873745709" lon="8.6993744141">
				<ele>609.3</ele>
				<time>2026-05-21T14:15:52Z</time>
				<extensions>
					<swisstopo:routepoint_id>207863959</swisstopo:routepoint_id>
				</extensions>
			</trkpt>
			<trkpt lat="47.1873572042" lon="8.6993472126">
				<ele>609.8</ele>
				<time>2026-05-21T14:15:53Z</time>
				<extensions>
					<swisstopo:routepoint_id>1761148891</swisstopo:routepoint_id>
				</extensions>
			</trkpt>
			<trkpt lat="47.1873435760" lon="8.6993202114">
				<ele>610.2</ele>
				<time>2026-05-21T14:15:54Z</time>
				<extensions>
					<swisstopo:routepoint_id>862304436</swisstopo:routepoint_id>
				</extensions>
			</trkpt>
			<trkpt lat="47.1873333413" lon="8.6992930738">
				<ele>610.7</ele>
				<time>2026-05-21T14:15:55Z</time>
				<extensions>
					<swisstopo:routepoint_id>1531005896</swisstopo:routepoint_id>
				</extensions>
			</trkpt>
			<trkpt lat="47.1873264087" lon="8.6992630668">
				<ele>611.1</ele>
				<time>2026-05-21T14:15:56Z</time>
				<extensions>
					<swisstopo:routepoint_id>467035718</swisstopo:routepoint_id>
				</extensions>
			</trkpt>
			<trkpt lat="47.1873184690" lon="8.6992337585">
				<ele>611.6</ele>
				<time>2026-05-21T14:15:57Z</time>
				<extensions>
					<swisstopo:routepoint_id>416582641</swisstopo:routepoint_id>
				</extensions>
			</trkpt>
			<trkpt lat="47.1873088466" lon="8.6992054380">
				<ele>612.1</ele>
				<time>2026-05-21T14:15:58Z</time>
				<extensions>
					<swisstopo:routepoint_id>707758067</swisstopo:routepoint_id>
				</extensions>
			</trkpt>
			<trkpt lat="47.1872983899" lon="8.6991748218">
				<ele>612.6</ele>
				<time>2026-05-21T14:15:59Z</time>
				<extensions>
					<swisstopo:routepoint_id>377911336</swisstopo:routepoint_id>
				</extensions>
			</trkpt>
			<trkpt lat="47.1872874303" lon="8.6991454224">
				<ele>613.2</ele>
				<time>2026-05-21T14:16:00Z</time>
				<extensions>
					<swisstopo:routepoint_id>1446679973</swisstopo:routepoint_id>
				</extensions>
			</trkpt>
			<trkpt lat="47.1872764051" lon="8.6991169023">
				<ele>613.7</ele>
				<time>2026-05-21T14:16:01Z</time>
				<extensions>
					<swisstopo:routepoint_id>540454877</swisstopo:routepoint_id>
				</extensions>
			</trkpt>
			<trkpt lat="47.1872656845" lon="8.6990905721">
				<ele>614.1</ele>
				<time>2026-05-21T14:16:02Z</time>
				<extensions>
					<swisstopo:routepoint_id>1716774576</swisstopo:routepoint_id>
				</extensions>
			</trkpt>
			<trkpt lat="47.1872550129" lon="8.6990651810">
				<ele>614.5</ele>
				<time>2026-05-21T14:16:03Z</time>
				<extensions>
					<swisstopo:routepoint_id>240017740</swisstopo:routepoint_id>
				</extensions>
			</trkpt>
			<trkpt lat="47.1872445831" lon="8.6990398305">
				<ele>614.8</ele>
				<time>2026-05-21T14:16:04Z</time>
				<extensions>
					<swisstopo:routepoint_id>1003867114</swisstopo:routepoint_id>
				</extensions>
			</trkpt>
			<trkpt lat="47.1872341421" lon="8.6990136778">
				<ele>615.0</ele>
				<time>2026-05-21T14:16:05Z</time>
				<extensions>
					<swisstopo:routepoint_id>1363054166</swisstopo:routepoint_id>
				</extensions>
			</trkpt>
			<trkpt lat="47.1872252922" lon="8.6989912801">
				<ele>615.2</ele>
				<time>2026-05-21T14:16:06Z</time>
				<extensions>
					<swisstopo:routepoint_id>1643305413</swisstopo:routepoint_id>
				</extensions>
			</trkpt>
			<trkpt lat="47.1872169449" lon="8.6989696893">
				<ele>615.5</ele>
				<time>2026-05-21T14:16:07Z</time>
				<extensions>
					<swisstopo:routepoint_id>246892224</swisstopo:routepoint_id>
				</extensions>
			</trkpt>
			<trkpt lat="47.1872074440" lon="8.6989443739">
				<ele>615.7</ele>
				<time>2026-05-21T14:16:08Z</time>
				<extensions>
					<swisstopo:routepoint_id>579202764</swisstopo:routepoint_id>
				</extensions>
			</trkpt>
			<trkpt lat="47.1871973824" lon="8.6989173393">
				<ele>616.1</ele>
				<time>2026-05-21T14:16:09Z</time>
				<extensions>
					<swisstopo:routepoint_id>117482697</swisstopo:routepoint_id>
				</extensions>
			</trkpt>
			<trkpt lat="47.1871876307" lon="8.6988912434">
				<ele>616.8</ele>
				<time>2026-05-21T14:16:10Z</time>
				<extensions>
					<swisstopo:routepoint_id>994216886</swisstopo:routepoint_id>
				</extensions>
			</trkpt>
			<trkpt lat="47.1871766509" lon="8.6988630825">
				<ele>617.5</ele>
				<time>2026-05-21T14:16:11Z</time>
				<extensions>
					<swisstopo:routepoint_id>232945695</swisstopo:routepoint_id>
				</extensions>
			</trkpt>
			<trkpt lat="47.1871660089" lon="8.6988376841">
				<ele>618.1</ele>
				<time>2026-05-21T14:16:12Z</time>
				<extensions>
					<swisstopo:routepoint_id>255607384</swisstopo:routepoint_id>
				</extensions>
			</trkpt>
			<trkpt lat="47.1871562200" lon="8.6988133580">
				<ele>618.8</ele>
				<time>2026-05-21T14:16:13Z</time>
				<extensions>
					<swisstopo:routepoint_id>1026008888</swisstopo:routepoint_id>
				</extensions>
			</trkpt>
			<trkpt lat="47.1871461179" lon="8.6987884353">
				<ele>619.4</ele>
				<time>2026-05-21T14:16:14Z</time>
				<extensions>
					<swisstopo:routepoint_id>1985178853</swisstopo:routepoint_id>
				</extensions>
			</trkpt>
			<trkpt lat="47.1871361450" lon="8.6987646663">
				<ele>619.9</ele>
				<time>2026-05-21T14:16:15Z</time>
				<extensions>
					<swisstopo:routepoint_id>1595042579</swisstopo:routepoint_id>
				</extensions>
			</trkpt>
			<trkpt lat="47.1871268257" lon="8.6987385664">
				<ele>620.3</ele>
				<time>2026-05-21T14:16:16Z</time>
				<extensions>
					<swisstopo:routepoint_id>842259752</swisstopo:routepoint_id>
				</extensions>
			</trkpt>
			<trkpt lat="47.1871177918" lon="8.6987128711">
				<ele>620.6</ele>
				<time>2026-05-21T14:16:17Z</time>
				<extensions>
					<swisstopo:routepoint_id>1794934487</swisstopo:routepoint_id>
				</extensions>
			</trkpt>
			<trkpt lat="47.1871093620" lon="8.6986890679">
				<ele>621.0</ele>
				<time>2026-05-21T14:16:18Z</time>
				<extensions>
					<swisstopo:routepoint_id>1761133600</swisstopo:routepoint_id>
				</extensions>
			</trkpt>
			<trkpt lat="47.1871024760" lon="8.6986695688">
				<ele>621.3</ele>
				<time>2026-05-21T14:16:19Z</time>
				<extensions>
					<swisstopo:routepoint_id>605308599</swisstopo:routepoint_id>
				</extensions>
			</trkpt>
			<trkpt lat="47.1870958933" lon="8.6986511656">
				<ele>621.5</ele>
				<time>2026-05-21T14:16:20Z</time>
				<extensions>
					<swisstopo:routepoint_id>791587554</swisstopo:routepoint_id>
				</extensions>
			</trkpt>
			<trkpt lat="47.1870894023" lon="8.6986332887">
				<ele>621.8</ele>
				<time>2026-05-21T14:16:21Z</time>
				<extensions>
					<swisstopo:routepoint_id>550826913</swisstopo:routepoint_id>
				</extensions>
			</trkpt>
			<trkpt lat="47.1870837595" lon="8.6986178543">
				<ele>622.3</ele>
				<time>2026-05-21T14:16:22Z</time>
				<extensions>
					<swisstopo:routepoint_id>2093408221</swisstopo:routepoint_id>
				</extensions>
			</trkpt>
			<trkpt lat="47.1870765009" lon="8.6985984914">
				<ele>622.9</ele>
				<time>2026-05-21T14:16:23Z</time>
				<extensions>
					<swisstopo:routepoint_id>1687381546</swisstopo:routepoint_id>
				</extensions>
			</trkpt>
			<trkpt lat="47.1870688351" lon="8.6985785053">
				<ele>623.2</ele>
				<time>2026-05-21T14:16:24Z</time>
				<extensions>
					<swisstopo:routepoint_id>152601340</swisstopo:routepoint_id>
				</extensions>
			</trkpt>
			<trkpt lat="47.1870611153" lon="8.6985587146">
				<ele>623.2</ele>
				<time>2026-05-21T14:16:25Z</time>
				<extensions>
					<swisstopo:routepoint_id>675246862</swisstopo:routepoint_id>
				</extensions>
			</trkpt>
			<trkpt lat="47.1870532881" lon="8.6985389219">
				<ele>623.4</ele>
				<time>2026-05-21T14:16:26Z</time>
				<extensions>
					<swisstopo:routepoint_id>1570418886</swisstopo:routepoint_id>
				</extensions>
			</trkpt>
			<trkpt lat="47.1870460881" lon="8.6985208910">
				<ele>623.6</ele>
				<time>2026-05-21T14:16:27Z</time>
				<extensions>
					<swisstopo:routepoint_id>1456195372</swisstopo:routepoint_id>
				</extensions>
			</trkpt>
			<trkpt lat="47.1870390998" lon="8.6985043067">
				<ele>623.8</ele>
				<time>2026-05-21T14:16:28Z</time>
				<extensions>
					<swisstopo:routepoint_id>1551975992</swisstopo:routepoint_id>
				</extensions>
			</trkpt>
			<trkpt lat="47.1870311145" lon="8.6984881628">
				<ele>624.0</ele>
				<time>2026-05-21T14:16:29Z</time>
				<extensions>
					<swisstopo:routepoint_id>724121082</swisstopo:routepoint_id>
				</extensions>
			</trkpt>
			<trkpt lat="47.1870216626" lon="8.6984648336">
				<ele>624.3</ele>
				<time>2026-05-21T14:16:30Z</time>
				<extensions>
					<swisstopo:routepoint_id>513197625</swisstopo:routepoint_id>
				</extensions>
			</trkpt>
			<trkpt lat="47.1870108187" lon="8.6984375376">
				<ele>624.7</ele>
				<time>2026-05-21T14:16:31Z</time>
				<extensions>
					<swisstopo:routepoint_id>1018157023</swisstopo:routepoint_id>
				</extensions>
			</trkpt>
			<trkpt lat="47.1869995872" lon="8.6984105853">
				<ele>625.0</ele>
				<time>2026-05-21T14:16:32Z</time>
				<extensions>
					<swisstopo:routepoint_id>1015386265</swisstopo:routepoint_id>
				</extensions>
			</trkpt>
			<trkpt lat="47.1869890109" lon="8.6983841277">
				<ele>625.4</ele>
				<time>2026-05-21T14:16:33Z</time>
				<extensions>
					<swisstopo:routepoint_id>1691896793</swisstopo:routepoint_id>
				</extensions>
			</trkpt>
			<trkpt lat="47.1869787733" lon="8.6983583512">
				<ele>625.5</ele>
				<time>2026-05-21T14:16:34Z</time>
				<extensions>
					<swisstopo:routepoint_id>878430024</swisstopo:routepoint_id>
				</extensions>
			</trkpt>
			<trkpt lat="47.1869685044" lon="8.6983325654">
				<ele>625.7</ele>
				<time>2026-05-21T14:16:35Z</time>
				<extensions>
					<swisstopo:routepoint_id>1970823890</swisstopo:routepoint_id>
				</extensions>
			</trkpt>
			<trkpt lat="47.1869580708" lon="8.6983117414">
				<ele>625.9</ele>
				<time>2026-05-21T14:16:36Z</time>
				<extensions>
					<swisstopo:routepoint_id>849347902</swisstopo:routepoint_id>
				</extensions>
			</trkpt>
			<trkpt lat="47.1869487109" lon="8.6982883607">
				<ele>626.1</ele>
				<time>2026-05-21T14:16:37Z</time>
				<extensions>
					<swisstopo:routepoint_id>666387305</swisstopo:routepoint_id>
				</extensions>
			</trkpt>
			<trkpt lat="47.1869448462" lon="8.6982731564">
				<ele>626.1</ele>
				<time>2026-05-21T14:16:37Z</time>
				<extensions>
					<swisstopo:routepoint_id>844216030</swisstopo:routepoint_id>
				</extensions>
			</trkpt>
			<trkpt lat="47.1869448495" lon="8.6982731646">
				<ele>626.1</ele>
				<time>2026-05-21T14:16:38Z</time>
				<extensions>
					<swisstopo:routepoint_id>314360481</swisstopo:routepoint_id>
				</extensions>
			</trkpt>
			<trkpt lat="47.1869448171" lon="8.6982730844">
				<ele>626.1</ele>
				<time>2026-05-21T14:16:39Z</time>
				<extensions>
					<swisstopo:routepoint_id>646832547</swisstopo:routepoint_id>
				</extensions>
			</trkpt>
			<trkpt lat="47.1869445112" lon="8.6982723280">
				<ele>626.2</ele>
				<time>2026-05-21T14:16:40Z</time>
				<extensions>
					<swisstopo:routepoint_id>752396315</swisstopo:routepoint_id>
				</extensions>
			</trkpt>
			<trkpt lat="47.1869434828" lon="8.6982697849">
				<ele>626.3</ele>
				<time>2026-05-21T14:16:41Z</time>
				<extensions>
					<swisstopo:routepoint_id>1141152669</swisstopo:routepoint_id>
				</extensions>
			</trkpt>
			<trkpt lat="47.1869411328" lon="8.6982639740">
				<ele>626.6</ele>
				<time>2026-05-21T14:16:42Z</time>
				<extensions>
					<swisstopo:routepoint_id>176456526</swisstopo:routepoint_id>
				</extensions>
			</trkpt>
			<trkpt lat="47.1869376246" lon="8.6982552988">
				<ele>627.0</ele>
				<time>2026-05-21T14:16:43Z</time>
				<extensions>
					<swisstopo:routepoint_id>29915975</swisstopo:routepoint_id>
				</extensions>
			</trkpt>
			<trkpt lat="47.1869340410" lon="8.6982464374">
				<ele>627.6</ele>
				<time>2026-05-21T14:16:44Z</time>
				<extensions>
					<swisstopo:routepoint_id>286618427</swisstopo:routepoint_id>
				</extensions>
			</trkpt>
			<trkpt lat="47.1869302143" lon="8.6982369749">
				<ele>628.4</ele>
				<time>2026-05-21T14:16:45Z</time>
				<extensions>
					<swisstopo:routepoint_id>390082368</swisstopo:routepoint_id>
				</extensions>
			</trkpt>
			<trkpt lat="47.1869267721" lon="8.6982284631">
				<ele>629.2</ele>
				<time>2026-05-21T14:16:46Z</time>
				<extensions>
					<swisstopo:routepoint_id>1994268332</swisstopo:routepoint_id>
				</extensions>
			</trkpt>
			<trkpt lat="47.1869239471" lon="8.6982214774">
				<ele>630.0</ele>
				<time>2026-05-21T14:16:47Z</time>
				<extensions>
					<swisstopo:routepoint_id>1890577195</swisstopo:routepoint_id>
				</extensions>
			</trkpt>
			<trkpt lat="47.1869220840" lon="8.6982168702">
				<ele>630.7</ele>
				<time>2026-05-21T14:16:48Z</time>
				<extensions>
					<swisstopo:routepoint_id>762875353</swisstopo:routepoint_id>
				</extensions>
			</trkpt>
			<trkpt lat="47.1869211644" lon="8.6982145964">
				<ele>631.2</ele>
				<time>2026-05-21T14:16:49Z</time>
				<extensions>
					<swisstopo:routepoint_id>1168685281</swisstopo:routepoint_id>
				</extensions>
			</trkpt>
			<trkpt lat="47.1869207272" lon="8.6982135153">
				<ele>631.7</ele>
				<time>2026-05-21T14:16:50Z</time>
				<extensions>
					<swisstopo:routepoint_id>1208082305</swisstopo:routepoint_id>
				</extensions>
			</trkpt>
			<trkpt lat="47.1869210345" lon="8.6982142752">
				<ele>631.9</ele>
				<time>2026-05-21T14:16:51Z</time>
				<extensions>
					<swisstopo:routepoint_id>1928901397</swisstopo:routepoint_id>
				</extensions>
			</trkpt>
			<trkpt lat="47.1869215804" lon="8.6982156251">
				<ele>632.0</ele>
				<time>2026-05-21T14:16:52Z</time>
				<extensions>
					<swisstopo:routepoint_id>632644267</swisstopo:routepoint_id>
				</extensions>
			</trkpt>
			<trkpt lat="47.1869221861" lon="8.6982171227">
				<ele>632.1</ele>
				<time>2026-05-21T14:16:53Z</time>
				<extensions>
					<swisstopo:routepoint_id>660659172</swisstopo:routepoint_id>
				</extensions>
			</trkpt>
			<trkpt lat="47.1869232858" lon="8.6982198421">
				<ele>632.0</ele>
				<time>2026-05-21T14:16:54Z</time>
				<extensions>
					<swisstopo:routepoint_id>1208248814</swisstopo:routepoint_id>
				</extensions>
			</trkpt>
			<trkpt lat="47.1869244475" lon="8.6982227148">
				<ele>632.0</ele>
				<time>2026-05-21T14:16:55Z</time>
				<extensions>
					<swisstopo:routepoint_id>432450866</swisstopo:routepoint_id>
				</extensions>
			</trkpt>
			<trkpt lat="47.1869259189" lon="8.6982263533">
				<ele>631.9</ele>
				<time>2026-05-21T14:16:56Z</time>
				<extensions>
					<swisstopo:routepoint_id>1117043414</swisstopo:routepoint_id>
				</extensions>
			</trkpt>
			<trkpt lat="47.1869303504" lon="8.6982373114">
				<ele>632.1</ele>
				<time>2026-05-21T14:16:57Z</time>
				<extensions>
					<swisstopo:routepoint_id>846617024</swisstopo:routepoint_id>
				</extensions>
			</trkpt>
			<trkpt lat="47.1869318512" lon="8.6982410224">
				<ele>632.1</ele>
				<time>2026-05-21T14:16:58Z</time>
				<extensions>
					<swisstopo:routepoint_id>2013160993</swisstopo:routepoint_id>
				</extensions>
			</trkpt>
			<trkpt lat="47.1869333973" lon="8.6982448456">
				<ele>631.8</ele>
				<time>2026-05-21T14:16:59Z</time>
				<extensions>
					<swisstopo:routepoint_id>1591950866</swisstopo:routepoint_id>
				</extensions>
			</trkpt>
			<trkpt lat="47.1869347848" lon="8.6982482766">
				<ele>631.5</ele>
				<time>2026-05-21T14:17:00Z</time>
				<extensions>
					<swisstopo:routepoint_id>419446889</swisstopo:routepoint_id>
				</extensions>
			</trkpt>
			<trkpt lat="47.1869369246" lon="8.6982535678">
				<ele>631.3</ele>
				<time>2026-05-21T14:17:01Z</time>
				<extensions>
					<swisstopo:routepoint_id>1602533969</swisstopo:routepoint_id>
				</extensions>
			</trkpt>
			<trkpt lat="47.1869388572" lon="8.6982583469">
				<ele>631.2</ele>
				<time>2026-05-21T14:17:02Z</time>
				<extensions>
					<swisstopo:routepoint_id>48516309</swisstopo:routepoint_id>
				</extensions>
			</trkpt>
			<trkpt lat="47.1869403914" lon="8.6982621406">
				<ele>631.0</ele>
				<time>2026-05-21T14:17:03Z</time>
				<extensions>
					<swisstopo:routepoint_id>1517303150</swisstopo:routepoint_id>
				</extensions>
			</trkpt>
			<trkpt lat="47.1869414311" lon="8.6982647115">
				<ele>630.8</ele>
				<time>2026-05-21T14:17:04Z</time>
				<extensions>
					<swisstopo:routepoint_id>2093217572</swisstopo:routepoint_id>
				</extensions>
			</trkpt>
			<trkpt lat="47.1869431504" lon="8.6982689629">
				<ele>630.3</ele>
				<time>2026-05-21T14:17:05Z</time>
				<extensions>
					<swisstopo:routepoint_id>630627450</swisstopo:routepoint_id>
				</extensions>
			</trkpt>
			<trkpt lat="47.1869452815" lon="8.6982742327">
				<ele>629.8</ele>
				<time>2026-05-21T14:17:06Z</time>
				<extensions>
					<swisstopo:routepoint_id>1123754205</swisstopo:routepoint_id>
				</extensions>
			</trkpt>
			<trkpt lat="47.1869469062" lon="8.6982782502">
				<ele>629.2</ele>
				<time>2026-05-21T14:17:07Z</time>
				<extensions>
					<swisstopo:routepoint_id>1965731717</swisstopo:routepoint_id>
				</extensions>
			</trkpt>
			<trkpt lat="47.1869484441" lon="8.6982820531">
				<ele>628.7</ele>
				<time>2026-05-21T14:17:08Z</time>
				<extensions>
					<swisstopo:routepoint_id>1164542171</swisstopo:routepoint_id>
				</extensions>
			</trkpt>
			<trkpt lat="47.1869496724" lon="8.6982850905">
				<ele>628.2</ele>
				<time>2026-05-21T14:17:09Z</time>
				<extensions>
					<swisstopo:routepoint_id>294309239</swisstopo:routepoint_id>
				</extensions>
			</trkpt>
			<trkpt lat="47.1869513712" lon="8.6982892913">
				<ele>627.8</ele>
				<time>2026-05-21T14:17:10Z</time>
				<extensions>
					<swisstopo:routepoint_id>800540832</swisstopo:routepoint_id>
				</extensions>
			</trkpt>
			<trkpt lat="47.1869535414" lon="8.6982946576">
				<ele>627.4</ele>
				<time>2026-05-21T14:17:11Z</time>
				<extensions>
					<swisstopo:routepoint_id>704714969</swisstopo:routepoint_id>
				</extensions>
			</trkpt>
			<trkpt lat="47.1869553966" lon="8.6982992452">
				<ele>627.2</ele>
				<time>2026-05-21T14:17:12Z</time>
				<extensions>
					<swisstopo:routepoint_id>772170778</swisstopo:routepoint_id>
				</extensions>
			</trkpt>
			<trkpt lat="47.1869565411" lon="8.6983020754">
				<ele>627.0</ele>
				<time>2026-05-21T14:17:13Z</time>
				<extensions>
					<swisstopo:routepoint_id>630587025</swisstopo:routepoint_id>
				</extensions>
			</trkpt>
			<trkpt lat="47.1869570066" lon="8.6983032265">
				<ele>626.9</ele>
				<time>2026-05-21T14:17:14Z</time>
				<extensions>
					<swisstopo:routepoint_id>444331230</swisstopo:routepoint_id>
				</extensions>
			</trkpt>
			<trkpt lat="47.1869570037" lon="8.6983032192">
				<ele>626.8</ele>
				<time>2026-05-21T14:17:15Z</time>
				<extensions>
					<swisstopo:routepoint_id>1074341991</swisstopo:routepoint_id>
				</extensions>
			</trkpt>
			<trkpt lat="47.1869567651" lon="8.6983026291">
				<ele>626.6</ele>
				<time>2026-05-21T14:17:16Z</time>
				<extensions>
					<swisstopo:routepoint_id>423338761</swisstopo:routepoint_id>
				</extensions>
			</trkpt>
			<trkpt lat="47.1869570468" lon="8.6983033258">
				<ele>626.4</ele>
				<time>2026-05-21T14:17:17Z</time>
				<extensions>
					<swisstopo:routepoint_id>441233616</swisstopo:routepoint_id>
				</extensions>
			</trkpt>
			<trkpt lat="47.1869572274" lon="8.6983037723">
				<ele>626.3</ele>
				<time>2026-05-21T14:17:18Z</time>
				<extensions>
					<swisstopo:routepoint_id>552351021</swisstopo:routepoint_id>
				</extensions>
			</trkpt>
			<trkpt lat="47.1869569465" lon="8.6983030778">
				<ele>626.2</ele>
				<time>2026-05-21T14:17:19Z</time>
				<extensions>
					<swisstopo:routepoint_id>1939287613</swisstopo:routepoint_id>
				</extensions>
			</trkpt>
			<trkpt lat="47.1869581444" lon="8.6983007194">
				<ele>626.1</ele>
				<time>2026-05-21T14:17:20Z</time>
				<extensions>
					<swisstopo:routepoint_id>1247601172</swisstopo:routepoint_id>
				</extensions>
			</trkpt>
			<trkpt lat="47.1869747304" lon="8.6982860814">
				<ele>626.0</ele>
				<time>2026-05-21T14:17:21Z</time>
				<extensions>
					<swisstopo:routepoint_id>402568496</swisstopo:routepoint_id>
				</extensions>
			</trkpt>
			<trkpt lat="47.1869899984" lon="8.6982707072">
				<ele>625.9</ele>
				<time>2026-05-21T14:17:22Z</time>
				<extensions>
					<swisstopo:routepoint_id>1395224222</swisstopo:routepoint_id>
				</extensions>
			</trkpt>
			<trkpt lat="47.1870034185" lon="8.6982541688">
				<ele>625.9</ele>
				<time>2026-05-21T14:17:23Z</time>
				<extensions>
					<swisstopo:routepoint_id>1159557561</swisstopo:routepoint_id>
				</extensions>
			</trkpt>
			<trkpt lat="47.1870143068" lon="8.6982381463">
				<ele>625.8</ele>
				<time>2026-05-21T14:17:24Z</time>
				<extensions>
					<swisstopo:routepoint_id>269831202</swisstopo:routepoint_id>
				</extensions>
			</trkpt>
			<trkpt lat="47.1870225808" lon="8.6982249470">
				<ele>625.8</ele>
				<time>2026-05-21T14:17:25Z</time>
				<extensions>
					<swisstopo:routepoint_id>1715033197</swisstopo:routepoint_id>
				</extensions>
			</trkpt>
			<trkpt lat="47.1870301170" lon="8.6982127952">
				<ele>625.7</ele>
				<time>2026-05-21T14:17:26Z</time>
				<extensions>
					<swisstopo:routepoint_id>1037431945</swisstopo:routepoint_id>
				</extensions>
			</trkpt>
			<trkpt lat="47.1870333427" lon="8.6981973549">
				<ele>625.6</ele>
				<time>2026-05-21T14:17:27Z</time>
				<extensions>
					<swisstopo:routepoint_id>698969622</swisstopo:routepoint_id>
				</extensions>
			</trkpt>
			<trkpt lat="47.1870351249" lon="8.6981862290">
				<ele>625.4</ele>
				<time>2026-05-21T14:17:28Z</time>
				<extensions>
					<swisstopo:routepoint_id>846887864</swisstopo:routepoint_id>
				</extensions>
			</trkpt>
			<trkpt lat="47.1870345839" lon="8.6981768777">
				<ele>625.2</ele>
				<time>2026-05-21T14:17:29Z</time>
				<extensions>
					<swisstopo:routepoint_id>122717932</swisstopo:routepoint_id>
				</extensions>
			</trkpt>
			<trkpt lat="47.1870339662" lon="8.6981715127">
				<ele>625.1</ele>
				<time>2026-05-21T14:17:30Z</time>
				<extensions>
					<swisstopo:routepoint_id>935982004</swisstopo:routepoint_id>
				</extensions>
			</trkpt>
			<trkpt lat="47.1870335606" lon="8.6981675394">
				<ele>625.0</ele>
				<time>2026-05-21T14:17:31Z</time>
				<extensions>
					<swisstopo:routepoint_id>731826953</swisstopo:routepoint_id>
				</extensions>
			</trkpt>
			<trkpt lat="47.1870330697" lon="8.6981660440">
				<ele>624.9</ele>
				<time>2026-05-21T14:17:32Z</time>
				<extensions>
					<swisstopo:routepoint_id>1176752702</swisstopo:routepoint_id>
				</extensions>
			</trkpt>
			<trkpt lat="47.1870311151" lon="8.6981640772">
				<ele>624.8</ele>
				<time>2026-05-21T14:17:33Z</time>
				<extensions>
					<swisstopo:routepoint_id>1505757291</swisstopo:routepoint_id>
				</extensions>
			</trkpt>
			<trkpt lat="47.1870300627" lon="8.6981652127">
				<ele>624.6</ele>
				<time>2026-05-21T14:17:34Z</time>
				<extensions>
					<swisstopo:routepoint_id>1315493589</swisstopo:routepoint_id>
				</extensions>
			</trkpt>
			<trkpt lat="47.1870285191" lon="8.6981700157">
				<ele>624.4</ele>
				<time>2026-05-21T14:17:35Z</time>
				<extensions>
					<swisstopo:routepoint_id>1156604458</swisstopo:routepoint_id>
				</extensions>
			</trkpt>
			<trkpt lat="47.1870269561" lon="8.6981750918">
				<ele>624.3</ele>
				<time>2026-05-21T14:17:36Z</time>
				<extensions>
					<swisstopo:routepoint_id>29152962</swisstopo:routepoint_id>
				</extensions>
			</trkpt>
			<trkpt lat="47.1870221722" lon="8.6981820412">
				<ele>624.2</ele>
				<time>2026-05-21T14:17:37Z</time>
				<extensions>
					<swisstopo:routepoint_id>347560818</swisstopo:routepoint_id>
				</extensions>
			</trkpt>
			<trkpt lat="47.1870176684" lon="8.6981884372">
				<ele>624.1</ele>
				<time>2026-05-21T14:17:38Z</time>
				<extensions>
					<swisstopo:routepoint_id>299148286</swisstopo:routepoint_id>
				</extensions>
			</trkpt>
			<trkpt lat="47.1870138674" lon="8.6981939719">
				<ele>624.1</ele>
				<time>2026-05-21T14:17:39Z</time>
				<extensions>
					<swisstopo:routepoint_id>526025175</swisstopo:routepoint_id>
				</extensions>
			</trkpt>
			<trkpt lat="47.1870122836" lon="8.6981944842">
				<ele>623.9</ele>
				<time>2026-05-21T14:17:40Z</time>
				<extensions>
					<swisstopo:routepoint_id>1862425173</swisstopo:routepoint_id>
				</extensions>
			</trkpt>
			<trkpt lat="47.1870121277" lon="8.6981939605">
				<ele>623.7</ele>
				<time>2026-05-21T14:17:41Z</time>
				<extensions>
					<swisstopo:routepoint_id>58243939</swisstopo:routepoint_id>
				</extensions>
			</trkpt>
			<trkpt lat="47.1870138761" lon="8.6981942786">
				<ele>623.4</ele>
				<time>2026-05-21T14:17:42Z</time>
				<extensions>
					<swisstopo:routepoint_id>1800823388</swisstopo:routepoint_id>
				</extensions>
			</trkpt>
			<trkpt lat="47.1870169682" lon="8.6981957867">
				<ele>623.3</ele>
				<time>2026-05-21T14:17:43Z</time>
				<extensions>
					<swisstopo:routepoint_id>1951644945</swisstopo:routepoint_id>
				</extensions>
			</trkpt>
			<trkpt lat="47.1870203551" lon="8.6982001239">
				<ele>623.4</ele>
				<time>2026-05-21T14:17:44Z</time>
				<extensions>
					<swisstopo:routepoint_id>631366337</swisstopo:routepoint_id>
				</extensions>
			</trkpt>
			<trkpt lat="47.1870226675" lon="8.6982055070">
				<ele>623.5</ele>
				<time>2026-05-21T14:17:45Z</time>
				<extensions>
					<swisstopo:routepoint_id>657326132</swisstopo:routepoint_id>
				</extensions>
			</trkpt>
			<trkpt lat="47.1870242201" lon="8.6982084163">
				<ele>623.5</ele>
				<time>2026-05-21T14:17:46Z</time>
				<extensions>
					<swisstopo:routepoint_id>1024420356</swisstopo:routepoint_id>
				</extensions>
			</trkpt>
			<trkpt lat="47.1870236258" lon="8.6982109801">
				<ele>623.6</ele>
				<time>2026-05-21T14:17:47Z</time>
				<extensions>
					<swisstopo:routepoint_id>1056525293</swisstopo:routepoint_id>
				</extensions>
			</trkpt>
			<trkpt lat="47.1870236155" lon="8.6982098024">
				<ele>623.6</ele>
				<time>2026-05-21T14:17:48Z</time>
				<extensions>
					<swisstopo:routepoint_id>1625806055</swisstopo:routepoint_id>
				</extensions>
			</trkpt>
			<trkpt lat="47.1870244188" lon="8.6982081408">
				<ele>623.7</ele>
				<time>2026-05-21T14:17:49Z</time>
				<extensions>
					<swisstopo:routepoint_id>340441957</swisstopo:routepoint_id>
				</extensions>
			</trkpt>
			<trkpt lat="47.1870250755" lon="8.6982067180">
				<ele>623.8</ele>
				<time>2026-05-21T14:17:50Z</time>
				<extensions>
					<swisstopo:routepoint_id>911535691</swisstopo:routepoint_id>
				</extensions>
			</trkpt>
			<trkpt lat="47.1870274347" lon="8.6982147511">
				<ele>623.9</ele>
				<time>2026-05-21T14:17:51Z</time>
				<extensions>
					<swisstopo:routepoint_id>32020939</swisstopo:routepoint_id>
				</extensions>
			</trkpt>
			<trkpt lat="47.1870284194" lon="8.6982225873">
				<ele>623.9</ele>
				<time>2026-05-21T14:17:52Z</time>
				<extensions>
					<swisstopo:routepoint_id>1305010023</swisstopo:routepoint_id>
				</extensions>
			</trkpt>
			<trkpt lat="47.1870269993" lon="8.6982260132">
				<ele>623.8</ele>
				<time>2026-05-21T14:17:53Z</time>
				<extensions>
					<swisstopo:routepoint_id>1052969750</swisstopo:routepoint_id>
				</extensions>
			</trkpt>
			<trkpt lat="47.1870239319" lon="8.6982295820">
				<ele>623.8</ele>
				<time>2026-05-21T14:17:54Z</time>
				<extensions>
					<swisstopo:routepoint_id>1997336970</swisstopo:routepoint_id>
				</extensions>
			</trkpt>
			<trkpt lat="47.1870209215" lon="8.6982324085">
				<ele>623.8</ele>
				<time>2026-05-21T14:17:55Z</time>
				<extensions>
					<swisstopo:routepoint_id>1925568533</swisstopo:routepoint_id>
				</extensions>
			</trkpt>
			<trkpt lat="47.1870184330" lon="8.6982339346">
				<ele>623.8</ele>
				<time>2026-05-21T14:17:56Z</time>
				<extensions>
					<swisstopo:routepoint_id>451773841</swisstopo:routepoint_id>
				</extensions>
			</trkpt>
			<trkpt lat="47.1870148308" lon="8.6982354227">
				<ele>623.8</ele>
				<time>2026-05-21T14:17:57Z</time>
				<extensions>
					<swisstopo:routepoint_id>1608253542</swisstopo:routepoint_id>
				</extensions>
			</trkpt>
			<trkpt lat="47.1870186357" lon="8.6982357411">
				<ele>623.8</ele>
				<time>2026-05-21T14:17:58Z</time>
				<extensions>
					<swisstopo:routepoint_id>1688099252</swisstopo:routepoint_id>
				</extensions>
			</trkpt>
			<trkpt lat="47.1870200646" lon="8.6982344483">
				<ele>623.8</ele>
				<time>2026-05-21T14:17:59Z</time>
				<extensions>
					<swisstopo:routepoint_id>1477667847</swisstopo:routepoint_id>
				</extensions>
			</trkpt>
			<trkpt lat="47.1870221387" lon="8.6982320793">
				<ele>623.8</ele>
				<time>2026-05-21T14:18:00Z</time>
				<extensions>
					<swisstopo:routepoint_id>1662610621</swisstopo:routepoint_id>
				</extensions>
			</trkpt>
			<trkpt lat="47.1870269816" lon="8.6982306492">
				<ele>623.8</ele>
				<time>2026-05-21T14:18:01Z</time>
				<extensions>
					<swisstopo:routepoint_id>439492383</swisstopo:routepoint_id>
				</extensions>
			</trkpt>
			<trkpt lat="47.1870297338" lon="8.6982322163">
				<ele>623.7</ele>
				<time>2026-05-21T14:18:02Z</time>
				<extensions>
					<swisstopo:routepoint_id>1352219048</swisstopo:routepoint_id>
				</extensions>
			</trkpt>
			<trkpt lat="47.1870293868" lon="8.6982307386">
				<ele>623.5</ele>
				<time>2026-05-21T14:18:03Z</time>
				<extensions>
					<swisstopo:routepoint_id>2073587182</swisstopo:routepoint_id>
				</extensions>
			</trkpt>
			<trkpt lat="47.1870287059" lon="8.6982255104">
				<ele>623.1</ele>
				<time>2026-05-21T14:18:04Z</time>
				<extensions>
					<swisstopo:routepoint_id>1415144358</swisstopo:routepoint_id>
				</extensions>
			</trkpt>
			<trkpt lat="47.1870285709" lon="8.6982255102">
				<ele>622.9</ele>
				<time>2026-05-21T14:18:05Z</time>
				<extensions>
					<swisstopo:routepoint_id>949834381</swisstopo:routepoint_id>
				</extensions>
			</trkpt>
			<trkpt lat="47.1870291288" lon="8.6982247089">
				<ele>622.8</ele>
				<time>2026-05-21T14:18:06Z</time>
				<extensions>
					<swisstopo:routepoint_id>1620493316</swisstopo:routepoint_id>
				</extensions>
			</trkpt>
			<trkpt lat="47.1870300466" lon="8.6982232248">
				<ele>622.7</ele>
				<time>2026-05-21T14:18:07Z</time>
				<extensions>
					<swisstopo:routepoint_id>1243550758</swisstopo:routepoint_id>
				</extensions>
			</trkpt>
			<trkpt lat="47.1870310463" lon="8.6982221133">
				<ele>622.6</ele>
				<time>2026-05-21T14:18:08Z</time>
				<extensions>
					<swisstopo:routepoint_id>1046737102</swisstopo:routepoint_id>
				</extensions>
			</trkpt>
			<trkpt lat="47.1870320063" lon="8.6982219796">
				<ele>622.4</ele>
				<time>2026-05-21T14:18:09Z</time>
				<extensions>
					<swisstopo:routepoint_id>324437090</swisstopo:routepoint_id>
				</extensions>
			</trkpt>
			<trkpt lat="47.1870347354" lon="8.6982207038">
				<ele>622.2</ele>
				<time>2026-05-21T14:18:10Z</time>
				<extensions>
					<swisstopo:routepoint_id>353191897</swisstopo:routepoint_id>
				</extensions>
			</trkpt>
			<trkpt lat="47.1870365830" lon="8.6982188761">
				<ele>622.1</ele>
				<time>2026-05-21T14:18:11Z</time>
				<extensions>
					<swisstopo:routepoint_id>451412571</swisstopo:routepoint_id>
				</extensions>
			</trkpt>
			<trkpt lat="47.1870371725" lon="8.6982147511">
				<ele>622.0</ele>
				<time>2026-05-21T14:18:12Z</time>
				<extensions>
					<swisstopo:routepoint_id>1978839593</swisstopo:routepoint_id>
				</extensions>
			</trkpt>
			<trkpt lat="47.1870411045" lon="8.6982079510">
				<ele>621.8</ele>
				<time>2026-05-21T14:18:13Z</time>
				<extensions>
					<swisstopo:routepoint_id>277798462</swisstopo:routepoint_id>
				</extensions>
			</trkpt>
			<trkpt lat="47.1870431043" lon="8.6982030978">
				<ele>621.7</ele>
				<time>2026-05-21T14:18:14Z</time>
				<extensions>
					<swisstopo:routepoint_id>329302256</swisstopo:routepoint_id>
				</extensions>
			</trkpt>
			<trkpt lat="47.1870431408" lon="8.6982012959">
				<ele>621.5</ele>
				<time>2026-05-21T14:18:15Z</time>
				<extensions>
					<swisstopo:routepoint_id>517658273</swisstopo:routepoint_id>
				</extensions>
			</trkpt>
			<trkpt lat="47.1870401972" lon="8.6982014776">
				<ele>621.7</ele>
				<time>2026-05-21T14:18:16Z</time>
				<extensions>
					<swisstopo:routepoint_id>826340314</swisstopo:routepoint_id>
				</extensions>
			</trkpt>
			<trkpt lat="47.1870350841" lon="8.6982075067">
				<ele>621.9</ele>
				<time>2026-05-21T14:18:17Z</time>
				<extensions>
					<swisstopo:routepoint_id>524912249</swisstopo:routepoint_id>
				</extensions>
			</trkpt>
			<trkpt lat="47.1870295559" lon="8.6982144955">
				<ele>622.1</ele>
				<time>2026-05-21T14:18:18Z</time>
				<extensions>
					<swisstopo:routepoint_id>337347067</swisstopo:routepoint_id>
				</extensions>
			</trkpt>
			<trkpt lat="47.1870249134" lon="8.6982199720">
				<ele>622.5</ele>
				<time>2026-05-21T14:18:19Z</time>
				<extensions>
					<swisstopo:routepoint_id>435326989</swisstopo:routepoint_id>
				</extensions>
			</trkpt>
			<trkpt lat="47.1870210830" lon="8.6982245052">
				<ele>622.8</ele>
				<time>2026-05-21T14:18:20Z</time>
				<extensions>
					<swisstopo:routepoint_id>63918794</swisstopo:routepoint_id>
				</extensions>
			</trkpt>
			<trkpt lat="47.1870182510" lon="8.6982267086">
				<ele>623.1</ele>
				<time>2026-05-21T14:18:21Z</time>
				<extensions>
					<swisstopo:routepoint_id>541347258</swisstopo:routepoint_id>
				</extensions>
			</trkpt>
			<trkpt lat="47.1870160782" lon="8.6982281781">
				<ele>623.2</ele>
				<time>2026-05-21T14:18:22Z</time>
				<extensions>
					<swisstopo:routepoint_id>1682636514</swisstopo:routepoint_id>
				</extensions>
			</trkpt>
			<trkpt lat="47.1870146755" lon="8.6982283863">
				<ele>623.3</ele>
				<time>2026-05-21T14:18:23Z</time>
				<extensions>
					<swisstopo:routepoint_id>2007227102</swisstopo:routepoint_id>
				</extensions>
			</trkpt>
			<trkpt lat="47.1870131397" lon="8.6982272126">
				<ele>623.4</ele>
				<time>2026-05-21T14:18:24Z</time>
				<extensions>
					<swisstopo:routepoint_id>645292591</swisstopo:routepoint_id>
				</extensions>
			</trkpt>
			<trkpt lat="47.1870138783" lon="8.6982257599">
				<ele>623.4</ele>
				<time>2026-05-21T14:18:25Z</time>
				<extensions>
					<swisstopo:routepoint_id>640159587</swisstopo:routepoint_id>
				</extensions>
			</trkpt>
			<trkpt lat="47.1870172789" lon="8.6982361437">
				<ele>623.4</ele>
				<time>2026-05-21T14:18:26Z</time>
				<extensions>
					<swisstopo:routepoint_id>269107239</swisstopo:routepoint_id>
				</extensions>
			</trkpt>
			<trkpt lat="47.1870200772" lon="8.6982390683">
				<ele>623.5</ele>
				<time>2026-05-21T14:18:27Z</time>
				<extensions>
					<swisstopo:routepoint_id>284805291</swisstopo:routepoint_id>
				</extensions>
			</trkpt>
			<trkpt lat="47.1870212264" lon="8.6982381200">
				<ele>623.5</ele>
				<time>2026-05-21T14:18:28Z</time>
				<extensions>
					<swisstopo:routepoint_id>2128960321</swisstopo:routepoint_id>
				</extensions>
			</trkpt>
			<trkpt lat="47.1870211857" lon="8.6982364833">
				<ele>623.4</ele>
				<time>2026-05-21T14:18:29Z</time>
				<extensions>
					<swisstopo:routepoint_id>63588733</swisstopo:routepoint_id>
				</extensions>
			</trkpt>
			<trkpt lat="47.1870210181" lon="8.6982348535">
				<ele>623.3</ele>
				<time>2026-05-21T14:18:30Z</time>
				<extensions>
					<swisstopo:routepoint_id>1436462972</swisstopo:routepoint_id>
				</extensions>
			</trkpt>
			<trkpt lat="47.1870208714" lon="8.6982333278">
				<ele>623.3</ele>
				<time>2026-05-21T14:18:31Z</time>
				<extensions>
					<swisstopo:routepoint_id>622010830</swisstopo:routepoint_id>
				</extensions>
			</trkpt>
			<trkpt lat="47.1870170555" lon="8.6982307034">
				<ele>623.2</ele>
				<time>2026-05-21T14:18:32Z</time>
				<extensions>
					<swisstopo:routepoint_id>185626214</swisstopo:routepoint_id>
				</extensions>
			</trkpt>
			<trkpt lat="47.1870119156" lon="8.6982279484">
				<ele>622.9</ele>
				<time>2026-05-21T14:18:33Z</time>
				<extensions>
					<swisstopo:routepoint_id>1673523254</swisstopo:routepoint_id>
				</extensions>
			</trkpt>
			<trkpt lat="47.1870072783" lon="8.6982255818">
				<ele>622.9</ele>
				<time>2026-05-21T14:18:34Z</time>
				<extensions>
					<swisstopo:routepoint_id>1312005219</swisstopo:routepoint_id>
				</extensions>
			</trkpt>
			<trkpt lat="47.1870049985" lon="8.6982233213">
				<ele>622.9</ele>
				<time>2026-05-21T14:18:35Z</time>
				<extensions>
					<swisstopo:routepoint_id>509628337</swisstopo:routepoint_id>
				</extensions>
			</trkpt>
			<trkpt lat="47.1870076938" lon="8.6982198010">
				<ele>622.8</ele>
				<time>2026-05-21T14:18:36Z</time>
				<extensions>
					<swisstopo:routepoint_id>1158675723</swisstopo:routepoint_id>
				</extensions>
			</trkpt>
			<trkpt lat="47.1870079729" lon="8.6982164172">
				<ele>622.9</ele>
				<time>2026-05-21T14:18:37Z</time>
				<extensions>
					<swisstopo:routepoint_id>481165465</swisstopo:routepoint_id>
				</extensions>
			</trkpt>
			<trkpt lat="47.1870091864" lon="8.6982138693">
				<ele>623.0</ele>
				<time>2026-05-21T14:18:38Z</time>
				<extensions>
					<swisstopo:routepoint_id>1672039300</swisstopo:routepoint_id>
				</extensions>
			</trkpt>
			<trkpt lat="47.1870106199" lon="8.6982093490">
				<ele>623.0</ele>
				<time>2026-05-21T14:18:39Z</time>
				<extensions>
					<swisstopo:routepoint_id>2140994105</swisstopo:routepoint_id>
				</extensions>
			</trkpt>
			<trkpt lat="47.1870112005" lon="8.6982050720">
				<ele>623.1</ele>
				<time>2026-05-21T14:18:40Z</time>
				<extensions>
					<swisstopo:routepoint_id>451933603</swisstopo:routepoint_id>
				</extensions>
			</trkpt>
			<trkpt lat="47.1870138736" lon="8.6981988916">
				<ele>623.1</ele>
				<time>2026-05-21T14:18:41Z</time>
				<extensions>
					<swisstopo:routepoint_id>2145889829</swisstopo:routepoint_id>
				</extensions>
			</trkpt>
			<trkpt lat="47.1870130801" lon="8.6981941600">
				<ele>623.1</ele>
				<time>2026-05-21T14:18:42Z</time>
				<extensions>
					<swisstopo:routepoint_id>1129988285</swisstopo:routepoint_id>
				</extensions>
			</trkpt>
			<trkpt lat="47.1870110583" lon="8.6981918751">
				<ele>623.1</ele>
				<time>2026-05-21T14:18:43Z</time>
				<extensions>
					<swisstopo:routepoint_id>1515215574</swisstopo:routepoint_id>
				</extensions>
			</trkpt>
			<trkpt lat="47.1870090013" lon="8.6981919386">
				<ele>623.1</ele>
				<time>2026-05-21T14:18:44Z</time>
				<extensions>
					<swisstopo:routepoint_id>1367066092</swisstopo:routepoint_id>
				</extensions>
			</trkpt>
			<trkpt lat="47.1870084263" lon="8.6981920144">
				<ele>623.1</ele>
				<time>2026-05-21T14:18:45Z</time>
				<extensions>
					<swisstopo:routepoint_id>352268991</swisstopo:routepoint_id>
				</extensions>
			</trkpt>
			<trkpt lat="47.1870103852" lon="8.6981872844">
				<ele>623.1</ele>
				<time>2026-05-21T14:18:46Z</time>
				<extensions>
					<swisstopo:routepoint_id>2120000605</swisstopo:routepoint_id>
				</extensions>
			</trkpt>
			<trkpt lat="47.1870132607" lon="8.6981856799">
				<ele>623.2</ele>
				<time>2026-05-21T14:18:47Z</time>
				<extensions>
					<swisstopo:routepoint_id>1948980858</swisstopo:routepoint_id>
				</extensions>
			</trkpt>
			<trkpt lat="47.1870177228" lon="8.6981861489">
				<ele>623.2</ele>
				<time>2026-05-21T14:18:48Z</time>
				<extensions>
					<swisstopo:routepoint_id>953212715</swisstopo:routepoint_id>
				</extensions>
			</trkpt>
			<trkpt lat="47.1870212979" lon="8.6981866008">
				<ele>623.2</ele>
				<time>2026-05-21T14:18:49Z</time>
				<extensions>
					<swisstopo:routepoint_id>418094385</swisstopo:routepoint_id>
				</extensions>
			</trkpt>
			<trkpt lat="47.1870242043" lon="8.6981857504">
				<ele>623.2</ele>
				<time>2026-05-21T14:18:50Z</time>
				<extensions>
					<swisstopo:routepoint_id>345835711</swisstopo:routepoint_id>
				</extensions>
			</trkpt>
			<trkpt lat="47.1870272578" lon="8.6981846765">
				<ele>623.1</ele>
				<time>2026-05-21T14:18:51Z</time>
				<extensions>
					<swisstopo:routepoint_id>1370045995</swisstopo:routepoint_id>
				</extensions>
			</trkpt>
			<trkpt lat="47.1870304012" lon="8.6981833791">
				<ele>623.2</ele>
				<time>2026-05-21T14:18:52Z</time>
				<extensions>
					<swisstopo:routepoint_id>1043374831</swisstopo:routepoint_id>
				</extensions>
			</trkpt>
			<trkpt lat="47.1870328583" lon="8.6981861319">
				<ele>623.2</ele>
				<time>2026-05-21T14:18:53Z</time>
				<extensions>
					<swisstopo:routepoint_id>1796806862</swisstopo:routepoint_id>
				</extensions>
			</trkpt>
			<trkpt lat="47.1870360039" lon="8.6981904818">
				<ele>623.3</ele>
				<time>2026-05-21T14:18:54Z</time>
				<extensions>
					<swisstopo:routepoint_id>1017885520</swisstopo:routepoint_id>
				</extensions>
			</trkpt>
			<trkpt lat="47.1870398759" lon="8.6981937723">
				<ele>623.7</ele>
				<time>2026-05-21T14:18:55Z</time>
				<extensions>
					<swisstopo:routepoint_id>747202638</swisstopo:routepoint_id>
				</extensions>
			</trkpt>
			<trkpt lat="47.1870412682" lon="8.6982001663">
				<ele>624.1</ele>
				<time>2026-05-21T14:18:56Z</time>
				<extensions>
					<swisstopo:routepoint_id>1897852857</swisstopo:routepoint_id>
				</extensions>
			</trkpt>
			<trkpt lat="47.1870421039" lon="8.6982048714">
				<ele>624.2</ele>
				<time>2026-05-21T14:18:57Z</time>
				<extensions>
					<swisstopo:routepoint_id>638358708</swisstopo:routepoint_id>
				</extensions>
			</trkpt>
			<trkpt lat="47.1870420740" lon="8.6982063937">
				<ele>624.3</ele>
				<time>2026-05-21T14:18:58Z</time>
				<extensions>
					<swisstopo:routepoint_id>66504944</swisstopo:routepoint_id>
				</extensions>
			</trkpt>
			<trkpt lat="47.1870411169" lon="8.6982086328">
				<ele>624.4</ele>
				<time>2026-05-21T14:18:59Z</time>
				<extensions>
					<swisstopo:routepoint_id>1057097368</swisstopo:routepoint_id>
				</extensions>
			</trkpt>
			<trkpt lat="47.1870412432" lon="8.6982118224">
				<ele>624.4</ele>
				<time>2026-05-21T14:19:00Z</time>
				<extensions>
					<swisstopo:routepoint_id>503252345</swisstopo:routepoint_id>
				</extensions>
			</trkpt>
			<trkpt lat="47.1870407478" lon="8.6982161831">
				<ele>624.3</ele>
				<time>2026-05-21T14:19:01Z</time>
				<extensions>
					<swisstopo:routepoint_id>1371560529</swisstopo:routepoint_id>
				</extensions>
			</trkpt>
			<trkpt lat="47.1870400517" lon="8.6982177703">
				<ele>624.2</ele>
				<time>2026-05-21T14:19:02Z</time>
				<extensions>
					<swisstopo:routepoint_id>728344005</swisstopo:routepoint_id>
				</extensions>
			</trkpt>
			<trkpt lat="47.1870393560" lon="8.6982185413">
				<ele>624.0</ele>
				<time>2026-05-21T14:19:03Z</time>
				<extensions>
					<swisstopo:routepoint_id>620904135</swisstopo:routepoint_id>
				</extensions>
			</trkpt>
			<trkpt lat="47.1870386955" lon="8.6982189522">
				<ele>623.9</ele>
				<time>2026-05-21T14:19:04Z</time>
				<extensions>
					<swisstopo:routepoint_id>912756172</swisstopo:routepoint_id>
				</extensions>
			</trkpt>
			<trkpt lat="47.1870380874" lon="8.6982190848">
				<ele>623.8</ele>
				<time>2026-05-21T14:19:05Z</time>
				<extensions>
					<swisstopo:routepoint_id>1217292283</swisstopo:routepoint_id>
				</extensions>
			</trkpt>
			<trkpt lat="47.1870375417" lon="8.6982190061">
				<ele>623.8</ele>
				<time>2026-05-21T14:19:06Z</time>
				<extensions>
					<swisstopo:routepoint_id>2102179059</swisstopo:routepoint_id>
				</extensions>
			</trkpt>
			<trkpt lat="47.1870370636" lon="8.6982187751">
				<ele>623.7</ele>
				<time>2026-05-21T14:19:07Z</time>
				<extensions>
					<swisstopo:routepoint_id>922484169</swisstopo:routepoint_id>
				</extensions>
			</trkpt>
			<trkpt lat="47.1870366543" lon="8.6982184415">
				<ele>623.6</ele>
				<time>2026-05-21T14:19:08Z</time>
				<extensions>
					<swisstopo:routepoint_id>1506980690</swisstopo:routepoint_id>
				</extensions>
			</trkpt>
			<trkpt lat="47.1870329551" lon="8.6982118059">
				<ele>623.3</ele>
				<time>2026-05-21T14:19:09Z</time>
				<extensions>
					<swisstopo:routepoint_id>402324112</swisstopo:routepoint_id>
				</extensions>
			</trkpt>
			<trkpt lat="47.1870305901" lon="8.6982051514">
				<ele>622.9</ele>
				<time>2026-05-21T14:19:10Z</time>
				<extensions>
					<swisstopo:routepoint_id>1582829628</swisstopo:routepoint_id>
				</extensions>
			</trkpt>
			<trkpt lat="47.1870272983" lon="8.6981982014">
				<ele>622.7</ele>
				<time>2026-05-21T14:19:11Z</time>
				<extensions>
					<swisstopo:routepoint_id>1737622407</swisstopo:routepoint_id>
				</extensions>
			</trkpt>
			<trkpt lat="47.1870236528" lon="8.6981929408">
				<ele>622.7</ele>
				<time>2026-05-21T14:19:12Z</time>
				<extensions>
					<swisstopo:routepoint_id>589678896</swisstopo:routepoint_id>
				</extensions>
			</trkpt>
			<trkpt lat="47.1870183209" lon="8.6981887935">
				<ele>622.7</ele>
				<time>2026-05-21T14:19:13Z</time>
				<extensions>
					<swisstopo:routepoint_id>96174167</swisstopo:routepoint_id>
				</extensions>
			</trkpt>
			<trkpt lat="47.1870126936" lon="8.6981818193">
				<ele>622.7</ele>
				<time>2026-05-21T14:19:14Z</time>
				<extensions>
					<swisstopo:routepoint_id>1491522225</swisstopo:routepoint_id>
				</extensions>
			</trkpt>
			<trkpt lat="47.1870033523" lon="8.6981695375">
				<ele>622.7</ele>
				<time>2026-05-21T14:19:15Z</time>
				<extensions>
					<swisstopo:routepoint_id>437424144</swisstopo:routepoint_id>
				</extensions>
			</trkpt>
			<trkpt lat="47.1869956364" lon="8.6981497080">
				<ele>622.7</ele>
				<time>2026-05-21T14:19:16Z</time>
				<extensions>
					<swisstopo:routepoint_id>951064527</swisstopo:routepoint_id>
				</extensions>
			</trkpt>
			<trkpt lat="47.1869938131" lon="8.6981270770">
				<ele>622.5</ele>
				<time>2026-05-21T14:19:17Z</time>
				<extensions>
					<swisstopo:routepoint_id>820720668</swisstopo:routepoint_id>
				</extensions>
			</trkpt>
			<trkpt lat="47.1869934342" lon="8.6980993775">
				<ele>622.2</ele>
				<time>2026-05-21T14:19:18Z</time>
				<extensions>
					<swisstopo:routepoint_id>564802395</swisstopo:routepoint_id>
				</extensions>
			</trkpt>
			<trkpt lat="47.1869937363" lon="8.6980689642">
				<ele>621.8</ele>
				<time>2026-05-21T14:19:19Z</time>
				<extensions>
					<swisstopo:routepoint_id>756133025</swisstopo:routepoint_id>
				</extensions>
			</trkpt>
			<trkpt lat="47.1869910499" lon="8.6980378271">
				<ele>621.5</ele>
				<time>2026-05-21T14:19:20Z</time>
				<extensions>
					<swisstopo:routepoint_id>1667011876</swisstopo:routepoint_id>
				</extensions>
			</trkpt>
			<trkpt lat="47.1869854870" lon="8.6980126942">
				<ele>621.3</ele>
				<time>2026-05-21T14:19:21Z</time>
				<extensions>
					<swisstopo:routepoint_id>1396941170</swisstopo:routepoint_id>
				</extensions>
			</trkpt>
			<trkpt lat="47.1869744729" lon="8.6979811403">
				<ele>621.0</ele>
				<time>2026-05-21T14:19:22Z</time>
				<extensions>
					<swisstopo:routepoint_id>2099015186</swisstopo:routepoint_id>
				</extensions>
			</trkpt>
			<trkpt lat="47.1869613928" lon="8.6979466508">
				<ele>620.7</ele>
				<time>2026-05-21T14:19:23Z</time>
				<extensions>
					<swisstopo:routepoint_id>1434361833</swisstopo:routepoint_id>
				</extensions>
			</trkpt>
			<trkpt lat="47.1869491616" lon="8.6979117798">
				<ele>620.6</ele>
				<time>2026-05-21T14:19:24Z</time>
				<extensions>
					<swisstopo:routepoint_id>1815389656</swisstopo:routepoint_id>
				</extensions>
			</trkpt>
			<trkpt lat="47.1869404428" lon="8.6978841700">
				<ele>620.9</ele>
				<time>2026-05-21T14:19:25Z</time>
				<extensions>
					<swisstopo:routepoint_id>1953775463</swisstopo:routepoint_id>
				</extensions>
			</trkpt>
			<trkpt lat="47.1869322107" lon="8.6978577188">
				<ele>621.2</ele>
				<time>2026-05-21T14:19:26Z</time>
				<extensions>
					<swisstopo:routepoint_id>2079244011</swisstopo:routepoint_id>
				</extensions>
			</trkpt>
			<trkpt lat="47.1869262515" lon="8.6978316998">
				<ele>621.6</ele>
				<time>2026-05-21T14:19:27Z</time>
				<extensions>
					<swisstopo:routepoint_id>2000188893</swisstopo:routepoint_id>
				</extensions>
			</trkpt>
			<trkpt lat="47.1869206515" lon="8.6978071555">
				<ele>621.8</ele>
				<time>2026-05-21T14:19:28Z</time>
				<extensions>
					<swisstopo:routepoint_id>465714513</swisstopo:routepoint_id>
				</extensions>
			</trkpt>
			<trkpt lat="47.1869181509" lon="8.6977919740">
				<ele>621.7</ele>
				<time>2026-05-21T14:19:29Z</time>
				<extensions>
					<swisstopo:routepoint_id>1833410323</swisstopo:routepoint_id>
				</extensions>
			</trkpt>
			<trkpt lat="47.1869168051" lon="8.6977729067">
				<ele>621.5</ele>
				<time>2026-05-21T14:19:30Z</time>
				<extensions>
					<swisstopo:routepoint_id>2031931505</swisstopo:routepoint_id>
				</extensions>
			</trkpt>
			<trkpt lat="47.1869165217" lon="8.6977598950">
				<ele>621.4</ele>
				<time>2026-05-21T14:19:31Z</time>
				<extensions>
					<swisstopo:routepoint_id>1387849941</swisstopo:routepoint_id>
				</extensions>
			</trkpt>
			<trkpt lat="47.1869184201" lon="8.6977416163">
				<ele>621.2</ele>
				<time>2026-05-21T14:19:32Z</time>
				<extensions>
					<swisstopo:routepoint_id>1774068320</swisstopo:routepoint_id>
				</extensions>
			</trkpt>
			<trkpt lat="47.1869210747" lon="8.6977142038">
				<ele>620.9</ele>
				<time>2026-05-21T14:19:33Z</time>
				<extensions>
					<swisstopo:routepoint_id>1103299292</swisstopo:routepoint_id>
				</extensions>
			</trkpt>
			<trkpt lat="47.1869243335" lon="8.6976832236">
				<ele>620.8</ele>
				<time>2026-05-21T14:19:34Z</time>
				<extensions>
					<swisstopo:routepoint_id>1777392446</swisstopo:routepoint_id>
				</extensions>
			</trkpt>
			<trkpt lat="47.1869285071" lon="8.6976515351">
				<ele>620.7</ele>
				<time>2026-05-21T14:19:35Z</time>
				<extensions>
					<swisstopo:routepoint_id>1137310152</swisstopo:routepoint_id>
				</extensions>
			</trkpt>
			<trkpt lat="47.1869344111" lon="8.6976212867">
				<ele>620.6</ele>
				<time>2026-05-21T14:19:36Z</time>
				<extensions>
					<swisstopo:routepoint_id>19782717</swisstopo:routepoint_id>
				</extensions>
			</trkpt>
			<trkpt lat="47.1869406250" lon="8.6975919741">
				<ele>620.8</ele>
				<time>2026-05-21T14:19:37Z</time>
				<extensions>
					<swisstopo:routepoint_id>1775642981</swisstopo:routepoint_id>
				</extensions>
			</trkpt>
			<trkpt lat="47.1869454965" lon="8.6975623827">
				<ele>621.1</ele>
				<time>2026-05-21T14:19:38Z</time>
				<extensions>
					<swisstopo:routepoint_id>1798822955</swisstopo:routepoint_id>
				</extensions>
			</trkpt>
			<trkpt lat="47.1869459923" lon="8.6975310245">
				<ele>621.5</ele>
				<time>2026-05-21T14:19:39Z</time>
				<extensions>
					<swisstopo:routepoint_id>542622219</swisstopo:routepoint_id>
				</extensions>
			</trkpt>
			<trkpt lat="47.1869428684" lon="8.6975004680">
				<ele>621.8</ele>
				<time>2026-05-21T14:19:40Z</time>
				<extensions>
					<swisstopo:routepoint_id>1636069571</swisstopo:routepoint_id>
				</extensions>
			</trkpt>
			<trkpt lat="47.1869368709" lon="8.6974745672">
				<ele>622.5</ele>
				<time>2026-05-21T14:19:41Z</time>
				<extensions>
					<swisstopo:routepoint_id>1040663609</swisstopo:routepoint_id>
				</extensions>
			</trkpt>
			<trkpt lat="47.1869290156" lon="8.6974511811">
				<ele>623.1</ele>
				<time>2026-05-21T14:19:42Z</time>
				<extensions>
					<swisstopo:routepoint_id>1326455295</swisstopo:routepoint_id>
				</extensions>
			</trkpt>
			<trkpt lat="47.1869199288" lon="8.6974310746">
				<ele>623.6</ele>
				<time>2026-05-21T14:19:43Z</time>
				<extensions>
					<swisstopo:routepoint_id>706403558</swisstopo:routepoint_id>
				</extensions>
			</trkpt>
			<trkpt lat="47.1869102869" lon="8.6974172478">
				<ele>624.3</ele>
				<time>2026-05-21T14:19:44Z</time>
				<extensions>
					<swisstopo:routepoint_id>1234998690</swisstopo:routepoint_id>
				</extensions>
			</trkpt>
			<trkpt lat="47.1868925064" lon="8.6974073223">
				<ele>624.9</ele>
				<time>2026-05-21T14:19:45Z</time>
				<extensions>
					<swisstopo:routepoint_id>1193534575</swisstopo:routepoint_id>
				</extensions>
			</trkpt>
			<trkpt lat="47.1868697077" lon="8.6974035214">
				<ele>625.8</ele>
				<time>2026-05-21T14:19:46Z</time>
				<extensions>
					<swisstopo:routepoint_id>90855398</swisstopo:routepoint_id>
				</extensions>
			</trkpt>
			<trkpt lat="47.1868449828" lon="8.6974015322">
				<ele>626.7</ele>
				<time>2026-05-21T14:19:47Z</time>
				<extensions>
					<swisstopo:routepoint_id>145801169</swisstopo:routepoint_id>
				</extensions>
			</trkpt>
			<trkpt lat="47.1868208277" lon="8.6974015155">
				<ele>627.5</ele>
				<time>2026-05-21T14:19:48Z</time>
				<extensions>
					<swisstopo:routepoint_id>201406156</swisstopo:routepoint_id>
				</extensions>
			</trkpt>
			<trkpt lat="47.1867979956" lon="8.6974049158">
				<ele>628.3</ele>
				<time>2026-05-21T14:19:49Z</time>
				<extensions>
					<swisstopo:routepoint_id>599036220</swisstopo:routepoint_id>
				</extensions>
			</trkpt>
			<trkpt lat="47.1867758742" lon="8.6974093928">
				<ele>629.2</ele>
				<time>2026-05-21T14:19:50Z</time>
				<extensions>
					<swisstopo:routepoint_id>598412404</swisstopo:routepoint_id>
				</extensions>
			</trkpt>
			<trkpt lat="47.1867545410" lon="8.6974097938">
				<ele>630.0</ele>
				<time>2026-05-21T14:19:51Z</time>
				<extensions>
					<swisstopo:routepoint_id>851355127</swisstopo:routepoint_id>
				</extensions>
			</trkpt>
			<trkpt lat="47.1867328698" lon="8.6974055421">
				<ele>630.7</ele>
				<time>2026-05-21T14:19:52Z</time>
				<extensions>
					<swisstopo:routepoint_id>42079528</swisstopo:routepoint_id>
				</extensions>
			</trkpt>
			<trkpt lat="47.1867158915" lon="8.6973927419">
				<ele>631.2</ele>
				<time>2026-05-21T14:19:53Z</time>
				<extensions>
					<swisstopo:routepoint_id>708507233</swisstopo:routepoint_id>
				</extensions>
			</trkpt>
			<trkpt lat="47.1866998758" lon="8.6973725338">
				<ele>631.6</ele>
				<time>2026-05-21T14:19:54Z</time>
				<extensions>
					<swisstopo:routepoint_id>84242416</swisstopo:routepoint_id>
				</extensions>
			</trkpt>
			<trkpt lat="47.1866845603" lon="8.6973493171">
				<ele>631.8</ele>
				<time>2026-05-21T14:19:55Z</time>
				<extensions>
					<swisstopo:routepoint_id>670562339</swisstopo:routepoint_id>
				</extensions>
			</trkpt>
			<trkpt lat="47.1866683283" lon="8.6973246127">
				<ele>631.9</ele>
				<time>2026-05-21T14:19:56Z</time>
				<extensions>
					<swisstopo:routepoint_id>147052117</swisstopo:routepoint_id>
				</extensions>
			</trkpt>
			<trkpt lat="47.1866535921" lon="8.6972989672">
				<ele>631.8</ele>
				<time>2026-05-21T14:19:57Z</time>
				<extensions>
					<swisstopo:routepoint_id>1898736369</swisstopo:routepoint_id>
				</extensions>
			</trkpt>
			<trkpt lat="47.1866376080" lon="8.6972717913">
				<ele>631.8</ele>
				<time>2026-05-21T14:19:58Z</time>
				<extensions>
					<swisstopo:routepoint_id>455159363</swisstopo:routepoint_id>
				</extensions>
			</trkpt>
			<trkpt lat="47.1866204438" lon="8.6972439179">
				<ele>631.7</ele>
				<time>2026-05-21T14:19:59Z</time>
				<extensions>
					<swisstopo:routepoint_id>526663327</swisstopo:routepoint_id>
				</extensions>
			</trkpt>
			<trkpt lat="47.1866022978" lon="8.6972121744">
				<ele>631.7</ele>
				<time>2026-05-21T14:20:00Z</time>
				<extensions>
					<swisstopo:routepoint_id>1850427602</swisstopo:routepoint_id>
				</extensions>
			</trkpt>
			<trkpt lat="47.1865858601" lon="8.6971815107">
				<ele>631.8</ele>
				<time>2026-05-21T14:20:01Z</time>
				<extensions>
					<swisstopo:routepoint_id>278530960</swisstopo:routepoint_id>
				</extensions>
			</trkpt>
			<trkpt lat="47.1865714661" lon="8.6971502559">
				<ele>631.8</ele>
				<time>2026-05-21T14:20:02Z</time>
				<extensions>
					<swisstopo:routepoint_id>1902977907</swisstopo:routepoint_id>
				</extensions>
			</trkpt>
			<trkpt lat="47.1865584624" lon="8.6971174851">
				<ele>631.7</ele>
				<time>2026-05-21T14:20:03Z</time>
				<extensions>
					<swisstopo:routepoint_id>875728178</swisstopo:routepoint_id>
				</extensions>
			</trkpt>
			<trkpt lat="47.1865468477" lon="8.6970867319">
				<ele>631.8</ele>
				<time>2026-05-21T14:20:04Z</time>
				<extensions>
					<swisstopo:routepoint_id>1658054755</swisstopo:routepoint_id>
				</extensions>
			</trkpt>
			<trkpt lat="47.1865341651" lon="8.6970558716">
				<ele>631.7</ele>
				<time>2026-05-21T14:20:05Z</time>
				<extensions>
					<swisstopo:routepoint_id>1178463813</swisstopo:routepoint_id>
				</extensions>
			</trkpt>
			<trkpt lat="47.1865198423" lon="8.6970244296">
				<ele>631.5</ele>
				<time>2026-05-21T14:20:06Z</time>
				<extensions>
					<swisstopo:routepoint_id>199628810</swisstopo:routepoint_id>
				</extensions>
			</trkpt>
			<trkpt lat="47.1865044152" lon="8.6969969344">
				<ele>631.5</ele>
				<time>2026-05-21T14:20:07Z</time>
				<extensions>
					<swisstopo:routepoint_id>791953056</swisstopo:routepoint_id>
				</extensions>
			</trkpt>
			<trkpt lat="47.1864894739" lon="8.6969716391">
				<ele>631.6</ele>
				<time>2026-05-21T14:20:08Z</time>
				<extensions>
					<swisstopo:routepoint_id>251368086</swisstopo:routepoint_id>
				</extensions>
			</trkpt>
			<trkpt lat="47.1864755650" lon="8.6969461022">
				<ele>631.6</ele>
				<time>2026-05-21T14:20:09Z</time>
				<extensions>
					<swisstopo:routepoint_id>643087753</swisstopo:routepoint_id>
				</extensions>
			</trkpt>
			<trkpt lat="47.1864637197" lon="8.6969184397">
				<ele>631.7</ele>
				<time>2026-05-21T14:20:10Z</time>
				<extensions>
					<swisstopo:routepoint_id>90669320</swisstopo:routepoint_id>
				</extensions>
			</trkpt>
			<trkpt lat="47.1864556358" lon="8.6968896321">
				<ele>631.7</ele>
				<time>2026-05-21T14:20:11Z</time>
				<extensions>
					<swisstopo:routepoint_id>1313355517</swisstopo:routepoint_id>
				</extensions>
			</trkpt>
			<trkpt lat="47.1864487497" lon="8.6968586776">
				<ele>631.6</ele>
				<time>2026-05-21T14:20:12Z</time>
				<extensions>
					<swisstopo:routepoint_id>1729250353</swisstopo:routepoint_id>
				</extensions>
			</trkpt>
			<trkpt lat="47.1864435993" lon="8.6968277691">
				<ele>631.7</ele>
				<time>2026-05-21T14:20:13Z</time>
				<extensions>
					<swisstopo:routepoint_id>1614488020</swisstopo:routepoint_id>
				</extensions>
			</trkpt>
			<trkpt lat="47.1864389031" lon="8.6967998973">
				<ele>631.8</ele>
				<time>2026-05-21T14:20:14Z</time>
				<extensions>
					<swisstopo:routepoint_id>1244272295</swisstopo:routepoint_id>
				</extensions>
			</trkpt>
			<trkpt lat="47.1864345905" lon="8.6967726469">
				<ele>632.0</ele>
				<time>2026-05-21T14:20:15Z</time>
				<extensions>
					<swisstopo:routepoint_id>288707579</swisstopo:routepoint_id>
				</extensions>
			</trkpt>
			<trkpt lat="47.1864311759" lon="8.6967444274">
				<ele>632.3</ele>
				<time>2026-05-21T14:20:16Z</time>
				<extensions>
					<swisstopo:routepoint_id>1142721680</swisstopo:routepoint_id>
				</extensions>
			</trkpt>
			<trkpt lat="47.1864287535" lon="8.6967192019">
				<ele>632.6</ele>
				<time>2026-05-21T14:20:17Z</time>
				<extensions>
					<swisstopo:routepoint_id>777020639</swisstopo:routepoint_id>
				</extensions>
			</trkpt>
			<trkpt lat="47.1864280562" lon="8.6966928697">
				<ele>633.0</ele>
				<time>2026-05-21T14:20:18Z</time>
				<extensions>
					<swisstopo:routepoint_id>537822266</swisstopo:routepoint_id>
				</extensions>
			</trkpt>
			<trkpt lat="47.1864280614" lon="8.6966655218">
				<ele>633.2</ele>
				<time>2026-05-21T14:20:19Z</time>
				<extensions>
					<swisstopo:routepoint_id>420154439</swisstopo:routepoint_id>
				</extensions>
			</trkpt>
			<trkpt lat="47.1864301786" lon="8.6966395272">
				<ele>633.1</ele>
				<time>2026-05-21T14:20:20Z</time>
				<extensions>
					<swisstopo:routepoint_id>609424937</swisstopo:routepoint_id>
				</extensions>
			</trkpt>
			<trkpt lat="47.1864347549" lon="8.6966141585">
				<ele>633.1</ele>
				<time>2026-05-21T14:20:21Z</time>
				<extensions>
					<swisstopo:routepoint_id>1255403616</swisstopo:routepoint_id>
				</extensions>
			</trkpt>
			<trkpt lat="47.1864411847" lon="8.6965881704">
				<ele>633.3</ele>
				<time>2026-05-21T14:20:22Z</time>
				<extensions>
					<swisstopo:routepoint_id>541742337</swisstopo:routepoint_id>
				</extensions>
			</trkpt>
			<trkpt lat="47.1864462275" lon="8.6965624616">
				<ele>633.5</ele>
				<time>2026-05-21T14:20:23Z</time>
				<extensions>
					<swisstopo:routepoint_id>1880278326</swisstopo:routepoint_id>
				</extensions>
			</trkpt>
			<trkpt lat="47.1864492679" lon="8.6965368329">
				<ele>633.5</ele>
				<time>2026-05-21T14:20:24Z</time>
				<extensions>
					<swisstopo:routepoint_id>1615959477</swisstopo:routepoint_id>
				</extensions>
			</trkpt>
			<trkpt lat="47.1864487907" lon="8.6965100320">
				<ele>633.5</ele>
				<time>2026-05-21T14:20:25Z</time>
				<extensions>
					<swisstopo:routepoint_id>205246330</swisstopo:routepoint_id>
				</extensions>
			</trkpt>
			<trkpt lat="47.1864463910" lon="8.6964844492">
				<ele>633.7</ele>
				<time>2026-05-21T14:20:26Z</time>
				<extensions>
					<swisstopo:routepoint_id>716331228</swisstopo:routepoint_id>
				</extensions>
			</trkpt>
			<trkpt lat="47.1864426808" lon="8.6964585765">
				<ele>633.8</ele>
				<time>2026-05-21T14:20:27Z</time>
				<extensions>
					<swisstopo:routepoint_id>585623914</swisstopo:routepoint_id>
				</extensions>
			</trkpt>
			<trkpt lat="47.1864385630" lon="8.6964350056">
				<ele>634.0</ele>
				<time>2026-05-21T14:20:28Z</time>
				<extensions>
					<swisstopo:routepoint_id>663568397</swisstopo:routepoint_id>
				</extensions>
			</trkpt>
			<trkpt lat="47.1864277123" lon="8.6964302998">
				<ele>634.2</ele>
				<time>2026-05-21T14:20:28Z</time>
				<extensions>
					<swisstopo:routepoint_id>711469508</swisstopo:routepoint_id>
				</extensions>
			</trkpt>
			<trkpt lat="47.1864277149" lon="8.6964303111">
				<ele>634.2</ele>
				<time>2026-05-21T14:20:29Z</time>
				<extensions>
					<swisstopo:routepoint_id>479074460</swisstopo:routepoint_id>
				</extensions>
			</trkpt>
			<trkpt lat="47.1864276921" lon="8.6964302124">
				<ele>634.2</ele>
				<time>2026-05-21T14:20:30Z</time>
				<extensions>
					<swisstopo:routepoint_id>888256617</swisstopo:routepoint_id>
				</extensions>
			</trkpt>
			<trkpt lat="47.1864275363" lon="8.6964295445">
				<ele>634.2</ele>
				<time>2026-05-21T14:20:31Z</time>
				<extensions>
					<swisstopo:routepoint_id>1770131622</swisstopo:routepoint_id>
				</extensions>
			</trkpt>
			<trkpt lat="47.1864270564" lon="8.6964275089">
				<ele>634.2</ele>
				<time>2026-05-21T14:20:32Z</time>
				<extensions>
					<swisstopo:routepoint_id>1511209063</swisstopo:routepoint_id>
				</extensions>
			</trkpt>
			<trkpt lat="47.1864262862" lon="8.6964242187">
				<ele>634.2</ele>
				<time>2026-05-21T14:20:33Z</time>
				<extensions>
					<swisstopo:routepoint_id>601628772</swisstopo:routepoint_id>
				</extensions>
			</trkpt>
			<trkpt lat="47.1864251248" lon="8.6964192655">
				<ele>634.2</ele>
				<time>2026-05-21T14:20:34Z</time>
				<extensions>
					<swisstopo:routepoint_id>1221760928</swisstopo:routepoint_id>
				</extensions>
			</trkpt>
			<trkpt lat="47.1864237020" lon="8.6964131988">
				<ele>634.1</ele>
				<time>2026-05-21T14:20:35Z</time>
				<extensions>
					<swisstopo:routepoint_id>2044767929</swisstopo:routepoint_id>
				</extensions>
			</trkpt>
			<trkpt lat="47.1864222375" lon="8.6964069506">
				<ele>634.1</ele>
				<time>2026-05-21T14:20:36Z</time>
				<extensions>
					<swisstopo:routepoint_id>233779762</swisstopo:routepoint_id>
				</extensions>
			</trkpt>
			<trkpt lat="47.1864218693" lon="8.6964053540">
				<ele>634.2</ele>
				<time>2026-05-21T14:20:37Z</time>
				<extensions>
					<swisstopo:routepoint_id>1388869571</swisstopo:routepoint_id>
				</extensions>
			</trkpt>
			<trkpt lat="47.1864219874" lon="8.6964058298">
				<ele>634.4</ele>
				<time>2026-05-21T14:20:38Z</time>
				<extensions>
					<swisstopo:routepoint_id>1731120554</swisstopo:routepoint_id>
				</extensions>
			</trkpt>
			<trkpt lat="47.1864222486" lon="8.6964069197">
				<ele>634.6</ele>
				<time>2026-05-21T14:20:39Z</time>
				<extensions>
					<swisstopo:routepoint_id>834701522</swisstopo:routepoint_id>
				</extensions>
			</trkpt>
			<trkpt lat="47.1864222890" lon="8.6964070577">
				<ele>634.8</ele>
				<time>2026-05-21T14:20:40Z</time>
				<extensions>
					<swisstopo:routepoint_id>1465298050</swisstopo:routepoint_id>
				</extensions>
			</trkpt>
			<trkpt lat="47.1864226916" lon="8.6964087610">
				<ele>635.1</ele>
				<time>2026-05-21T14:20:41Z</time>
				<extensions>
					<swisstopo:routepoint_id>2069346201</swisstopo:routepoint_id>
				</extensions>
			</trkpt>
			<trkpt lat="47.1864233557" lon="8.6964115966">
				<ele>635.3</ele>
				<time>2026-05-21T14:20:42Z</time>
				<extensions>
					<swisstopo:routepoint_id>1003937042</swisstopo:routepoint_id>
				</extensions>
			</trkpt>
			<trkpt lat="47.1864230506" lon="8.6964147793">
				<ele>635.5</ele>
				<time>2026-05-21T14:20:43Z</time>
				<extensions>
					<swisstopo:routepoint_id>390850415</swisstopo:routepoint_id>
				</extensions>
			</trkpt>
			<trkpt lat="47.1864236061" lon="8.6964171784">
				<ele>635.6</ele>
				<time>2026-05-21T14:20:44Z</time>
				<extensions>
					<swisstopo:routepoint_id>2017932379</swisstopo:routepoint_id>
				</extensions>
			</trkpt>
			<trkpt lat="47.1864232993" lon="8.6964196422">
				<ele>635.7</ele>
				<time>2026-05-21T14:20:45Z</time>
				<extensions>
					<swisstopo:routepoint_id>180256782</swisstopo:routepoint_id>
				</extensions>
			</trkpt>
			<trkpt lat="47.1864256016" lon="8.6964289030">
				<ele>635.9</ele>
				<time>2026-05-21T14:20:46Z</time>
				<extensions>
					<swisstopo:routepoint_id>1623792804</swisstopo:routepoint_id>
				</extensions>
			</trkpt>
			<trkpt lat="47.1864277749" lon="8.6964369191">
				<ele>636.0</ele>
				<time>2026-05-21T14:20:47Z</time>
				<extensions>
					<swisstopo:routepoint_id>863470752</swisstopo:routepoint_id>
				</extensions>
			</trkpt>
			<trkpt lat="47.1864291954" lon="8.6964417933">
				<ele>635.9</ele>
				<time>2026-05-21T14:20:48Z</time>
				<extensions>
					<swisstopo:routepoint_id>1805926085</swisstopo:routepoint_id>
				</extensions>
			</trkpt>
			<trkpt lat="47.1864307259" lon="8.6964472694">
				<ele>635.9</ele>
				<time>2026-05-21T14:20:49Z</time>
				<extensions>
					<swisstopo:routepoint_id>1813327544</swisstopo:routepoint_id>
				</extensions>
			</trkpt>
			<trkpt lat="47.1864317974" lon="8.6964509031">
				<ele>636.0</ele>
				<time>2026-05-21T14:20:50Z</time>
				<extensions>
					<swisstopo:routepoint_id>1655597431</swisstopo:routepoint_id>
				</extensions>
			</trkpt>
			<trkpt lat="47.1864329620" lon="8.6964550804">
				<ele>635.9</ele>
				<time>2026-05-21T14:20:51Z</time>
				<extensions>
					<swisstopo:routepoint_id>680408638</swisstopo:routepoint_id>
				</extensions>
			</trkpt>
			<trkpt lat="47.1864332425" lon="8.6964555817">
				<ele>635.8</ele>
				<time>2026-05-21T14:20:52Z</time>
				<extensions>
					<swisstopo:routepoint_id>277558591</swisstopo:routepoint_id>
				</extensions>
			</trkpt>
			<trkpt lat="47.1864343898" lon="8.6964599529">
				<ele>635.7</ele>
				<time>2026-05-21T14:20:53Z</time>
				<extensions>
					<swisstopo:routepoint_id>592757653</swisstopo:routepoint_id>
				</extensions>
			</trkpt>
			<trkpt lat="47.1864348296" lon="8.6964613910">
				<ele>635.7</ele>
				<time>2026-05-21T14:20:54Z</time>
				<extensions>
					<swisstopo:routepoint_id>301235538</swisstopo:routepoint_id>
				</extensions>
			</trkpt>
			<trkpt lat="47.1864347954" lon="8.6964608901">
				<ele>635.7</ele>
				<time>2026-05-21T14:20:55Z</time>
				<extensions>
					<swisstopo:routepoint_id>1246731187</swisstopo:routepoint_id>
				</extensions>
			</trkpt>
			<trkpt lat="47.1864347341" lon="8.6964603648">
				<ele>635.7</ele>
				<time>2026-05-21T14:20:56Z</time>
				<extensions>
					<swisstopo:routepoint_id>813116130</swisstopo:routepoint_id>
				</extensions>
			</trkpt>
			<trkpt lat="47.1864345334" lon="8.6964593161">
				<ele>635.7</ele>
				<time>2026-05-21T14:20:57Z</time>
				<extensions>
					<swisstopo:routepoint_id>1604351049</swisstopo:routepoint_id>
				</extensions>
			</trkpt>
			<trkpt lat="47.1864340224" lon="8.6964569933">
				<ele>635.6</ele>
				<time>2026-05-21T14:20:58Z</time>
				<extensions>
					<swisstopo:routepoint_id>523408811</swisstopo:routepoint_id>
				</extensions>
			</trkpt>
			<trkpt lat="47.1864346138" lon="8.6964594785">
				<ele>635.6</ele>
				<time>2026-05-21T14:20:59Z</time>
				<extensions>
					<swisstopo:routepoint_id>838868365</swisstopo:routepoint_id>
				</extensions>
			</trkpt>
			<trkpt lat="47.1864354622" lon="8.6964631134">
				<ele>635.5</ele>
				<time>2026-05-21T14:21:00Z</time>
				<extensions>
					<swisstopo:routepoint_id>630468000</swisstopo:routepoint_id>
				</extensions>
			</trkpt>
			<trkpt lat="47.1864361339" lon="8.6964660172">
				<ele>635.7</ele>
				<time>2026-05-21T14:21:01Z</time>
				<extensions>
					<swisstopo:routepoint_id>591361702</swisstopo:routepoint_id>
				</extensions>
			</trkpt>
			<trkpt lat="47.1864360711" lon="8.6964657751">
				<ele>635.9</ele>
				<time>2026-05-21T14:21:02Z</time>
				<extensions>
					<swisstopo:routepoint_id>461807198</swisstopo:routepoint_id>
				</extensions>
			</trkpt>
			<trkpt lat="47.1864359506" lon="8.6964652999">
				<ele>635.9</ele>
				<time>2026-05-21T14:21:03Z</time>
				<extensions>
					<swisstopo:routepoint_id>587676528</swisstopo:routepoint_id>
				</extensions>
			</trkpt>
			<trkpt lat="47.1864363843" lon="8.6964672248">
				<ele>636.0</ele>
				<time>2026-05-21T14:21:04Z</time>
				<extensions>
					<swisstopo:routepoint_id>802113543</swisstopo:routepoint_id>
				</extensions>
			</trkpt>
			<trkpt lat="47.1864363040" lon="8.6964669374">
				<ele>636.0</ele>
				<time>2026-05-21T14:21:05Z</time>
				<extensions>
					<swisstopo:routepoint_id>1367464982</swisstopo:routepoint_id>
				</extensions>
			</trkpt>
			<trkpt lat="47.1864365411" lon="8.6964680200">
				<ele>636.1</ele>
				<time>2026-05-21T14:21:06Z</time>
				<extensions>
					<swisstopo:routepoint_id>613962280</swisstopo:routepoint_id>
				</extensions>
			</trkpt>
			<trkpt lat="47.1864363899" lon="8.6964674268">
				<ele>636.2</ele>
				<time>2026-05-21T14:21:07Z</time>
				<extensions>
					<swisstopo:routepoint_id>205116125</swisstopo:routepoint_id>
				</extensions>
			</trkpt>
			<trkpt lat="47.1864369128" lon="8.6964680405">
				<ele>636.2</ele>
				<time>2026-05-21T14:21:08Z</time>
				<extensions>
					<swisstopo:routepoint_id>675459440</swisstopo:routepoint_id>
				</extensions>
			</trkpt>
			<trkpt lat="47.1864375012" lon="8.6964689775">
				<ele>636.3</ele>
				<time>2026-05-21T14:21:09Z</time>
				<extensions>
					<swisstopo:routepoint_id>848250038</swisstopo:routepoint_id>
				</extensions>
			</trkpt>
			<trkpt lat="47.1864371065" lon="8.6964675867">
				<ele>636.5</ele>
				<time>2026-05-21T14:21:10Z</time>
				<extensions>
					<swisstopo:routepoint_id>1541939880</swisstopo:routepoint_id>
				</extensions>
			</trkpt>
			<trkpt lat="47.1864365430" lon="8.6964630641">
				<ele>636.2</ele>
				<time>2026-05-21T14:21:11Z</time>
				<extensions>
					<swisstopo:routepoint_id>1698394811</swisstopo:routepoint_id>
				</extensions>
			</trkpt>
			<trkpt lat="47.1864361795" lon="8.6964595055">
				<ele>636.3</ele>
				<time>2026-05-21T14:21:12Z</time>
				<extensions>
					<swisstopo:routepoint_id>568952553</swisstopo:routepoint_id>
				</extensions>
			</trkpt>
			<trkpt lat="47.1864221643" lon="8.6964619791">
				<ele>636.4</ele>
				<time>2026-05-21T14:21:13Z</time>
				<extensions>
					<swisstopo:routepoint_id>1788361827</swisstopo:routepoint_id>
				</extensions>
			</trkpt>
			<trkpt lat="47.1864102717" lon="8.6964709919">
				<ele>636.6</ele>
				<time>2026-05-21T14:21:14Z</time>
				<extensions>
					<swisstopo:routepoint_id>816102977</swisstopo:routepoint_id>
				</extensions>
			</trkpt>
			<trkpt lat="47.1864013110" lon="8.6964827300">
				<ele>636.9</ele>
				<time>2026-05-21T14:21:15Z</time>
				<extensions>
					<swisstopo:routepoint_id>264681050</swisstopo:routepoint_id>
				</extensions>
			</trkpt>
			<trkpt lat="47.1863952696" lon="8.6964864861">
				<ele>637.2</ele>
				<time>2026-05-21T14:21:16Z</time>
				<extensions>
					<swisstopo:routepoint_id>1055774413</swisstopo:routepoint_id>
				</extensions>
			</trkpt>
			<trkpt lat="47.1863918549" lon="8.6964865659">
				<ele>637.3</ele>
				<time>2026-05-21T14:21:17Z</time>
				<extensions>
					<swisstopo:routepoint_id>1890667777</swisstopo:routepoint_id>
				</extensions>
			</trkpt>
			<trkpt lat="47.1863897910" lon="8.6964870664">
				<ele>637.3</ele>
				<time>2026-05-21T14:21:18Z</time>
				<extensions>
					<swisstopo:routepoint_id>137803380</swisstopo:routepoint_id>
				</extensions>
			</trkpt>
			<trkpt lat="47.1863891323" lon="8.6964891095">
				<ele>637.4</ele>
				<time>2026-05-21T14:21:19Z</time>
				<extensions>
					<swisstopo:routepoint_id>1074036194</swisstopo:routepoint_id>
				</extensions>
			</trkpt>
			<trkpt lat="47.1863887825" lon="8.6964903093">
				<ele>637.5</ele>
				<time>2026-05-21T14:21:20Z</time>
				<extensions>
					<swisstopo:routepoint_id>1726259523</swisstopo:routepoint_id>
				</extensions>
			</trkpt>
			<trkpt lat="47.1863888151" lon="8.6964910225">
				<ele>637.5</ele>
				<time>2026-05-21T14:21:21Z</time>
				<extensions>
					<swisstopo:routepoint_id>739732091</swisstopo:routepoint_id>
				</extensions>
			</trkpt>
			<trkpt lat="47.1863909783" lon="8.6964895349">
				<ele>637.3</ele>
				<time>2026-05-21T14:21:22Z</time>
				<extensions>
					<swisstopo:routepoint_id>894420954</swisstopo:routepoint_id>
				</extensions>
			</trkpt>
			<trkpt lat="47.1863938646" lon="8.6964882766">
				<ele>637.2</ele>
				<time>2026-05-21T14:21:23Z</time>
				<extensions>
					<swisstopo:routepoint_id>147444878</swisstopo:routepoint_id>
				</extensions>
			</trkpt>
			<trkpt lat="47.1863970540" lon="8.6964890249">
				<ele>637.0</ele>
				<time>2026-05-21T14:21:24Z</time>
				<extensions>
					<swisstopo:routepoint_id>2057419555</swisstopo:routepoint_id>
				</extensions>
			</trkpt>
			<trkpt lat="47.1864006141" lon="8.6964888453">
				<ele>636.8</ele>
				<time>2026-05-21T14:21:25Z</time>
				<extensions>
					<swisstopo:routepoint_id>268776891</swisstopo:routepoint_id>
				</extensions>
			</trkpt>
			<trkpt lat="47.1864041723" lon="8.6964877908">
				<ele>636.7</ele>
				<time>2026-05-21T14:21:26Z</time>
				<extensions>
					<swisstopo:routepoint_id>1175097396</swisstopo:routepoint_id>
				</extensions>
			</trkpt>
			<trkpt lat="47.1864065490" lon="8.6964851700">
				<ele>636.4</ele>
				<time>2026-05-21T14:21:27Z</time>
				<extensions>
					<swisstopo:routepoint_id>1602316760</swisstopo:routepoint_id>
				</extensions>
			</trkpt>
			<trkpt lat="47.1864083327" lon="8.6964822470">
				<ele>636.3</ele>
				<time>2026-05-21T14:21:28Z</time>
				<extensions>
					<swisstopo:routepoint_id>692851940</swisstopo:routepoint_id>
				</extensions>
			</trkpt>
			<trkpt lat="47.1864137919" lon="8.6964798930">
				<ele>636.2</ele>
				<time>2026-05-21T14:21:29Z</time>
				<extensions>
					<swisstopo:routepoint_id>1106221546</swisstopo:routepoint_id>
				</extensions>
			</trkpt>
			<trkpt lat="47.1864186696" lon="8.6964782288">
				<ele>636.1</ele>
				<time>2026-05-21T14:21:30Z</time>
				<extensions>
					<swisstopo:routepoint_id>1499591543</swisstopo:routepoint_id>
				</extensions>
			</trkpt>
			<trkpt lat="47.1864225312" lon="8.6964777840">
				<ele>636.2</ele>
				<time>2026-05-21T14:21:31Z</time>
				<extensions>
					<swisstopo:routepoint_id>766982009</swisstopo:routepoint_id>
				</extensions>
			</trkpt>
			<trkpt lat="47.1864239961" lon="8.6964757436">
				<ele>636.2</ele>
				<time>2026-05-21T14:21:32Z</time>
				<extensions>
					<swisstopo:routepoint_id>1469775969</swisstopo:routepoint_id>
				</extensions>
			</trkpt>
			<trkpt lat="47.1864267363" lon="8.6964734629">
				<ele>636.2</ele>
				<time>2026-05-21T14:21:33Z</time>
				<extensions>
					<swisstopo:routepoint_id>20319542</swisstopo:routepoint_id>
				</extensions>
			</trkpt>
			<trkpt lat="47.1864302013" lon="8.6964721881">
				<ele>636.1</ele>
				<time>2026-05-21T14:21:34Z</time>
				<extensions>
					<swisstopo:routepoint_id>60642521</swisstopo:routepoint_id>
				</extensions>
			</trkpt>
			<trkpt lat="47.1864318694" lon="8.6964704304">
				<ele>636.1</ele>
				<time>2026-05-21T14:21:35Z</time>
				<extensions>
					<swisstopo:routepoint_id>1311601769</swisstopo:routepoint_id>
				</extensions>
			</trkpt>
			<trkpt lat="47.1864337127" lon="8.6964677376">
				<ele>636.1</ele>
				<time>2026-05-21T14:21:36Z</time>
				<extensions>
					<swisstopo:routepoint_id>171295128</swisstopo:routepoint_id>
				</extensions>
			</trkpt>
			<trkpt lat="47.1864357517" lon="8.6964651272">
				<ele>636.0</ele>
				<time>2026-05-21T14:21:37Z</time>
				<extensions>
					<swisstopo:routepoint_id>1329129316</swisstopo:routepoint_id>
				</extensions>
			</trkpt>
			<trkpt lat="47.1864354974" lon="8.6964615252">
				<ele>635.9</ele>
				<time>2026-05-21T14:21:38Z</time>
				<extensions>
					<swisstopo:routepoint_id>551517918</swisstopo:routepoint_id>
				</extensions>
			</trkpt>
			<trkpt lat="47.1864328689" lon="8.6964581829">
				<ele>635.7</ele>
				<time>2026-05-21T14:21:39Z</time>
				<extensions>
					<swisstopo:routepoint_id>822227374</swisstopo:routepoint_id>
				</extensions>
			</trkpt>
			<trkpt lat="47.1864317833" lon="8.6964592115">
				<ele>635.8</ele>
				<time>2026-05-21T14:21:40Z</time>
				<extensions>
					<swisstopo:routepoint_id>118206373</swisstopo:routepoint_id>
				</extensions>
			</trkpt>
			<trkpt lat="47.1864298754" lon="8.6964589542">
				<ele>636.0</ele>
				<time>2026-05-21T14:21:41Z</time>
				<extensions>
					<swisstopo:routepoint_id>272137536</swisstopo:routepoint_id>
				</extensions>
			</trkpt>
			<trkpt lat="47.1864267748" lon="8.6964580142">
				<ele>636.2</ele>
				<time>2026-05-21T14:21:42Z</time>
				<extensions>
					<swisstopo:routepoint_id>1822883089</swisstopo:routepoint_id>
				</extensions>
			</trkpt>
			<trkpt lat="47.1864235427" lon="8.6964594747">
				<ele>636.5</ele>
				<time>2026-05-21T14:21:43Z</time>
				<extensions>
					<swisstopo:routepoint_id>1194368721</swisstopo:routepoint_id>
				</extensions>
			</trkpt>
			<trkpt lat="47.1864201500" lon="8.6964617799">
				<ele>637.0</ele>
				<time>2026-05-21T14:21:44Z</time>
				<extensions>
					<swisstopo:routepoint_id>1225445338</swisstopo:routepoint_id>
				</extensions>
			</trkpt>
			<trkpt lat="47.1864168392" lon="8.6964616746">
				<ele>637.2</ele>
				<time>2026-05-21T14:21:45Z</time>
				<extensions>
					<swisstopo:routepoint_id>1691621036</swisstopo:routepoint_id>
				</extensions>
			</trkpt>
			<trkpt lat="47.1864159362" lon="8.6964632581">
				<ele>637.3</ele>
				<time>2026-05-21T14:21:46Z</time>
				<extensions>
					<swisstopo:routepoint_id>538749419</swisstopo:routepoint_id>
				</extensions>
			</trkpt>
			<trkpt lat="47.1864153799" lon="8.6964651397">
				<ele>637.5</ele>
				<time>2026-05-21T14:21:47Z</time>
				<extensions>
					<swisstopo:routepoint_id>970429381</swisstopo:routepoint_id>
				</extensions>
			</trkpt>
			<trkpt lat="47.1864147023" lon="8.6964671755">
				<ele>637.6</ele>
				<time>2026-05-21T14:21:48Z</time>
				<extensions>
					<swisstopo:routepoint_id>2015791149</swisstopo:routepoint_id>
				</extensions>
			</trkpt>
			<trkpt lat="47.1864132466" lon="8.6964698866">
				<ele>637.7</ele>
				<time>2026-05-21T14:21:49Z</time>
				<extensions>
					<swisstopo:routepoint_id>699826171</swisstopo:routepoint_id>
				</extensions>
			</trkpt>
			<trkpt lat="47.1864121622" lon="8.6964711708">
				<ele>637.7</ele>
				<time>2026-05-21T14:21:50Z</time>
				<extensions>
					<swisstopo:routepoint_id>210521378</swisstopo:routepoint_id>
				</extensions>
			</trkpt>
			<trkpt lat="47.1864130520" lon="8.6964723349">
				<ele>637.6</ele>
				<time>2026-05-21T14:21:51Z</time>
				<extensions>
					<swisstopo:routepoint_id>1327233437</swisstopo:routepoint_id>
				</extensions>
			</trkpt>
			<trkpt lat="47.1864143497" lon="8.6964723793">
				<ele>637.5</ele>
				<time>2026-05-21T14:21:52Z</time>
				<extensions>
					<swisstopo:routepoint_id>899734270</swisstopo:routepoint_id>
				</extensions>
			</trkpt>
			<trkpt lat="47.1864178184" lon="8.6964750983">
				<ele>637.5</ele>
				<time>2026-05-21T14:21:53Z</time>
				<extensions>
					<swisstopo:routepoint_id>1401517363</swisstopo:routepoint_id>
				</extensions>
			</trkpt>
			<trkpt lat="47.1864196422" lon="8.6964773303">
				<ele>637.4</ele>
				<time>2026-05-21T14:21:54Z</time>
				<extensions>
					<swisstopo:routepoint_id>1701679645</swisstopo:routepoint_id>
				</extensions>
			</trkpt>
			<trkpt lat="47.1864207143" lon="8.6964816265">
				<ele>637.3</ele>
				<time>2026-05-21T14:21:55Z</time>
				<extensions>
					<swisstopo:routepoint_id>2090066416</swisstopo:routepoint_id>
				</extensions>
			</trkpt>
			<trkpt lat="47.1864215528" lon="8.6964855499">
				<ele>637.1</ele>
				<time>2026-05-21T14:21:56Z</time>
				<extensions>
					<swisstopo:routepoint_id>1356239733</swisstopo:routepoint_id>
				</extensions>
			</trkpt>
			<trkpt lat="47.1864222171" lon="8.6964887199">
				<ele>637.0</ele>
				<time>2026-05-21T14:21:57Z</time>
				<extensions>
					<swisstopo:routepoint_id>929763273</swisstopo:routepoint_id>
				</extensions>
			</trkpt>
			<trkpt lat="47.1864227270" lon="8.6964912101">
				<ele>636.9</ele>
				<time>2026-05-21T14:21:58Z</time>
				<extensions>
					<swisstopo:routepoint_id>1440313739</swisstopo:routepoint_id>
				</extensions>
			</trkpt>
			<trkpt lat="47.1864231030" lon="8.6964931015">
				<ele>636.9</ele>
				<time>2026-05-21T14:21:59Z</time>
				<extensions>
					<swisstopo:routepoint_id>917342389</swisstopo:routepoint_id>
				</extensions>
			</trkpt>
			<trkpt lat="47.1864233656" lon="8.6964944775">
				<ele>636.8</ele>
				<time>2026-05-21T14:22:00Z</time>
				<extensions>
					<swisstopo:routepoint_id>988430110</swisstopo:routepoint_id>
				</extensions>
			</trkpt>
			<trkpt lat="47.1864226552" lon="8.6965006010">
				<ele>636.9</ele>
				<time>2026-05-21T14:22:01Z</time>
				<extensions>
					<swisstopo:routepoint_id>1758849225</swisstopo:routepoint_id>
				</extensions>
			</trkpt>
			<trkpt lat="47.1864210073" lon="8.6965094091">
				<ele>637.0</ele>
				<time>2026-05-21T14:22:02Z</time>
				<extensions>
					<swisstopo:routepoint_id>866523620</swisstopo:routepoint_id>
				</extensions>
			</trkpt>
			<trkpt lat="47.1864178988" lon="8.6965149517">
				<ele>637.1</ele>
				<time>2026-05-21T14:22:03Z</time>
				<extensions>
					<swisstopo:routepoint_id>1575871033</swisstopo:routepoint_id>
				</extensions>
			</trkpt>
			<trkpt lat="47.1864158513" lon="8.6965164096">
				<ele>637.2</ele>
				<time>2026-05-21T14:22:04Z</time>
				<extensions>
					<swisstopo:routepoint_id>748633180</swisstopo:routepoint_id>
				</extensions>
			</trkpt>
			<trkpt lat="47.1864150770" lon="8.6965177851">
				<ele>637.2</ele>
				<time>2026-05-21T14:22:05Z</time>
				<extensions>
					<swisstopo:routepoint_id>171168487</swisstopo:routepoint_id>
				</extensions>
			</trkpt>
			<trkpt lat="47.1864145647" lon="8.6965178690">
				<ele>637.3</ele>
				<time>2026-05-21T14:22:06Z</time>
				<extensions>
					<swisstopo:routepoint_id>1348157676</swisstopo:routepoint_id>
				</extensions>
			</trkpt>
			<trkpt lat="47.1864145179" lon="8.6965167239">
				<ele>637.2</ele>
				<time>2026-05-21T14:22:07Z</time>
				<extensions>
					<swisstopo:routepoint_id>386101035</swisstopo:routepoint_id>
				</extensions>
			</trkpt>
			<trkpt lat="47.1864146004" lon="8.6965153473">
				<ele>637.2</ele>
				<time>2026-05-21T14:22:08Z</time>
				<extensions>
					<swisstopo:routepoint_id>1651997658</swisstopo:routepoint_id>
				</extensions>
			</trkpt>
			<trkpt lat="47.1864149066" lon="8.6965159700">
				<ele>637.1</ele>
				<time>2026-05-21T14:22:09Z</time>
				<extensions>
					<swisstopo:routepoint_id>308565943</swisstopo:routepoint_id>
				</extensions>
			</trkpt>
			<trkpt lat="47.1864158996" lon="8.6965159611">
				<ele>636.8</ele>
				<time>2026-05-21T14:22:10Z</time>
				<extensions>
					<swisstopo:routepoint_id>2042280143</swisstopo:routepoint_id>
				</extensions>
			</trkpt>
			<trkpt lat="47.1864168681" lon="8.6965154348">
				<ele>636.6</ele>
				<time>2026-05-21T14:22:11Z</time>
				<extensions>
					<swisstopo:routepoint_id>1371233400</swisstopo:routepoint_id>
				</extensions>
			</trkpt>
			<trkpt lat="47.1864175778" lon="8.6965171104">
				<ele>636.6</ele>
				<time>2026-05-21T14:22:12Z</time>
				<extensions>
					<swisstopo:routepoint_id>1672737843</swisstopo:routepoint_id>
				</extensions>
			</trkpt>
			<trkpt lat="47.1864182306" lon="8.6965170117">
				<ele>636.5</ele>
				<time>2026-05-21T14:22:13Z</time>
				<extensions>
					<swisstopo:routepoint_id>996504424</swisstopo:routepoint_id>
				</extensions>
			</trkpt>
			<trkpt lat="47.1864195731" lon="8.6965166502">
				<ele>636.4</ele>
				<time>2026-05-21T14:22:14Z</time>
				<extensions>
					<swisstopo:routepoint_id>24891215</swisstopo:routepoint_id>
				</extensions>
			</trkpt>
			<trkpt lat="47.1864211130" lon="8.6965160106">
				<ele>636.4</ele>
				<time>2026-05-21T14:22:15Z</time>
				<extensions>
					<swisstopo:routepoint_id>1734822987</swisstopo:routepoint_id>
				</extensions>
			</trkpt>
			<trkpt lat="47.1864223319" lon="8.6965142705">
				<ele>636.3</ele>
				<time>2026-05-21T14:22:16Z</time>
				<extensions>
					<swisstopo:routepoint_id>784467190</swisstopo:routepoint_id>
				</extensions>
			</trkpt>
			<trkpt lat="47.1864217848" lon="8.6965115457">
				<ele>636.2</ele>
				<time>2026-05-21T14:22:17Z</time>
				<extensions>
					<swisstopo:routepoint_id>1137953397</swisstopo:routepoint_id>
				</extensions>
			</trkpt>
			<trkpt lat="47.1864182518" lon="8.6965090313">
				<ele>636.0</ele>
				<time>2026-05-21T14:22:18Z</time>
				<extensions>
					<swisstopo:routepoint_id>93383197</swisstopo:routepoint_id>
				</extensions>
			</trkpt>
			<trkpt lat="47.1864157965" lon="8.6965077340">
				<ele>636.0</ele>
				<time>2026-05-21T14:22:19Z</time>
				<extensions>
					<swisstopo:routepoint_id>1828329669</swisstopo:routepoint_id>
				</extensions>
			</trkpt>
			<trkpt lat="47.1864128991" lon="8.6965048740">
				<ele>636.1</ele>
				<time>2026-05-21T14:22:20Z</time>
				<extensions>
					<swisstopo:routepoint_id>393241960</swisstopo:routepoint_id>
				</extensions>
			</trkpt>
			<trkpt lat="47.1864100442" lon="8.6965000805">
				<ele>636.1</ele>
				<time>2026-05-21T14:22:21Z</time>
				<extensions>
					<swisstopo:routepoint_id>1410439901</swisstopo:routepoint_id>
				</extensions>
			</trkpt>
			<trkpt lat="47.1864085341" lon="8.6964945532">
				<ele>636.0</ele>
				<time>2026-05-21T14:22:22Z</time>
				<extensions>
					<swisstopo:routepoint_id>1338920521</swisstopo:routepoint_id>
				</extensions>
			</trkpt>
			<trkpt lat="47.1864098094" lon="8.6964905685">
				<ele>636.1</ele>
				<time>2026-05-21T14:22:23Z</time>
				<extensions>
					<swisstopo:routepoint_id>1903543181</swisstopo:routepoint_id>
				</extensions>
			</trkpt>
			<trkpt lat="47.1864138189" lon="8.6964892386">
				<ele>636.2</ele>
				<time>2026-05-21T14:22:24Z</time>
				<extensions>
					<swisstopo:routepoint_id>1786353708</swisstopo:routepoint_id>
				</extensions>
			</trkpt>
			<trkpt lat="47.1864167966" lon="8.6964859287">
				<ele>636.2</ele>
				<time>2026-05-21T14:22:25Z</time>
				<extensions>
					<swisstopo:routepoint_id>1425385296</swisstopo:routepoint_id>
				</extensions>
			</trkpt>
			<trkpt lat="47.1864198196" lon="8.6964832952">
				<ele>636.2</ele>
				<time>2026-05-21T14:22:26Z</time>
				<extensions>
					<swisstopo:routepoint_id>1270587587</swisstopo:routepoint_id>
				</extensions>
			</trkpt>
			<trkpt lat="47.1864221015" lon="8.6964821742">
				<ele>636.2</ele>
				<time>2026-05-21T14:22:27Z</time>
				<extensions>
					<swisstopo:routepoint_id>188188941</swisstopo:routepoint_id>
				</extensions>
			</trkpt>
			<trkpt lat="47.1864242762" lon="8.6964787186">
				<ele>636.3</ele>
				<time>2026-05-21T14:22:28Z</time>
				<extensions>
					<swisstopo:routepoint_id>1795603003</swisstopo:routepoint_id>
				</extensions>
			</trkpt>
			<trkpt lat="47.1864243060" lon="8.6964719917">
				<ele>636.3</ele>
				<time>2026-05-21T14:22:29Z</time>
				<extensions>
					<swisstopo:routepoint_id>111980130</swisstopo:routepoint_id>
				</extensions>
			</trkpt>
			<trkpt lat="47.1864237181" lon="8.6964661697">
				<ele>636.3</ele>
				<time>2026-05-21T14:22:30Z</time>
				<extensions>
					<swisstopo:routepoint_id>854370138</swisstopo:routepoint_id>
				</extensions>
			</trkpt>
			<trkpt lat="47.1864264810" lon="8.6964507045">
				<ele>636.5</ele>
				<time>2026-05-21T14:22:31Z</time>
				<extensions>
					<swisstopo:routepoint_id>1323245524</swisstopo:routepoint_id>
				</extensions>
			</trkpt>
			<trkpt lat="47.1864273790" lon="8.6964437807">
				<ele>636.5</ele>
				<time>2026-05-21T14:22:32Z</time>
				<extensions>
					<swisstopo:routepoint_id>446873536</swisstopo:routepoint_id>
				</extensions>
			</trkpt>
			<trkpt lat="47.1864288915" lon="8.6964411400">
				<ele>636.7</ele>
				<time>2026-05-21T14:22:33Z</time>
				<extensions>
					<swisstopo:routepoint_id>853205993</swisstopo:routepoint_id>
				</extensions>
			</trkpt>
			<trkpt lat="47.1864290441" lon="8.6964413214">
				<ele>636.9</ele>
				<time>2026-05-21T14:22:34Z</time>
				<extensions>
					<swisstopo:routepoint_id>1084813332</swisstopo:routepoint_id>
				</extensions>
			</trkpt>
			<trkpt lat="47.1864293643" lon="8.6964445816">
				<ele>637.1</ele>
				<time>2026-05-21T14:22:35Z</time>
				<extensions>
					<swisstopo:routepoint_id>321507894</swisstopo:routepoint_id>
				</extensions>
			</trkpt>
			<trkpt lat="47.1864258625" lon="8.6964498525">
				<ele>637.4</ele>
				<time>2026-05-21T14:22:36Z</time>
				<extensions>
					<swisstopo:routepoint_id>514318606</swisstopo:routepoint_id>
				</extensions>
			</trkpt>
			<trkpt lat="47.1864181946" lon="8.6964578958">
				<ele>637.6</ele>
				<time>2026-05-21T14:22:37Z</time>
				<extensions>
					<swisstopo:routepoint_id>531131867</swisstopo:routepoint_id>
				</extensions>
			</trkpt>
			<trkpt lat="47.1864141461" lon="8.6964642806">
				<ele>638.1</ele>
				<time>2026-05-21T14:22:38Z</time>
				<extensions>
					<swisstopo:routepoint_id>1791251737</swisstopo:routepoint_id>
				</extensions>
			</trkpt>
			<trkpt lat="47.1864114516" lon="8.6964685798">
				<ele>638.3</ele>
				<time>2026-05-21T14:22:39Z</time>
				<extensions>
					<swisstopo:routepoint_id>2142180113</swisstopo:routepoint_id>
				</extensions>
			</trkpt>
			<trkpt lat="47.1864128021" lon="8.6964711624">
				<ele>638.5</ele>
				<time>2026-05-21T14:22:40Z</time>
				<extensions>
					<swisstopo:routepoint_id>1057817236</swisstopo:routepoint_id>
				</extensions>
			</trkpt>
			<trkpt lat="47.1864119803" lon="8.6964744094">
				<ele>638.5</ele>
				<time>2026-05-21T14:22:41Z</time>
				<extensions>
					<swisstopo:routepoint_id>1864655586</swisstopo:routepoint_id>
				</extensions>
			</trkpt>
			<trkpt lat="47.1864099437" lon="8.6964777751">
				<ele>638.5</ele>
				<time>2026-05-21T14:22:42Z</time>
				<extensions>
					<swisstopo:routepoint_id>1037573231</swisstopo:routepoint_id>
				</extensions>
			</trkpt>
			<trkpt lat="47.1864069875" lon="8.6964758972">
				<ele>638.5</ele>
				<time>2026-05-21T14:22:43Z</time>
				<extensions>
					<swisstopo:routepoint_id>926079777</swisstopo:routepoint_id>
				</extensions>
			</trkpt>
			<trkpt lat="47.1864063375" lon="8.6964735637">
				<ele>638.4</ele>
				<time>2026-05-21T14:22:44Z</time>
				<extensions>
					<swisstopo:routepoint_id>1808822230</swisstopo:routepoint_id>
				</extensions>
			</trkpt>
			<trkpt lat="47.1864057372" lon="8.6964719987">
				<ele>638.5</ele>
				<time>2026-05-21T14:22:45Z</time>
				<extensions>
					<swisstopo:routepoint_id>1096712678</swisstopo:routepoint_id>
				</extensions>
			</trkpt>
			<trkpt lat="47.1864055307" lon="8.6964707344">
				<ele>638.4</ele>
				<time>2026-05-21T14:22:46Z</time>
				<extensions>
					<swisstopo:routepoint_id>597836945</swisstopo:routepoint_id>
				</extensions>
			</trkpt>
			<trkpt lat="47.1864056969" lon="8.6964677793">
				<ele>638.1</ele>
				<time>2026-05-21T14:22:47Z</time>
				<extensions>
					<swisstopo:routepoint_id>1917033949</swisstopo:routepoint_id>
				</extensions>
			</trkpt>
			<trkpt lat="47.1864073321" lon="8.6964629797">
				<ele>638.2</ele>
				<time>2026-05-21T14:22:48Z</time>
				<extensions>
					<swisstopo:routepoint_id>892424902</swisstopo:routepoint_id>
				</extensions>
			</trkpt>
			<trkpt lat="47.1864084900" lon="8.6964602110">
				<ele>638.1</ele>
				<time>2026-05-21T14:22:49Z</time>
				<extensions>
					<swisstopo:routepoint_id>959537266</swisstopo:routepoint_id>
				</extensions>
			</trkpt>
			<trkpt lat="47.1864100920" lon="8.6964581005">
				<ele>638.2</ele>
				<time>2026-05-21T14:22:50Z</time>
				<extensions>
					<swisstopo:routepoint_id>1488124339</swisstopo:routepoint_id>
				</extensions>
			</trkpt>
			<trkpt lat="47.1864137114" lon="8.6964553656">
				<ele>637.9</ele>
				<time>2026-05-21T14:22:51Z</time>
				<extensions>
					<swisstopo:routepoint_id>1311212611</swisstopo:routepoint_id>
				</extensions>
			</trkpt>
			<trkpt lat="47.1864143506" lon="8.6964539820">
				<ele>637.8</ele>
				<time>2026-05-21T14:22:52Z</time>
				<extensions>
					<swisstopo:routepoint_id>73167563</swisstopo:routepoint_id>
				</extensions>
			</trkpt>
			<trkpt lat="47.1864141491" lon="8.6964552311">
				<ele>637.6</ele>
				<time>2026-05-21T14:22:53Z</time>
				<extensions>
					<swisstopo:routepoint_id>1366585257</swisstopo:routepoint_id>
				</extensions>
			</trkpt>
			<trkpt lat="47.1864160007" lon="8.6964543459">
				<ele>637.6</ele>
				<time>2026-05-21T14:22:54Z</time>
				<extensions>
					<swisstopo:routepoint_id>860809734</swisstopo:routepoint_id>
				</extensions>
			</trkpt>
			<trkpt lat="47.1864174785" lon="8.6964539205">
				<ele>637.7</ele>
				<time>2026-05-21T14:22:55Z</time>
				<extensions>
					<swisstopo:routepoint_id>31869499</swisstopo:routepoint_id>
				</extensions>
			</trkpt>
			<trkpt lat="47.1864182482" lon="8.6964520346">
				<ele>637.3</ele>
				<time>2026-05-21T14:22:56Z</time>
				<extensions>
					<swisstopo:routepoint_id>907241590</swisstopo:routepoint_id>
				</extensions>
			</trkpt>
			<trkpt lat="47.1864223913" lon="8.6964564731">
				<ele>637.3</ele>
				<time>2026-05-21T14:22:57Z</time>
				<extensions>
					<swisstopo:routepoint_id>875509430</swisstopo:routepoint_id>
				</extensions>
			</trkpt>
			<trkpt lat="47.1864263319" lon="8.6964540793">
				<ele>637.2</ele>
				<time>2026-05-21T14:22:58Z</time>
				<extensions>
					<swisstopo:routepoint_id>129040766</swisstopo:routepoint_id>
				</extensions>
			</trkpt>
			<trkpt lat="47.1864309132" lon="8.6964515326">
				<ele>637.1</ele>
				<time>2026-05-21T14:22:59Z</time>
				<extensions>
					<swisstopo:routepoint_id>1977154339</swisstopo:routepoint_id>
				</extensions>
			</trkpt>
			<trkpt lat="47.1864366889" lon="8.6964510968">
				<ele>637.1</ele>
				<time>2026-05-21T14:23:00Z</time>
				<extensions>
					<swisstopo:routepoint_id>2018505542</swisstopo:routepoint_id>
				</extensions>
			</trkpt>
			<trkpt lat="47.1864397662" lon="8.6964521876">
				<ele>637.2</ele>
				<time>2026-05-21T14:23:01Z</time>
				<extensions>
					<swisstopo:routepoint_id>1223472735</swisstopo:routepoint_id>
				</extensions>
			</trkpt>
			<trkpt lat="47.1864388675" lon="8.6964507255">
				<ele>637.1</ele>
				<time>2026-05-21T14:23:02Z</time>
				<extensions>
					<swisstopo:routepoint_id>750337120</swisstopo:routepoint_id>
				</extensions>
			</trkpt>
			<trkpt lat="47.1864367288" lon="8.6964535933">
				<ele>637.2</ele>
				<time>2026-05-21T14:23:03Z</time>
				<extensions>
					<swisstopo:routepoint_id>892000656</swisstopo:routepoint_id>
				</extensions>
			</trkpt>
			<trkpt lat="47.1864333102" lon="8.6964604062">
				<ele>637.3</ele>
				<time>2026-05-21T14:23:04Z</time>
				<extensions>
					<swisstopo:routepoint_id>271685685</swisstopo:routepoint_id>
				</extensions>
			</trkpt>
			<trkpt lat="47.1864286265" lon="8.6964710629">
				<ele>637.1</ele>
				<time>2026-05-21T14:23:05Z</time>
				<extensions>
					<swisstopo:routepoint_id>671074273</swisstopo:routepoint_id>
				</extensions>
			</trkpt>
			<trkpt lat="47.1864261829" lon="8.6964789395">
				<ele>637.3</ele>
				<time>2026-05-21T14:23:06Z</time>
				<extensions>
					<swisstopo:routepoint_id>161192267</swisstopo:routepoint_id>
				</extensions>
			</trkpt>
			<trkpt lat="47.1864229793" lon="8.6964844475">
				<ele>637.5</ele>
				<time>2026-05-21T14:23:07Z</time>
				<extensions>
					<swisstopo:routepoint_id>1181552602</swisstopo:routepoint_id>
				</extensions>
			</trkpt>
			<trkpt lat="47.1864176061" lon="8.6964918520">
				<ele>637.5</ele>
				<time>2026-05-21T14:23:08Z</time>
				<extensions>
					<swisstopo:routepoint_id>573298005</swisstopo:routepoint_id>
				</extensions>
			</trkpt>
			<trkpt lat="47.1864105895" lon="8.6964970554">
				<ele>637.6</ele>
				<time>2026-05-21T14:23:09Z</time>
				<extensions>
					<swisstopo:routepoint_id>1807929593</swisstopo:routepoint_id>
				</extensions>
			</trkpt>
			<trkpt lat="47.1864037025" lon="8.6965001231">
				<ele>637.6</ele>
				<time>2026-05-21T14:23:10Z</time>
				<extensions>
					<swisstopo:routepoint_id>1126548148</swisstopo:routepoint_id>
				</extensions>
			</trkpt>
			<trkpt lat="47.1863978378" lon="8.6965018081">
				<ele>637.8</ele>
				<time>2026-05-21T14:23:11Z</time>
				<extensions>
					<swisstopo:routepoint_id>1678891484</swisstopo:routepoint_id>
				</extensions>
			</trkpt>
			<trkpt lat="47.1863961881" lon="8.6965037612">
				<ele>637.8</ele>
				<time>2026-05-21T14:23:12Z</time>
				<extensions>
					<swisstopo:routepoint_id>1341533655</swisstopo:routepoint_id>
				</extensions>
			</trkpt>
			<trkpt lat="47.1863928558" lon="8.6965020039">
				<ele>638.2</ele>
				<time>2026-05-21T14:23:13Z</time>
				<extensions>
					<swisstopo:routepoint_id>725329732</swisstopo:routepoint_id>
				</extensions>
			</trkpt>
			<trkpt lat="47.1863910930" lon="8.6965053245">
				<ele>638.4</ele>
				<time>2026-05-21T14:23:14Z</time>
				<extensions>
					<swisstopo:routepoint_id>1499625352</swisstopo:routepoint_id>
				</extensions>
			</trkpt>
			<trkpt lat="47.1863928899" lon="8.6965121503">
				<ele>638.4</ele>
				<time>2026-05-21T14:23:15Z</time>
				<extensions>
					<swisstopo:routepoint_id>1335209872</swisstopo:routepoint_id>
				</extensions>
			</trkpt>
			<trkpt lat="47.1863945476" lon="8.6965072534">
				<ele>638.2</ele>
				<time>2026-05-21T14:23:16Z</time>
				<extensions>
					<swisstopo:routepoint_id>1815691201</swisstopo:routepoint_id>
				</extensions>
			</trkpt>
			<trkpt lat="47.1863938819" lon="8.6964998737">
				<ele>638.1</ele>
				<time>2026-05-21T14:23:17Z</time>
				<extensions>
					<swisstopo:routepoint_id>579391337</swisstopo:routepoint_id>
				</extensions>
			</trkpt>
			<trkpt lat="47.1863954150" lon="8.6964941116">
				<ele>637.7</ele>
				<time>2026-05-21T14:23:18Z</time>
				<extensions>
					<swisstopo:routepoint_id>1139345461</swisstopo:routepoint_id>
				</extensions>
			</trkpt>
			<trkpt lat="47.1864001357" lon="8.6964908795">
				<ele>637.3</ele>
				<time>2026-05-21T14:23:19Z</time>
				<extensions>
					<swisstopo:routepoint_id>2014966375</swisstopo:routepoint_id>
				</extensions>
			</trkpt>
			<trkpt lat="47.1864046029" lon="8.6964884797">
				<ele>637.4</ele>
				<time>2026-05-21T14:23:20Z</time>
				<extensions>
					<swisstopo:routepoint_id>1870235082</swisstopo:routepoint_id>
				</extensions>
			</trkpt>
			<trkpt lat="47.1864090382" lon="8.6964880157">
				<ele>637.6</ele>
				<time>2026-05-21T14:23:21Z</time>
				<extensions>
					<swisstopo:routepoint_id>322882035</swisstopo:routepoint_id>
				</extensions>
			</trkpt>
			<trkpt lat="47.1864134789" lon="8.6964864118">
				<ele>637.3</ele>
				<time>2026-05-21T14:23:22Z</time>
				<extensions>
					<swisstopo:routepoint_id>2134669923</swisstopo:routepoint_id>
				</extensions>
			</trkpt>
			<trkpt lat="47.1864221622" lon="8.6964891210">
				<ele>637.0</ele>
				<time>2026-05-21T14:23:23Z</time>
				<extensions>
					<swisstopo:routepoint_id>1535589079</swisstopo:routepoint_id>
				</extensions>
			</trkpt>
			<trkpt lat="47.1864306423" lon="8.6964920724">
				<ele>636.9</ele>
				<time>2026-05-21T14:23:24Z</time>
				<extensions>
					<swisstopo:routepoint_id>187181107</swisstopo:routepoint_id>
				</extensions>
			</trkpt>
			<trkpt lat="47.1864368213" lon="8.6964944216">
				<ele>636.5</ele>
				<time>2026-05-21T14:23:25Z</time>
				<extensions>
					<swisstopo:routepoint_id>2036806141</swisstopo:routepoint_id>
				</extensions>
			</trkpt>
			<trkpt lat="47.1864435145" lon="8.6964964933">
				<ele>636.2</ele>
				<time>2026-05-21T14:23:26Z</time>
				<extensions>
					<swisstopo:routepoint_id>1711478607</swisstopo:routepoint_id>
				</extensions>
			</trkpt>
			<trkpt lat="47.1864493355" lon="8.6964994533">
				<ele>636.0</ele>
				<time>2026-05-21T14:23:27Z</time>
				<extensions>
					<swisstopo:routepoint_id>1424979931</swisstopo:routepoint_id>
				</extensions>
			</trkpt>
			<trkpt lat="47.1864536199" lon="8.6965011109">
				<ele>635.8</ele>
				<time>2026-05-21T14:23:28Z</time>
				<extensions>
					<swisstopo:routepoint_id>900068973</swisstopo:routepoint_id>
				</extensions>
			</trkpt>
			<trkpt lat="47.1864565921" lon="8.6965015653">
				<ele>635.7</ele>
				<time>2026-05-21T14:23:29Z</time>
				<extensions>
					<swisstopo:routepoint_id>584419743</swisstopo:routepoint_id>
				</extensions>
			</trkpt>
			<trkpt lat="47.1864586233" lon="8.6965017290">
				<ele>635.6</ele>
				<time>2026-05-21T14:23:30Z</time>
				<extensions>
					<swisstopo:routepoint_id>1899902870</swisstopo:routepoint_id>
				</extensions>
			</trkpt>
			<trkpt lat="47.1864599027" lon="8.6965017615">
				<ele>635.6</ele>
				<time>2026-05-21T14:23:31Z</time>
				<extensions>
					<swisstopo:routepoint_id>733188847</swisstopo:routepoint_id>
				</extensions>
			</trkpt>
			<trkpt lat="47.1864600877" lon="8.6965005007">
				<ele>635.4</ele>
				<time>2026-05-21T14:23:32Z</time>
				<extensions>
					<swisstopo:routepoint_id>443785043</swisstopo:routepoint_id>
				</extensions>
			</trkpt>
			<trkpt lat="47.1864580940" lon="8.6964983475">
				<ele>635.1</ele>
				<time>2026-05-21T14:23:33Z</time>
				<extensions>
					<swisstopo:routepoint_id>484511670</swisstopo:routepoint_id>
				</extensions>
			</trkpt>
			<trkpt lat="47.1864566750" lon="8.6964981850">
				<ele>635.0</ele>
				<time>2026-05-21T14:23:34Z</time>
				<extensions>
					<swisstopo:routepoint_id>2077131913</swisstopo:routepoint_id>
				</extensions>
			</trkpt>
			<trkpt lat="47.1864545977" lon="8.6964982894">
				<ele>634.9</ele>
				<time>2026-05-21T14:23:35Z</time>
				<extensions>
					<swisstopo:routepoint_id>861896159</swisstopo:routepoint_id>
				</extensions>
			</trkpt>
			<trkpt lat="47.1864526821" lon="8.6964986484">
				<ele>634.6</ele>
				<time>2026-05-21T14:23:36Z</time>
				<extensions>
					<swisstopo:routepoint_id>1111545298</swisstopo:routepoint_id>
				</extensions>
			</trkpt>
			<trkpt lat="47.1864510075" lon="8.6964992725">
				<ele>634.6</ele>
				<time>2026-05-21T14:23:37Z</time>
				<extensions>
					<swisstopo:routepoint_id>781578233</swisstopo:routepoint_id>
				</extensions>
			</trkpt>
			<trkpt lat="47.1864493612" lon="8.6964999056">
				<ele>634.6</ele>
				<time>2026-05-21T14:23:38Z</time>
				<extensions>
					<swisstopo:routepoint_id>1975376979</swisstopo:routepoint_id>
				</extensions>
			</trkpt>
			<trkpt lat="47.1864484318" lon="8.6965023370">
				<ele>634.8</ele>
				<time>2026-05-21T14:23:39Z</time>
				<extensions>
					<swisstopo:routepoint_id>63703433</swisstopo:routepoint_id>
				</extensions>
			</trkpt>
			<trkpt lat="47.1864478147" lon="8.6965051657">
				<ele>635.1</ele>
				<time>2026-05-21T14:23:40Z</time>
				<extensions>
					<swisstopo:routepoint_id>1216742225</swisstopo:routepoint_id>
				</extensions>
			</trkpt>
			<trkpt lat="47.1864472925" lon="8.6965074338">
				<ele>635.7</ele>
				<time>2026-05-21T14:23:41Z</time>
				<extensions>
					<swisstopo:routepoint_id>1447288841</swisstopo:routepoint_id>
				</extensions>
			</trkpt>
			<trkpt lat="47.1864467193" lon="8.6965084372">
				<ele>636.1</ele>
				<time>2026-05-21T14:23:42Z</time>
				<extensions>
					<swisstopo:routepoint_id>36281118</swisstopo:routepoint_id>
				</extensions>
			</trkpt>
			<trkpt lat="47.1864460820" lon="8.6965082047">
				<ele>636.4</ele>
				<time>2026-05-21T14:23:43Z</time>
				<extensions>
					<swisstopo:routepoint_id>2038878125</swisstopo:routepoint_id>
				</extensions>
			</trkpt>
			<trkpt lat="47.1864455298" lon="8.6965076492">
				<ele>636.7</ele>
				<time>2026-05-21T14:23:44Z</time>
				<extensions>
					<swisstopo:routepoint_id>28091696</swisstopo:routepoint_id>
				</extensions>
			</trkpt>
			<trkpt lat="47.1864448320" lon="8.6965056379">
				<ele>636.9</ele>
				<time>2026-05-21T14:23:45Z</time>
				<extensions>
					<swisstopo:routepoint_id>1838215979</swisstopo:routepoint_id>
				</extensions>
			</trkpt>
			<trkpt lat="47.1864440885" lon="8.6965034662">
				<ele>637.1</ele>
				<time>2026-05-21T14:23:46Z</time>
				<extensions>
					<swisstopo:routepoint_id>1196213311</swisstopo:routepoint_id>
				</extensions>
			</trkpt>
			<trkpt lat="47.1864438563" lon="8.6965029430">
				<ele>637.2</ele>
				<time>2026-05-21T14:23:47Z</time>
				<extensions>
					<swisstopo:routepoint_id>15214763</swisstopo:routepoint_id>
				</extensions>
			</trkpt>
			<trkpt lat="47.1864437588" lon="8.6965026697">
				<ele>637.3</ele>
				<time>2026-05-21T14:23:48Z</time>
				<extensions>
					<swisstopo:routepoint_id>163967748</swisstopo:routepoint_id>
				</extensions>
			</trkpt>
			<trkpt lat="47.1864435500" lon="8.6965015187">
				<ele>637.4</ele>
				<time>2026-05-21T14:23:49Z</time>
				<extensions>
					<swisstopo:routepoint_id>584421535</swisstopo:routepoint_id>
				</extensions>
			</trkpt>
			<trkpt lat="47.1864432043" lon="8.6964994271">
				<ele>637.3</ele>
				<time>2026-05-21T14:23:50Z</time>
				<extensions>
					<swisstopo:routepoint_id>1930021014</swisstopo:routepoint_id>
				</extensions>
			</trkpt>
			<trkpt lat="47.1864423749" lon="8.6964958100">
				<ele>637.3</ele>
				<time>2026-05-21T14:23:51Z</time>
				<extensions>
					<swisstopo:routepoint_id>122694363</swisstopo:routepoint_id>
				</extensions>
			</trkpt>
			<trkpt lat="47.1864417660" lon="8.6964931439">
				<ele>637.3</ele>
				<time>2026-05-21T14:23:52Z</time>
				<extensions>
					<swisstopo:routepoint_id>539857821</swisstopo:routepoint_id>
				</extensions>
			</trkpt>
			<trkpt lat="47.1864412456" lon="8.6964907821">
				<ele>637.1</ele>
				<time>2026-05-21T14:23:53Z</time>
				<extensions>
					<swisstopo:routepoint_id>271988972</swisstopo:routepoint_id>
				</extensions>
			</trkpt>
			<trkpt lat="47.1864407935" lon="8.6964886621">
				<ele>636.9</ele>
				<time>2026-05-21T14:23:54Z</time>
				<extensions>
					<swisstopo:routepoint_id>1473451588</swisstopo:routepoint_id>
				</extensions>
			</trkpt>
			<trkpt lat="47.1864402321" lon="8.6964860386">
				<ele>636.7</ele>
				<time>2026-05-21T14:23:55Z</time>
				<extensions>
					<swisstopo:routepoint_id>1666905959</swisstopo:routepoint_id>
				</extensions>
			</trkpt>
			<trkpt lat="47.1864418253" lon="8.6964934791">
				<ele>636.4</ele>
				<time>2026-05-21T14:23:56Z</time>
				<extensions>
					<swisstopo:routepoint_id>1764277798</swisstopo:routepoint_id>
				</extensions>
			</trkpt>
			<trkpt lat="47.1864438914" lon="8.6965033309">
				<ele>636.2</ele>
				<time>2026-05-21T14:23:57Z</time>
				<extensions>
					<swisstopo:routepoint_id>1910236857</swisstopo:routepoint_id>
				</extensions>
			</trkpt>
			<trkpt lat="47.1864454343" lon="8.6965104934">
				<ele>636.1</ele>
				<time>2026-05-21T14:23:58Z</time>
				<extensions>
					<swisstopo:routepoint_id>470332949</swisstopo:routepoint_id>
				</extensions>
			</trkpt>
			<trkpt lat="47.1864463318" lon="8.6965143206">
				<ele>636.1</ele>
				<time>2026-05-21T14:23:59Z</time>
				<extensions>
					<swisstopo:routepoint_id>2146052883</swisstopo:routepoint_id>
				</extensions>
			</trkpt>
			<trkpt lat="47.1864464024" lon="8.6965140232">
				<ele>636.1</ele>
				<time>2026-05-21T14:24:00Z</time>
				<extensions>
					<swisstopo:routepoint_id>1722953216</swisstopo:routepoint_id>
				</extensions>
			</trkpt>
			<trkpt lat="47.1864466764" lon="8.6965145815">
				<ele>635.9</ele>
				<time>2026-05-21T14:24:01Z</time>
				<extensions>
					<swisstopo:routepoint_id>1005205164</swisstopo:routepoint_id>
				</extensions>
			</trkpt>
			<trkpt lat="47.1864490726" lon="8.6965176783">
				<ele>635.5</ele>
				<time>2026-05-21T14:24:02Z</time>
				<extensions>
					<swisstopo:routepoint_id>229340399</swisstopo:routepoint_id>
				</extensions>
			</trkpt>
			<trkpt lat="47.1864518438" lon="8.6965212387">
				<ele>635.2</ele>
				<time>2026-05-21T14:24:03Z</time>
				<extensions>
					<swisstopo:routepoint_id>1938423275</swisstopo:routepoint_id>
				</extensions>
			</trkpt>
			<trkpt lat="47.1864540305" lon="8.6965232389">
				<ele>635.1</ele>
				<time>2026-05-21T14:24:04Z</time>
				<extensions>
					<swisstopo:routepoint_id>1753057935</swisstopo:routepoint_id>
				</extensions>
			</trkpt>
			<trkpt lat="47.1864557767" lon="8.6965245690">
				<ele>634.9</ele>
				<time>2026-05-21T14:24:05Z</time>
				<extensions>
					<swisstopo:routepoint_id>169076705</swisstopo:routepoint_id>
				</extensions>
			</trkpt>
			<trkpt lat="47.1864564434" lon="8.6965246008">
				<ele>634.9</ele>
				<time>2026-05-21T14:24:06Z</time>
				<extensions>
					<swisstopo:routepoint_id>551315954</swisstopo:routepoint_id>
				</extensions>
			</trkpt>
			<trkpt lat="47.1864558442" lon="8.6965214014">
				<ele>634.8</ele>
				<time>2026-05-21T14:24:07Z</time>
				<extensions>
					<swisstopo:routepoint_id>1722785720</swisstopo:routepoint_id>
				</extensions>
			</trkpt>
			<trkpt lat="47.1864560312" lon="8.6965196077">
				<ele>634.9</ele>
				<time>2026-05-21T14:24:08Z</time>
				<extensions>
					<swisstopo:routepoint_id>337583539</swisstopo:routepoint_id>
				</extensions>
			</trkpt>
			<trkpt lat="47.1864552108" lon="8.6965146376">
				<ele>634.9</ele>
				<time>2026-05-21T14:24:09Z</time>
				<extensions>
					<swisstopo:routepoint_id>114744599</swisstopo:routepoint_id>
				</extensions>
			</trkpt>
			<trkpt lat="47.1864530719" lon="8.6965110798">
				<ele>635.3</ele>
				<time>2026-05-21T14:24:10Z</time>
				<extensions>
					<swisstopo:routepoint_id>72160387</swisstopo:routepoint_id>
				</extensions>
			</trkpt>
			<trkpt lat="47.1864499722" lon="8.6965039193">
				<ele>635.5</ele>
				<time>2026-05-21T14:24:11Z</time>
				<extensions>
					<swisstopo:routepoint_id>1618847401</swisstopo:routepoint_id>
				</extensions>
			</trkpt>
			<trkpt lat="47.1864465895" lon="8.6964947978">
				<ele>635.7</ele>
				<time>2026-05-21T14:24:12Z</time>
				<extensions>
					<swisstopo:routepoint_id>1497944764</swisstopo:routepoint_id>
				</extensions>
			</trkpt>
			<trkpt lat="47.1864428786" lon="8.6964834849">
				<ele>635.8</ele>
				<time>2026-05-21T14:24:13Z</time>
				<extensions>
					<swisstopo:routepoint_id>1006854767</swisstopo:routepoint_id>
				</extensions>
			</trkpt>
			<trkpt lat="47.1864390716" lon="8.6964710001">
				<ele>636.0</ele>
				<time>2026-05-21T14:24:14Z</time>
				<extensions>
					<swisstopo:routepoint_id>36930609</swisstopo:routepoint_id>
				</extensions>
			</trkpt>
			<trkpt lat="47.1864339944" lon="8.6964523230">
				<ele>636.3</ele>
				<time>2026-05-21T14:24:15Z</time>
				<extensions>
					<swisstopo:routepoint_id>69971480</swisstopo:routepoint_id>
				</extensions>
			</trkpt>
			<trkpt lat="47.1864262386" lon="8.6964232234">
				<ele>636.6</ele>
				<time>2026-05-21T14:24:16Z</time>
				<extensions>
					<swisstopo:routepoint_id>1337109451</swisstopo:routepoint_id>
				</extensions>
			</trkpt>
			<trkpt lat="47.1864178180" lon="8.6963924088">
				<ele>636.8</ele>
				<time>2026-05-21T14:24:17Z</time>
				<extensions>
					<swisstopo:routepoint_id>1529660749</swisstopo:routepoint_id>
				</extensions>
			</trkpt>
			<trkpt lat="47.1864077272" lon="8.6963574317">
				<ele>637.0</ele>
				<time>2026-05-21T14:24:18Z</time>
				<extensions>
					<swisstopo:routepoint_id>1481470206</swisstopo:routepoint_id>
				</extensions>
			</trkpt>
			<trkpt lat="47.1863931882" lon="8.6963138724">
				<ele>637.3</ele>
				<time>2026-05-21T14:24:20Z</time>
				<extensions>
					<swisstopo:routepoint_id>1144348924</swisstopo:routepoint_id>
				</extensions>
			</trkpt>
			<trkpt lat="47.1863769188" lon="8.6962694880">
				<ele>637.6</ele>
				<time>2026-05-21T14:24:21Z</time>
				<extensions>
					<swisstopo:routepoint_id>208823136</swisstopo:routepoint_id>
				</extensions>
			</trkpt>
			<trkpt lat="47.1863612470" lon="8.6962289447">
				<ele>637.7</ele>
				<time>2026-05-21T14:24:22Z</time>
				<extensions>
					<swisstopo:routepoint_id>702167554</swisstopo:routepoint_id>
				</extensions>
			</trkpt>
			<trkpt lat="47.1863468466" lon="8.6961932528">
				<ele>638.1</ele>
				<time>2026-05-21T14:24:23Z</time>
				<extensions>
					<swisstopo:routepoint_id>907439813</swisstopo:routepoint_id>
				</extensions>
			</trkpt>
			<trkpt lat="47.1863337548" lon="8.6961624441">
				<ele>638.7</ele>
				<time>2026-05-21T14:24:24Z</time>
				<extensions>
					<swisstopo:routepoint_id>2059559744</swisstopo:routepoint_id>
				</extensions>
			</trkpt>
			<trkpt lat="47.1863208123" lon="8.6961342003">
				<ele>639.2</ele>
				<time>2026-05-21T14:24:25Z</time>
				<extensions>
					<swisstopo:routepoint_id>1879195062</swisstopo:routepoint_id>
				</extensions>
			</trkpt>
			<trkpt lat="47.1863068132" lon="8.6961060232">
				<ele>639.8</ele>
				<time>2026-05-21T14:24:26Z</time>
				<extensions>
					<swisstopo:routepoint_id>589410605</swisstopo:routepoint_id>
				</extensions>
			</trkpt>
			<trkpt lat="47.1862927858" lon="8.6960758628">
				<ele>640.3</ele>
				<time>2026-05-21T14:24:27Z</time>
				<extensions>
					<swisstopo:routepoint_id>2029458271</swisstopo:routepoint_id>
				</extensions>
			</trkpt>
			<trkpt lat="47.1862778668" lon="8.6960451043">
				<ele>640.5</ele>
				<time>2026-05-21T14:24:28Z</time>
				<extensions>
					<swisstopo:routepoint_id>622395396</swisstopo:routepoint_id>
				</extensions>
			</trkpt>
			<trkpt lat="47.1862627059" lon="8.6960157721">
				<ele>640.8</ele>
				<time>2026-05-21T14:24:29Z</time>
				<extensions>
					<swisstopo:routepoint_id>206576035</swisstopo:routepoint_id>
				</extensions>
			</trkpt>
			<trkpt lat="47.1862450181" lon="8.6959838978">
				<ele>641.3</ele>
				<time>2026-05-21T14:24:30Z</time>
				<extensions>
					<swisstopo:routepoint_id>1589846693</swisstopo:routepoint_id>
				</extensions>
			</trkpt>
			<trkpt lat="47.1862269414" lon="8.6959526770">
				<ele>641.7</ele>
				<time>2026-05-21T14:24:31Z</time>
				<extensions>
					<swisstopo:routepoint_id>1561833277</swisstopo:routepoint_id>
				</extensions>
			</trkpt>
			<trkpt lat="47.1862084663" lon="8.6959218147">
				<ele>642.0</ele>
				<time>2026-05-21T14:24:32Z</time>
				<extensions>
					<swisstopo:routepoint_id>1039269258</swisstopo:routepoint_id>
				</extensions>
			</trkpt>
			<trkpt lat="47.1861887974" lon="8.6958940375">
				<ele>642.4</ele>
				<time>2026-05-21T14:24:33Z</time>
				<extensions>
					<swisstopo:routepoint_id>1513918155</swisstopo:routepoint_id>
				</extensions>
			</trkpt>
			<trkpt lat="47.1861709658" lon="8.6958696194">
				<ele>642.7</ele>
				<time>2026-05-21T14:24:34Z</time>
				<extensions>
					<swisstopo:routepoint_id>1036181429</swisstopo:routepoint_id>
				</extensions>
			</trkpt>
			<trkpt lat="47.1861549667" lon="8.6958461303">
				<ele>643.1</ele>
				<time>2026-05-21T14:24:35Z</time>
				<extensions>
					<swisstopo:routepoint_id>1156383680</swisstopo:routepoint_id>
				</extensions>
			</trkpt>
			<trkpt lat="47.1861395228" lon="8.6958202499">
				<ele>643.4</ele>
				<time>2026-05-21T14:24:36Z</time>
				<extensions>
					<swisstopo:routepoint_id>613504410</swisstopo:routepoint_id>
				</extensions>
			</trkpt>
			<trkpt lat="47.1861221471" lon="8.6957947830">
				<ele>643.6</ele>
				<time>2026-05-21T14:24:36Z</time>
				<extensions>
					<swisstopo:routepoint_id>1099629623</swisstopo:routepoint_id>
				</extensions>
			</trkpt>
			<trkpt lat="47.1861080110" lon="8.6957707676">
				<ele>644.0</ele>
				<time>2026-05-21T14:24:37Z</time>
				<extensions>
					<swisstopo:routepoint_id>230807679</swisstopo:routepoint_id>
				</extensions>
			</trkpt>
			<trkpt lat="47.1860945637" lon="8.6957462385">
				<ele>644.3</ele>
				<time>2026-05-21T14:24:38Z</time>
				<extensions>
					<swisstopo:routepoint_id>829194471</swisstopo:routepoint_id>
				</extensions>
			</trkpt>
			<trkpt lat="47.1860822863" lon="8.6957229431">
				<ele>644.6</ele>
				<time>2026-05-21T14:24:39Z</time>
				<extensions>
					<swisstopo:routepoint_id>1250088714</swisstopo:routepoint_id>
				</extensions>
			</trkpt>
			<trkpt lat="47.1860713214" lon="8.6957013776">
				<ele>644.9</ele>
				<time>2026-05-21T14:24:40Z</time>
				<extensions>
					<swisstopo:routepoint_id>1408497597</swisstopo:routepoint_id>
				</extensions>
			</trkpt>
			<trkpt lat="47.1860606251" lon="8.6956793454">
				<ele>645.1</ele>
				<time>2026-05-21T14:24:41Z</time>
				<extensions>
					<swisstopo:routepoint_id>906871898</swisstopo:routepoint_id>
				</extensions>
			</trkpt>
			<trkpt lat="47.1860501304" lon="8.6956554276">
				<ele>645.4</ele>
				<time>2026-05-21T14:24:42Z</time>
				<extensions>
					<swisstopo:routepoint_id>1104546927</swisstopo:routepoint_id>
				</extensions>
			</trkpt>
			<trkpt lat="47.1860406197" lon="8.6956306858">
				<ele>645.5</ele>
				<time>2026-05-21T14:24:43Z</time>
				<extensions>
					<swisstopo:routepoint_id>1271557421</swisstopo:routepoint_id>
				</extensions>
			</trkpt>
			<trkpt lat="47.1860332885" lon="8.6955878552">
				<ele>645.6</ele>
				<time>2026-05-21T14:24:44Z</time>
				<extensions>
					<swisstopo:routepoint_id>1455803450</swisstopo:routepoint_id>
				</extensions>
			</trkpt>
			<trkpt lat="47.1860298383" lon="8.6955453013">
				<ele>645.7</ele>
				<time>2026-05-21T14:24:45Z</time>
				<extensions>
					<swisstopo:routepoint_id>1407393879</swisstopo:routepoint_id>
				</extensions>
			</trkpt>
			<trkpt lat="47.1860283975" lon="8.6955108669">
				<ele>645.5</ele>
				<time>2026-05-21T14:24:46Z</time>
				<extensions>
					<swisstopo:routepoint_id>1684036295</swisstopo:routepoint_id>
				</extensions>
			</trkpt>
			<trkpt lat="47.1860283622" lon="8.6954842122">
				<ele>645.2</ele>
				<time>2026-05-21T14:24:47Z</time>
				<extensions>
					<swisstopo:routepoint_id>1911026252</swisstopo:routepoint_id>
				</extensions>
			</trkpt>
			<trkpt lat="47.1860286267" lon="8.6954603007">
				<ele>644.7</ele>
				<time>2026-05-21T14:24:48Z</time>
				<extensions>
					<swisstopo:routepoint_id>852792832</swisstopo:routepoint_id>
				</extensions>
			</trkpt>
			<trkpt lat="47.1860316640" lon="8.6954381893">
				<ele>644.2</ele>
				<time>2026-05-21T14:24:49Z</time>
				<extensions>
					<swisstopo:routepoint_id>583267346</swisstopo:routepoint_id>
				</extensions>
			</trkpt>
			<trkpt lat="47.1860361791" lon="8.6954201578">
				<ele>643.6</ele>
				<time>2026-05-21T14:24:50Z</time>
				<extensions>
					<swisstopo:routepoint_id>1858919314</swisstopo:routepoint_id>
				</extensions>
			</trkpt>
			<trkpt lat="47.1860425964" lon="8.6954042850">
				<ele>643.0</ele>
				<time>2026-05-21T14:24:51Z</time>
				<extensions>
					<swisstopo:routepoint_id>1264813842</swisstopo:routepoint_id>
				</extensions>
			</trkpt>
			<trkpt lat="47.1860515822" lon="8.6953883012">
				<ele>642.4</ele>
				<time>2026-05-21T14:24:52Z</time>
				<extensions>
					<swisstopo:routepoint_id>1933104488</swisstopo:routepoint_id>
				</extensions>
			</trkpt>
			<trkpt lat="47.1860634059" lon="8.6953720312">
				<ele>641.9</ele>
				<time>2026-05-21T14:24:53Z</time>
				<extensions>
					<swisstopo:routepoint_id>407034353</swisstopo:routepoint_id>
				</extensions>
			</trkpt>
			<trkpt lat="47.1860783159" lon="8.6953581729">
				<ele>641.4</ele>
				<time>2026-05-21T14:24:54Z</time>
				<extensions>
					<swisstopo:routepoint_id>1290955176</swisstopo:routepoint_id>
				</extensions>
			</trkpt>
			<trkpt lat="47.1860928847" lon="8.6953466047">
				<ele>641.0</ele>
				<time>2026-05-21T14:24:55Z</time>
				<extensions>
					<swisstopo:routepoint_id>1056357391</swisstopo:routepoint_id>
				</extensions>
			</trkpt>
			<trkpt lat="47.1861061840" lon="8.6953372677">
				<ele>640.9</ele>
				<time>2026-05-21T14:24:56Z</time>
				<extensions>
					<swisstopo:routepoint_id>951360788</swisstopo:routepoint_id>
				</extensions>
			</trkpt>
			<trkpt lat="47.1861215404" lon="8.6953292582">
				<ele>640.7</ele>
				<time>2026-05-21T14:24:57Z</time>
				<extensions>
					<swisstopo:routepoint_id>1505012001</swisstopo:routepoint_id>
				</extensions>
			</trkpt>
			<trkpt lat="47.1861527065" lon="8.6953502063">
				<ele>641.2</ele>
				<time>2026-05-21T14:24:57Z</time>
				<extensions>
					<swisstopo:routepoint_id>1674306441</swisstopo:routepoint_id>
				</extensions>
			</trkpt>
			<trkpt lat="47.1861526988" lon="8.6953502043">
				<ele>641.2</ele>
				<time>2026-05-21T14:24:58Z</time>
				<extensions>
					<swisstopo:routepoint_id>1590127246</swisstopo:routepoint_id>
				</extensions>
			</trkpt>
			<trkpt lat="47.1861527828" lon="8.6953502214">
				<ele>641.2</ele>
				<time>2026-05-21T14:24:59Z</time>
				<extensions>
					<swisstopo:routepoint_id>1982120254</swisstopo:routepoint_id>
				</extensions>
			</trkpt>
			<trkpt lat="47.1861536241" lon="8.6953503954">
				<ele>641.2</ele>
				<time>2026-05-21T14:25:00Z</time>
				<extensions>
					<swisstopo:routepoint_id>1728776714</swisstopo:routepoint_id>
				</extensions>
			</trkpt>
			<trkpt lat="47.1861566673" lon="8.6953511549">
				<ele>641.2</ele>
				<time>2026-05-21T14:25:01Z</time>
				<extensions>
					<swisstopo:routepoint_id>96488288</swisstopo:routepoint_id>
				</extensions>
			</trkpt>
			<trkpt lat="47.1861636613" lon="8.6953533669">
				<ele>641.4</ele>
				<time>2026-05-21T14:25:02Z</time>
				<extensions>
					<swisstopo:routepoint_id>328502931</swisstopo:routepoint_id>
				</extensions>
			</trkpt>
			<trkpt lat="47.1861749869" lon="8.6953584832">
				<ele>641.5</ele>
				<time>2026-05-21T14:25:03Z</time>
				<extensions>
					<swisstopo:routepoint_id>2115788527</swisstopo:routepoint_id>
				</extensions>
			</trkpt>
			<trkpt lat="47.1861902575" lon="8.6953674274">
				<ele>641.7</ele>
				<time>2026-05-21T14:25:04Z</time>
				<extensions>
					<swisstopo:routepoint_id>2023546263</swisstopo:routepoint_id>
				</extensions>
			</trkpt>
			<trkpt lat="47.1862061854" lon="8.6953805189">
				<ele>641.9</ele>
				<time>2026-05-21T14:25:05Z</time>
				<extensions>
					<swisstopo:routepoint_id>43524702</swisstopo:routepoint_id>
				</extensions>
			</trkpt>
			<trkpt lat="47.1862222005" lon="8.6953965461">
				<ele>642.1</ele>
				<time>2026-05-21T14:25:06Z</time>
				<extensions>
					<swisstopo:routepoint_id>1375226534</swisstopo:routepoint_id>
				</extensions>
			</trkpt>
			<trkpt lat="47.1862362481" lon="8.6954116410">
				<ele>642.3</ele>
				<time>2026-05-21T14:25:07Z</time>
				<extensions>
					<swisstopo:routepoint_id>65864277</swisstopo:routepoint_id>
				</extensions>
			</trkpt>
			<trkpt lat="47.1862453821" lon="8.6954238760">
				<ele>642.6</ele>
				<time>2026-05-21T14:25:08Z</time>
				<extensions>
					<swisstopo:routepoint_id>1026825334</swisstopo:routepoint_id>
				</extensions>
			</trkpt>
			<trkpt lat="47.1862510542" lon="8.6954329680">
				<ele>642.9</ele>
				<time>2026-05-21T14:25:09Z</time>
				<extensions>
					<swisstopo:routepoint_id>674801246</swisstopo:routepoint_id>
				</extensions>
			</trkpt>
			<trkpt lat="47.1862537793" lon="8.6954399350">
				<ele>643.1</ele>
				<time>2026-05-21T14:25:10Z</time>
				<extensions>
					<swisstopo:routepoint_id>523401715</swisstopo:routepoint_id>
				</extensions>
			</trkpt>
			<trkpt lat="47.1862552667" lon="8.6954447027">
				<ele>643.2</ele>
				<time>2026-05-21T14:25:11Z</time>
				<extensions>
					<swisstopo:routepoint_id>719605893</swisstopo:routepoint_id>
				</extensions>
			</trkpt>
			<trkpt lat="47.1862556401" lon="8.6954477928">
				<ele>643.4</ele>
				<time>2026-05-21T14:25:12Z</time>
				<extensions>
					<swisstopo:routepoint_id>1935827394</swisstopo:routepoint_id>
				</extensions>
			</trkpt>
			<trkpt lat="47.1862551341" lon="8.6954495569">
				<ele>643.5</ele>
				<time>2026-05-21T14:25:13Z</time>
				<extensions>
					<swisstopo:routepoint_id>1073758908</swisstopo:routepoint_id>
				</extensions>
			</trkpt>
			<trkpt lat="47.1862539972" lon="8.6954502719">
				<ele>643.6</ele>
				<time>2026-05-21T14:25:14Z</time>
				<extensions>
					<swisstopo:routepoint_id>1360881015</swisstopo:routepoint_id>
				</extensions>
			</trkpt>
			<trkpt lat="47.1862526046" lon="8.6954518036">
				<ele>643.7</ele>
				<time>2026-05-21T14:25:15Z</time>
				<extensions>
					<swisstopo:routepoint_id>1626378555</swisstopo:routepoint_id>
				</extensions>
			</trkpt>
			<trkpt lat="47.1862512471" lon="8.6954532388">
				<ele>643.8</ele>
				<time>2026-05-21T14:25:16Z</time>
				<extensions>
					<swisstopo:routepoint_id>1372514869</swisstopo:routepoint_id>
				</extensions>
			</trkpt>
			<trkpt lat="47.1862493417" lon="8.6954526354">
				<ele>644.0</ele>
				<time>2026-05-21T14:25:17Z</time>
				<extensions>
					<swisstopo:routepoint_id>1735550856</swisstopo:routepoint_id>
				</extensions>
			</trkpt>
			<trkpt lat="47.1862495226" lon="8.6954498975">
				<ele>644.2</ele>
				<time>2026-05-21T14:25:18Z</time>
				<extensions>
					<swisstopo:routepoint_id>132859591</swisstopo:routepoint_id>
				</extensions>
			</trkpt>
			<trkpt lat="47.1862503741" lon="8.6954442821">
				<ele>644.2</ele>
				<time>2026-05-21T14:25:19Z</time>
				<extensions>
					<swisstopo:routepoint_id>1735636704</swisstopo:routepoint_id>
				</extensions>
			</trkpt>
			<trkpt lat="47.1862501919" lon="8.6954389017">
				<ele>644.2</ele>
				<time>2026-05-21T14:25:20Z</time>
				<extensions>
					<swisstopo:routepoint_id>1575706927</swisstopo:routepoint_id>
				</extensions>
			</trkpt>
			<trkpt lat="47.1862499431" lon="8.6954345160">
				<ele>644.1</ele>
				<time>2026-05-21T14:25:21Z</time>
				<extensions>
					<swisstopo:routepoint_id>137987285</swisstopo:routepoint_id>
				</extensions>
			</trkpt>
			<trkpt lat="47.1862496485" lon="8.6954282126">
				<ele>644.1</ele>
				<time>2026-05-21T14:25:22Z</time>
				<extensions>
					<swisstopo:routepoint_id>2017443882</swisstopo:routepoint_id>
				</extensions>
			</trkpt>
			<trkpt lat="47.1862494801" lon="8.6954218390">
				<ele>644.1</ele>
				<time>2026-05-21T14:25:23Z</time>
				<extensions>
					<swisstopo:routepoint_id>560022291</swisstopo:routepoint_id>
				</extensions>
			</trkpt>
			<trkpt lat="47.1862487050" lon="8.6954187692">
				<ele>644.1</ele>
				<time>2026-05-21T14:25:24Z</time>
				<extensions>
					<swisstopo:routepoint_id>2021303683</swisstopo:routepoint_id>
				</extensions>
			</trkpt>
			<trkpt lat="47.1862553256" lon="8.6954184855">
				<ele>644.7</ele>
				<time>2026-05-21T14:25:25Z</time>
				<extensions>
					<swisstopo:routepoint_id>1007188288</swisstopo:routepoint_id>
				</extensions>
			</trkpt>
			<trkpt lat="47.1862618545" lon="8.6954152380">
				<ele>645.6</ele>
				<time>2026-05-21T14:25:26Z</time>
				<extensions>
					<swisstopo:routepoint_id>1347450762</swisstopo:routepoint_id>
				</extensions>
			</trkpt>
			<trkpt lat="47.1862678110" lon="8.6954090558">
				<ele>646.3</ele>
				<time>2026-05-21T14:25:27Z</time>
				<extensions>
					<swisstopo:routepoint_id>1389899319</swisstopo:routepoint_id>
				</extensions>
			</trkpt>
			<trkpt lat="47.1862686677" lon="8.6954066095">
				<ele>646.3</ele>
				<time>2026-05-21T14:25:28Z</time>
				<extensions>
					<swisstopo:routepoint_id>1858226014</swisstopo:routepoint_id>
				</extensions>
			</trkpt>
			<trkpt lat="47.1862691967" lon="8.6954101275">
				<ele>646.2</ele>
				<time>2026-05-21T14:25:29Z</time>
				<extensions>
					<swisstopo:routepoint_id>349938977</swisstopo:routepoint_id>
				</extensions>
			</trkpt>
			<trkpt lat="47.1862693164" lon="8.6954138160">
				<ele>646.1</ele>
				<time>2026-05-21T14:25:30Z</time>
				<extensions>
					<swisstopo:routepoint_id>1614160953</swisstopo:routepoint_id>
				</extensions>
			</trkpt>
			<trkpt lat="47.1862691626" lon="8.6954171045">
				<ele>646.0</ele>
				<time>2026-05-21T14:25:31Z</time>
				<extensions>
					<swisstopo:routepoint_id>42224520</swisstopo:routepoint_id>
				</extensions>
			</trkpt>
			<trkpt lat="47.1862688360" lon="8.6954200103">
				<ele>645.9</ele>
				<time>2026-05-21T14:25:32Z</time>
				<extensions>
					<swisstopo:routepoint_id>997904130</swisstopo:routepoint_id>
				</extensions>
			</trkpt>
			<trkpt lat="47.1862683952" lon="8.6954225191">
				<ele>645.7</ele>
				<time>2026-05-21T14:25:33Z</time>
				<extensions>
					<swisstopo:routepoint_id>2074913487</swisstopo:routepoint_id>
				</extensions>
			</trkpt>
			<trkpt lat="47.1862678882" lon="8.6954246363">
				<ele>645.6</ele>
				<time>2026-05-21T14:25:34Z</time>
				<extensions>
					<swisstopo:routepoint_id>84032376</swisstopo:routepoint_id>
				</extensions>
			</trkpt>
			<trkpt lat="47.1862673526" lon="8.6954263814">
				<ele>645.5</ele>
				<time>2026-05-21T14:25:35Z</time>
				<extensions>
					<swisstopo:routepoint_id>1435387353</swisstopo:routepoint_id>
				</extensions>
			</trkpt>
			<trkpt lat="47.1862668173" lon="8.6954277836">
				<ele>645.4</ele>
				<time>2026-05-21T14:25:36Z</time>
				<extensions>
					<swisstopo:routepoint_id>1871435120</swisstopo:routepoint_id>
				</extensions>
			</trkpt>
			<trkpt lat="47.1862663036" lon="8.6954288780">
				<ele>645.3</ele>
				<time>2026-05-21T14:25:37Z</time>
				<extensions>
					<swisstopo:routepoint_id>1164567878</swisstopo:routepoint_id>
				</extensions>
			</trkpt>
			<trkpt lat="47.1862658261" lon="8.6954297025">
				<ele>645.3</ele>
				<time>2026-05-21T14:25:38Z</time>
				<extensions>
					<swisstopo:routepoint_id>726366788</swisstopo:routepoint_id>
				</extensions>
			</trkpt>
			<trkpt lat="47.1862653944" lon="8.6954302959">
				<ele>645.2</ele>
				<time>2026-05-21T14:25:39Z</time>
				<extensions>
					<swisstopo:routepoint_id>1749556368</swisstopo:routepoint_id>
				</extensions>
			</trkpt>
			<trkpt lat="47.1862650133" lon="8.6954306959">
				<ele>645.2</ele>
				<time>2026-05-21T14:25:40Z</time>
				<extensions>
					<swisstopo:routepoint_id>1447782252</swisstopo:routepoint_id>
				</extensions>
			</trkpt>
			<trkpt lat="47.1862646849" lon="8.6954309372">
				<ele>645.1</ele>
				<time>2026-05-21T14:25:41Z</time>
				<extensions>
					<swisstopo:routepoint_id>1886588854</swisstopo:routepoint_id>
				</extensions>
			</trkpt>
			<trkpt lat="47.1862644080" lon="8.6954310534">
				<ele>645.1</ele>
				<time>2026-05-21T14:25:42Z</time>
				<extensions>
					<swisstopo:routepoint_id>302821223</swisstopo:routepoint_id>
				</extensions>
			</trkpt>
			<trkpt lat="47.1862641800" lon="8.6954310724">
				<ele>645.1</ele>
				<time>2026-05-21T14:25:43Z</time>
				<extensions>
					<swisstopo:routepoint_id>2127535218</swisstopo:routepoint_id>
				</extensions>
			</trkpt>
			<trkpt lat="47.1862639971" lon="8.6954310193">
				<ele>645.1</ele>
				<time>2026-05-21T14:25:44Z</time>
				<extensions>
					<swisstopo:routepoint_id>1881686376</swisstopo:routepoint_id>
				</extensions>
			</trkpt>
			<trkpt lat="47.1862638546" lon="8.6954309152">
				<ele>645.1</ele>
				<time>2026-05-21T14:25:45Z</time>
				<extensions>
					<swisstopo:routepoint_id>1658735710</swisstopo:routepoint_id>
				</extensions>
			</trkpt>
			<trkpt lat="47.1862637475" lon="8.6954307778">
				<ele>645.1</ele>
				<time>2026-05-21T14:25:46Z</time>
				<extensions>
					<swisstopo:routepoint_id>1885856263</swisstopo:routepoint_id>
				</extensions>
			</trkpt>
			<trkpt lat="47.1862708889" lon="8.6954357697">
				<ele>644.9</ele>
				<time>2026-05-21T14:25:47Z</time>
				<extensions>
					<swisstopo:routepoint_id>875066168</swisstopo:routepoint_id>
				</extensions>
			</trkpt>
			<trkpt lat="47.1862802899" lon="8.6954352238">
				<ele>644.3</ele>
				<time>2026-05-21T14:25:48Z</time>
				<extensions>
					<swisstopo:routepoint_id>1269070920</swisstopo:routepoint_id>
				</extensions>
			</trkpt>
			<trkpt lat="47.1862860686" lon="8.6954332105">
				<ele>643.5</ele>
				<time>2026-05-21T14:25:49Z</time>
				<extensions>
					<swisstopo:routepoint_id>467370436</swisstopo:routepoint_id>
				</extensions>
			</trkpt>
			<trkpt lat="47.1862894277" lon="8.6954278309">
				<ele>642.9</ele>
				<time>2026-05-21T14:25:50Z</time>
				<extensions>
					<swisstopo:routepoint_id>1747220773</swisstopo:routepoint_id>
				</extensions>
			</trkpt>
			<trkpt lat="47.1862917270" lon="8.6954216940">
				<ele>642.5</ele>
				<time>2026-05-21T14:25:51Z</time>
				<extensions>
					<swisstopo:routepoint_id>848142733</swisstopo:routepoint_id>
				</extensions>
			</trkpt>
			<trkpt lat="47.1862911153" lon="8.6954137703">
				<ele>642.3</ele>
				<time>2026-05-21T14:25:52Z</time>
				<extensions>
					<swisstopo:routepoint_id>1885948392</swisstopo:routepoint_id>
				</extensions>
			</trkpt>
			<trkpt lat="47.1862888728" lon="8.6954029013">
				<ele>641.9</ele>
				<time>2026-05-21T14:25:53Z</time>
				<extensions>
					<swisstopo:routepoint_id>275994624</swisstopo:routepoint_id>
				</extensions>
			</trkpt>
			<trkpt lat="47.1862851033" lon="8.6953904459">
				<ele>641.6</ele>
				<time>2026-05-21T14:25:54Z</time>
				<extensions>
					<swisstopo:routepoint_id>76968048</swisstopo:routepoint_id>
				</extensions>
			</trkpt>
			<trkpt lat="47.1862790786" lon="8.6953763840">
				<ele>641.5</ele>
				<time>2026-05-21T14:25:55Z</time>
				<extensions>
					<swisstopo:routepoint_id>816827242</swisstopo:routepoint_id>
				</extensions>
			</trkpt>
			<trkpt lat="47.1862718581" lon="8.6953657794">
				<ele>641.4</ele>
				<time>2026-05-21T14:25:56Z</time>
				<extensions>
					<swisstopo:routepoint_id>1699984670</swisstopo:routepoint_id>
				</extensions>
			</trkpt>
			<trkpt lat="47.1862658312" lon="8.6953543571">
				<ele>641.4</ele>
				<time>2026-05-21T14:25:57Z</time>
				<extensions>
					<swisstopo:routepoint_id>1519909002</swisstopo:routepoint_id>
				</extensions>
			</trkpt>
			<trkpt lat="47.1862589439" lon="8.6953416023">
				<ele>641.4</ele>
				<time>2026-05-21T14:25:58Z</time>
				<extensions>
					<swisstopo:routepoint_id>792615549</swisstopo:routepoint_id>
				</extensions>
			</trkpt>
			<trkpt lat="47.1862509895" lon="8.6953284100">
				<ele>641.4</ele>
				<time>2026-05-21T14:25:59Z</time>
				<extensions>
					<swisstopo:routepoint_id>648469702</swisstopo:routepoint_id>
				</extensions>
			</trkpt>
			<trkpt lat="47.1862431479" lon="8.6953154756">
				<ele>641.5</ele>
				<time>2026-05-21T14:26:00Z</time>
				<extensions>
					<swisstopo:routepoint_id>350772989</swisstopo:routepoint_id>
				</extensions>
			</trkpt>
			<trkpt lat="47.1862380823" lon="8.6953019437">
				<ele>641.5</ele>
				<time>2026-05-21T14:26:01Z</time>
				<extensions>
					<swisstopo:routepoint_id>599015108</swisstopo:routepoint_id>
				</extensions>
			</trkpt>
			<trkpt lat="47.1862339355" lon="8.6952939757">
				<ele>641.5</ele>
				<time>2026-05-21T14:26:02Z</time>
				<extensions>
					<swisstopo:routepoint_id>243583020</swisstopo:routepoint_id>
				</extensions>
			</trkpt>
			<trkpt lat="47.1862327617" lon="8.6952856490">
				<ele>641.6</ele>
				<time>2026-05-21T14:26:03Z</time>
				<extensions>
					<swisstopo:routepoint_id>795985958</swisstopo:routepoint_id>
				</extensions>
			</trkpt>
			<trkpt lat="47.1862312536" lon="8.6952781042">
				<ele>641.3</ele>
				<time>2026-05-21T14:26:04Z</time>
				<extensions>
					<swisstopo:routepoint_id>1460358943</swisstopo:routepoint_id>
				</extensions>
			</trkpt>
			<trkpt lat="47.1862325224" lon="8.6952772372">
				<ele>641.5</ele>
				<time>2026-05-21T14:26:05Z</time>
				<extensions>
					<swisstopo:routepoint_id>662153438</swisstopo:routepoint_id>
				</extensions>
			</trkpt>
			<trkpt lat="47.1862348217" lon="8.6952837366">
				<ele>641.4</ele>
				<time>2026-05-21T14:26:06Z</time>
				<extensions>
					<swisstopo:routepoint_id>552573712</swisstopo:routepoint_id>
				</extensions>
			</trkpt>
			<trkpt lat="47.1862367864" lon="8.6952982813">
				<ele>641.2</ele>
				<time>2026-05-21T14:26:07Z</time>
				<extensions>
					<swisstopo:routepoint_id>1387087956</swisstopo:routepoint_id>
				</extensions>
			</trkpt>
			<trkpt lat="47.1862387584" lon="8.6953188723">
				<ele>640.9</ele>
				<time>2026-05-21T14:26:08Z</time>
				<extensions>
					<swisstopo:routepoint_id>1852288307</swisstopo:routepoint_id>
				</extensions>
			</trkpt>
			<trkpt lat="47.1862386929" lon="8.6953333170">
				<ele>639.9</ele>
				<time>2026-05-21T14:26:09Z</time>
				<extensions>
					<swisstopo:routepoint_id>1486628837</swisstopo:routepoint_id>
				</extensions>
			</trkpt>
			<trkpt lat="47.1862379511" lon="8.6953408107">
				<ele>638.7</ele>
				<time>2026-05-21T14:26:10Z</time>
				<extensions>
					<swisstopo:routepoint_id>1946114261</swisstopo:routepoint_id>
				</extensions>
			</trkpt>
			<trkpt lat="47.1862370912" lon="8.6953417516">
				<ele>637.9</ele>
				<time>2026-05-21T14:26:11Z</time>
				<extensions>
					<swisstopo:routepoint_id>18957170</swisstopo:routepoint_id>
				</extensions>
			</trkpt>
			<trkpt lat="47.1862376453" lon="8.6953411672">
				<ele>637.4</ele>
				<time>2026-05-21T14:26:12Z</time>
				<extensions>
					<swisstopo:routepoint_id>785576434</swisstopo:routepoint_id>
				</extensions>
			</trkpt>
			<trkpt lat="47.1862392493" lon="8.6953443606">
				<ele>637.3</ele>
				<time>2026-05-21T14:26:13Z</time>
				<extensions>
					<swisstopo:routepoint_id>453664482</swisstopo:routepoint_id>
				</extensions>
			</trkpt>
			<trkpt lat="47.1862406461" lon="8.6953478712">
				<ele>637.2</ele>
				<time>2026-05-21T14:26:14Z</time>
				<extensions>
					<swisstopo:routepoint_id>1172002124</swisstopo:routepoint_id>
				</extensions>
			</trkpt>
			<trkpt lat="47.1862418354" lon="8.6953506420">
				<ele>637.2</ele>
				<time>2026-05-21T14:26:15Z</time>
				<extensions>
					<swisstopo:routepoint_id>1119687784</swisstopo:routepoint_id>
				</extensions>
			</trkpt>
			<trkpt lat="47.1862443320" lon="8.6953517441">
				<ele>637.4</ele>
				<time>2026-05-21T14:26:16Z</time>
				<extensions>
					<swisstopo:routepoint_id>193387027</swisstopo:routepoint_id>
				</extensions>
			</trkpt>
			<trkpt lat="47.1862468631" lon="8.6953529230">
				<ele>637.9</ele>
				<time>2026-05-21T14:26:17Z</time>
				<extensions>
					<swisstopo:routepoint_id>1113004878</swisstopo:routepoint_id>
				</extensions>
			</trkpt>
			<trkpt lat="47.1862464704" lon="8.6953533557">
				<ele>638.3</ele>
				<time>2026-05-21T14:26:18Z</time>
				<extensions>
					<swisstopo:routepoint_id>1690419176</swisstopo:routepoint_id>
				</extensions>
			</trkpt>
			<trkpt lat="47.1862470343" lon="8.6953546629">
				<ele>638.8</ele>
				<time>2026-05-21T14:26:19Z</time>
				<extensions>
					<swisstopo:routepoint_id>1813924869</swisstopo:routepoint_id>
				</extensions>
			</trkpt>
			<trkpt lat="47.1862476519" lon="8.6953577370">
				<ele>639.1</ele>
				<time>2026-05-21T14:26:20Z</time>
				<extensions>
					<swisstopo:routepoint_id>957420471</swisstopo:routepoint_id>
				</extensions>
			</trkpt>
			<trkpt lat="47.1862485673" lon="8.6953581062">
				<ele>639.3</ele>
				<time>2026-05-21T14:26:21Z</time>
				<extensions>
					<swisstopo:routepoint_id>270889126</swisstopo:routepoint_id>
				</extensions>
			</trkpt>
			<trkpt lat="47.1862456928" lon="8.6953573051">
				<ele>639.4</ele>
				<time>2026-05-21T14:26:22Z</time>
				<extensions>
					<swisstopo:routepoint_id>168209042</swisstopo:routepoint_id>
				</extensions>
			</trkpt>
			<trkpt lat="47.1862451012" lon="8.6953689019">
				<ele>639.6</ele>
				<time>2026-05-21T14:26:23Z</time>
				<extensions>
					<swisstopo:routepoint_id>1000889442</swisstopo:routepoint_id>
				</extensions>
			</trkpt>
			<trkpt lat="47.1862426455" lon="8.6953825687">
				<ele>639.8</ele>
				<time>2026-05-21T14:26:24Z</time>
				<extensions>
					<swisstopo:routepoint_id>709444743</swisstopo:routepoint_id>
				</extensions>
			</trkpt>
			<trkpt lat="47.1862392763" lon="8.6953905753">
				<ele>639.9</ele>
				<time>2026-05-21T14:26:26Z</time>
				<extensions>
					<swisstopo:routepoint_id>808587457</swisstopo:routepoint_id>
				</extensions>
			</trkpt>
			<trkpt lat="47.1862361216" lon="8.6953982554">
				<ele>639.9</ele>
				<time>2026-05-21T14:26:27Z</time>
				<extensions>
					<swisstopo:routepoint_id>652871583</swisstopo:routepoint_id>
				</extensions>
			</trkpt>
			<trkpt lat="47.1862341453" lon="8.6954051250">
				<ele>640.0</ele>
				<time>2026-05-21T14:26:28Z</time>
				<extensions>
					<swisstopo:routepoint_id>1318742958</swisstopo:routepoint_id>
				</extensions>
			</trkpt>
			<trkpt lat="47.1862292451" lon="8.6954050938">
				<ele>639.6</ele>
				<time>2026-05-21T14:26:29Z</time>
				<extensions>
					<swisstopo:routepoint_id>2081658066</swisstopo:routepoint_id>
				</extensions>
			</trkpt>
			<trkpt lat="47.1862258782" lon="8.6954024945">
				<ele>639.8</ele>
				<time>2026-05-21T14:26:30Z</time>
				<extensions>
					<swisstopo:routepoint_id>1771021985</swisstopo:routepoint_id>
				</extensions>
			</trkpt>
			<trkpt lat="47.1862244192" lon="8.6953962431">
				<ele>639.9</ele>
				<time>2026-05-21T14:26:31Z</time>
				<extensions>
					<swisstopo:routepoint_id>1443154475</swisstopo:routepoint_id>
				</extensions>
			</trkpt>
			<trkpt lat="47.1862225320" lon="8.6954014283">
				<ele>640.1</ele>
				<time>2026-05-21T14:26:32Z</time>
				<extensions>
					<swisstopo:routepoint_id>1416952107</swisstopo:routepoint_id>
				</extensions>
			</trkpt>
			<trkpt lat="47.1862242819" lon="8.6954006916">
				<ele>640.3</ele>
				<time>2026-05-21T14:26:33Z</time>
				<extensions>
					<swisstopo:routepoint_id>1267900766</swisstopo:routepoint_id>
				</extensions>
			</trkpt>
			<trkpt lat="47.1862268679" lon="8.6954041320">
				<ele>640.4</ele>
				<time>2026-05-21T14:26:34Z</time>
				<extensions>
					<swisstopo:routepoint_id>127944981</swisstopo:routepoint_id>
				</extensions>
			</trkpt>
			<trkpt lat="47.1862282294" lon="8.6954099687">
				<ele>640.5</ele>
				<time>2026-05-21T14:26:35Z</time>
				<extensions>
					<swisstopo:routepoint_id>740165020</swisstopo:routepoint_id>
				</extensions>
			</trkpt>
			<trkpt lat="47.1862291233" lon="8.6954176433">
				<ele>640.5</ele>
				<time>2026-05-21T14:26:36Z</time>
				<extensions>
					<swisstopo:routepoint_id>1728207716</swisstopo:routepoint_id>
				</extensions>
			</trkpt>
			<trkpt lat="47.1862285430" lon="8.6954283325">
				<ele>640.5</ele>
				<time>2026-05-21T14:26:37Z</time>
				<extensions>
					<swisstopo:routepoint_id>1270757137</swisstopo:routepoint_id>
				</extensions>
			</trkpt>
			<trkpt lat="47.1862265251" lon="8.6954418737">
				<ele>640.4</ele>
				<time>2026-05-21T14:26:38Z</time>
				<extensions>
					<swisstopo:routepoint_id>890332144</swisstopo:routepoint_id>
				</extensions>
			</trkpt>
			<trkpt lat="47.1862269537" lon="8.6954583376">
				<ele>640.5</ele>
				<time>2026-05-21T14:26:39Z</time>
				<extensions>
					<swisstopo:routepoint_id>146291912</swisstopo:routepoint_id>
				</extensions>
			</trkpt>
			<trkpt lat="47.1862252714" lon="8.6954681504">
				<ele>640.3</ele>
				<time>2026-05-21T14:26:40Z</time>
				<extensions>
					<swisstopo:routepoint_id>2006872816</swisstopo:routepoint_id>
				</extensions>
			</trkpt>
			<trkpt lat="47.1862226100" lon="8.6954801146">
				<ele>640.0</ele>
				<time>2026-05-21T14:26:41Z</time>
				<extensions>
					<swisstopo:routepoint_id>1133258730</swisstopo:routepoint_id>
				</extensions>
			</trkpt>
			<trkpt lat="47.1862195110" lon="8.6954895625">
				<ele>639.6</ele>
				<time>2026-05-21T14:26:41Z</time>
				<extensions>
					<swisstopo:routepoint_id>647009867</swisstopo:routepoint_id>
				</extensions>
			</trkpt>
			<trkpt lat="47.1862152792" lon="8.6954935913">
				<ele>639.4</ele>
				<time>2026-05-21T14:26:42Z</time>
				<extensions>
					<swisstopo:routepoint_id>1585129908</swisstopo:routepoint_id>
				</extensions>
			</trkpt>
			<trkpt lat="47.1862138321" lon="8.6954968404">
				<ele>639.3</ele>
				<time>2026-05-21T14:26:43Z</time>
				<extensions>
					<swisstopo:routepoint_id>1743722721</swisstopo:routepoint_id>
				</extensions>
			</trkpt>
			<trkpt lat="47.1862131181" lon="8.6954976973">
				<ele>639.0</ele>
				<time>2026-05-21T14:26:44Z</time>
				<extensions>
					<swisstopo:routepoint_id>38441238</swisstopo:routepoint_id>
				</extensions>
			</trkpt>
			<trkpt lat="47.1862144741" lon="8.6954957716">
				<ele>638.8</ele>
				<time>2026-05-21T14:26:45Z</time>
				<extensions>
					<swisstopo:routepoint_id>1836792966</swisstopo:routepoint_id>
				</extensions>
			</trkpt>
			<trkpt lat="47.1862185114" lon="8.6954923066">
				<ele>638.9</ele>
				<time>2026-05-21T14:26:46Z</time>
				<extensions>
					<swisstopo:routepoint_id>901953937</swisstopo:routepoint_id>
				</extensions>
			</trkpt>
			<trkpt lat="47.1862237121" lon="8.6954857948">
				<ele>639.0</ele>
				<time>2026-05-21T14:26:47Z</time>
				<extensions>
					<swisstopo:routepoint_id>52754986</swisstopo:routepoint_id>
				</extensions>
			</trkpt>
			<trkpt lat="47.1862242721" lon="8.6954865827">
				<ele>639.2</ele>
				<time>2026-05-21T14:26:48Z</time>
				<extensions>
					<swisstopo:routepoint_id>1889787138</swisstopo:routepoint_id>
				</extensions>
			</trkpt>
			<trkpt lat="47.1862255900" lon="8.6954912343">
				<ele>639.6</ele>
				<time>2026-05-21T14:26:49Z</time>
				<extensions>
					<swisstopo:routepoint_id>369289236</swisstopo:routepoint_id>
				</extensions>
			</trkpt>
			<trkpt lat="47.1862252489" lon="8.6954952279">
				<ele>639.7</ele>
				<time>2026-05-21T14:26:50Z</time>
				<extensions>
					<swisstopo:routepoint_id>416449622</swisstopo:routepoint_id>
				</extensions>
			</trkpt>
			<trkpt lat="47.1862252213" lon="8.6954957548">
				<ele>639.9</ele>
				<time>2026-05-21T14:26:51Z</time>
				<extensions>
					<swisstopo:routepoint_id>619591381</swisstopo:routepoint_id>
				</extensions>
			</trkpt>
			<trkpt lat="47.1862242081" lon="8.6954973433">
				<ele>640.3</ele>
				<time>2026-05-21T14:26:52Z</time>
				<extensions>
					<swisstopo:routepoint_id>324136164</swisstopo:routepoint_id>
				</extensions>
			</trkpt>
			<trkpt lat="47.1862268229" lon="8.6954886938">
				<ele>640.2</ele>
				<time>2026-05-21T14:26:53Z</time>
				<extensions>
					<swisstopo:routepoint_id>1737979556</swisstopo:routepoint_id>
				</extensions>
			</trkpt>
			<trkpt lat="47.1862321887" lon="8.6954875474">
				<ele>639.9</ele>
				<time>2026-05-21T14:26:54Z</time>
				<extensions>
					<swisstopo:routepoint_id>149831198</swisstopo:routepoint_id>
				</extensions>
			</trkpt>
			<trkpt lat="47.1862335424" lon="8.6954892897">
				<ele>639.8</ele>
				<time>2026-05-21T14:26:55Z</time>
				<extensions>
					<swisstopo:routepoint_id>1362110502</swisstopo:routepoint_id>
				</extensions>
			</trkpt>
			<trkpt lat="47.1862343398" lon="8.6954907076">
				<ele>640.0</ele>
				<time>2026-05-21T14:26:56Z</time>
				<extensions>
					<swisstopo:routepoint_id>815530094</swisstopo:routepoint_id>
				</extensions>
			</trkpt>
			<trkpt lat="47.1862357665" lon="8.6954896285">
				<ele>640.1</ele>
				<time>2026-05-21T14:26:57Z</time>
				<extensions>
					<swisstopo:routepoint_id>1373654704</swisstopo:routepoint_id>
				</extensions>
			</trkpt>
			<trkpt lat="47.1862365123" lon="8.6954862282">
				<ele>640.2</ele>
				<time>2026-05-21T14:26:58Z</time>
				<extensions>
					<swisstopo:routepoint_id>1565404878</swisstopo:routepoint_id>
				</extensions>
			</trkpt>
			<trkpt lat="47.1862376823" lon="8.6954841866">
				<ele>640.1</ele>
				<time>2026-05-21T14:26:59Z</time>
				<extensions>
					<swisstopo:routepoint_id>937625149</swisstopo:routepoint_id>
				</extensions>
			</trkpt>
			<trkpt lat="47.1862361930" lon="8.6954826403">
				<ele>640.2</ele>
				<time>2026-05-21T14:27:00Z</time>
				<extensions>
					<swisstopo:routepoint_id>430877557</swisstopo:routepoint_id>
				</extensions>
			</trkpt>
			<trkpt lat="47.1862364164" lon="8.6954805948">
				<ele>640.3</ele>
				<time>2026-05-21T14:27:01Z</time>
				<extensions>
					<swisstopo:routepoint_id>444242815</swisstopo:routepoint_id>
				</extensions>
			</trkpt>
			<trkpt lat="47.1862351806" lon="8.6954839307">
				<ele>640.3</ele>
				<time>2026-05-21T14:27:02Z</time>
				<extensions>
					<swisstopo:routepoint_id>1735834733</swisstopo:routepoint_id>
				</extensions>
			</trkpt>
			<trkpt lat="47.1862356268" lon="8.6954816903">
				<ele>640.1</ele>
				<time>2026-05-21T14:27:03Z</time>
				<extensions>
					<swisstopo:routepoint_id>609013036</swisstopo:routepoint_id>
				</extensions>
			</trkpt>
			<trkpt lat="47.1862367824" lon="8.6954775471">
				<ele>640.0</ele>
				<time>2026-05-21T14:27:04Z</time>
				<extensions>
					<swisstopo:routepoint_id>775034450</swisstopo:routepoint_id>
				</extensions>
			</trkpt>
			<trkpt lat="47.1862347467" lon="8.6954700951">
				<ele>640.1</ele>
				<time>2026-05-21T14:27:05Z</time>
				<extensions>
					<swisstopo:routepoint_id>1515682095</swisstopo:routepoint_id>
				</extensions>
			</trkpt>
			<trkpt lat="47.1862288495" lon="8.6954559942">
				<ele>640.0</ele>
				<time>2026-05-21T14:27:06Z</time>
				<extensions>
					<swisstopo:routepoint_id>617949951</swisstopo:routepoint_id>
				</extensions>
			</trkpt>
			<trkpt lat="47.1862199477" lon="8.6954419868">
				<ele>639.8</ele>
				<time>2026-05-21T14:27:07Z</time>
				<extensions>
					<swisstopo:routepoint_id>653909565</swisstopo:routepoint_id>
				</extensions>
			</trkpt>
			<trkpt lat="47.1862148886" lon="8.6954331192">
				<ele>640.0</ele>
				<time>2026-05-21T14:27:08Z</time>
				<extensions>
					<swisstopo:routepoint_id>1584237256</swisstopo:routepoint_id>
				</extensions>
			</trkpt>
			<trkpt lat="47.1862100875" lon="8.6954254977">
				<ele>640.1</ele>
				<time>2026-05-21T14:27:09Z</time>
				<extensions>
					<swisstopo:routepoint_id>1773306086</swisstopo:routepoint_id>
				</extensions>
			</trkpt>
			<trkpt lat="47.1862047237" lon="8.6954109126">
				<ele>640.2</ele>
				<time>2026-05-21T14:27:10Z</time>
				<extensions>
					<swisstopo:routepoint_id>1177334336</swisstopo:routepoint_id>
				</extensions>
			</trkpt>
			<trkpt lat="47.1861977948" lon="8.6953939066">
				<ele>640.1</ele>
				<time>2026-05-21T14:27:11Z</time>
				<extensions>
					<swisstopo:routepoint_id>543861694</swisstopo:routepoint_id>
				</extensions>
			</trkpt>
			<trkpt lat="47.1861932688" lon="8.6953768828">
				<ele>640.0</ele>
				<time>2026-05-21T14:27:12Z</time>
				<extensions>
					<swisstopo:routepoint_id>993089426</swisstopo:routepoint_id>
				</extensions>
			</trkpt>
			<trkpt lat="47.1861912849" lon="8.6953560062">
				<ele>639.6</ele>
				<time>2026-05-21T14:27:13Z</time>
				<extensions>
					<swisstopo:routepoint_id>611078298</swisstopo:routepoint_id>
				</extensions>
			</trkpt>
			<trkpt lat="47.1861911508" lon="8.6953347015">
				<ele>639.4</ele>
				<time>2026-05-21T14:27:14Z</time>
				<extensions>
					<swisstopo:routepoint_id>1126154532</swisstopo:routepoint_id>
				</extensions>
			</trkpt>
			<trkpt lat="47.1861915321" lon="8.6953135509">
				<ele>639.1</ele>
				<time>2026-05-21T14:27:15Z</time>
				<extensions>
					<swisstopo:routepoint_id>1505838313</swisstopo:routepoint_id>
				</extensions>
			</trkpt>
			<trkpt lat="47.1861928723" lon="8.6952957134">
				<ele>638.6</ele>
				<time>2026-05-21T14:27:16Z</time>
				<extensions>
					<swisstopo:routepoint_id>529746696</swisstopo:routepoint_id>
				</extensions>
			</trkpt>
			<trkpt lat="47.1861952606" lon="8.6952826271">
				<ele>638.5</ele>
				<time>2026-05-21T14:27:17Z</time>
				<extensions>
					<swisstopo:routepoint_id>2133002857</swisstopo:routepoint_id>
				</extensions>
			</trkpt>
			<trkpt lat="47.1861967509" lon="8.6952788545">
				<ele>638.0</ele>
				<time>2026-05-21T14:27:18Z</time>
				<extensions>
					<swisstopo:routepoint_id>1434498228</swisstopo:routepoint_id>
				</extensions>
			</trkpt>
			<trkpt lat="47.1861942050" lon="8.6952814353">
				<ele>638.5</ele>
				<time>2026-05-21T14:27:19Z</time>
				<extensions>
					<swisstopo:routepoint_id>1960296774</swisstopo:routepoint_id>
				</extensions>
			</trkpt>
			<trkpt lat="47.1861934093" lon="8.6952868826">
				<ele>639.4</ele>
				<time>2026-05-21T14:27:20Z</time>
				<extensions>
					<swisstopo:routepoint_id>13768344</swisstopo:routepoint_id>
				</extensions>
			</trkpt>
			<trkpt lat="47.1861928420" lon="8.6952872124">
				<ele>639.6</ele>
				<time>2026-05-21T14:27:21Z</time>
				<extensions>
					<swisstopo:routepoint_id>1623807379</swisstopo:routepoint_id>
				</extensions>
			</trkpt>
			<trkpt lat="47.1861974559" lon="8.6952731468">
				<ele>639.8</ele>
				<time>2026-05-21T14:27:22Z</time>
				<extensions>
					<swisstopo:routepoint_id>1108432777</swisstopo:routepoint_id>
				</extensions>
			</trkpt>
			<trkpt lat="47.1862024105" lon="8.6952582105">
				<ele>640.6</ele>
				<time>2026-05-21T14:27:23Z</time>
				<extensions>
					<swisstopo:routepoint_id>9045314</swisstopo:routepoint_id>
				</extensions>
			</trkpt>
			<trkpt lat="47.1862068591" lon="8.6952354598">
				<ele>641.1</ele>
				<time>2026-05-21T14:27:24Z</time>
				<extensions>
					<swisstopo:routepoint_id>1700737108</swisstopo:routepoint_id>
				</extensions>
			</trkpt>
			<trkpt lat="47.1862044459" lon="8.6952026791">
				<ele>641.4</ele>
				<time>2026-05-21T14:27:25Z</time>
				<extensions>
					<swisstopo:routepoint_id>1281232586</swisstopo:routepoint_id>
				</extensions>
			</trkpt>
			<trkpt lat="47.1862036612" lon="8.6951655942">
				<ele>642.0</ele>
				<time>2026-05-21T14:27:26Z</time>
				<extensions>
					<swisstopo:routepoint_id>857544433</swisstopo:routepoint_id>
				</extensions>
			</trkpt>
			<trkpt lat="47.1862035765" lon="8.6951231435">
				<ele>642.3</ele>
				<time>2026-05-21T14:27:27Z</time>
				<extensions>
					<swisstopo:routepoint_id>986530414</swisstopo:routepoint_id>
				</extensions>
			</trkpt>
			<trkpt lat="47.1862034455" lon="8.6950838028">
				<ele>642.4</ele>
				<time>2026-05-21T14:27:28Z</time>
				<extensions>
					<swisstopo:routepoint_id>2042913258</swisstopo:routepoint_id>
				</extensions>
			</trkpt>
			<trkpt lat="47.1862024818" lon="8.6950493395">
				<ele>642.3</ele>
				<time>2026-05-21T14:27:29Z</time>
				<extensions>
					<swisstopo:routepoint_id>1274578970</swisstopo:routepoint_id>
				</extensions>
			</trkpt>
			<trkpt lat="47.1862001613" lon="8.6950184108">
				<ele>643.0</ele>
				<time>2026-05-21T14:27:30Z</time>
				<extensions>
					<swisstopo:routepoint_id>699369965</swisstopo:routepoint_id>
				</extensions>
			</trkpt>
			<trkpt lat="47.1861948495" lon="8.6949881513">
				<ele>643.7</ele>
				<time>2026-05-21T14:27:31Z</time>
				<extensions>
					<swisstopo:routepoint_id>1133001724</swisstopo:routepoint_id>
				</extensions>
			</trkpt>
			<trkpt lat="47.1861852239" lon="8.6949589942">
				<ele>644.2</ele>
				<time>2026-05-21T14:27:32Z</time>
				<extensions>
					<swisstopo:routepoint_id>622477319</swisstopo:routepoint_id>
				</extensions>
			</trkpt>
			<trkpt lat="47.1861737233" lon="8.6949274972">
				<ele>644.9</ele>
				<time>2026-05-21T14:27:33Z</time>
				<extensions>
					<swisstopo:routepoint_id>1583455896</swisstopo:routepoint_id>
				</extensions>
			</trkpt>
			<trkpt lat="47.1861627395" lon="8.6949013577">
				<ele>646.0</ele>
				<time>2026-05-21T14:27:34Z</time>
				<extensions>
					<swisstopo:routepoint_id>1525890448</swisstopo:routepoint_id>
				</extensions>
			</trkpt>
			<trkpt lat="47.1861506064" lon="8.6948720736">
				<ele>646.7</ele>
				<time>2026-05-21T14:27:35Z</time>
				<extensions>
					<swisstopo:routepoint_id>391047062</swisstopo:routepoint_id>
				</extensions>
			</trkpt>
			<trkpt lat="47.1861367177" lon="8.6948396119">
				<ele>646.9</ele>
				<time>2026-05-21T14:27:36Z</time>
				<extensions>
					<swisstopo:routepoint_id>1028011214</swisstopo:routepoint_id>
				</extensions>
			</trkpt>
			<trkpt lat="47.1861230204" lon="8.6948081080">
				<ele>646.5</ele>
				<time>2026-05-21T14:27:37Z</time>
				<extensions>
					<swisstopo:routepoint_id>1278533583</swisstopo:routepoint_id>
				</extensions>
			</trkpt>
			<trkpt lat="47.1861101482" lon="8.6947782098">
				<ele>646.4</ele>
				<time>2026-05-21T14:27:38Z</time>
				<extensions>
					<swisstopo:routepoint_id>592557599</swisstopo:routepoint_id>
				</extensions>
			</trkpt>
			<trkpt lat="47.1860977466" lon="8.6947391935">
				<ele>646.2</ele>
				<time>2026-05-21T14:27:39Z</time>
				<extensions>
					<swisstopo:routepoint_id>1233895254</swisstopo:routepoint_id>
				</extensions>
			</trkpt>
			<trkpt lat="47.1860920244" lon="8.6946933693">
				<ele>645.7</ele>
				<time>2026-05-21T14:27:40Z</time>
				<extensions>
					<swisstopo:routepoint_id>1975438546</swisstopo:routepoint_id>
				</extensions>
			</trkpt>
			<trkpt lat="47.1860888182" lon="8.6946554261">
				<ele>645.0</ele>
				<time>2026-05-21T14:27:41Z</time>
				<extensions>
					<swisstopo:routepoint_id>1098460002</swisstopo:routepoint_id>
				</extensions>
			</trkpt>
			<trkpt lat="47.1860890729" lon="8.6946232340">
				<ele>645.1</ele>
				<time>2026-05-21T14:27:42Z</time>
				<extensions>
					<swisstopo:routepoint_id>2047824002</swisstopo:routepoint_id>
				</extensions>
			</trkpt>
			<trkpt lat="47.1860924123" lon="8.6945957603">
				<ele>645.5</ele>
				<time>2026-05-21T14:27:43Z</time>
				<extensions>
					<swisstopo:routepoint_id>57591145</swisstopo:routepoint_id>
				</extensions>
			</trkpt>
			<trkpt lat="47.1860980128" lon="8.6945726656">
				<ele>645.2</ele>
				<time>2026-05-21T14:27:44Z</time>
				<extensions>
					<swisstopo:routepoint_id>1566732865</swisstopo:routepoint_id>
				</extensions>
			</trkpt>
			<trkpt lat="47.1861027700" lon="8.6945553042">
				<ele>645.2</ele>
				<time>2026-05-21T14:27:45Z</time>
				<extensions>
					<swisstopo:routepoint_id>1782266188</swisstopo:routepoint_id>
				</extensions>
			</trkpt>
			<trkpt lat="47.1861121706" lon="8.6945238196">
				<ele>645.6</ele>
				<time>2026-05-21T14:27:46Z</time>
				<extensions>
					<swisstopo:routepoint_id>1445913360</swisstopo:routepoint_id>
				</extensions>
			</trkpt>
			<trkpt lat="47.1861212045" lon="8.6944881142">
				<ele>646.4</ele>
				<time>2026-05-21T14:27:47Z</time>
				<extensions>
					<swisstopo:routepoint_id>540892068</swisstopo:routepoint_id>
				</extensions>
			</trkpt>
			<trkpt lat="47.1861269466" lon="8.6944516756">
				<ele>646.6</ele>
				<time>2026-05-21T14:27:48Z</time>
				<extensions>
					<swisstopo:routepoint_id>474709125</swisstopo:routepoint_id>
				</extensions>
			</trkpt>
			<trkpt lat="47.1861294714" lon="8.6944161217">
				<ele>646.7</ele>
				<time>2026-05-21T14:27:49Z</time>
				<extensions>
					<swisstopo:routepoint_id>534515270</swisstopo:routepoint_id>
				</extensions>
			</trkpt>
			<trkpt lat="47.1861308769" lon="8.6943872364">
				<ele>646.8</ele>
				<time>2026-05-21T14:27:50Z</time>
				<extensions>
					<swisstopo:routepoint_id>674047489</swisstopo:routepoint_id>
				</extensions>
			</trkpt>
			<trkpt lat="47.1861278173" lon="8.6943593585">
				<ele>647.0</ele>
				<time>2026-05-21T14:27:51Z</time>
				<extensions>
					<swisstopo:routepoint_id>739909698</swisstopo:routepoint_id>
				</extensions>
			</trkpt>
			<trkpt lat="47.1861230931" lon="8.6943305069">
				<ele>646.7</ele>
				<time>2026-05-21T14:27:52Z</time>
				<extensions>
					<swisstopo:routepoint_id>1731978156</swisstopo:routepoint_id>
				</extensions>
			</trkpt>
			<trkpt lat="47.1861162748" lon="8.6942992204">
				<ele>646.3</ele>
				<time>2026-05-21T14:27:53Z</time>
				<extensions>
					<swisstopo:routepoint_id>216032807</swisstopo:routepoint_id>
				</extensions>
			</trkpt>
			<trkpt lat="47.1861080736" lon="8.6942694835">
				<ele>646.6</ele>
				<time>2026-05-21T14:27:54Z</time>
				<extensions>
					<swisstopo:routepoint_id>1616023819</swisstopo:routepoint_id>
				</extensions>
			</trkpt>
			<trkpt lat="47.1860994020" lon="8.6942400206">
				<ele>646.7</ele>
				<time>2026-05-21T14:27:55Z</time>
				<extensions>
					<swisstopo:routepoint_id>1286642324</swisstopo:routepoint_id>
				</extensions>
			</trkpt>
			<trkpt lat="47.1860899652" lon="8.6942094495">
				<ele>646.6</ele>
				<time>2026-05-21T14:27:56Z</time>
				<extensions>
					<swisstopo:routepoint_id>1584697825</swisstopo:routepoint_id>
				</extensions>
			</trkpt>
			<trkpt lat="47.1860804606" lon="8.6941740302">
				<ele>646.5</ele>
				<time>2026-05-21T14:27:57Z</time>
				<extensions>
					<swisstopo:routepoint_id>924154681</swisstopo:routepoint_id>
				</extensions>
			</trkpt>
			<trkpt lat="47.1860743743" lon="8.6941337055">
				<ele>646.4</ele>
				<time>2026-05-21T14:27:58Z</time>
				<extensions>
					<swisstopo:routepoint_id>1665988463</swisstopo:routepoint_id>
				</extensions>
			</trkpt>
			<trkpt lat="47.1860762882" lon="8.6940901042">
				<ele>646.4</ele>
				<time>2026-05-21T14:27:59Z</time>
				<extensions>
					<swisstopo:routepoint_id>1376308055</swisstopo:routepoint_id>
				</extensions>
			</trkpt>
			<trkpt lat="47.1860831651" lon="8.6940502215">
				<ele>645.9</ele>
				<time>2026-05-21T14:28:00Z</time>
				<extensions>
					<swisstopo:routepoint_id>1063118548</swisstopo:routepoint_id>
				</extensions>
			</trkpt>
			<trkpt lat="47.1860925347" lon="8.6940160961">
				<ele>645.7</ele>
				<time>2026-05-21T14:28:01Z</time>
				<extensions>
					<swisstopo:routepoint_id>769493196</swisstopo:routepoint_id>
				</extensions>
			</trkpt>
			<trkpt lat="47.1861047587" lon="8.6939863942">
				<ele>645.4</ele>
				<time>2026-05-21T14:28:02Z</time>
				<extensions>
					<swisstopo:routepoint_id>725622938</swisstopo:routepoint_id>
				</extensions>
			</trkpt>
			<trkpt lat="47.1861190759" lon="8.6939608158">
				<ele>645.5</ele>
				<time>2026-05-21T14:28:03Z</time>
				<extensions>
					<swisstopo:routepoint_id>2132571300</swisstopo:routepoint_id>
				</extensions>
			</trkpt>
			<trkpt lat="47.1861400744" lon="8.6939335653">
				<ele>645.6</ele>
				<time>2026-05-21T14:28:04Z</time>
				<extensions>
					<swisstopo:routepoint_id>623770670</swisstopo:routepoint_id>
				</extensions>
			</trkpt>
			<trkpt lat="47.1861581690" lon="8.6939099797">
				<ele>645.6</ele>
				<time>2026-05-21T14:28:05Z</time>
				<extensions>
					<swisstopo:routepoint_id>1845969683</swisstopo:routepoint_id>
				</extensions>
			</trkpt>
			<trkpt lat="47.1861747930" lon="8.6938901509">
				<ele>645.3</ele>
				<time>2026-05-21T14:28:06Z</time>
				<extensions>
					<swisstopo:routepoint_id>516213972</swisstopo:routepoint_id>
				</extensions>
			</trkpt>
			<trkpt lat="47.1861943206" lon="8.6938673854">
				<ele>645.1</ele>
				<time>2026-05-21T14:28:07Z</time>
				<extensions>
					<swisstopo:routepoint_id>174293524</swisstopo:routepoint_id>
				</extensions>
			</trkpt>
			<trkpt lat="47.1862136033" lon="8.6938423623">
				<ele>645.0</ele>
				<time>2026-05-21T14:28:08Z</time>
				<extensions>
					<swisstopo:routepoint_id>183563360</swisstopo:routepoint_id>
				</extensions>
			</trkpt>
			<trkpt lat="47.1862299504" lon="8.6938150807">
				<ele>644.9</ele>
				<time>2026-05-21T14:28:09Z</time>
				<extensions>
					<swisstopo:routepoint_id>1362874428</swisstopo:routepoint_id>
				</extensions>
			</trkpt>
			<trkpt lat="47.1862419973" lon="8.6937861068">
				<ele>645.2</ele>
				<time>2026-05-21T14:28:10Z</time>
				<extensions>
					<swisstopo:routepoint_id>769932494</swisstopo:routepoint_id>
				</extensions>
			</trkpt>
			<trkpt lat="47.1862496440" lon="8.6937579266">
				<ele>645.5</ele>
				<time>2026-05-21T14:28:11Z</time>
				<extensions>
					<swisstopo:routepoint_id>1666453483</swisstopo:routepoint_id>
				</extensions>
			</trkpt>
			<trkpt lat="47.1862527616" lon="8.6937289599">
				<ele>645.9</ele>
				<time>2026-05-21T14:28:12Z</time>
				<extensions>
					<swisstopo:routepoint_id>601964607</swisstopo:routepoint_id>
				</extensions>
			</trkpt>
			<trkpt lat="47.1862522170" lon="8.6937016463">
				<ele>646.3</ele>
				<time>2026-05-21T14:28:13Z</time>
				<extensions>
					<swisstopo:routepoint_id>423688832</swisstopo:routepoint_id>
				</extensions>
			</trkpt>
			<trkpt lat="47.1862478567" lon="8.6936734483">
				<ele>646.4</ele>
				<time>2026-05-21T14:28:14Z</time>
				<extensions>
					<swisstopo:routepoint_id>2029909619</swisstopo:routepoint_id>
				</extensions>
			</trkpt>
			<trkpt lat="47.1862408520" lon="8.6936468935">
				<ele>646.9</ele>
				<time>2026-05-21T14:28:15Z</time>
				<extensions>
					<swisstopo:routepoint_id>1765750291</swisstopo:routepoint_id>
				</extensions>
			</trkpt>
			<trkpt lat="47.1862315019" lon="8.6936202924">
				<ele>647.4</ele>
				<time>2026-05-21T14:28:16Z</time>
				<extensions>
					<swisstopo:routepoint_id>888622944</swisstopo:routepoint_id>
				</extensions>
			</trkpt>
			<trkpt lat="47.1862209175" lon="8.6935907034">
				<ele>647.8</ele>
				<time>2026-05-21T14:28:17Z</time>
				<extensions>
					<swisstopo:routepoint_id>1484538570</swisstopo:routepoint_id>
				</extensions>
			</trkpt>
			<trkpt lat="47.1862081990" lon="8.6935595842">
				<ele>648.1</ele>
				<time>2026-05-21T14:28:18Z</time>
				<extensions>
					<swisstopo:routepoint_id>1174735144</swisstopo:routepoint_id>
				</extensions>
			</trkpt>
			<trkpt lat="47.1861947643" lon="8.6935299737">
				<ele>648.5</ele>
				<time>2026-05-21T14:28:19Z</time>
				<extensions>
					<swisstopo:routepoint_id>1956398337</swisstopo:routepoint_id>
				</extensions>
			</trkpt>
			<trkpt lat="47.1861813943" lon="8.6935021458">
				<ele>648.8</ele>
				<time>2026-05-21T14:28:20Z</time>
				<extensions>
					<swisstopo:routepoint_id>1064730742</swisstopo:routepoint_id>
				</extensions>
			</trkpt>
			<trkpt lat="47.1861689798" lon="8.6934777264">
				<ele>649.1</ele>
				<time>2026-05-21T14:28:21Z</time>
				<extensions>
					<swisstopo:routepoint_id>2095833990</swisstopo:routepoint_id>
				</extensions>
			</trkpt>
			<trkpt lat="47.1861583995" lon="8.6934595279">
				<ele>649.2</ele>
				<time>2026-05-21T14:28:22Z</time>
				<extensions>
					<swisstopo:routepoint_id>1655091836</swisstopo:routepoint_id>
				</extensions>
			</trkpt>
			<trkpt lat="47.1861481863" lon="8.6934480887">
				<ele>649.3</ele>
				<time>2026-05-21T14:28:23Z</time>
				<extensions>
					<swisstopo:routepoint_id>772808061</swisstopo:routepoint_id>
				</extensions>
			</trkpt>
			<trkpt lat="47.1861384513" lon="8.6934378032">
				<ele>649.3</ele>
				<time>2026-05-21T14:28:24Z</time>
				<extensions>
					<swisstopo:routepoint_id>603984171</swisstopo:routepoint_id>
				</extensions>
			</trkpt>
			<trkpt lat="47.1861291068" lon="8.6934273874">
				<ele>649.5</ele>
				<time>2026-05-21T14:28:25Z</time>
				<extensions>
					<swisstopo:routepoint_id>6762628</swisstopo:routepoint_id>
				</extensions>
			</trkpt>
			<trkpt lat="47.1861121489" lon="8.6934357137">
				<ele>649.5</ele>
				<time>2026-05-21T14:28:26Z</time>
				<extensions>
					<swisstopo:routepoint_id>1990339152</swisstopo:routepoint_id>
				</extensions>
			</trkpt>
			<trkpt lat="47.1860929264" lon="8.6934507839">
				<ele>649.4</ele>
				<time>2026-05-21T14:28:27Z</time>
				<extensions>
					<swisstopo:routepoint_id>277358345</swisstopo:routepoint_id>
				</extensions>
			</trkpt>
			<trkpt lat="47.1860731786" lon="8.6934691321">
				<ele>649.3</ele>
				<time>2026-05-21T14:28:28Z</time>
				<extensions>
					<swisstopo:routepoint_id>1522190425</swisstopo:routepoint_id>
				</extensions>
			</trkpt>
			<trkpt lat="47.1860526067" lon="8.6934903881">
				<ele>649.2</ele>
				<time>2026-05-21T14:28:29Z</time>
				<extensions>
					<swisstopo:routepoint_id>481786264</swisstopo:routepoint_id>
				</extensions>
			</trkpt>
			<trkpt lat="47.1860320044" lon="8.6935131720">
				<ele>649.2</ele>
				<time>2026-05-21T14:28:30Z</time>
				<extensions>
					<swisstopo:routepoint_id>1368389858</swisstopo:routepoint_id>
				</extensions>
			</trkpt>
			<trkpt lat="47.1860101461" lon="8.6935381058">
				<ele>649.3</ele>
				<time>2026-05-21T14:28:32Z</time>
				<extensions>
					<swisstopo:routepoint_id>1125967683</swisstopo:routepoint_id>
				</extensions>
			</trkpt>
			<trkpt lat="47.1859887453" lon="8.6935638387">
				<ele>649.2</ele>
				<time>2026-05-21T14:28:33Z</time>
				<extensions>
					<swisstopo:routepoint_id>512950817</swisstopo:routepoint_id>
				</extensions>
			</trkpt>
			<trkpt lat="47.1859668123" lon="8.6935909826">
				<ele>648.8</ele>
				<time>2026-05-21T14:28:34Z</time>
				<extensions>
					<swisstopo:routepoint_id>1165022261</swisstopo:routepoint_id>
				</extensions>
			</trkpt>
			<trkpt lat="47.1859441958" lon="8.6936197501">
				<ele>648.6</ele>
				<time>2026-05-21T14:28:35Z</time>
				<extensions>
					<swisstopo:routepoint_id>1920730928</swisstopo:routepoint_id>
				</extensions>
			</trkpt>
			<trkpt lat="47.1859237370" lon="8.6936467682">
				<ele>649.0</ele>
				<time>2026-05-21T14:28:36Z</time>
				<extensions>
					<swisstopo:routepoint_id>750525192</swisstopo:routepoint_id>
				</extensions>
			</trkpt>
			<trkpt lat="47.1859039402" lon="8.6936736830">
				<ele>649.6</ele>
				<time>2026-05-21T14:28:37Z</time>
				<extensions>
					<swisstopo:routepoint_id>1905443113</swisstopo:routepoint_id>
				</extensions>
			</trkpt>
			<trkpt lat="47.1858838342" lon="8.6937018891">
				<ele>649.9</ele>
				<time>2026-05-21T14:28:38Z</time>
				<extensions>
					<swisstopo:routepoint_id>1506256127</swisstopo:routepoint_id>
				</extensions>
			</trkpt>
			<trkpt lat="47.1858631406" lon="8.6937315670">
				<ele>649.8</ele>
				<time>2026-05-21T14:28:39Z</time>
				<extensions>
					<swisstopo:routepoint_id>1109495653</swisstopo:routepoint_id>
				</extensions>
			</trkpt>
			<trkpt lat="47.1858439734" lon="8.6937604726">
				<ele>650.0</ele>
				<time>2026-05-21T14:28:40Z</time>
				<extensions>
					<swisstopo:routepoint_id>692933070</swisstopo:routepoint_id>
				</extensions>
			</trkpt>
			<trkpt lat="47.1858254583" lon="8.6937890679">
				<ele>650.1</ele>
				<time>2026-05-21T14:28:41Z</time>
				<extensions>
					<swisstopo:routepoint_id>322289809</swisstopo:routepoint_id>
				</extensions>
			</trkpt>
			<trkpt lat="47.1858085961" lon="8.6938171611">
				<ele>650.1</ele>
				<time>2026-05-21T14:28:42Z</time>
				<extensions>
					<swisstopo:routepoint_id>771062129</swisstopo:routepoint_id>
				</extensions>
			</trkpt>
			<trkpt lat="47.1857922762" lon="8.6938456047">
				<ele>649.9</ele>
				<time>2026-05-21T14:28:43Z</time>
				<extensions>
					<swisstopo:routepoint_id>1324876105</swisstopo:routepoint_id>
				</extensions>
			</trkpt>
			<trkpt lat="47.1857756060" lon="8.6938759686">
				<ele>649.9</ele>
				<time>2026-05-21T14:28:44Z</time>
				<extensions>
					<swisstopo:routepoint_id>2082244639</swisstopo:routepoint_id>
				</extensions>
			</trkpt>
			<trkpt lat="47.1857603838" lon="8.6939044427">
				<ele>650.1</ele>
				<time>2026-05-21T14:28:45Z</time>
				<extensions>
					<swisstopo:routepoint_id>892136161</swisstopo:routepoint_id>
				</extensions>
			</trkpt>
			<trkpt lat="47.1857450789" lon="8.6939336203">
				<ele>650.1</ele>
				<time>2026-05-21T14:28:46Z</time>
				<extensions>
					<swisstopo:routepoint_id>401634573</swisstopo:routepoint_id>
				</extensions>
			</trkpt>
			<trkpt lat="47.1857298833" lon="8.6939634896">
				<ele>649.9</ele>
				<time>2026-05-21T14:28:47Z</time>
				<extensions>
					<swisstopo:routepoint_id>731165890</swisstopo:routepoint_id>
				</extensions>
			</trkpt>
			<trkpt lat="47.1857156533" lon="8.6939919161">
				<ele>649.8</ele>
				<time>2026-05-21T14:28:48Z</time>
				<extensions>
					<swisstopo:routepoint_id>803685096</swisstopo:routepoint_id>
				</extensions>
			</trkpt>
			<trkpt lat="47.1857017286" lon="8.6940198974">
				<ele>649.7</ele>
				<time>2026-05-21T14:28:48Z</time>
				<extensions>
					<swisstopo:routepoint_id>2010752489</swisstopo:routepoint_id>
				</extensions>
			</trkpt>
			<trkpt lat="47.1856872301" lon="8.6940487166">
				<ele>650.0</ele>
				<time>2026-05-21T14:28:49Z</time>
				<extensions>
					<swisstopo:routepoint_id>1914413431</swisstopo:routepoint_id>
				</extensions>
			</trkpt>
			<trkpt lat="47.1856726574" lon="8.6940772290">
				<ele>650.1</ele>
				<time>2026-05-21T14:28:50Z</time>
				<extensions>
					<swisstopo:routepoint_id>1946535463</swisstopo:routepoint_id>
				</extensions>
			</trkpt>
			<trkpt lat="47.1856586115" lon="8.6941043547">
				<ele>650.3</ele>
				<time>2026-05-21T14:28:51Z</time>
				<extensions>
					<swisstopo:routepoint_id>655648243</swisstopo:routepoint_id>
				</extensions>
			</trkpt>
			<trkpt lat="47.1856435349" lon="8.6941283979">
				<ele>650.4</ele>
				<time>2026-05-21T14:28:52Z</time>
				<extensions>
					<swisstopo:routepoint_id>741427344</swisstopo:routepoint_id>
				</extensions>
			</trkpt>
			<trkpt lat="47.1856295836" lon="8.6941500392">
				<ele>650.4</ele>
				<time>2026-05-21T14:28:53Z</time>
				<extensions>
					<swisstopo:routepoint_id>1469250714</swisstopo:routepoint_id>
				</extensions>
			</trkpt>
			<trkpt lat="47.1856200042" lon="8.6941644071">
				<ele>650.8</ele>
				<time>2026-05-21T14:28:54Z</time>
				<extensions>
					<swisstopo:routepoint_id>1929776992</swisstopo:routepoint_id>
				</extensions>
			</trkpt>
			<trkpt lat="47.1856140179" lon="8.6941698288">
				<ele>651.2</ele>
				<time>2026-05-21T14:28:55Z</time>
				<extensions>
					<swisstopo:routepoint_id>316383903</swisstopo:routepoint_id>
				</extensions>
			</trkpt>
			<trkpt lat="47.1856097097" lon="8.6941673476">
				<ele>651.6</ele>
				<time>2026-05-21T14:28:56Z</time>
				<extensions>
					<swisstopo:routepoint_id>294747749</swisstopo:routepoint_id>
				</extensions>
			</trkpt>
			<trkpt lat="47.1856054348" lon="8.6941577077">
				<ele>651.7</ele>
				<time>2026-05-21T14:28:57Z</time>
				<extensions>
					<swisstopo:routepoint_id>1728127461</swisstopo:routepoint_id>
				</extensions>
			</trkpt>
			<trkpt lat="47.1856005067" lon="8.6941405267">
				<ele>651.8</ele>
				<time>2026-05-21T14:28:58Z</time>
				<extensions>
					<swisstopo:routepoint_id>2069394999</swisstopo:routepoint_id>
				</extensions>
			</trkpt>
			<trkpt lat="47.1855929185" lon="8.6941167415">
				<ele>651.9</ele>
				<time>2026-05-21T14:28:59Z</time>
				<extensions>
					<swisstopo:routepoint_id>1824085028</swisstopo:routepoint_id>
				</extensions>
			</trkpt>
			<trkpt lat="47.1855704258" lon="8.6940707858">
				<ele>652.0</ele>
				<time>2026-05-21T14:29:00Z</time>
				<extensions>
					<swisstopo:routepoint_id>2068004671</swisstopo:routepoint_id>
				</extensions>
			</trkpt>
			<trkpt lat="47.1855487842" lon="8.6940233739">
				<ele>652.1</ele>
				<time>2026-05-21T14:29:01Z</time>
				<extensions>
					<swisstopo:routepoint_id>2079162449</swisstopo:routepoint_id>
				</extensions>
			</trkpt>
			<trkpt lat="47.1855286805" lon="8.6939781821">
				<ele>652.2</ele>
				<time>2026-05-21T14:29:02Z</time>
				<extensions>
					<swisstopo:routepoint_id>629376359</swisstopo:routepoint_id>
				</extensions>
			</trkpt>
			<trkpt lat="47.1855092560" lon="8.6939340606">
				<ele>652.3</ele>
				<time>2026-05-21T14:29:03Z</time>
				<extensions>
					<swisstopo:routepoint_id>1571504238</swisstopo:routepoint_id>
				</extensions>
			</trkpt>
			<trkpt lat="47.1854899408" lon="8.6938905698">
				<ele>652.0</ele>
				<time>2026-05-21T14:29:04Z</time>
				<extensions>
					<swisstopo:routepoint_id>370353613</swisstopo:routepoint_id>
				</extensions>
			</trkpt>
			<trkpt lat="47.1854718660" lon="8.6938491403">
				<ele>651.5</ele>
				<time>2026-05-21T14:29:05Z</time>
				<extensions>
					<swisstopo:routepoint_id>1125564685</swisstopo:routepoint_id>
				</extensions>
			</trkpt>
			<trkpt lat="47.1854551960" lon="8.6938102342">
				<ele>650.8</ele>
				<time>2026-05-21T14:29:06Z</time>
				<extensions>
					<swisstopo:routepoint_id>182214372</swisstopo:routepoint_id>
				</extensions>
			</trkpt>
			<trkpt lat="47.1854403773" lon="8.6937750626">
				<ele>650.3</ele>
				<time>2026-05-21T14:29:07Z</time>
				<extensions>
					<swisstopo:routepoint_id>165269582</swisstopo:routepoint_id>
				</extensions>
			</trkpt>
			<trkpt lat="47.1854272400" lon="8.6937431153">
				<ele>650.0</ele>
				<time>2026-05-21T14:29:08Z</time>
				<extensions>
					<swisstopo:routepoint_id>989509103</swisstopo:routepoint_id>
				</extensions>
			</trkpt>
			<trkpt lat="47.1854174518" lon="8.6937184603">
				<ele>650.1</ele>
				<time>2026-05-21T14:29:09Z</time>
				<extensions>
					<swisstopo:routepoint_id>566131753</swisstopo:routepoint_id>
				</extensions>
			</trkpt>
			<trkpt lat="47.1854282902" lon="8.6937236428">
				<ele>651.1</ele>
				<time>2026-05-21T14:29:09Z</time>
				<extensions>
					<swisstopo:routepoint_id>1623816461</swisstopo:routepoint_id>
				</extensions>
			</trkpt>
			<trkpt lat="47.1854282937" lon="8.6937236513">
				<ele>651.1</ele>
				<time>2026-05-21T14:29:10Z</time>
				<extensions>
					<swisstopo:routepoint_id>1261073951</swisstopo:routepoint_id>
				</extensions>
			</trkpt>
			<trkpt lat="47.1854282647" lon="8.6937235814">
				<ele>651.1</ele>
				<time>2026-05-21T14:29:11Z</time>
				<extensions>
					<swisstopo:routepoint_id>1353782214</swisstopo:routepoint_id>
				</extensions>
			</trkpt>
			<trkpt lat="47.1854281424" lon="8.6937232872">
				<ele>651.1</ele>
				<time>2026-05-21T14:29:12Z</time>
				<extensions>
					<swisstopo:routepoint_id>428430733</swisstopo:routepoint_id>
				</extensions>
			</trkpt>
			<trkpt lat="47.1854279754" lon="8.6937228856">
				<ele>651.1</ele>
				<time>2026-05-21T14:29:13Z</time>
				<extensions>
					<swisstopo:routepoint_id>122661140</swisstopo:routepoint_id>
				</extensions>
			</trkpt>
			<trkpt lat="47.1854274786" lon="8.6937216907">
				<ele>651.2</ele>
				<time>2026-05-21T14:29:14Z</time>
				<extensions>
					<swisstopo:routepoint_id>2128962507</swisstopo:routepoint_id>
				</extensions>
			</trkpt>
			<trkpt lat="47.1854266455" lon="8.6937196869">
				<ele>651.4</ele>
				<time>2026-05-21T14:29:15Z</time>
				<extensions>
					<swisstopo:routepoint_id>100328835</swisstopo:routepoint_id>
				</extensions>
			</trkpt>
			<trkpt lat="47.1854259269" lon="8.6937172028">
				<ele>651.6</ele>
				<time>2026-05-21T14:29:16Z</time>
				<extensions>
					<swisstopo:routepoint_id>452066950</swisstopo:routepoint_id>
				</extensions>
			</trkpt>
			<trkpt lat="47.1854256310" lon="8.6937142617">
				<ele>651.8</ele>
				<time>2026-05-21T14:29:17Z</time>
				<extensions>
					<swisstopo:routepoint_id>92085564</swisstopo:routepoint_id>
				</extensions>
			</trkpt>
			<trkpt lat="47.1854258854" lon="8.6937110824">
				<ele>652.1</ele>
				<time>2026-05-21T14:29:18Z</time>
				<extensions>
					<swisstopo:routepoint_id>1493848308</swisstopo:routepoint_id>
				</extensions>
			</trkpt>
			<trkpt lat="47.1854269460" lon="8.6937079653">
				<ele>652.4</ele>
				<time>2026-05-21T14:29:19Z</time>
				<extensions>
					<swisstopo:routepoint_id>877195479</swisstopo:routepoint_id>
				</extensions>
			</trkpt>
			<trkpt lat="47.1854285321" lon="8.6937049929">
				<ele>652.7</ele>
				<time>2026-05-21T14:29:20Z</time>
				<extensions>
					<swisstopo:routepoint_id>549178898</swisstopo:routepoint_id>
				</extensions>
			</trkpt>
			<trkpt lat="47.1854304917" lon="8.6937021610">
				<ele>652.9</ele>
				<time>2026-05-21T14:29:21Z</time>
				<extensions>
					<swisstopo:routepoint_id>165023880</swisstopo:routepoint_id>
				</extensions>
			</trkpt>
			<trkpt lat="47.1854327191" lon="8.6936994794">
				<ele>653.1</ele>
				<time>2026-05-21T14:29:22Z</time>
				<extensions>
					<swisstopo:routepoint_id>1154962883</swisstopo:routepoint_id>
				</extensions>
			</trkpt>
			<trkpt lat="47.1854352368" lon="8.6936959180">
				<ele>653.2</ele>
				<time>2026-05-21T14:29:23Z</time>
				<extensions>
					<swisstopo:routepoint_id>356489348</swisstopo:routepoint_id>
				</extensions>
			</trkpt>
			<trkpt lat="47.1854382776" lon="8.6936928279">
				<ele>653.3</ele>
				<time>2026-05-21T14:29:24Z</time>
				<extensions>
					<swisstopo:routepoint_id>37096706</swisstopo:routepoint_id>
				</extensions>
			</trkpt>
			<trkpt lat="47.1854407996" lon="8.6936913803">
				<ele>653.2</ele>
				<time>2026-05-21T14:29:25Z</time>
				<extensions>
					<swisstopo:routepoint_id>714080112</swisstopo:routepoint_id>
				</extensions>
			</trkpt>
			<trkpt lat="47.1854427552" lon="8.6936923896">
				<ele>653.2</ele>
				<time>2026-05-21T14:29:26Z</time>
				<extensions>
					<swisstopo:routepoint_id>1405822948</swisstopo:routepoint_id>
				</extensions>
			</trkpt>
			<trkpt lat="47.1854446924" lon="8.6936933568">
				<ele>653.2</ele>
				<time>2026-05-21T14:29:27Z</time>
				<extensions>
					<swisstopo:routepoint_id>1051202742</swisstopo:routepoint_id>
				</extensions>
			</trkpt>
			<trkpt lat="47.1854462499" lon="8.6936943299">
				<ele>653.2</ele>
				<time>2026-05-21T14:29:28Z</time>
				<extensions>
					<swisstopo:routepoint_id>216520925</swisstopo:routepoint_id>
				</extensions>
			</trkpt>
			<trkpt lat="47.1854474122" lon="8.6936953244">
				<ele>653.2</ele>
				<time>2026-05-21T14:29:29Z</time>
				<extensions>
					<swisstopo:routepoint_id>1229888457</swisstopo:routepoint_id>
				</extensions>
			</trkpt>
			<trkpt lat="47.1854469781" lon="8.6936962470">
				<ele>652.7</ele>
				<time>2026-05-21T14:29:30Z</time>
				<extensions>
					<swisstopo:routepoint_id>1205194424</swisstopo:routepoint_id>
				</extensions>
			</trkpt>
			<trkpt lat="47.1854451647" lon="8.6936971454">
				<ele>652.2</ele>
				<time>2026-05-21T14:29:31Z</time>
				<extensions>
					<swisstopo:routepoint_id>636925664</swisstopo:routepoint_id>
				</extensions>
			</trkpt>
			<trkpt lat="47.1854432284" lon="8.6937014338">
				<ele>651.4</ele>
				<time>2026-05-21T14:29:32Z</time>
				<extensions>
					<swisstopo:routepoint_id>1751138200</swisstopo:routepoint_id>
				</extensions>
			</trkpt>
			<trkpt lat="47.1854417170" lon="8.6937045794">
				<ele>650.6</ele>
				<time>2026-05-21T14:29:33Z</time>
				<extensions>
					<swisstopo:routepoint_id>116345265</swisstopo:routepoint_id>
				</extensions>
			</trkpt>
			<trkpt lat="47.1854409043" lon="8.6937061238">
				<ele>649.7</ele>
				<time>2026-05-21T14:29:34Z</time>
				<extensions>
					<swisstopo:routepoint_id>1204750085</swisstopo:routepoint_id>
				</extensions>
			</trkpt>
			<trkpt lat="47.1854395421" lon="8.6937077331">
				<ele>649.1</ele>
				<time>2026-05-21T14:29:35Z</time>
				<extensions>
					<swisstopo:routepoint_id>1758854679</swisstopo:routepoint_id>
				</extensions>
			</trkpt>
			<trkpt lat="47.1854387847" lon="8.6937085730">
				<ele>648.7</ele>
				<time>2026-05-21T14:29:36Z</time>
				<extensions>
					<swisstopo:routepoint_id>958188998</swisstopo:routepoint_id>
				</extensions>
			</trkpt>
			<trkpt lat="47.1854387529" lon="8.6937085884">
				<ele>648.3</ele>
				<time>2026-05-21T14:29:37Z</time>
				<extensions>
					<swisstopo:routepoint_id>302620533</swisstopo:routepoint_id>
				</extensions>
			</trkpt>
			<trkpt lat="47.1854393500" lon="8.6937079022">
				<ele>648.0</ele>
				<time>2026-05-21T14:29:38Z</time>
				<extensions>
					<swisstopo:routepoint_id>902022035</swisstopo:routepoint_id>
				</extensions>
			</trkpt>
			<trkpt lat="47.1854404796" lon="8.6937066328">
				<ele>647.9</ele>
				<time>2026-05-21T14:29:39Z</time>
				<extensions>
					<swisstopo:routepoint_id>1197278072</swisstopo:routepoint_id>
				</extensions>
			</trkpt>
			<trkpt lat="47.1854420494" lon="8.6937048906">
				<ele>647.8</ele>
				<time>2026-05-21T14:29:40Z</time>
				<extensions>
					<swisstopo:routepoint_id>730783714</swisstopo:routepoint_id>
				</extensions>
			</trkpt>
			<trkpt lat="47.1854439742" lon="8.6937027758">
				<ele>647.7</ele>
				<time>2026-05-21T14:29:41Z</time>
				<extensions>
					<swisstopo:routepoint_id>822904005</swisstopo:routepoint_id>
				</extensions>
			</trkpt>
			<trkpt lat="47.1854456676" lon="8.6937008904">
				<ele>647.7</ele>
				<time>2026-05-21T14:29:42Z</time>
				<extensions>
					<swisstopo:routepoint_id>752925355</swisstopo:routepoint_id>
				</extensions>
			</trkpt>
			<trkpt lat="47.1854470596" lon="8.6936993133">
				<ele>647.7</ele>
				<time>2026-05-21T14:29:43Z</time>
				<extensions>
					<swisstopo:routepoint_id>1442793361</swisstopo:routepoint_id>
				</extensions>
			</trkpt>
			<trkpt lat="47.1854481746" lon="8.6936980256">
				<ele>647.7</ele>
				<time>2026-05-21T14:29:44Z</time>
				<extensions>
					<swisstopo:routepoint_id>1790160050</swisstopo:routepoint_id>
				</extensions>
			</trkpt>
			<trkpt lat="47.1854490417" lon="8.6936970018">
				<ele>647.8</ele>
				<time>2026-05-21T14:29:45Z</time>
				<extensions>
					<swisstopo:routepoint_id>974065880</swisstopo:routepoint_id>
				</extensions>
			</trkpt>
			<trkpt lat="47.1854496920" lon="8.6936962128">
				<ele>647.9</ele>
				<time>2026-05-21T14:29:46Z</time>
				<extensions>
					<swisstopo:routepoint_id>857404079</swisstopo:routepoint_id>
				</extensions>
			</trkpt>
			<trkpt lat="47.1854496479" lon="8.6936961414">
				<ele>647.9</ele>
				<time>2026-05-21T14:29:47Z</time>
				<extensions>
					<swisstopo:routepoint_id>775084383</swisstopo:routepoint_id>
				</extensions>
			</trkpt>
			<trkpt lat="47.1854499559" lon="8.6936957321">
				<ele>648.0</ele>
				<time>2026-05-21T14:29:48Z</time>
				<extensions>
					<swisstopo:routepoint_id>207422379</swisstopo:routepoint_id>
				</extensions>
			</trkpt>
			<trkpt lat="47.1854502229" lon="8.6936953806">
				<ele>648.0</ele>
				<time>2026-05-21T14:29:49Z</time>
				<extensions>
					<swisstopo:routepoint_id>781964772</swisstopo:routepoint_id>
				</extensions>
			</trkpt>
			<trkpt lat="47.1854503848" lon="8.6936951506">
				<ele>648.1</ele>
				<time>2026-05-21T14:29:50Z</time>
				<extensions>
					<swisstopo:routepoint_id>2029487011</swisstopo:routepoint_id>
				</extensions>
			</trkpt>
			<trkpt lat="47.1854504639" lon="8.6936950182">
				<ele>648.2</ele>
				<time>2026-05-21T14:29:51Z</time>
				<extensions>
					<swisstopo:routepoint_id>1105428576</swisstopo:routepoint_id>
				</extensions>
			</trkpt>
			<trkpt lat="47.1854504784" lon="8.6936949632">
				<ele>648.2</ele>
				<time>2026-05-21T14:29:52Z</time>
				<extensions>
					<swisstopo:routepoint_id>1057046635</swisstopo:routepoint_id>
				</extensions>
			</trkpt>
			<trkpt lat="47.1854504449" lon="8.6936949674">
				<ele>648.3</ele>
				<time>2026-05-21T14:29:53Z</time>
				<extensions>
					<swisstopo:routepoint_id>1798066461</swisstopo:routepoint_id>
				</extensions>
			</trkpt>
			<trkpt lat="47.1854503775" lon="8.6936950149">
				<ele>648.3</ele>
				<time>2026-05-21T14:29:54Z</time>
				<extensions>
					<swisstopo:routepoint_id>713129443</swisstopo:routepoint_id>
				</extensions>
			</trkpt>
			<trkpt lat="47.1854502878" lon="8.6936950923">
				<ele>648.3</ele>
				<time>2026-05-21T14:29:55Z</time>
				<extensions>
					<swisstopo:routepoint_id>460314594</swisstopo:routepoint_id>
				</extensions>
			</trkpt>
			<trkpt lat="47.1854501854" lon="8.6936951886">
				<ele>648.3</ele>
				<time>2026-05-21T14:29:56Z</time>
				<extensions>
					<swisstopo:routepoint_id>1271284864</swisstopo:routepoint_id>
				</extensions>
			</trkpt>
			<trkpt lat="47.1854500776" lon="8.6936952949">
				<ele>648.4</ele>
				<time>2026-05-21T14:29:57Z</time>
				<extensions>
					<swisstopo:routepoint_id>1169905245</swisstopo:routepoint_id>
				</extensions>
			</trkpt>
			<trkpt lat="47.1854499702" lon="8.6936954045">
				<ele>648.4</ele>
				<time>2026-05-21T14:29:58Z</time>
				<extensions>
					<swisstopo:routepoint_id>237180783</swisstopo:routepoint_id>
				</extensions>
			</trkpt>
			<trkpt lat="47.1854498674" lon="8.6936955120">
				<ele>648.4</ele>
				<time>2026-05-21T14:29:59Z</time>
				<extensions>
					<swisstopo:routepoint_id>567771049</swisstopo:routepoint_id>
				</extensions>
			</trkpt>
			<trkpt lat="47.1854497720" lon="8.6936956137">
				<ele>648.4</ele>
				<time>2026-05-21T14:30:00Z</time>
				<extensions>
					<swisstopo:routepoint_id>1258176922</swisstopo:routepoint_id>
				</extensions>
			</trkpt>
			<trkpt lat="47.1854496858" lon="8.6936957071">
				<ele>648.4</ele>
				<time>2026-05-21T14:30:01Z</time>
				<extensions>
					<swisstopo:routepoint_id>2055539692</swisstopo:routepoint_id>
				</extensions>
			</trkpt>
			<trkpt lat="47.1854496099" lon="8.6936957907">
				<ele>648.4</ele>
				<time>2026-05-21T14:30:02Z</time>
				<extensions>
					<swisstopo:routepoint_id>886174155</swisstopo:routepoint_id>
				</extensions>
			</trkpt>
			<trkpt lat="47.1854495446" lon="8.6936958638">
				<ele>648.4</ele>
				<time>2026-05-21T14:30:03Z</time>
				<extensions>
					<swisstopo:routepoint_id>1129931140</swisstopo:routepoint_id>
				</extensions>
			</trkpt>
			<trkpt lat="47.1854494896" lon="8.6936959262">
				<ele>648.4</ele>
				<time>2026-05-21T14:30:04Z</time>
				<extensions>
					<swisstopo:routepoint_id>554779559</swisstopo:routepoint_id>
				</extensions>
			</trkpt>
			<trkpt lat="47.1854494444" lon="8.6936959783">
				<ele>648.4</ele>
				<time>2026-05-21T14:30:05Z</time>
				<extensions>
					<swisstopo:routepoint_id>1953536486</swisstopo:routepoint_id>
				</extensions>
			</trkpt>
			<trkpt lat="47.1854494081" lon="8.6936960208">
				<ele>648.4</ele>
				<time>2026-05-21T14:30:06Z</time>
				<extensions>
					<swisstopo:routepoint_id>210241219</swisstopo:routepoint_id>
				</extensions>
			</trkpt>
			<trkpt lat="47.1854493800" lon="8.6936960544">
				<ele>648.4</ele>
				<time>2026-05-21T14:30:07Z</time>
				<extensions>
					<swisstopo:routepoint_id>913568418</swisstopo:routepoint_id>
				</extensions>
			</trkpt>
			<trkpt lat="47.1854493589" lon="8.6936960803">
				<ele>648.4</ele>
				<time>2026-05-21T14:30:08Z</time>
				<extensions>
					<swisstopo:routepoint_id>1983808923</swisstopo:routepoint_id>
				</extensions>
			</trkpt>
			<trkpt lat="47.1854493438" lon="8.6936960994">
				<ele>648.4</ele>
				<time>2026-05-21T14:30:09Z</time>
				<extensions>
					<swisstopo:routepoint_id>45465539</swisstopo:routepoint_id>
				</extensions>
			</trkpt>
			<trkpt lat="47.1854493337" lon="8.6936961128">
				<ele>648.4</ele>
				<time>2026-05-21T14:30:10Z</time>
				<extensions>
					<swisstopo:routepoint_id>1782619288</swisstopo:routepoint_id>
				</extensions>
			</trkpt>
			<trkpt lat="47.1854493277" lon="8.6936961214">
				<ele>648.4</ele>
				<time>2026-05-21T14:30:11Z</time>
				<extensions>
					<swisstopo:routepoint_id>938014119</swisstopo:routepoint_id>
				</extensions>
			</trkpt>
			<trkpt lat="47.1854493250" lon="8.6936961262">
				<ele>648.4</ele>
				<time>2026-05-21T14:30:12Z</time>
				<extensions>
					<swisstopo:routepoint_id>525845406</swisstopo:routepoint_id>
				</extensions>
			</trkpt>
			<trkpt lat="47.1854493248" lon="8.6936961280">
				<ele>648.4</ele>
				<time>2026-05-21T14:30:13Z</time>
				<extensions>
					<swisstopo:routepoint_id>988531237</swisstopo:routepoint_id>
				</extensions>
			</trkpt>
			<trkpt lat="47.1854493264" lon="8.6936961275">
				<ele>648.4</ele>
				<time>2026-05-21T14:30:14Z</time>
				<extensions>
					<swisstopo:routepoint_id>1311007067</swisstopo:routepoint_id>
				</extensions>
			</trkpt>
			<trkpt lat="47.1854493293" lon="8.6936961254">
				<ele>648.4</ele>
				<time>2026-05-21T14:30:15Z</time>
				<extensions>
					<swisstopo:routepoint_id>913556849</swisstopo:routepoint_id>
				</extensions>
			</trkpt>
			<trkpt lat="47.1854493330" lon="8.6936961221">
				<ele>648.4</ele>
				<time>2026-05-21T14:30:16Z</time>
				<extensions>
					<swisstopo:routepoint_id>1789368740</swisstopo:routepoint_id>
				</extensions>
			</trkpt>
			<trkpt lat="47.1854493372" lon="8.6936961181">
				<ele>648.4</ele>
				<time>2026-05-21T14:30:17Z</time>
				<extensions>
					<swisstopo:routepoint_id>559420592</swisstopo:routepoint_id>
				</extensions>
			</trkpt>
			<trkpt lat="47.1854493416" lon="8.6936961138">
				<ele>648.4</ele>
				<time>2026-05-21T14:30:18Z</time>
				<extensions>
					<swisstopo:routepoint_id>498483178</swisstopo:routepoint_id>
				</extensions>
			</trkpt>
			<trkpt lat="47.1854493459" lon="8.6936961094">
				<ele>648.4</ele>
				<time>2026-05-21T14:30:19Z</time>
				<extensions>
					<swisstopo:routepoint_id>673065699</swisstopo:routepoint_id>
				</extensions>
			</trkpt>
			<trkpt lat="47.1854493500" lon="8.6936961051">
				<ele>648.4</ele>
				<time>2026-05-21T14:30:20Z</time>
				<extensions>
					<swisstopo:routepoint_id>1418834344</swisstopo:routepoint_id>
				</extensions>
			</trkpt>
			<trkpt lat="47.1854493538" lon="8.6936961010">
				<ele>648.4</ele>
				<time>2026-05-21T14:30:21Z</time>
				<extensions>
					<swisstopo:routepoint_id>690403320</swisstopo:routepoint_id>
				</extensions>
			</trkpt>
			<trkpt lat="47.1854493572" lon="8.6936960973">
				<ele>648.4</ele>
				<time>2026-05-21T14:30:22Z</time>
				<extensions>
					<swisstopo:routepoint_id>754454499</swisstopo:routepoint_id>
				</extensions>
			</trkpt>
			<trkpt lat="47.1854493602" lon="8.6936960940">
				<ele>648.4</ele>
				<time>2026-05-21T14:30:23Z</time>
				<extensions>
					<swisstopo:routepoint_id>1373312805</swisstopo:routepoint_id>
				</extensions>
			</trkpt>
			<trkpt lat="47.1854493628" lon="8.6936960911">
				<ele>648.4</ele>
				<time>2026-05-21T14:30:24Z</time>
				<extensions>
					<swisstopo:routepoint_id>114075679</swisstopo:routepoint_id>
				</extensions>
			</trkpt>
			<trkpt lat="47.1854493649" lon="8.6936960886">
				<ele>648.4</ele>
				<time>2026-05-21T14:30:25Z</time>
				<extensions>
					<swisstopo:routepoint_id>1714523829</swisstopo:routepoint_id>
				</extensions>
			</trkpt>
			<trkpt lat="47.1854493667" lon="8.6936960866">
				<ele>648.4</ele>
				<time>2026-05-21T14:30:26Z</time>
				<extensions>
					<swisstopo:routepoint_id>1066418557</swisstopo:routepoint_id>
				</extensions>
			</trkpt>
			<trkpt lat="47.1854493681" lon="8.6936960849">
				<ele>648.4</ele>
				<time>2026-05-21T14:30:27Z</time>
				<extensions>
					<swisstopo:routepoint_id>398169637</swisstopo:routepoint_id>
				</extensions>
			</trkpt>
			<trkpt lat="47.1854493692" lon="8.6936960836">
				<ele>648.4</ele>
				<time>2026-05-21T14:30:28Z</time>
				<extensions>
					<swisstopo:routepoint_id>478045007</swisstopo:routepoint_id>
				</extensions>
			</trkpt>
			<trkpt lat="47.1854493700" lon="8.6936960826">
				<ele>648.4</ele>
				<time>2026-05-21T14:30:29Z</time>
				<extensions>
					<swisstopo:routepoint_id>766109222</swisstopo:routepoint_id>
				</extensions>
			</trkpt>
			<trkpt lat="47.1854493706" lon="8.6936960819">
				<ele>648.4</ele>
				<time>2026-05-21T14:30:30Z</time>
				<extensions>
					<swisstopo:routepoint_id>1833230389</swisstopo:routepoint_id>
				</extensions>
			</trkpt>
			<trkpt lat="47.1854493710" lon="8.6936960814">
				<ele>648.4</ele>
				<time>2026-05-21T14:30:31Z</time>
				<extensions>
					<swisstopo:routepoint_id>1155264414</swisstopo:routepoint_id>
				</extensions>
			</trkpt>
			<trkpt lat="47.1854493712" lon="8.6936960811">
				<ele>648.4</ele>
				<time>2026-05-21T14:30:32Z</time>
				<extensions>
					<swisstopo:routepoint_id>1129353571</swisstopo:routepoint_id>
				</extensions>
			</trkpt>
			<trkpt lat="47.1854493713" lon="8.6936960809">
				<ele>648.4</ele>
				<time>2026-05-21T14:30:33Z</time>
				<extensions>
					<swisstopo:routepoint_id>1584995611</swisstopo:routepoint_id>
				</extensions>
			</trkpt>
			<trkpt lat="47.1854493713" lon="8.6936960808">
				<ele>648.4</ele>
				<time>2026-05-21T14:30:34Z</time>
				<extensions>
					<swisstopo:routepoint_id>1634076689</swisstopo:routepoint_id>
				</extensions>
			</trkpt>
			<trkpt lat="47.1854493712" lon="8.6936960809">
				<ele>648.4</ele>
				<time>2026-05-21T14:30:35Z</time>
				<extensions>
					<swisstopo:routepoint_id>1906034187</swisstopo:routepoint_id>
				</extensions>
			</trkpt>
			<trkpt lat="47.1854493711" lon="8.6936960810">
				<ele>648.4</ele>
				<time>2026-05-21T14:30:36Z</time>
				<extensions>
					<swisstopo:routepoint_id>703018610</swisstopo:routepoint_id>
				</extensions>
			</trkpt>
			<trkpt lat="47.1854493709" lon="8.6936960811">
				<ele>648.4</ele>
				<time>2026-05-21T14:30:37Z</time>
				<extensions>
					<swisstopo:routepoint_id>178752476</swisstopo:routepoint_id>
				</extensions>
			</trkpt>
			<trkpt lat="47.1854493707" lon="8.6936960813">
				<ele>648.4</ele>
				<time>2026-05-21T14:30:38Z</time>
				<extensions>
					<swisstopo:routepoint_id>2110725626</swisstopo:routepoint_id>
				</extensions>
			</trkpt>
			<trkpt lat="47.1854493706" lon="8.6936960815">
				<ele>648.4</ele>
				<time>2026-05-21T14:30:39Z</time>
				<extensions>
					<swisstopo:routepoint_id>683231389</swisstopo:routepoint_id>
				</extensions>
			</trkpt>
			<trkpt lat="47.1854493704" lon="8.6936960816">
				<ele>648.4</ele>
				<time>2026-05-21T14:30:40Z</time>
				<extensions>
					<swisstopo:routepoint_id>474894414</swisstopo:routepoint_id>
				</extensions>
			</trkpt>
			<trkpt lat="47.1854493702" lon="8.6936960818">
				<ele>648.4</ele>
				<time>2026-05-21T14:30:41Z</time>
				<extensions>
					<swisstopo:routepoint_id>1501183846</swisstopo:routepoint_id>
				</extensions>
			</trkpt>
			<trkpt lat="47.1854493701" lon="8.6936960820">
				<ele>648.4</ele>
				<time>2026-05-21T14:30:42Z</time>
				<extensions>
					<swisstopo:routepoint_id>1759014766</swisstopo:routepoint_id>
				</extensions>
			</trkpt>
			<trkpt lat="47.1854493699" lon="8.6936960821">
				<ele>648.4</ele>
				<time>2026-05-21T14:30:43Z</time>
				<extensions>
					<swisstopo:routepoint_id>1501287560</swisstopo:routepoint_id>
				</extensions>
			</trkpt>
			<trkpt lat="47.1854493698" lon="8.6936960822">
				<ele>648.4</ele>
				<time>2026-05-21T14:30:44Z</time>
				<extensions>
					<swisstopo:routepoint_id>1354652317</swisstopo:routepoint_id>
				</extensions>
			</trkpt>
			<trkpt lat="47.1854493697" lon="8.6936960824">
				<ele>648.4</ele>
				<time>2026-05-21T14:30:45Z</time>
				<extensions>
					<swisstopo:routepoint_id>19866325</swisstopo:routepoint_id>
				</extensions>
			</trkpt>
			<trkpt lat="47.1854493696" lon="8.6936960825">
				<ele>648.4</ele>
				<time>2026-05-21T14:30:46Z</time>
				<extensions>
					<swisstopo:routepoint_id>1033358990</swisstopo:routepoint_id>
				</extensions>
			</trkpt>
			<trkpt lat="47.1854493696" lon="8.6936960825">
				<ele>648.4</ele>
				<time>2026-05-21T14:30:47Z</time>
				<extensions>
					<swisstopo:routepoint_id>964291641</swisstopo:routepoint_id>
				</extensions>
			</trkpt>
			<trkpt lat="47.1854493695" lon="8.6936960826">
				<ele>648.4</ele>
				<time>2026-05-21T14:30:48Z</time>
				<extensions>
					<swisstopo:routepoint_id>1938010025</swisstopo:routepoint_id>
				</extensions>
			</trkpt>
			<trkpt lat="47.1854493695" lon="8.6936960827">
				<ele>648.4</ele>
				<time>2026-05-21T14:30:49Z</time>
				<extensions>
					<swisstopo:routepoint_id>1250016126</swisstopo:routepoint_id>
				</extensions>
			</trkpt>
			<trkpt lat="47.1854493694" lon="8.6936960827">
				<ele>648.4</ele>
				<time>2026-05-21T14:30:50Z</time>
				<extensions>
					<swisstopo:routepoint_id>188511081</swisstopo:routepoint_id>
				</extensions>
			</trkpt>
			<trkpt lat="47.1854493694" lon="8.6936960827">
				<ele>648.4</ele>
				<time>2026-05-21T14:30:51Z</time>
				<extensions>
					<swisstopo:routepoint_id>767359042</swisstopo:routepoint_id>
				</extensions>
			</trkpt>
			<trkpt lat="47.1854493694" lon="8.6936960827">
				<ele>648.4</ele>
				<time>2026-05-21T14:30:52Z</time>
				<extensions>
					<swisstopo:routepoint_id>1364118659</swisstopo:routepoint_id>
				</extensions>
			</trkpt>
			<trkpt lat="47.1854493694" lon="8.6936960827">
				<ele>648.4</ele>
				<time>2026-05-21T14:30:53Z</time>
				<extensions>
					<swisstopo:routepoint_id>206886441</swisstopo:routepoint_id>
				</extensions>
			</trkpt>
			<trkpt lat="47.1854493694" lon="8.6936960828">
				<ele>648.4</ele>
				<time>2026-05-21T14:30:54Z</time>
				<extensions>
					<swisstopo:routepoint_id>364389394</swisstopo:routepoint_id>
				</extensions>
			</trkpt>
			<trkpt lat="47.1854493694" lon="8.6936960828">
				<ele>648.4</ele>
				<time>2026-05-21T14:30:55Z</time>
				<extensions>
					<swisstopo:routepoint_id>1816667361</swisstopo:routepoint_id>
				</extensions>
			</trkpt>
			<trkpt lat="47.1854493694" lon="8.6936960828">
				<ele>648.4</ele>
				<time>2026-05-21T14:30:56Z</time>
				<extensions>
					<swisstopo:routepoint_id>1953326928</swisstopo:routepoint_id>
				</extensions>
			</trkpt>
			<trkpt lat="47.1854493694" lon="8.6936960828">
				<ele>648.4</ele>
				<time>2026-05-21T14:30:57Z</time>
				<extensions>
					<swisstopo:routepoint_id>983167207</swisstopo:routepoint_id>
				</extensions>
			</trkpt>
			<trkpt lat="47.1854493694" lon="8.6936960827">
				<ele>648.4</ele>
				<time>2026-05-21T14:30:58Z</time>
				<extensions>
					<swisstopo:routepoint_id>1352068031</swisstopo:routepoint_id>
				</extensions>
			</trkpt>
			<trkpt lat="47.1854493694" lon="8.6936960827">
				<ele>648.4</ele>
				<time>2026-05-21T14:30:59Z</time>
				<extensions>
					<swisstopo:routepoint_id>1682928110</swisstopo:routepoint_id>
				</extensions>
			</trkpt>
			<trkpt lat="47.1854493694" lon="8.6936960827">
				<ele>648.4</ele>
				<time>2026-05-21T14:31:00Z</time>
				<extensions>
					<swisstopo:routepoint_id>465630133</swisstopo:routepoint_id>
				</extensions>
			</trkpt>
			<trkpt lat="47.1854493694" lon="8.6936960827">
				<ele>648.4</ele>
				<time>2026-05-21T14:31:01Z</time>
				<extensions>
					<swisstopo:routepoint_id>415235663</swisstopo:routepoint_id>
				</extensions>
			</trkpt>
			<trkpt lat="47.1854493694" lon="8.6936960827">
				<ele>648.4</ele>
				<time>2026-05-21T14:31:02Z</time>
				<extensions>
					<swisstopo:routepoint_id>1691418938</swisstopo:routepoint_id>
				</extensions>
			</trkpt>
			<trkpt lat="47.1854493694" lon="8.6936960827">
				<ele>648.4</ele>
				<time>2026-05-21T14:31:03Z</time>
				<extensions>
					<swisstopo:routepoint_id>1437055627</swisstopo:routepoint_id>
				</extensions>
			</trkpt>
			<trkpt lat="47.1854493695" lon="8.6936960827">
				<ele>648.4</ele>
				<time>2026-05-21T14:31:04Z</time>
				<extensions>
					<swisstopo:routepoint_id>1992828827</swisstopo:routepoint_id>
				</extensions>
			</trkpt>
			<trkpt lat="47.1854493695" lon="8.6936960827">
				<ele>648.4</ele>
				<time>2026-05-21T14:31:05Z</time>
				<extensions>
					<swisstopo:routepoint_id>1319136777</swisstopo:routepoint_id>
				</extensions>
			</trkpt>
			<trkpt lat="47.1854493695" lon="8.6936960827">
				<ele>648.4</ele>
				<time>2026-05-21T14:31:06Z</time>
				<extensions>
					<swisstopo:routepoint_id>110639411</swisstopo:routepoint_id>
				</extensions>
			</trkpt>
			<trkpt lat="47.1854493695" lon="8.6936960827">
				<ele>648.4</ele>
				<time>2026-05-21T14:31:07Z</time>
				<extensions>
					<swisstopo:routepoint_id>1943226022</swisstopo:routepoint_id>
				</extensions>
			</trkpt>
			<trkpt lat="47.1854493695" lon="8.6936960827">
				<ele>648.4</ele>
				<time>2026-05-21T14:31:08Z</time>
				<extensions>
					<swisstopo:routepoint_id>868448178</swisstopo:routepoint_id>
				</extensions>
			</trkpt>
			<trkpt lat="47.1854493695" lon="8.6936960827">
				<ele>648.4</ele>
				<time>2026-05-21T14:31:09Z</time>
				<extensions>
					<swisstopo:routepoint_id>1709662634</swisstopo:routepoint_id>
				</extensions>
			</trkpt>
			<trkpt lat="47.1854493695" lon="8.6936960827">
				<ele>648.4</ele>
				<time>2026-05-21T14:31:10Z</time>
				<extensions>
					<swisstopo:routepoint_id>968692778</swisstopo:routepoint_id>
				</extensions>
			</trkpt>
			<trkpt lat="47.1854493695" lon="8.6936960827">
				<ele>648.4</ele>
				<time>2026-05-21T14:31:11Z</time>
				<extensions>
					<swisstopo:routepoint_id>745991939</swisstopo:routepoint_id>
				</extensions>
			</trkpt>
			<trkpt lat="47.1854493695" lon="8.6936960827">
				<ele>648.4</ele>
				<time>2026-05-21T14:31:12Z</time>
				<extensions>
					<swisstopo:routepoint_id>876987587</swisstopo:routepoint_id>
				</extensions>
			</trkpt>
			<trkpt lat="47.1854493695" lon="8.6936960827">
				<ele>648.4</ele>
				<time>2026-05-21T14:31:13Z</time>
				<extensions>
					<swisstopo:routepoint_id>1350105348</swisstopo:routepoint_id>
				</extensions>
			</trkpt>
			<trkpt lat="47.1854493695" lon="8.6936960827">
				<ele>648.4</ele>
				<time>2026-05-21T14:31:14Z</time>
				<extensions>
					<swisstopo:routepoint_id>908369634</swisstopo:routepoint_id>
				</extensions>
			</trkpt>
			<trkpt lat="47.1854493695" lon="8.6936960827">
				<ele>648.4</ele>
				<time>2026-05-21T14:31:15Z</time>
				<extensions>
					<swisstopo:routepoint_id>507192115</swisstopo:routepoint_id>
				</extensions>
			</trkpt>
			<trkpt lat="47.1854493695" lon="8.6936960827">
				<ele>648.4</ele>
				<time>2026-05-21T14:31:16Z</time>
				<extensions>
					<swisstopo:routepoint_id>1015281862</swisstopo:routepoint_id>
				</extensions>
			</trkpt>
			<trkpt lat="47.1854493695" lon="8.6936960827">
				<ele>648.4</ele>
				<time>2026-05-21T14:31:17Z</time>
				<extensions>
					<swisstopo:routepoint_id>2084679219</swisstopo:routepoint_id>
				</extensions>
			</trkpt>
			<trkpt lat="47.1854493695" lon="8.6936960827">
				<ele>648.4</ele>
				<time>2026-05-21T14:31:18Z</time>
				<extensions>
					<swisstopo:routepoint_id>1007932928</swisstopo:routepoint_id>
				</extensions>
			</trkpt>
			<trkpt lat="47.1854493695" lon="8.6936960827">
				<ele>648.4</ele>
				<time>2026-05-21T14:31:19Z</time>
				<extensions>
					<swisstopo:routepoint_id>977713360</swisstopo:routepoint_id>
				</extensions>
			</trkpt>
			<trkpt lat="47.1854493695" lon="8.6936960827">
				<ele>648.4</ele>
				<time>2026-05-21T14:31:20Z</time>
				<extensions>
					<swisstopo:routepoint_id>2031058323</swisstopo:routepoint_id>
				</extensions>
			</trkpt>
			<trkpt lat="47.1854493695" lon="8.6936960827">
				<ele>648.4</ele>
				<time>2026-05-21T14:31:21Z</time>
				<extensions>
					<swisstopo:routepoint_id>1744665596</swisstopo:routepoint_id>
				</extensions>
			</trkpt>
			<trkpt lat="47.1854493695" lon="8.6936960827">
				<ele>648.4</ele>
				<time>2026-05-21T14:31:22Z</time>
				<extensions>
					<swisstopo:routepoint_id>852955834</swisstopo:routepoint_id>
				</extensions>
			</trkpt>
			<trkpt lat="47.1854493695" lon="8.6936960827">
				<ele>648.4</ele>
				<time>2026-05-21T14:31:23Z</time>
				<extensions>
					<swisstopo:routepoint_id>1175358313</swisstopo:routepoint_id>
				</extensions>
			</trkpt>
			<trkpt lat="47.1854493695" lon="8.6936960827">
				<ele>648.4</ele>
				<time>2026-05-21T14:31:24Z</time>
				<extensions>
					<swisstopo:routepoint_id>1692581485</swisstopo:routepoint_id>
				</extensions>
			</trkpt>
			<trkpt lat="47.1854493695" lon="8.6936960827">
				<ele>648.4</ele>
				<time>2026-05-21T14:31:25Z</time>
				<extensions>
					<swisstopo:routepoint_id>1648630233</swisstopo:routepoint_id>
				</extensions>
			</trkpt>
			<trkpt lat="47.1854493695" lon="8.6936960827">
				<ele>648.4</ele>
				<time>2026-05-21T14:31:26Z</time>
				<extensions>
					<swisstopo:routepoint_id>1694312437</swisstopo:routepoint_id>
				</extensions>
			</trkpt>
			<trkpt lat="47.1854493695" lon="8.6936960827">
				<ele>648.4</ele>
				<time>2026-05-21T14:31:27Z</time>
				<extensions>
					<swisstopo:routepoint_id>675969439</swisstopo:routepoint_id>
				</extensions>
			</trkpt>
			<trkpt lat="47.1854493695" lon="8.6936960827">
				<ele>648.4</ele>
				<time>2026-05-21T14:31:28Z</time>
				<extensions>
					<swisstopo:routepoint_id>829868643</swisstopo:routepoint_id>
				</extensions>
			</trkpt>
			<trkpt lat="47.1854493695" lon="8.6936960827">
				<ele>648.4</ele>
				<time>2026-05-21T14:31:29Z</time>
				<extensions>
					<swisstopo:routepoint_id>1843479283</swisstopo:routepoint_id>
				</extensions>
			</trkpt>
			<trkpt lat="47.1854493695" lon="8.6936960827">
				<ele>648.4</ele>
				<time>2026-05-21T14:31:30Z</time>
				<extensions>
					<swisstopo:routepoint_id>1609734112</swisstopo:routepoint_id>
				</extensions>
			</trkpt>
			<trkpt lat="47.1854493695" lon="8.6936960827">
				<ele>648.4</ele>
				<time>2026-05-21T14:31:31Z</time>
				<extensions>
					<swisstopo:routepoint_id>802235478</swisstopo:routepoint_id>
				</extensions>
			</trkpt>
			<trkpt lat="47.1854493695" lon="8.6936960827">
				<ele>648.4</ele>
				<time>2026-05-21T14:31:32Z</time>
				<extensions>
					<swisstopo:routepoint_id>1269342880</swisstopo:routepoint_id>
				</extensions>
			</trkpt>
			<trkpt lat="47.1854493695" lon="8.6936960827">
				<ele>648.4</ele>
				<time>2026-05-21T14:31:33Z</time>
				<extensions>
					<swisstopo:routepoint_id>743234862</swisstopo:routepoint_id>
				</extensions>
			</trkpt>
			<trkpt lat="47.1854493695" lon="8.6936960827">
				<ele>648.4</ele>
				<time>2026-05-21T14:31:34Z</time>
				<extensions>
					<swisstopo:routepoint_id>1783434682</swisstopo:routepoint_id>
				</extensions>
			</trkpt>
			<trkpt lat="47.1854493695" lon="8.6936960827">
				<ele>648.4</ele>
				<time>2026-05-21T14:31:35Z</time>
				<extensions>
					<swisstopo:routepoint_id>1757439195</swisstopo:routepoint_id>
				</extensions>
			</trkpt>
			<trkpt lat="47.1854493695" lon="8.6936960827">
				<ele>648.4</ele>
				<time>2026-05-21T14:31:36Z</time>
				<extensions>
					<swisstopo:routepoint_id>790469527</swisstopo:routepoint_id>
				</extensions>
			</trkpt>
			<trkpt lat="47.1854493695" lon="8.6936960827">
				<ele>648.4</ele>
				<time>2026-05-21T14:31:37Z</time>
				<extensions>
					<swisstopo:routepoint_id>1087499947</swisstopo:routepoint_id>
				</extensions>
			</trkpt>
			<trkpt lat="47.1854493695" lon="8.6936960827">
				<ele>648.4</ele>
				<time>2026-05-21T14:31:38Z</time>
				<extensions>
					<swisstopo:routepoint_id>378289612</swisstopo:routepoint_id>
				</extensions>
			</trkpt>
			<trkpt lat="47.1854493695" lon="8.6936960827">
				<ele>648.4</ele>
				<time>2026-05-21T14:31:39Z</time>
				<extensions>
					<swisstopo:routepoint_id>1361913764</swisstopo:routepoint_id>
				</extensions>
			</trkpt>
			<trkpt lat="47.1854493695" lon="8.6936960827">
				<ele>648.4</ele>
				<time>2026-05-21T14:31:40Z</time>
				<extensions>
					<swisstopo:routepoint_id>1803921822</swisstopo:routepoint_id>
				</extensions>
			</trkpt>
			<trkpt lat="47.1854493695" lon="8.6936960827">
				<ele>648.4</ele>
				<time>2026-05-21T14:31:41Z</time>
				<extensions>
					<swisstopo:routepoint_id>339934008</swisstopo:routepoint_id>
				</extensions>
			</trkpt>
			<trkpt lat="47.1854493695" lon="8.6936960827">
				<ele>648.4</ele>
				<time>2026-05-21T14:31:42Z</time>
				<extensions>
					<swisstopo:routepoint_id>964371436</swisstopo:routepoint_id>
				</extensions>
			</trkpt>
			<trkpt lat="47.1854493695" lon="8.6936960827">
				<ele>648.4</ele>
				<time>2026-05-21T14:31:43Z</time>
				<extensions>
					<swisstopo:routepoint_id>1131640943</swisstopo:routepoint_id>
				</extensions>
			</trkpt>
			<trkpt lat="47.1854493695" lon="8.6936960827">
				<ele>648.4</ele>
				<time>2026-05-21T14:31:44Z</time>
				<extensions>
					<swisstopo:routepoint_id>1374151169</swisstopo:routepoint_id>
				</extensions>
			</trkpt>
			<trkpt lat="47.1854493695" lon="8.6936960827">
				<ele>648.4</ele>
				<time>2026-05-21T14:31:45Z</time>
				<extensions>
					<swisstopo:routepoint_id>1319557545</swisstopo:routepoint_id>
				</extensions>
			</trkpt>
			<trkpt lat="47.1854493695" lon="8.6936960827">
				<ele>648.4</ele>
				<time>2026-05-21T14:31:46Z</time>
				<extensions>
					<swisstopo:routepoint_id>740036246</swisstopo:routepoint_id>
				</extensions>
			</trkpt>
			<trkpt lat="47.1854448691" lon="8.6937013951">
				<ele>649.0</ele>
				<time>2026-05-21T14:31:47Z</time>
				<extensions>
					<swisstopo:routepoint_id>1711386745</swisstopo:routepoint_id>
				</extensions>
			</trkpt>
			<trkpt lat="47.1854400557" lon="8.6937058097">
				<ele>649.8</ele>
				<time>2026-05-21T14:31:48Z</time>
				<extensions>
					<swisstopo:routepoint_id>2028538944</swisstopo:routepoint_id>
				</extensions>
			</trkpt>
			<trkpt lat="47.1854353700" lon="8.6937079502">
				<ele>650.4</ele>
				<time>2026-05-21T14:31:49Z</time>
				<extensions>
					<swisstopo:routepoint_id>203652036</swisstopo:routepoint_id>
				</extensions>
			</trkpt>
			<trkpt lat="47.1854297912" lon="8.6937068806">
				<ele>651.0</ele>
				<time>2026-05-21T14:31:50Z</time>
				<extensions>
					<swisstopo:routepoint_id>1838319381</swisstopo:routepoint_id>
				</extensions>
			</trkpt>
			<trkpt lat="47.1854242772" lon="8.6937058251">
				<ele>651.4</ele>
				<time>2026-05-21T14:31:51Z</time>
				<extensions>
					<swisstopo:routepoint_id>786607078</swisstopo:routepoint_id>
				</extensions>
			</trkpt>
			<trkpt lat="47.1854207844" lon="8.6937014685">
				<ele>651.9</ele>
				<time>2026-05-21T14:31:52Z</time>
				<extensions>
					<swisstopo:routepoint_id>595829014</swisstopo:routepoint_id>
				</extensions>
			</trkpt>
			<trkpt lat="47.1854176573" lon="8.6936966469">
				<ele>652.2</ele>
				<time>2026-05-21T14:31:53Z</time>
				<extensions>
					<swisstopo:routepoint_id>381992337</swisstopo:routepoint_id>
				</extensions>
			</trkpt>
			<trkpt lat="47.1854064486" lon="8.6936901369">
				<ele>652.3</ele>
				<time>2026-05-21T14:31:54Z</time>
				<extensions>
					<swisstopo:routepoint_id>1316587076</swisstopo:routepoint_id>
				</extensions>
			</trkpt>
			<trkpt lat="47.1853929160" lon="8.6936785434">
				<ele>652.3</ele>
				<time>2026-05-21T14:31:55Z</time>
				<extensions>
					<swisstopo:routepoint_id>207487644</swisstopo:routepoint_id>
				</extensions>
			</trkpt>
			<trkpt lat="47.1853839477" lon="8.6936671470">
				<ele>652.4</ele>
				<time>2026-05-21T14:31:56Z</time>
				<extensions>
					<swisstopo:routepoint_id>1878873627</swisstopo:routepoint_id>
				</extensions>
			</trkpt>
			<trkpt lat="47.1853736223" lon="8.6936408212">
				<ele>652.3</ele>
				<time>2026-05-21T14:31:56Z</time>
				<extensions>
					<swisstopo:routepoint_id>1629503501</swisstopo:routepoint_id>
				</extensions>
			</trkpt>
			<trkpt lat="47.1853736228" lon="8.6936408421">
				<ele>652.3</ele>
				<time>2026-05-21T14:31:57Z</time>
				<extensions>
					<swisstopo:routepoint_id>206391116</swisstopo:routepoint_id>
				</extensions>
			</trkpt>
			<trkpt lat="47.1853736158" lon="8.6936406533">
				<ele>652.3</ele>
				<time>2026-05-21T14:31:58Z</time>
				<extensions>
					<swisstopo:routepoint_id>629396707</swisstopo:routepoint_id>
				</extensions>
			</trkpt>
			<trkpt lat="47.1853736525" lon="8.6936393232">
				<ele>652.3</ele>
				<time>2026-05-21T14:31:59Z</time>
				<extensions>
					<swisstopo:routepoint_id>1913493074</swisstopo:routepoint_id>
				</extensions>
			</trkpt>
			<trkpt lat="47.1853736119" lon="8.6936346262">
				<ele>652.3</ele>
				<time>2026-05-21T14:32:00Z</time>
				<extensions>
					<swisstopo:routepoint_id>1510480893</swisstopo:routepoint_id>
				</extensions>
			</trkpt>
			<trkpt lat="47.1853731259" lon="8.6936231572">
				<ele>652.4</ele>
				<time>2026-05-21T14:32:01Z</time>
				<extensions>
					<swisstopo:routepoint_id>1248177464</swisstopo:routepoint_id>
				</extensions>
			</trkpt>
			<trkpt lat="47.1853707223" lon="8.6936019437">
				<ele>652.4</ele>
				<time>2026-05-21T14:32:02Z</time>
				<extensions>
					<swisstopo:routepoint_id>1498373552</swisstopo:routepoint_id>
				</extensions>
			</trkpt>
			<trkpt lat="47.1853646410" lon="8.6935706323">
				<ele>652.4</ele>
				<time>2026-05-21T14:32:03Z</time>
				<extensions>
					<swisstopo:routepoint_id>1771043742</swisstopo:routepoint_id>
				</extensions>
			</trkpt>
			<trkpt lat="47.1853585189" lon="8.6935269007">
				<ele>652.6</ele>
				<time>2026-05-21T14:32:04Z</time>
				<extensions>
					<swisstopo:routepoint_id>1808824374</swisstopo:routepoint_id>
				</extensions>
			</trkpt>
			<trkpt lat="47.1853496449" lon="8.6934750298">
				<ele>652.8</ele>
				<time>2026-05-21T14:32:05Z</time>
				<extensions>
					<swisstopo:routepoint_id>1132746886</swisstopo:routepoint_id>
				</extensions>
			</trkpt>
			<trkpt lat="47.1853379712" lon="8.6934187303">
				<ele>653.0</ele>
				<time>2026-05-21T14:32:06Z</time>
				<extensions>
					<swisstopo:routepoint_id>634382347</swisstopo:routepoint_id>
				</extensions>
			</trkpt>
			<trkpt lat="47.1853257151" lon="8.6933647534">
				<ele>653.0</ele>
				<time>2026-05-21T14:32:07Z</time>
				<extensions>
					<swisstopo:routepoint_id>1955282321</swisstopo:routepoint_id>
				</extensions>
			</trkpt>
			<trkpt lat="47.1853128598" lon="8.6933142218">
				<ele>653.0</ele>
				<time>2026-05-21T14:32:08Z</time>
				<extensions>
					<swisstopo:routepoint_id>1635202653</swisstopo:routepoint_id>
				</extensions>
			</trkpt>
			<trkpt lat="47.1853001483" lon="8.6932658411">
				<ele>653.1</ele>
				<time>2026-05-21T14:32:09Z</time>
				<extensions>
					<swisstopo:routepoint_id>1502758312</swisstopo:routepoint_id>
				</extensions>
			</trkpt>
			<trkpt lat="47.1852869844" lon="8.6932219291">
				<ele>653.1</ele>
				<time>2026-05-21T14:32:10Z</time>
				<extensions>
					<swisstopo:routepoint_id>303777417</swisstopo:routepoint_id>
				</extensions>
			</trkpt>
			<trkpt lat="47.1852737370" lon="8.6931820396">
				<ele>653.3</ele>
				<time>2026-05-21T14:32:11Z</time>
				<extensions>
					<swisstopo:routepoint_id>1018418600</swisstopo:routepoint_id>
				</extensions>
			</trkpt>
			<trkpt lat="47.1852605193" lon="8.6931456072">
				<ele>653.5</ele>
				<time>2026-05-21T14:32:12Z</time>
				<extensions>
					<swisstopo:routepoint_id>1116743610</swisstopo:routepoint_id>
				</extensions>
			</trkpt>
			<trkpt lat="47.1852474790" lon="8.6931104475">
				<ele>653.7</ele>
				<time>2026-05-21T14:32:13Z</time>
				<extensions>
					<swisstopo:routepoint_id>102778490</swisstopo:routepoint_id>
				</extensions>
			</trkpt>
			<trkpt lat="47.1852367960" lon="8.6930777273">
				<ele>654.0</ele>
				<time>2026-05-21T14:32:14Z</time>
				<extensions>
					<swisstopo:routepoint_id>821229242</swisstopo:routepoint_id>
				</extensions>
			</trkpt>
			<trkpt lat="47.1852251059" lon="8.6930482390">
				<ele>654.1</ele>
				<time>2026-05-21T14:32:15Z</time>
				<extensions>
					<swisstopo:routepoint_id>522471025</swisstopo:routepoint_id>
				</extensions>
			</trkpt>
			<trkpt lat="47.1852134765" lon="8.6930183263">
				<ele>654.1</ele>
				<time>2026-05-21T14:32:16Z</time>
				<extensions>
					<swisstopo:routepoint_id>109884592</swisstopo:routepoint_id>
				</extensions>
			</trkpt>
			<trkpt lat="47.1852006455" lon="8.6929870745">
				<ele>654.1</ele>
				<time>2026-05-21T14:32:17Z</time>
				<extensions>
					<swisstopo:routepoint_id>2141884971</swisstopo:routepoint_id>
				</extensions>
			</trkpt>
			<trkpt lat="47.1851877351" lon="8.6929558281">
				<ele>654.0</ele>
				<time>2026-05-21T14:32:18Z</time>
				<extensions>
					<swisstopo:routepoint_id>392332936</swisstopo:routepoint_id>
				</extensions>
			</trkpt>
			<trkpt lat="47.1851762911" lon="8.6929234679">
				<ele>654.1</ele>
				<time>2026-05-21T14:32:19Z</time>
				<extensions>
					<swisstopo:routepoint_id>1164859062</swisstopo:routepoint_id>
				</extensions>
			</trkpt>
			<trkpt lat="47.1851636004" lon="8.6928895651">
				<ele>654.1</ele>
				<time>2026-05-21T14:32:20Z</time>
				<extensions>
					<swisstopo:routepoint_id>1325328982</swisstopo:routepoint_id>
				</extensions>
			</trkpt>
			<trkpt lat="47.1851515572" lon="8.6928581819">
				<ele>654.3</ele>
				<time>2026-05-21T14:32:21Z</time>
				<extensions>
					<swisstopo:routepoint_id>1103813790</swisstopo:routepoint_id>
				</extensions>
			</trkpt>
			<trkpt lat="47.1851378815" lon="8.6928249208">
				<ele>654.4</ele>
				<time>2026-05-21T14:32:22Z</time>
				<extensions>
					<swisstopo:routepoint_id>1834625744</swisstopo:routepoint_id>
				</extensions>
			</trkpt>
			<trkpt lat="47.1851240416" lon="8.6927921883">
				<ele>654.6</ele>
				<time>2026-05-21T14:32:23Z</time>
				<extensions>
					<swisstopo:routepoint_id>984675782</swisstopo:routepoint_id>
				</extensions>
			</trkpt>
			<trkpt lat="47.1851109142" lon="8.6927583942">
				<ele>654.8</ele>
				<time>2026-05-21T14:32:24Z</time>
				<extensions>
					<swisstopo:routepoint_id>936884292</swisstopo:routepoint_id>
				</extensions>
			</trkpt>
			<trkpt lat="47.1850976148" lon="8.6927259984">
				<ele>655.2</ele>
				<time>2026-05-21T14:32:25Z</time>
				<extensions>
					<swisstopo:routepoint_id>864195840</swisstopo:routepoint_id>
				</extensions>
			</trkpt>
			<trkpt lat="47.1850842017" lon="8.6926924615">
				<ele>655.4</ele>
				<time>2026-05-21T14:32:26Z</time>
				<extensions>
					<swisstopo:routepoint_id>1107578219</swisstopo:routepoint_id>
				</extensions>
			</trkpt>
			<trkpt lat="47.1850698778" lon="8.6926576349">
				<ele>655.4</ele>
				<time>2026-05-21T14:32:27Z</time>
				<extensions>
					<swisstopo:routepoint_id>678874537</swisstopo:routepoint_id>
				</extensions>
			</trkpt>
			<trkpt lat="47.1850548509" lon="8.6926226072">
				<ele>655.3</ele>
				<time>2026-05-21T14:32:28Z</time>
				<extensions>
					<swisstopo:routepoint_id>263726848</swisstopo:routepoint_id>
				</extensions>
			</trkpt>
			<trkpt lat="47.1850392043" lon="8.6925921192">
				<ele>655.3</ele>
				<time>2026-05-21T14:32:29Z</time>
				<extensions>
					<swisstopo:routepoint_id>50886928</swisstopo:routepoint_id>
				</extensions>
			</trkpt>
			<trkpt lat="47.1850248246" lon="8.6925607828">
				<ele>655.4</ele>
				<time>2026-05-21T14:32:30Z</time>
				<extensions>
					<swisstopo:routepoint_id>558107390</swisstopo:routepoint_id>
				</extensions>
			</trkpt>
			<trkpt lat="47.1850098605" lon="8.6925284793">
				<ele>655.6</ele>
				<time>2026-05-21T14:32:31Z</time>
				<extensions>
					<swisstopo:routepoint_id>2049817281</swisstopo:routepoint_id>
				</extensions>
			</trkpt>
			<trkpt lat="47.1849943760" lon="8.6924959420">
				<ele>655.8</ele>
				<time>2026-05-21T14:32:32Z</time>
				<extensions>
					<swisstopo:routepoint_id>1346376593</swisstopo:routepoint_id>
				</extensions>
			</trkpt>
			<trkpt lat="47.1849794456" lon="8.6924651762">
				<ele>655.9</ele>
				<time>2026-05-21T14:32:33Z</time>
				<extensions>
					<swisstopo:routepoint_id>516210112</swisstopo:routepoint_id>
				</extensions>
			</trkpt>
			<trkpt lat="47.1849634584" lon="8.6924327731">
				<ele>656.0</ele>
				<time>2026-05-21T14:32:34Z</time>
				<extensions>
					<swisstopo:routepoint_id>109418504</swisstopo:routepoint_id>
				</extensions>
			</trkpt>
			<trkpt lat="47.1849472099" lon="8.6924002117">
				<ele>656.1</ele>
				<time>2026-05-21T14:32:35Z</time>
				<extensions>
					<swisstopo:routepoint_id>750794896</swisstopo:routepoint_id>
				</extensions>
			</trkpt>
			<trkpt lat="47.1849316692" lon="8.6923693422">
				<ele>656.4</ele>
				<time>2026-05-21T14:32:36Z</time>
				<extensions>
					<swisstopo:routepoint_id>2143390947</swisstopo:routepoint_id>
				</extensions>
			</trkpt>
			<trkpt lat="47.1849166586" lon="8.6923397135">
				<ele>656.7</ele>
				<time>2026-05-21T14:32:37Z</time>
				<extensions>
					<swisstopo:routepoint_id>2080951451</swisstopo:routepoint_id>
				</extensions>
			</trkpt>
			<trkpt lat="47.1849029187" lon="8.6923127500">
				<ele>657.0</ele>
				<time>2026-05-21T14:32:38Z</time>
				<extensions>
					<swisstopo:routepoint_id>632361915</swisstopo:routepoint_id>
				</extensions>
			</trkpt>
			<trkpt lat="47.1848917637" lon="8.6922910518">
				<ele>657.5</ele>
				<time>2026-05-21T14:32:39Z</time>
				<extensions>
					<swisstopo:routepoint_id>210136402</swisstopo:routepoint_id>
				</extensions>
			</trkpt>
			<trkpt lat="47.1848789973" lon="8.6922717761">
				<ele>658.0</ele>
				<time>2026-05-21T14:32:40Z</time>
				<extensions>
					<swisstopo:routepoint_id>1299392746</swisstopo:routepoint_id>
				</extensions>
			</trkpt>
			<trkpt lat="47.1848634441" lon="8.6922561810">
				<ele>658.2</ele>
				<time>2026-05-21T14:32:41Z</time>
				<extensions>
					<swisstopo:routepoint_id>1132675679</swisstopo:routepoint_id>
				</extensions>
			</trkpt>
			<trkpt lat="47.1848467347" lon="8.6922458797">
				<ele>658.3</ele>
				<time>2026-05-21T14:32:42Z</time>
				<extensions>
					<swisstopo:routepoint_id>1585089945</swisstopo:routepoint_id>
				</extensions>
			</trkpt>
			<trkpt lat="47.1848290206" lon="8.6922378976">
				<ele>658.4</ele>
				<time>2026-05-21T14:32:43Z</time>
				<extensions>
					<swisstopo:routepoint_id>1072064580</swisstopo:routepoint_id>
				</extensions>
			</trkpt>
			<trkpt lat="47.1848091457" lon="8.6922307353">
				<ele>658.6</ele>
				<time>2026-05-21T14:32:44Z</time>
				<extensions>
					<swisstopo:routepoint_id>801597730</swisstopo:routepoint_id>
				</extensions>
			</trkpt>
			<trkpt lat="47.1847887085" lon="8.6922215733">
				<ele>658.8</ele>
				<time>2026-05-21T14:32:45Z</time>
				<extensions>
					<swisstopo:routepoint_id>1288130479</swisstopo:routepoint_id>
				</extensions>
			</trkpt>
			<trkpt lat="47.1847666990" lon="8.6922144640">
				<ele>659.1</ele>
				<time>2026-05-21T14:32:46Z</time>
				<extensions>
					<swisstopo:routepoint_id>826315146</swisstopo:routepoint_id>
				</extensions>
			</trkpt>
			<trkpt lat="47.1847441339" lon="8.6922090331">
				<ele>659.4</ele>
				<time>2026-05-21T14:32:47Z</time>
				<extensions>
					<swisstopo:routepoint_id>101913673</swisstopo:routepoint_id>
				</extensions>
			</trkpt>
			<trkpt lat="47.1847218359" lon="8.6922040132">
				<ele>659.7</ele>
				<time>2026-05-21T14:32:48Z</time>
				<extensions>
					<swisstopo:routepoint_id>1318635452</swisstopo:routepoint_id>
				</extensions>
			</trkpt>
			<trkpt lat="47.1846999140" lon="8.6921990542">
				<ele>659.9</ele>
				<time>2026-05-21T14:32:49Z</time>
				<extensions>
					<swisstopo:routepoint_id>274804724</swisstopo:routepoint_id>
				</extensions>
			</trkpt>
			<trkpt lat="47.1846810933" lon="8.6921952068">
				<ele>660.2</ele>
				<time>2026-05-21T14:32:50Z</time>
				<extensions>
					<swisstopo:routepoint_id>1553155218</swisstopo:routepoint_id>
				</extensions>
			</trkpt>
			<trkpt lat="47.1846622027" lon="8.6921909499">
				<ele>660.3</ele>
				<time>2026-05-21T14:32:51Z</time>
				<extensions>
					<swisstopo:routepoint_id>1216019641</swisstopo:routepoint_id>
				</extensions>
			</trkpt>
			<trkpt lat="47.1846420545" lon="8.6921838502">
				<ele>660.5</ele>
				<time>2026-05-21T14:32:52Z</time>
				<extensions>
					<swisstopo:routepoint_id>40237788</swisstopo:routepoint_id>
				</extensions>
			</trkpt>
			<trkpt lat="47.1846240100" lon="8.6921703201">
				<ele>660.5</ele>
				<time>2026-05-21T14:32:53Z</time>
				<extensions>
					<swisstopo:routepoint_id>1966637758</swisstopo:routepoint_id>
				</extensions>
			</trkpt>
			<trkpt lat="47.1846109167" lon="8.6921517237">
				<ele>660.4</ele>
				<time>2026-05-21T14:32:54Z</time>
				<extensions>
					<swisstopo:routepoint_id>1359987729</swisstopo:routepoint_id>
				</extensions>
			</trkpt>
			<trkpt lat="47.1846027930" lon="8.6921251312">
				<ele>660.4</ele>
				<time>2026-05-21T14:32:55Z</time>
				<extensions>
					<swisstopo:routepoint_id>1645306282</swisstopo:routepoint_id>
				</extensions>
			</trkpt>
			<trkpt lat="47.1845987240" lon="8.6920928715">
				<ele>660.4</ele>
				<time>2026-05-21T14:32:56Z</time>
				<extensions>
					<swisstopo:routepoint_id>1663242802</swisstopo:routepoint_id>
				</extensions>
			</trkpt>
			<trkpt lat="47.1845979558" lon="8.6920560191">
				<ele>660.3</ele>
				<time>2026-05-21T14:32:57Z</time>
				<extensions>
					<swisstopo:routepoint_id>327140215</swisstopo:routepoint_id>
				</extensions>
			</trkpt>
			<trkpt lat="47.1845998686" lon="8.6920148428">
				<ele>660.2</ele>
				<time>2026-05-21T14:32:58Z</time>
				<extensions>
					<swisstopo:routepoint_id>687457185</swisstopo:routepoint_id>
				</extensions>
			</trkpt>
			<trkpt lat="47.1846036639" lon="8.6919722543">
				<ele>660.2</ele>
				<time>2026-05-21T14:32:59Z</time>
				<extensions>
					<swisstopo:routepoint_id>630887435</swisstopo:routepoint_id>
				</extensions>
			</trkpt>
			<trkpt lat="47.1846089190" lon="8.6919278754">
				<ele>660.2</ele>
				<time>2026-05-21T14:33:00Z</time>
				<extensions>
					<swisstopo:routepoint_id>1198354806</swisstopo:routepoint_id>
				</extensions>
			</trkpt>
			<trkpt lat="47.1846151824" lon="8.6918823902">
				<ele>660.3</ele>
				<time>2026-05-21T14:33:01Z</time>
				<extensions>
					<swisstopo:routepoint_id>1647582876</swisstopo:routepoint_id>
				</extensions>
			</trkpt>
			<trkpt lat="47.1846219725" lon="8.6918375266">
				<ele>660.4</ele>
				<time>2026-05-21T14:33:02Z</time>
				<extensions>
					<swisstopo:routepoint_id>1271252514</swisstopo:routepoint_id>
				</extensions>
			</trkpt>
			<trkpt lat="47.1846289927" lon="8.6917936862">
				<ele>660.4</ele>
				<time>2026-05-21T14:33:03Z</time>
				<extensions>
					<swisstopo:routepoint_id>626198795</swisstopo:routepoint_id>
				</extensions>
			</trkpt>
			<trkpt lat="47.1846359343" lon="8.6917520012">
				<ele>660.4</ele>
				<time>2026-05-21T14:33:04Z</time>
				<extensions>
					<swisstopo:routepoint_id>1853277265</swisstopo:routepoint_id>
				</extensions>
			</trkpt>
			<trkpt lat="47.1846426565" lon="8.6917114209">
				<ele>660.4</ele>
				<time>2026-05-21T14:33:05Z</time>
				<extensions>
					<swisstopo:routepoint_id>928176767</swisstopo:routepoint_id>
				</extensions>
			</trkpt>
			<trkpt lat="47.1846488036" lon="8.6916705356">
				<ele>660.4</ele>
				<time>2026-05-21T14:33:06Z</time>
				<extensions>
					<swisstopo:routepoint_id>545711161</swisstopo:routepoint_id>
				</extensions>
			</trkpt>
			<trkpt lat="47.1846544420" lon="8.6916304792">
				<ele>660.4</ele>
				<time>2026-05-21T14:33:07Z</time>
				<extensions>
					<swisstopo:routepoint_id>2012310237</swisstopo:routepoint_id>
				</extensions>
			</trkpt>
			<trkpt lat="47.1846601596" lon="8.6915906307">
				<ele>660.4</ele>
				<time>2026-05-21T14:33:08Z</time>
				<extensions>
					<swisstopo:routepoint_id>178196656</swisstopo:routepoint_id>
				</extensions>
			</trkpt>
			<trkpt lat="47.1846656558" lon="8.6915528274">
				<ele>660.5</ele>
				<time>2026-05-21T14:33:09Z</time>
				<extensions>
					<swisstopo:routepoint_id>1358993474</swisstopo:routepoint_id>
				</extensions>
			</trkpt>
			<trkpt lat="47.1846707552" lon="8.6915171026">
				<ele>660.6</ele>
				<time>2026-05-21T14:33:10Z</time>
				<extensions>
					<swisstopo:routepoint_id>2114731673</swisstopo:routepoint_id>
				</extensions>
			</trkpt>
			<trkpt lat="47.1846755097" lon="8.6914809221">
				<ele>660.7</ele>
				<time>2026-05-21T14:33:11Z</time>
				<extensions>
					<swisstopo:routepoint_id>1440870261</swisstopo:routepoint_id>
				</extensions>
			</trkpt>
			<trkpt lat="47.1846788259" lon="8.6914464521">
				<ele>660.8</ele>
				<time>2026-05-21T14:33:12Z</time>
				<extensions>
					<swisstopo:routepoint_id>1680873055</swisstopo:routepoint_id>
				</extensions>
			</trkpt>
			<trkpt lat="47.1846781187" lon="8.6914365911">
				<ele>661.1</ele>
				<time>2026-05-21T14:33:12Z</time>
				<extensions>
					<swisstopo:routepoint_id>286059100</swisstopo:routepoint_id>
				</extensions>
			</trkpt>
			<trkpt lat="47.1846781191" lon="8.6914366010">
				<ele>661.1</ele>
				<time>2026-05-21T14:33:13Z</time>
				<extensions>
					<swisstopo:routepoint_id>1726891714</swisstopo:routepoint_id>
				</extensions>
			</trkpt>
			<trkpt lat="47.1846781178" lon="8.6914365071">
				<ele>661.1</ele>
				<time>2026-05-21T14:33:14Z</time>
				<extensions>
					<swisstopo:routepoint_id>627547993</swisstopo:routepoint_id>
				</extensions>
			</trkpt>
			<trkpt lat="47.1846781925" lon="8.6914357625">
				<ele>661.1</ele>
				<time>2026-05-21T14:33:15Z</time>
				<extensions>
					<swisstopo:routepoint_id>906927934</swisstopo:routepoint_id>
				</extensions>
			</trkpt>
			<trkpt lat="47.1846783989" lon="8.6914334599">
				<ele>661.0</ele>
				<time>2026-05-21T14:33:16Z</time>
				<extensions>
					<swisstopo:routepoint_id>2046343979</swisstopo:routepoint_id>
				</extensions>
			</trkpt>
			<trkpt lat="47.1846785708" lon="8.6914297464">
				<ele>660.9</ele>
				<time>2026-05-21T14:33:17Z</time>
				<extensions>
					<swisstopo:routepoint_id>952648348</swisstopo:routepoint_id>
				</extensions>
			</trkpt>
			<trkpt lat="47.1846788897" lon="8.6914231610">
				<ele>660.8</ele>
				<time>2026-05-21T14:33:18Z</time>
				<extensions>
					<swisstopo:routepoint_id>1670196451</swisstopo:routepoint_id>
				</extensions>
			</trkpt>
			<trkpt lat="47.1846794305" lon="8.6914132311">
				<ele>660.6</ele>
				<time>2026-05-21T14:33:19Z</time>
				<extensions>
					<swisstopo:routepoint_id>1233002020</swisstopo:routepoint_id>
				</extensions>
			</trkpt>
			<trkpt lat="47.1846799890" lon="8.6914027527">
				<ele>660.4</ele>
				<time>2026-05-21T14:33:20Z</time>
				<extensions>
					<swisstopo:routepoint_id>1995240237</swisstopo:routepoint_id>
				</extensions>
			</trkpt>
			<trkpt lat="47.1846806531" lon="8.6913913547">
				<ele>660.1</ele>
				<time>2026-05-21T14:33:21Z</time>
				<extensions>
					<swisstopo:routepoint_id>1045515354</swisstopo:routepoint_id>
				</extensions>
			</trkpt>
			<trkpt lat="47.1846813819" lon="8.6913798459">
				<ele>659.7</ele>
				<time>2026-05-21T14:33:22Z</time>
				<extensions>
					<swisstopo:routepoint_id>1265354924</swisstopo:routepoint_id>
				</extensions>
			</trkpt>
			<trkpt lat="47.1846819559" lon="8.6913707324">
				<ele>659.4</ele>
				<time>2026-05-21T14:33:23Z</time>
				<extensions>
					<swisstopo:routepoint_id>289651427</swisstopo:routepoint_id>
				</extensions>
			</trkpt>
			<trkpt lat="47.1846822201" lon="8.6913656736">
				<ele>659.3</ele>
				<time>2026-05-21T14:33:24Z</time>
				<extensions>
					<swisstopo:routepoint_id>1973589487</swisstopo:routepoint_id>
				</extensions>
			</trkpt>
			<trkpt lat="47.1846823547" lon="8.6913626475">
				<ele>659.3</ele>
				<time>2026-05-21T14:33:25Z</time>
				<extensions>
					<swisstopo:routepoint_id>86096447</swisstopo:routepoint_id>
				</extensions>
			</trkpt>
			<trkpt lat="47.1846824202" lon="8.6913608968">
				<ele>659.3</ele>
				<time>2026-05-21T14:33:26Z</time>
				<extensions>
					<swisstopo:routepoint_id>1766490298</swisstopo:routepoint_id>
				</extensions>
			</trkpt>
			<trkpt lat="47.1846824066" lon="8.6913604298">
				<ele>659.5</ele>
				<time>2026-05-21T14:33:27Z</time>
				<extensions>
					<swisstopo:routepoint_id>441018711</swisstopo:routepoint_id>
				</extensions>
			</trkpt>
			<trkpt lat="47.1846823684" lon="8.6913605691">
				<ele>659.7</ele>
				<time>2026-05-21T14:33:28Z</time>
				<extensions>
					<swisstopo:routepoint_id>1235409980</swisstopo:routepoint_id>
				</extensions>
			</trkpt>
			<trkpt lat="47.1846821956" lon="8.6913624209">
				<ele>660.0</ele>
				<time>2026-05-21T14:33:29Z</time>
				<extensions>
					<swisstopo:routepoint_id>1663634664</swisstopo:routepoint_id>
				</extensions>
			</trkpt>
			<trkpt lat="47.1846817272" lon="8.6913676522">
				<ele>660.2</ele>
				<time>2026-05-21T14:33:30Z</time>
				<extensions>
					<swisstopo:routepoint_id>470713908</swisstopo:routepoint_id>
				</extensions>
			</trkpt>
			<trkpt lat="47.1846812105" lon="8.6913735415">
				<ele>660.5</ele>
				<time>2026-05-21T14:33:31Z</time>
				<extensions>
					<swisstopo:routepoint_id>2106379855</swisstopo:routepoint_id>
				</extensions>
			</trkpt>
			<trkpt lat="47.1846807577" lon="8.6913788335">
				<ele>660.8</ele>
				<time>2026-05-21T14:33:32Z</time>
				<extensions>
					<swisstopo:routepoint_id>658302190</swisstopo:routepoint_id>
				</extensions>
			</trkpt>
			<trkpt lat="47.1846804566" lon="8.6913829820">
				<ele>661.0</ele>
				<time>2026-05-21T14:33:33Z</time>
				<extensions>
					<swisstopo:routepoint_id>249157986</swisstopo:routepoint_id>
				</extensions>
			</trkpt>
			<trkpt lat="47.1846802289" lon="8.6913859229">
				<ele>661.2</ele>
				<time>2026-05-21T14:33:34Z</time>
				<extensions>
					<swisstopo:routepoint_id>5159052</swisstopo:routepoint_id>
				</extensions>
			</trkpt>
			<trkpt lat="47.1846804285" lon="8.6913890344">
				<ele>661.3</ele>
				<time>2026-05-21T14:33:35Z</time>
				<extensions>
					<swisstopo:routepoint_id>808841084</swisstopo:routepoint_id>
				</extensions>
			</trkpt>
			<trkpt lat="47.1846809012" lon="8.6913901403">
				<ele>661.3</ele>
				<time>2026-05-21T14:33:36Z</time>
				<extensions>
					<swisstopo:routepoint_id>620613278</swisstopo:routepoint_id>
				</extensions>
			</trkpt>
			<trkpt lat="47.1846814000" lon="8.6913915302">
				<ele>661.3</ele>
				<time>2026-05-21T14:33:37Z</time>
				<extensions>
					<swisstopo:routepoint_id>319289867</swisstopo:routepoint_id>
				</extensions>
			</trkpt>
			<trkpt lat="47.1846821410" lon="8.6913931386">
				<ele>661.2</ele>
				<time>2026-05-21T14:33:38Z</time>
				<extensions>
					<swisstopo:routepoint_id>1890644463</swisstopo:routepoint_id>
				</extensions>
			</trkpt>
			<trkpt lat="47.1846827589" lon="8.6913955438">
				<ele>661.2</ele>
				<time>2026-05-21T14:33:39Z</time>
				<extensions>
					<swisstopo:routepoint_id>1893448629</swisstopo:routepoint_id>
				</extensions>
			</trkpt>
			<trkpt lat="47.1846834416" lon="8.6913995898">
				<ele>661.3</ele>
				<time>2026-05-21T14:33:40Z</time>
				<extensions>
					<swisstopo:routepoint_id>1778426357</swisstopo:routepoint_id>
				</extensions>
			</trkpt>
			<trkpt lat="47.1846840795" lon="8.6914010922">
				<ele>661.3</ele>
				<time>2026-05-21T14:33:41Z</time>
				<extensions>
					<swisstopo:routepoint_id>1334383153</swisstopo:routepoint_id>
				</extensions>
			</trkpt>
			<trkpt lat="47.1846845450" lon="8.6914004520">
				<ele>661.3</ele>
				<time>2026-05-21T14:33:42Z</time>
				<extensions>
					<swisstopo:routepoint_id>805926850</swisstopo:routepoint_id>
				</extensions>
			</trkpt>
			<trkpt lat="47.1846852322" lon="8.6913998552">
				<ele>661.3</ele>
				<time>2026-05-21T14:33:43Z</time>
				<extensions>
					<swisstopo:routepoint_id>1033206321</swisstopo:routepoint_id>
				</extensions>
			</trkpt>
			<trkpt lat="47.1846857628" lon="8.6913966408">
				<ele>661.3</ele>
				<time>2026-05-21T14:33:44Z</time>
				<extensions>
					<swisstopo:routepoint_id>545867405</swisstopo:routepoint_id>
				</extensions>
			</trkpt>
			<trkpt lat="47.1846867240" lon="8.6913959316">
				<ele>661.3</ele>
				<time>2026-05-21T14:33:45Z</time>
				<extensions>
					<swisstopo:routepoint_id>343335851</swisstopo:routepoint_id>
				</extensions>
			</trkpt>
			<trkpt lat="47.1846880195" lon="8.6913907200">
				<ele>661.1</ele>
				<time>2026-05-21T14:33:46Z</time>
				<extensions>
					<swisstopo:routepoint_id>157088268</swisstopo:routepoint_id>
				</extensions>
			</trkpt>
			<trkpt lat="47.1846890836" lon="8.6913863173">
				<ele>661.0</ele>
				<time>2026-05-21T14:33:47Z</time>
				<extensions>
					<swisstopo:routepoint_id>925118113</swisstopo:routepoint_id>
				</extensions>
			</trkpt>
			<trkpt lat="47.1846899863" lon="8.6913819979">
				<ele>660.9</ele>
				<time>2026-05-21T14:33:48Z</time>
				<extensions>
					<swisstopo:routepoint_id>678520911</swisstopo:routepoint_id>
				</extensions>
			</trkpt>
			<trkpt lat="47.1846892676" lon="8.6913799478">
				<ele>660.8</ele>
				<time>2026-05-21T14:33:49Z</time>
				<extensions>
					<swisstopo:routepoint_id>762785607</swisstopo:routepoint_id>
				</extensions>
			</trkpt>
			<trkpt lat="47.1846879951" lon="8.6913776323">
				<ele>660.8</ele>
				<time>2026-05-21T14:33:50Z</time>
				<extensions>
					<swisstopo:routepoint_id>1807807906</swisstopo:routepoint_id>
				</extensions>
			</trkpt>
			<trkpt lat="47.1846871859" lon="8.6913760747">
				<ele>660.8</ele>
				<time>2026-05-21T14:33:51Z</time>
				<extensions>
					<swisstopo:routepoint_id>1228838386</swisstopo:routepoint_id>
				</extensions>
			</trkpt>
			<trkpt lat="47.1846874032" lon="8.6913730979">
				<ele>660.7</ele>
				<time>2026-05-21T14:33:52Z</time>
				<extensions>
					<swisstopo:routepoint_id>736520303</swisstopo:routepoint_id>
				</extensions>
			</trkpt>
			<trkpt lat="47.1846878451" lon="8.6913705883">
				<ele>660.7</ele>
				<time>2026-05-21T14:33:53Z</time>
				<extensions>
					<swisstopo:routepoint_id>600991213</swisstopo:routepoint_id>
				</extensions>
			</trkpt>
			<trkpt lat="47.1846882855" lon="8.6913677469">
				<ele>660.6</ele>
				<time>2026-05-21T14:33:54Z</time>
				<extensions>
					<swisstopo:routepoint_id>1243725050</swisstopo:routepoint_id>
				</extensions>
			</trkpt>
			<trkpt lat="47.1846889732" lon="8.6913649822">
				<ele>660.5</ele>
				<time>2026-05-21T14:33:55Z</time>
				<extensions>
					<swisstopo:routepoint_id>1828579099</swisstopo:routepoint_id>
				</extensions>
			</trkpt>
			<trkpt lat="47.1846896132" lon="8.6913624145">
				<ele>660.4</ele>
				<time>2026-05-21T14:33:56Z</time>
				<extensions>
					<swisstopo:routepoint_id>290444676</swisstopo:routepoint_id>
				</extensions>
			</trkpt>
			<trkpt lat="47.1846906357" lon="8.6913589896">
				<ele>660.4</ele>
				<time>2026-05-21T14:33:57Z</time>
				<extensions>
					<swisstopo:routepoint_id>273339901</swisstopo:routepoint_id>
				</extensions>
			</trkpt>
			<trkpt lat="47.1846904760" lon="8.6913575584">
				<ele>660.4</ele>
				<time>2026-05-21T14:33:58Z</time>
				<extensions>
					<swisstopo:routepoint_id>556195174</swisstopo:routepoint_id>
				</extensions>
			</trkpt>
			<trkpt lat="47.1846901636" lon="8.6913574387">
				<ele>660.5</ele>
				<time>2026-05-21T14:33:59Z</time>
				<extensions>
					<swisstopo:routepoint_id>2123457674</swisstopo:routepoint_id>
				</extensions>
			</trkpt>
			<trkpt lat="47.1846896355" lon="8.6913572956">
				<ele>660.6</ele>
				<time>2026-05-21T14:34:00Z</time>
				<extensions>
					<swisstopo:routepoint_id>2069881072</swisstopo:routepoint_id>
				</extensions>
			</trkpt>
			<trkpt lat="47.1846890753" lon="8.6913573452">
				<ele>660.7</ele>
				<time>2026-05-21T14:34:01Z</time>
				<extensions>
					<swisstopo:routepoint_id>1403579351</swisstopo:routepoint_id>
				</extensions>
			</trkpt>
			<trkpt lat="47.1846885766" lon="8.6913575662">
				<ele>660.8</ele>
				<time>2026-05-21T14:34:02Z</time>
				<extensions>
					<swisstopo:routepoint_id>1997773609</swisstopo:routepoint_id>
				</extensions>
			</trkpt>
			<trkpt lat="47.1846881492" lon="8.6913579015">
				<ele>660.9</ele>
				<time>2026-05-21T14:34:03Z</time>
				<extensions>
					<swisstopo:routepoint_id>674225618</swisstopo:routepoint_id>
				</extensions>
			</trkpt>
			<trkpt lat="47.1846868650" lon="8.6913576663">
				<ele>660.8</ele>
				<time>2026-05-21T14:34:04Z</time>
				<extensions>
					<swisstopo:routepoint_id>1586240154</swisstopo:routepoint_id>
				</extensions>
			</trkpt>
			<trkpt lat="47.1846852555" lon="8.6913584336">
				<ele>660.9</ele>
				<time>2026-05-21T14:34:05Z</time>
				<extensions>
					<swisstopo:routepoint_id>1076274420</swisstopo:routepoint_id>
				</extensions>
			</trkpt>
			<trkpt lat="47.1846833714" lon="8.6913590169">
				<ele>661.0</ele>
				<time>2026-05-21T14:34:06Z</time>
				<extensions>
					<swisstopo:routepoint_id>689418259</swisstopo:routepoint_id>
				</extensions>
			</trkpt>
			<trkpt lat="47.1846809069" lon="8.6913538665">
				<ele>661.1</ele>
				<time>2026-05-21T14:34:07Z</time>
				<extensions>
					<swisstopo:routepoint_id>1378403448</swisstopo:routepoint_id>
				</extensions>
			</trkpt>
			<trkpt lat="47.1846790429" lon="8.6913529985">
				<ele>661.2</ele>
				<time>2026-05-21T14:34:08Z</time>
				<extensions>
					<swisstopo:routepoint_id>1920650347</swisstopo:routepoint_id>
				</extensions>
			</trkpt>
			<trkpt lat="47.1846738138" lon="8.6913518763">
				<ele>661.3</ele>
				<time>2026-05-21T14:34:09Z</time>
				<extensions>
					<swisstopo:routepoint_id>1543683972</swisstopo:routepoint_id>
				</extensions>
			</trkpt>
			<trkpt lat="47.1846713979" lon="8.6913532927">
				<ele>661.3</ele>
				<time>2026-05-21T14:34:10Z</time>
				<extensions>
					<swisstopo:routepoint_id>946577997</swisstopo:routepoint_id>
				</extensions>
			</trkpt>
			<trkpt lat="47.1846689988" lon="8.6913523482">
				<ele>661.2</ele>
				<time>2026-05-21T14:34:11Z</time>
				<extensions>
					<swisstopo:routepoint_id>577538603</swisstopo:routepoint_id>
				</extensions>
			</trkpt>
			<trkpt lat="47.1846690176" lon="8.6913537614">
				<ele>661.3</ele>
				<time>2026-05-21T14:34:12Z</time>
				<extensions>
					<swisstopo:routepoint_id>65216181</swisstopo:routepoint_id>
				</extensions>
			</trkpt>
			<trkpt lat="47.1846674271" lon="8.6913543246">
				<ele>661.1</ele>
				<time>2026-05-21T14:34:13Z</time>
				<extensions>
					<swisstopo:routepoint_id>871694097</swisstopo:routepoint_id>
				</extensions>
			</trkpt>
			<trkpt lat="47.1846682891" lon="8.6913553620">
				<ele>660.9</ele>
				<time>2026-05-21T14:34:14Z</time>
				<extensions>
					<swisstopo:routepoint_id>429248445</swisstopo:routepoint_id>
				</extensions>
			</trkpt>
			<trkpt lat="47.1846689164" lon="8.6913508725">
				<ele>660.6</ele>
				<time>2026-05-21T14:34:15Z</time>
				<extensions>
					<swisstopo:routepoint_id>981044842</swisstopo:routepoint_id>
				</extensions>
			</trkpt>
			<trkpt lat="47.1846691947" lon="8.6913515760">
				<ele>660.5</ele>
				<time>2026-05-21T14:34:16Z</time>
				<extensions>
					<swisstopo:routepoint_id>41217828</swisstopo:routepoint_id>
				</extensions>
			</trkpt>
			<trkpt lat="47.1846695660" lon="8.6913544692">
				<ele>660.1</ele>
				<time>2026-05-21T14:34:17Z</time>
				<extensions>
					<swisstopo:routepoint_id>1258300862</swisstopo:routepoint_id>
				</extensions>
			</trkpt>
			<trkpt lat="47.1846707151" lon="8.6913533327">
				<ele>660.0</ele>
				<time>2026-05-21T14:34:18Z</time>
				<extensions>
					<swisstopo:routepoint_id>1991115625</swisstopo:routepoint_id>
				</extensions>
			</trkpt>
			<trkpt lat="47.1846711868" lon="8.6913540107">
				<ele>660.0</ele>
				<time>2026-05-21T14:34:19Z</time>
				<extensions>
					<swisstopo:routepoint_id>442638174</swisstopo:routepoint_id>
				</extensions>
			</trkpt>
			<trkpt lat="47.1846691630" lon="8.6913553003">
				<ele>660.0</ele>
				<time>2026-05-21T14:34:20Z</time>
				<extensions>
					<swisstopo:routepoint_id>536437210</swisstopo:routepoint_id>
				</extensions>
			</trkpt>
			<trkpt lat="47.1846689970" lon="8.6913587109">
				<ele>660.1</ele>
				<time>2026-05-21T14:34:21Z</time>
				<extensions>
					<swisstopo:routepoint_id>763838364</swisstopo:routepoint_id>
				</extensions>
			</trkpt>
			<trkpt lat="47.1846678938" lon="8.6913588592">
				<ele>660.3</ele>
				<time>2026-05-21T14:34:22Z</time>
				<extensions>
					<swisstopo:routepoint_id>174141982</swisstopo:routepoint_id>
				</extensions>
			</trkpt>
			<trkpt lat="47.1846685623" lon="8.6913611541">
				<ele>660.4</ele>
				<time>2026-05-21T14:34:23Z</time>
				<extensions>
					<swisstopo:routepoint_id>1931564260</swisstopo:routepoint_id>
				</extensions>
			</trkpt>
			<trkpt lat="47.1846695764" lon="8.6913619653">
				<ele>660.5</ele>
				<time>2026-05-21T14:34:24Z</time>
				<extensions>
					<swisstopo:routepoint_id>290226121</swisstopo:routepoint_id>
				</extensions>
			</trkpt>
			<trkpt lat="47.1846682830" lon="8.6913613230">
				<ele>660.7</ele>
				<time>2026-05-21T14:34:25Z</time>
				<extensions>
					<swisstopo:routepoint_id>895053310</swisstopo:routepoint_id>
				</extensions>
			</trkpt>
			<trkpt lat="47.1846685919" lon="8.6913614677">
				<ele>660.9</ele>
				<time>2026-05-21T14:34:26Z</time>
				<extensions>
					<swisstopo:routepoint_id>38033935</swisstopo:routepoint_id>
				</extensions>
			</trkpt>
			<trkpt lat="47.1846675765" lon="8.6913639861">
				<ele>661.1</ele>
				<time>2026-05-21T14:34:27Z</time>
				<extensions>
					<swisstopo:routepoint_id>1433702386</swisstopo:routepoint_id>
				</extensions>
			</trkpt>
			<trkpt lat="47.1846672826" lon="8.6913641030">
				<ele>661.1</ele>
				<time>2026-05-21T14:34:28Z</time>
				<extensions>
					<swisstopo:routepoint_id>1469482162</swisstopo:routepoint_id>
				</extensions>
			</trkpt>
			<trkpt lat="47.1846653811" lon="8.6913634155">
				<ele>661.1</ele>
				<time>2026-05-21T14:34:29Z</time>
				<extensions>
					<swisstopo:routepoint_id>1524756234</swisstopo:routepoint_id>
				</extensions>
			</trkpt>
			<trkpt lat="47.1846658211" lon="8.6913644590">
				<ele>661.0</ele>
				<time>2026-05-21T14:34:30Z</time>
				<extensions>
					<swisstopo:routepoint_id>655665187</swisstopo:routepoint_id>
				</extensions>
			</trkpt>
			<trkpt lat="47.1846668881" lon="8.6913659139">
				<ele>660.9</ele>
				<time>2026-05-21T14:34:31Z</time>
				<extensions>
					<swisstopo:routepoint_id>1026205152</swisstopo:routepoint_id>
				</extensions>
			</trkpt>
			<trkpt lat="47.1846658719" lon="8.6913644103">
				<ele>661.0</ele>
				<time>2026-05-21T14:34:32Z</time>
				<extensions>
					<swisstopo:routepoint_id>988820607</swisstopo:routepoint_id>
				</extensions>
			</trkpt>
			<trkpt lat="47.1846656771" lon="8.6913629224">
				<ele>660.9</ele>
				<time>2026-05-21T14:34:33Z</time>
				<extensions>
					<swisstopo:routepoint_id>1879481363</swisstopo:routepoint_id>
				</extensions>
			</trkpt>
			<trkpt lat="47.1846614587" lon="8.6913696051">
				<ele>661.0</ele>
				<time>2026-05-21T14:34:34Z</time>
				<extensions>
					<swisstopo:routepoint_id>1106304218</swisstopo:routepoint_id>
				</extensions>
			</trkpt>
			<trkpt lat="47.1846623673" lon="8.6913743071">
				<ele>661.4</ele>
				<time>2026-05-21T14:34:35Z</time>
				<extensions>
					<swisstopo:routepoint_id>741576200</swisstopo:routepoint_id>
				</extensions>
			</trkpt>
			<trkpt lat="47.1846622786" lon="8.6913752493">
				<ele>661.7</ele>
				<time>2026-05-21T14:34:36Z</time>
				<extensions>
					<swisstopo:routepoint_id>1823589859</swisstopo:routepoint_id>
				</extensions>
			</trkpt>
			<trkpt lat="47.1846633945" lon="8.6913767035">
				<ele>661.6</ele>
				<time>2026-05-21T14:34:37Z</time>
				<extensions>
					<swisstopo:routepoint_id>188150229</swisstopo:routepoint_id>
				</extensions>
			</trkpt>
			<trkpt lat="47.1846641728" lon="8.6913800015">
				<ele>661.8</ele>
				<time>2026-05-21T14:34:38Z</time>
				<extensions>
					<swisstopo:routepoint_id>1144970419</swisstopo:routepoint_id>
				</extensions>
			</trkpt>
			<trkpt lat="47.1846663071" lon="8.6913814292">
				<ele>662.0</ele>
				<time>2026-05-21T14:34:39Z</time>
				<extensions>
					<swisstopo:routepoint_id>2064355013</swisstopo:routepoint_id>
				</extensions>
			</trkpt>
			<trkpt lat="47.1846678055" lon="8.6913830505">
				<ele>662.3</ele>
				<time>2026-05-21T14:34:40Z</time>
				<extensions>
					<swisstopo:routepoint_id>868902559</swisstopo:routepoint_id>
				</extensions>
			</trkpt>
			<trkpt lat="47.1846679323" lon="8.6913907896">
				<ele>662.4</ele>
				<time>2026-05-21T14:34:41Z</time>
				<extensions>
					<swisstopo:routepoint_id>756509513</swisstopo:routepoint_id>
				</extensions>
			</trkpt>
			<trkpt lat="47.1846702802" lon="8.6913989152">
				<ele>662.7</ele>
				<time>2026-05-21T14:34:42Z</time>
				<extensions>
					<swisstopo:routepoint_id>1552194751</swisstopo:routepoint_id>
				</extensions>
			</trkpt>
			<trkpt lat="47.1846757315" lon="8.6913993173">
				<ele>663.0</ele>
				<time>2026-05-21T14:34:43Z</time>
				<extensions>
					<swisstopo:routepoint_id>105836301</swisstopo:routepoint_id>
				</extensions>
			</trkpt>
			<trkpt lat="47.1846781141" lon="8.6913973575">
				<ele>663.2</ele>
				<time>2026-05-21T14:34:44Z</time>
				<extensions>
					<swisstopo:routepoint_id>674251191</swisstopo:routepoint_id>
				</extensions>
			</trkpt>
			<trkpt lat="47.1846787443" lon="8.6913964253">
				<ele>663.2</ele>
				<time>2026-05-21T14:34:45Z</time>
				<extensions>
					<swisstopo:routepoint_id>2016045565</swisstopo:routepoint_id>
				</extensions>
			</trkpt>
			<trkpt lat="47.1846785872" lon="8.6913972595">
				<ele>663.1</ele>
				<time>2026-05-21T14:34:46Z</time>
				<extensions>
					<swisstopo:routepoint_id>680828589</swisstopo:routepoint_id>
				</extensions>
			</trkpt>
			<trkpt lat="47.1846771889" lon="8.6913915404">
				<ele>662.7</ele>
				<time>2026-05-21T14:34:47Z</time>
				<extensions>
					<swisstopo:routepoint_id>893224107</swisstopo:routepoint_id>
				</extensions>
			</trkpt>
			<trkpt lat="47.1846780165" lon="8.6913882214">
				<ele>662.4</ele>
				<time>2026-05-21T14:34:48Z</time>
				<extensions>
					<swisstopo:routepoint_id>1506873819</swisstopo:routepoint_id>
				</extensions>
			</trkpt>
			<trkpt lat="47.1846815712" lon="8.6913845506">
				<ele>661.9</ele>
				<time>2026-05-21T14:34:49Z</time>
				<extensions>
					<swisstopo:routepoint_id>753626862</swisstopo:routepoint_id>
				</extensions>
			</trkpt>
			<trkpt lat="47.1846845675" lon="8.6913808897">
				<ele>661.5</ele>
				<time>2026-05-21T14:34:50Z</time>
				<extensions>
					<swisstopo:routepoint_id>348119628</swisstopo:routepoint_id>
				</extensions>
			</trkpt>
			<trkpt lat="47.1846830728" lon="8.6913788923">
				<ele>661.5</ele>
				<time>2026-05-21T14:34:51Z</time>
				<extensions>
					<swisstopo:routepoint_id>1101133368</swisstopo:routepoint_id>
				</extensions>
			</trkpt>
			<trkpt lat="47.1846771106" lon="8.6913787694">
				<ele>661.5</ele>
				<time>2026-05-21T14:34:52Z</time>
				<extensions>
					<swisstopo:routepoint_id>1881929777</swisstopo:routepoint_id>
				</extensions>
			</trkpt>
			<trkpt lat="47.1846726524" lon="8.6913787749">
				<ele>661.5</ele>
				<time>2026-05-21T14:34:53Z</time>
				<extensions>
					<swisstopo:routepoint_id>1454609023</swisstopo:routepoint_id>
				</extensions>
			</trkpt>
			<trkpt lat="47.1846698574" lon="8.6913777962">
				<ele>661.5</ele>
				<time>2026-05-21T14:34:54Z</time>
				<extensions>
					<swisstopo:routepoint_id>660012113</swisstopo:routepoint_id>
				</extensions>
			</trkpt>
			<trkpt lat="47.1846678272" lon="8.6913768660">
				<ele>661.6</ele>
				<time>2026-05-21T14:34:55Z</time>
				<extensions>
					<swisstopo:routepoint_id>1070546436</swisstopo:routepoint_id>
				</extensions>
			</trkpt>
			<trkpt lat="47.1846669502" lon="8.6913760833">
				<ele>661.7</ele>
				<time>2026-05-21T14:34:56Z</time>
				<extensions>
					<swisstopo:routepoint_id>1055955286</swisstopo:routepoint_id>
				</extensions>
			</trkpt>
			<trkpt lat="47.1846668834" lon="8.6913739927">
				<ele>661.8</ele>
				<time>2026-05-21T14:34:57Z</time>
				<extensions>
					<swisstopo:routepoint_id>635632994</swisstopo:routepoint_id>
				</extensions>
			</trkpt>
			<trkpt lat="47.1846665481" lon="8.6913716468">
				<ele>661.8</ele>
				<time>2026-05-21T14:34:58Z</time>
				<extensions>
					<swisstopo:routepoint_id>1500069980</swisstopo:routepoint_id>
				</extensions>
			</trkpt>
			<trkpt lat="47.1846667304" lon="8.6913704374">
				<ele>661.8</ele>
				<time>2026-05-21T14:34:59Z</time>
				<extensions>
					<swisstopo:routepoint_id>218138080</swisstopo:routepoint_id>
				</extensions>
			</trkpt>
			<trkpt lat="47.1846662830" lon="8.6913746316">
				<ele>661.8</ele>
				<time>2026-05-21T14:35:00Z</time>
				<extensions>
					<swisstopo:routepoint_id>492125131</swisstopo:routepoint_id>
				</extensions>
			</trkpt>
			<trkpt lat="47.1846659742" lon="8.6913783031">
				<ele>661.8</ele>
				<time>2026-05-21T14:35:01Z</time>
				<extensions>
					<swisstopo:routepoint_id>1187552120</swisstopo:routepoint_id>
				</extensions>
			</trkpt>
			<trkpt lat="47.1846667570" lon="8.6913796450">
				<ele>661.7</ele>
				<time>2026-05-21T14:35:02Z</time>
				<extensions>
					<swisstopo:routepoint_id>475465622</swisstopo:routepoint_id>
				</extensions>
			</trkpt>
			<trkpt lat="47.1846676845" lon="8.6913803838">
				<ele>661.6</ele>
				<time>2026-05-21T14:35:03Z</time>
				<extensions>
					<swisstopo:routepoint_id>364058467</swisstopo:routepoint_id>
				</extensions>
			</trkpt>
			<trkpt lat="47.1846685268" lon="8.6913809536">
				<ele>661.6</ele>
				<time>2026-05-21T14:35:04Z</time>
				<extensions>
					<swisstopo:routepoint_id>549744566</swisstopo:routepoint_id>
				</extensions>
			</trkpt>
			<trkpt lat="47.1846702504" lon="8.6913792651">
				<ele>661.8</ele>
				<time>2026-05-21T14:35:05Z</time>
				<extensions>
					<swisstopo:routepoint_id>1082271368</swisstopo:routepoint_id>
				</extensions>
			</trkpt>
			<trkpt lat="47.1846729822" lon="8.6913773562">
				<ele>661.9</ele>
				<time>2026-05-21T14:35:06Z</time>
				<extensions>
					<swisstopo:routepoint_id>548391886</swisstopo:routepoint_id>
				</extensions>
			</trkpt>
			<trkpt lat="47.1846747183" lon="8.6913759517">
				<ele>662.0</ele>
				<time>2026-05-21T14:35:07Z</time>
				<extensions>
					<swisstopo:routepoint_id>1970098725</swisstopo:routepoint_id>
				</extensions>
			</trkpt>
			<trkpt lat="47.1846764965" lon="8.6913746228">
				<ele>662.0</ele>
				<time>2026-05-21T14:35:08Z</time>
				<extensions>
					<swisstopo:routepoint_id>1546401629</swisstopo:routepoint_id>
				</extensions>
			</trkpt>
			<trkpt lat="47.1846771198" lon="8.6913744914">
				<ele>662.1</ele>
				<time>2026-05-21T14:35:09Z</time>
				<extensions>
					<swisstopo:routepoint_id>1525082609</swisstopo:routepoint_id>
				</extensions>
			</trkpt>
			<trkpt lat="47.1846795771" lon="8.6913752628">
				<ele>662.1</ele>
				<time>2026-05-21T14:35:10Z</time>
				<extensions>
					<swisstopo:routepoint_id>1846082518</swisstopo:routepoint_id>
				</extensions>
			</trkpt>
			<trkpt lat="47.1846814014" lon="8.6913757452">
				<ele>662.1</ele>
				<time>2026-05-21T14:35:11Z</time>
				<extensions>
					<swisstopo:routepoint_id>265148170</swisstopo:routepoint_id>
				</extensions>
			</trkpt>
			<trkpt lat="47.1846827649" lon="8.6913761372">
				<ele>662.1</ele>
				<time>2026-05-21T14:35:12Z</time>
				<extensions>
					<swisstopo:routepoint_id>316725665</swisstopo:routepoint_id>
				</extensions>
			</trkpt>
			<trkpt lat="47.1846817226" lon="8.6913790214">
				<ele>662.1</ele>
				<time>2026-05-21T14:35:13Z</time>
				<extensions>
					<swisstopo:routepoint_id>1743774389</swisstopo:routepoint_id>
				</extensions>
			</trkpt>
			<trkpt lat="47.1846808536" lon="8.6913775881">
				<ele>662.2</ele>
				<time>2026-05-21T14:35:14Z</time>
				<extensions>
					<swisstopo:routepoint_id>906825314</swisstopo:routepoint_id>
				</extensions>
			</trkpt>
			<trkpt lat="47.1846795506" lon="8.6913779107">
				<ele>662.3</ele>
				<time>2026-05-21T14:35:15Z</time>
				<extensions>
					<swisstopo:routepoint_id>321609639</swisstopo:routepoint_id>
				</extensions>
			</trkpt>
			<trkpt lat="47.1846798486" lon="8.6913750092">
				<ele>662.0</ele>
				<time>2026-05-21T14:35:16Z</time>
				<extensions>
					<swisstopo:routepoint_id>76863174</swisstopo:routepoint_id>
				</extensions>
			</trkpt>
			<trkpt lat="47.1846810890" lon="8.6913761219">
				<ele>661.8</ele>
				<time>2026-05-21T14:35:17Z</time>
				<extensions>
					<swisstopo:routepoint_id>1201693571</swisstopo:routepoint_id>
				</extensions>
			</trkpt>
			<trkpt lat="47.1846835780" lon="8.6913773679">
				<ele>661.7</ele>
				<time>2026-05-21T14:35:18Z</time>
				<extensions>
					<swisstopo:routepoint_id>1927631409</swisstopo:routepoint_id>
				</extensions>
			</trkpt>
			<trkpt lat="47.1846880353" lon="8.6913754117">
				<ele>661.6</ele>
				<time>2026-05-21T14:35:19Z</time>
				<extensions>
					<swisstopo:routepoint_id>762792421</swisstopo:routepoint_id>
				</extensions>
			</trkpt>
			<trkpt lat="47.1846972612" lon="8.6913676588">
				<ele>661.3</ele>
				<time>2026-05-21T14:35:20Z</time>
				<extensions>
					<swisstopo:routepoint_id>1922330804</swisstopo:routepoint_id>
				</extensions>
			</trkpt>
			<trkpt lat="47.1847099792" lon="8.6913537211">
				<ele>661.1</ele>
				<time>2026-05-21T14:35:21Z</time>
				<extensions>
					<swisstopo:routepoint_id>1869837360</swisstopo:routepoint_id>
				</extensions>
			</trkpt>
			<trkpt lat="47.1847260305" lon="8.6913378169">
				<ele>660.8</ele>
				<time>2026-05-21T14:35:22Z</time>
				<extensions>
					<swisstopo:routepoint_id>80819322</swisstopo:routepoint_id>
				</extensions>
			</trkpt>
			<trkpt lat="47.1847459926" lon="8.6913193497">
				<ele>660.6</ele>
				<time>2026-05-21T14:35:23Z</time>
				<extensions>
					<swisstopo:routepoint_id>1120679950</swisstopo:routepoint_id>
				</extensions>
			</trkpt>
			<trkpt lat="47.1847693938" lon="8.6912999094">
				<ele>660.4</ele>
				<time>2026-05-21T14:35:24Z</time>
				<extensions>
					<swisstopo:routepoint_id>1836335460</swisstopo:routepoint_id>
				</extensions>
			</trkpt>
			<trkpt lat="47.1847910775" lon="8.6912815583">
				<ele>660.2</ele>
				<time>2026-05-21T14:35:25Z</time>
				<extensions>
					<swisstopo:routepoint_id>1802585183</swisstopo:routepoint_id>
				</extensions>
			</trkpt>
			<trkpt lat="47.1848142778" lon="8.6912624286">
				<ele>660.0</ele>
				<time>2026-05-21T14:35:26Z</time>
				<extensions>
					<swisstopo:routepoint_id>1497362452</swisstopo:routepoint_id>
				</extensions>
			</trkpt>
			<trkpt lat="47.1848368513" lon="8.6912407494">
				<ele>659.7</ele>
				<time>2026-05-21T14:35:27Z</time>
				<extensions>
					<swisstopo:routepoint_id>1957355218</swisstopo:routepoint_id>
				</extensions>
			</trkpt>
			<trkpt lat="47.1848619937" lon="8.6912207443">
				<ele>659.6</ele>
				<time>2026-05-21T14:35:28Z</time>
				<extensions>
					<swisstopo:routepoint_id>2114644180</swisstopo:routepoint_id>
				</extensions>
			</trkpt>
			<trkpt lat="47.1848887775" lon="8.6911977770">
				<ele>659.4</ele>
				<time>2026-05-21T14:35:29Z</time>
				<extensions>
					<swisstopo:routepoint_id>2117859057</swisstopo:routepoint_id>
				</extensions>
			</trkpt>
			<trkpt lat="47.1849124208" lon="8.6911765065">
				<ele>659.0</ele>
				<time>2026-05-21T14:35:30Z</time>
				<extensions>
					<swisstopo:routepoint_id>315721974</swisstopo:routepoint_id>
				</extensions>
			</trkpt>
			<trkpt lat="47.1849347403" lon="8.6911571388">
				<ele>658.7</ele>
				<time>2026-05-21T14:35:31Z</time>
				<extensions>
					<swisstopo:routepoint_id>2054608928</swisstopo:routepoint_id>
				</extensions>
			</trkpt>
			<trkpt lat="47.1849557229" lon="8.6911393914">
				<ele>658.2</ele>
				<time>2026-05-21T14:35:32Z</time>
				<extensions>
					<swisstopo:routepoint_id>275209136</swisstopo:routepoint_id>
				</extensions>
			</trkpt>
			<trkpt lat="47.1849760678" lon="8.6911227935">
				<ele>658.0</ele>
				<time>2026-05-21T14:35:33Z</time>
				<extensions>
					<swisstopo:routepoint_id>1907656761</swisstopo:routepoint_id>
				</extensions>
			</trkpt>
			<trkpt lat="47.1849956489" lon="8.6911069936">
				<ele>657.7</ele>
				<time>2026-05-21T14:35:34Z</time>
				<extensions>
					<swisstopo:routepoint_id>56332417</swisstopo:routepoint_id>
				</extensions>
			</trkpt>
			<trkpt lat="47.1850144548" lon="8.6910921984">
				<ele>657.3</ele>
				<time>2026-05-21T14:35:35Z</time>
				<extensions>
					<swisstopo:routepoint_id>1886127839</swisstopo:routepoint_id>
				</extensions>
			</trkpt>
			<trkpt lat="47.1850354242" lon="8.6910757977">
				<ele>657.0</ele>
				<time>2026-05-21T14:35:36Z</time>
				<extensions>
					<swisstopo:routepoint_id>1144476706</swisstopo:routepoint_id>
				</extensions>
			</trkpt>
			<trkpt lat="47.1850585764" lon="8.6910577025">
				<ele>656.7</ele>
				<time>2026-05-21T14:35:37Z</time>
				<extensions>
					<swisstopo:routepoint_id>208971563</swisstopo:routepoint_id>
				</extensions>
			</trkpt>
			<trkpt lat="47.1850827001" lon="8.6910388523">
				<ele>656.3</ele>
				<time>2026-05-21T14:35:38Z</time>
				<extensions>
					<swisstopo:routepoint_id>1049296496</swisstopo:routepoint_id>
				</extensions>
			</trkpt>
			<trkpt lat="47.1851074816" lon="8.6910194774">
				<ele>655.9</ele>
				<time>2026-05-21T14:35:39Z</time>
				<extensions>
					<swisstopo:routepoint_id>390499108</swisstopo:routepoint_id>
				</extensions>
			</trkpt>
			<trkpt lat="47.1851335254" lon="8.6909990821">
				<ele>655.6</ele>
				<time>2026-05-21T14:35:40Z</time>
				<extensions>
					<swisstopo:routepoint_id>408482924</swisstopo:routepoint_id>
				</extensions>
			</trkpt>
			<trkpt lat="47.1851606404" lon="8.6909778122">
				<ele>655.4</ele>
				<time>2026-05-21T14:35:41Z</time>
				<extensions>
					<swisstopo:routepoint_id>2014767856</swisstopo:routepoint_id>
				</extensions>
			</trkpt>
			<trkpt lat="47.1851898006" lon="8.6909549009">
				<ele>655.0</ele>
				<time>2026-05-21T14:35:42Z</time>
				<extensions>
					<swisstopo:routepoint_id>681209896</swisstopo:routepoint_id>
				</extensions>
			</trkpt>
			<trkpt lat="47.1852182970" lon="8.6909324958">
				<ele>654.5</ele>
				<time>2026-05-21T14:35:43Z</time>
				<extensions>
					<swisstopo:routepoint_id>859399915</swisstopo:routepoint_id>
				</extensions>
			</trkpt>
			<trkpt lat="47.1852456043" lon="8.6909110107">
				<ele>654.3</ele>
				<time>2026-05-21T14:35:44Z</time>
				<extensions>
					<swisstopo:routepoint_id>2106845330</swisstopo:routepoint_id>
				</extensions>
			</trkpt>
			<trkpt lat="47.1852709151" lon="8.6908910851">
				<ele>654.1</ele>
				<time>2026-05-21T14:35:45Z</time>
				<extensions>
					<swisstopo:routepoint_id>2039089574</swisstopo:routepoint_id>
				</extensions>
			</trkpt>
			<trkpt lat="47.1852938062" lon="8.6908730553">
				<ele>653.9</ele>
				<time>2026-05-21T14:35:46Z</time>
				<extensions>
					<swisstopo:routepoint_id>1434431392</swisstopo:routepoint_id>
				</extensions>
			</trkpt>
			<trkpt lat="47.1853158221" lon="8.6908567999">
				<ele>653.8</ele>
				<time>2026-05-21T14:35:47Z</time>
				<extensions>
					<swisstopo:routepoint_id>836984122</swisstopo:routepoint_id>
				</extensions>
			</trkpt>
			<trkpt lat="47.1853358914" lon="8.6908409687">
				<ele>653.5</ele>
				<time>2026-05-21T14:35:48Z</time>
				<extensions>
					<swisstopo:routepoint_id>1174250604</swisstopo:routepoint_id>
				</extensions>
			</trkpt>
			<trkpt lat="47.1853348401" lon="8.6908408224">
				<ele>653.1</ele>
				<time>2026-05-21T14:35:48Z</time>
				<extensions>
					<swisstopo:routepoint_id>255185498</swisstopo:routepoint_id>
				</extensions>
			</trkpt>
			<trkpt lat="47.1853348327" lon="8.6908408252">
				<ele>653.1</ele>
				<time>2026-05-21T14:35:49Z</time>
				<extensions>
					<swisstopo:routepoint_id>377821827</swisstopo:routepoint_id>
				</extensions>
			</trkpt>
			<trkpt lat="47.1853349129" lon="8.6908407945">
				<ele>653.1</ele>
				<time>2026-05-21T14:35:50Z</time>
				<extensions>
					<swisstopo:routepoint_id>2089785857</swisstopo:routepoint_id>
				</extensions>
			</trkpt>
			<trkpt lat="47.1853356081" lon="8.6908404741">
				<ele>653.2</ele>
				<time>2026-05-21T14:35:51Z</time>
				<extensions>
					<swisstopo:routepoint_id>935851914</swisstopo:routepoint_id>
				</extensions>
			</trkpt>
			<trkpt lat="47.1853376986" lon="8.6908394548">
				<ele>653.2</ele>
				<time>2026-05-21T14:35:52Z</time>
				<extensions>
					<swisstopo:routepoint_id>692887970</swisstopo:routepoint_id>
				</extensions>
			</trkpt>
			<trkpt lat="47.1853419117" lon="8.6908374434">
				<ele>653.2</ele>
				<time>2026-05-21T14:35:53Z</time>
				<extensions>
					<swisstopo:routepoint_id>1711777756</swisstopo:routepoint_id>
				</extensions>
			</trkpt>
			<trkpt lat="47.1853487384" lon="8.6908340296">
				<ele>653.3</ele>
				<time>2026-05-21T14:35:54Z</time>
				<extensions>
					<swisstopo:routepoint_id>10326233</swisstopo:routepoint_id>
				</extensions>
			</trkpt>
			<trkpt lat="47.1853570102" lon="8.6908299220">
				<ele>653.5</ele>
				<time>2026-05-21T14:35:55Z</time>
				<extensions>
					<swisstopo:routepoint_id>1754306271</swisstopo:routepoint_id>
				</extensions>
			</trkpt>
			<trkpt lat="47.1853660554" lon="8.6908253166">
				<ele>653.6</ele>
				<time>2026-05-21T14:35:56Z</time>
				<extensions>
					<swisstopo:routepoint_id>1822507034</swisstopo:routepoint_id>
				</extensions>
			</trkpt>
			<trkpt lat="47.1853748892" lon="8.6908206864">
				<ele>653.7</ele>
				<time>2026-05-21T14:35:57Z</time>
				<extensions>
					<swisstopo:routepoint_id>1316463277</swisstopo:routepoint_id>
				</extensions>
			</trkpt>
			<trkpt lat="47.1853824608" lon="8.6908166813">
				<ele>653.8</ele>
				<time>2026-05-21T14:35:58Z</time>
				<extensions>
					<swisstopo:routepoint_id>274281498</swisstopo:routepoint_id>
				</extensions>
			</trkpt>
			<trkpt lat="47.1853889122" lon="8.6908131300">
				<ele>654.0</ele>
				<time>2026-05-21T14:35:59Z</time>
				<extensions>
					<swisstopo:routepoint_id>1349230424</swisstopo:routepoint_id>
				</extensions>
			</trkpt>
			<trkpt lat="47.1853938504" lon="8.6908103651">
				<ele>654.1</ele>
				<time>2026-05-21T14:36:00Z</time>
				<extensions>
					<swisstopo:routepoint_id>1235907495</swisstopo:routepoint_id>
				</extensions>
			</trkpt>
			<trkpt lat="47.1853980848" lon="8.6908077999">
				<ele>654.3</ele>
				<time>2026-05-21T14:36:01Z</time>
				<extensions>
					<swisstopo:routepoint_id>1435434681</swisstopo:routepoint_id>
				</extensions>
			</trkpt>
			<trkpt lat="47.1854010616" lon="8.6908059366">
				<ele>654.6</ele>
				<time>2026-05-21T14:36:02Z</time>
				<extensions>
					<swisstopo:routepoint_id>519393169</swisstopo:routepoint_id>
				</extensions>
			</trkpt>
			<trkpt lat="47.1854037326" lon="8.6908040817">
				<ele>654.8</ele>
				<time>2026-05-21T14:36:03Z</time>
				<extensions>
					<swisstopo:routepoint_id>2067449975</swisstopo:routepoint_id>
				</extensions>
			</trkpt>
			<trkpt lat="47.1854056916" lon="8.6908026085">
				<ele>655.0</ele>
				<time>2026-05-21T14:36:04Z</time>
				<extensions>
					<swisstopo:routepoint_id>1346321365</swisstopo:routepoint_id>
				</extensions>
			</trkpt>
			<trkpt lat="47.1854069125" lon="8.6908015822">
				<ele>655.1</ele>
				<time>2026-05-21T14:36:05Z</time>
				<extensions>
					<swisstopo:routepoint_id>1735476763</swisstopo:routepoint_id>
				</extensions>
			</trkpt>
			<trkpt lat="47.1854073945" lon="8.6908010414">
				<ele>655.0</ele>
				<time>2026-05-21T14:36:06Z</time>
				<extensions>
					<swisstopo:routepoint_id>1035062187</swisstopo:routepoint_id>
				</extensions>
			</trkpt>
			<trkpt lat="47.1854063272" lon="8.6908016613">
				<ele>654.7</ele>
				<time>2026-05-21T14:36:07Z</time>
				<extensions>
					<swisstopo:routepoint_id>1672636209</swisstopo:routepoint_id>
				</extensions>
			</trkpt>
			<trkpt lat="47.1854054156" lon="8.6908021147">
				<ele>654.5</ele>
				<time>2026-05-21T14:36:08Z</time>
				<extensions>
					<swisstopo:routepoint_id>1435825433</swisstopo:routepoint_id>
				</extensions>
			</trkpt>
			<trkpt lat="47.1854044913" lon="8.6908028152">
				<ele>654.2</ele>
				<time>2026-05-21T14:36:09Z</time>
				<extensions>
					<swisstopo:routepoint_id>644311092</swisstopo:routepoint_id>
				</extensions>
			</trkpt>
			<trkpt lat="47.1854035508" lon="8.6908037850">
				<ele>654.0</ele>
				<time>2026-05-21T14:36:10Z</time>
				<extensions>
					<swisstopo:routepoint_id>1323975070</swisstopo:routepoint_id>
				</extensions>
			</trkpt>
			<trkpt lat="47.1854026496" lon="8.6908049522">
				<ele>653.8</ele>
				<time>2026-05-21T14:36:11Z</time>
				<extensions>
					<swisstopo:routepoint_id>1970934923</swisstopo:routepoint_id>
				</extensions>
			</trkpt>
			<trkpt lat="47.1854018272" lon="8.6908062552">
				<ele>653.6</ele>
				<time>2026-05-21T14:36:12Z</time>
				<extensions>
					<swisstopo:routepoint_id>567995886</swisstopo:routepoint_id>
				</extensions>
			</trkpt>
			<trkpt lat="47.1854011099" lon="8.6908076432">
				<ele>653.5</ele>
				<time>2026-05-21T14:36:13Z</time>
				<extensions>
					<swisstopo:routepoint_id>742045087</swisstopo:routepoint_id>
				</extensions>
			</trkpt>
			<trkpt lat="47.1854005127" lon="8.6908090753">
				<ele>653.4</ele>
				<time>2026-05-21T14:36:14Z</time>
				<extensions>
					<swisstopo:routepoint_id>1114239080</swisstopo:routepoint_id>
				</extensions>
			</trkpt>
			<trkpt lat="47.1853998933" lon="8.6908101174">
				<ele>653.3</ele>
				<time>2026-05-21T14:36:15Z</time>
				<extensions>
					<swisstopo:routepoint_id>958815720</swisstopo:routepoint_id>
				</extensions>
			</trkpt>
			<trkpt lat="47.1853993986" lon="8.6908111455">
				<ele>653.3</ele>
				<time>2026-05-21T14:36:16Z</time>
				<extensions>
					<swisstopo:routepoint_id>98518952</swisstopo:routepoint_id>
				</extensions>
			</trkpt>
			<trkpt lat="47.1853990477" lon="8.6908122098">
				<ele>653.3</ele>
				<time>2026-05-21T14:36:17Z</time>
				<extensions>
					<swisstopo:routepoint_id>98134427</swisstopo:routepoint_id>
				</extensions>
			</trkpt>
			<trkpt lat="47.1853988304" lon="8.6908132955">
				<ele>653.2</ele>
				<time>2026-05-21T14:36:18Z</time>
				<extensions>
					<swisstopo:routepoint_id>77873693</swisstopo:routepoint_id>
				</extensions>
			</trkpt>
			<trkpt lat="47.1853985850" lon="8.6908139880">
				<ele>653.2</ele>
				<time>2026-05-21T14:36:19Z</time>
				<extensions>
					<swisstopo:routepoint_id>1005617228</swisstopo:routepoint_id>
				</extensions>
			</trkpt>
			<trkpt lat="47.1853982965" lon="8.6908142763">
				<ele>653.2</ele>
				<time>2026-05-21T14:36:20Z</time>
				<extensions>
					<swisstopo:routepoint_id>712449106</swisstopo:routepoint_id>
				</extensions>
			</trkpt>
			<trkpt lat="47.1853979740" lon="8.6908142189">
				<ele>653.2</ele>
				<time>2026-05-21T14:36:21Z</time>
				<extensions>
					<swisstopo:routepoint_id>1910792517</swisstopo:routepoint_id>
				</extensions>
			</trkpt>
			<trkpt lat="47.1853976258" lon="8.6908138726">
				<ele>653.2</ele>
				<time>2026-05-21T14:36:22Z</time>
				<extensions>
					<swisstopo:routepoint_id>1219375981</swisstopo:routepoint_id>
				</extensions>
			</trkpt>
			<trkpt lat="47.1853972588" lon="8.6908132907">
				<ele>653.3</ele>
				<time>2026-05-21T14:36:23Z</time>
				<extensions>
					<swisstopo:routepoint_id>615669346</swisstopo:routepoint_id>
				</extensions>
			</trkpt>
			<trkpt lat="47.1853968789" lon="8.6908125217">
				<ele>653.3</ele>
				<time>2026-05-21T14:36:24Z</time>
				<extensions>
					<swisstopo:routepoint_id>978486976</swisstopo:routepoint_id>
				</extensions>
			</trkpt>
			<trkpt lat="47.1853964911" lon="8.6908116088">
				<ele>653.3</ele>
				<time>2026-05-21T14:36:25Z</time>
				<extensions>
					<swisstopo:routepoint_id>836906</swisstopo:routepoint_id>
				</extensions>
			</trkpt>
			<trkpt lat="47.1853960991" lon="8.6908105893">
				<ele>653.3</ele>
				<time>2026-05-21T14:36:26Z</time>
				<extensions>
					<swisstopo:routepoint_id>1180977260</swisstopo:routepoint_id>
				</extensions>
			</trkpt>
			<trkpt lat="47.1853958545" lon="8.6908098976">
				<ele>653.3</ele>
				<time>2026-05-21T14:36:27Z</time>
				<extensions>
					<swisstopo:routepoint_id>1640943246</swisstopo:routepoint_id>
				</extensions>
			</trkpt>
			<trkpt lat="47.1853956118" lon="8.6908091594">
				<ele>653.3</ele>
				<time>2026-05-21T14:36:28Z</time>
				<extensions>
					<swisstopo:routepoint_id>1348140748</swisstopo:routepoint_id>
				</extensions>
			</trkpt>
			<trkpt lat="47.1853954221" lon="8.6908085301">
				<ele>653.3</ele>
				<time>2026-05-21T14:36:29Z</time>
				<extensions>
					<swisstopo:routepoint_id>101592139</swisstopo:routepoint_id>
				</extensions>
			</trkpt>
			<trkpt lat="47.1853960312" lon="8.6908100445">
				<ele>653.4</ele>
				<time>2026-05-21T14:36:30Z</time>
				<extensions>
					<swisstopo:routepoint_id>209580808</swisstopo:routepoint_id>
				</extensions>
			</trkpt>
			<trkpt lat="47.1853966902" lon="8.6908116846">
				<ele>653.4</ele>
				<time>2026-05-21T14:36:31Z</time>
				<extensions>
					<swisstopo:routepoint_id>551458976</swisstopo:routepoint_id>
				</extensions>
			</trkpt>
			<trkpt lat="47.1853972665" lon="8.6908130988">
				<ele>653.4</ele>
				<time>2026-05-21T14:36:32Z</time>
				<extensions>
					<swisstopo:routepoint_id>1979072827</swisstopo:routepoint_id>
				</extensions>
			</trkpt>
			<trkpt lat="47.1853977591" lon="8.6908142908">
				<ele>653.4</ele>
				<time>2026-05-21T14:36:33Z</time>
				<extensions>
					<swisstopo:routepoint_id>2050278653</swisstopo:routepoint_id>
				</extensions>
			</trkpt>
			<trkpt lat="47.1853981704" lon="8.6908152719">
				<ele>653.4</ele>
				<time>2026-05-21T14:36:34Z</time>
				<extensions>
					<swisstopo:routepoint_id>510721209</swisstopo:routepoint_id>
				</extensions>
			</trkpt>
			<trkpt lat="47.1853985057" lon="8.6908160590">
				<ele>653.4</ele>
				<time>2026-05-21T14:36:35Z</time>
				<extensions>
					<swisstopo:routepoint_id>199222604</swisstopo:routepoint_id>
				</extensions>
			</trkpt>
			<trkpt lat="47.1853987718" lon="8.6908166722">
				<ele>653.4</ele>
				<time>2026-05-21T14:36:36Z</time>
				<extensions>
					<swisstopo:routepoint_id>407299755</swisstopo:routepoint_id>
				</extensions>
			</trkpt>
			<trkpt lat="47.1853989764" lon="8.6908171332">
				<ele>653.4</ele>
				<time>2026-05-21T14:36:37Z</time>
				<extensions>
					<swisstopo:routepoint_id>1456599296</swisstopo:routepoint_id>
				</extensions>
			</trkpt>
			<trkpt lat="47.1853991277" lon="8.6908174639">
				<ele>653.4</ele>
				<time>2026-05-21T14:36:38Z</time>
				<extensions>
					<swisstopo:routepoint_id>1898275719</swisstopo:routepoint_id>
				</extensions>
			</trkpt>
			<trkpt lat="47.1853992337" lon="8.6908176858">
				<ele>653.4</ele>
				<time>2026-05-21T14:36:39Z</time>
				<extensions>
					<swisstopo:routepoint_id>1302949401</swisstopo:routepoint_id>
				</extensions>
			</trkpt>
			<trkpt lat="47.1853993023" lon="8.6908178188">
				<ele>653.4</ele>
				<time>2026-05-21T14:36:40Z</time>
				<extensions>
					<swisstopo:routepoint_id>779834148</swisstopo:routepoint_id>
				</extensions>
			</trkpt>
			<trkpt lat="47.1853993407" lon="8.6908178812">
				<ele>653.4</ele>
				<time>2026-05-21T14:36:41Z</time>
				<extensions>
					<swisstopo:routepoint_id>579827795</swisstopo:routepoint_id>
				</extensions>
			</trkpt>
			<trkpt lat="47.1853993553" lon="8.6908178892">
				<ele>653.4</ele>
				<time>2026-05-21T14:36:42Z</time>
				<extensions>
					<swisstopo:routepoint_id>2032444126</swisstopo:routepoint_id>
				</extensions>
			</trkpt>
			<trkpt lat="47.1853993518" lon="8.6908178570">
				<ele>653.4</ele>
				<time>2026-05-21T14:36:43Z</time>
				<extensions>
					<swisstopo:routepoint_id>1413536500</swisstopo:routepoint_id>
				</extensions>
			</trkpt>
			<trkpt lat="47.1853993352" lon="8.6908177964">
				<ele>653.4</ele>
				<time>2026-05-21T14:36:44Z</time>
				<extensions>
					<swisstopo:routepoint_id>1843852386</swisstopo:routepoint_id>
				</extensions>
			</trkpt>
			<trkpt lat="47.1853993097" lon="8.6908177175">
				<ele>653.4</ele>
				<time>2026-05-21T14:36:45Z</time>
				<extensions>
					<swisstopo:routepoint_id>1438025292</swisstopo:routepoint_id>
				</extensions>
			</trkpt>
			<trkpt lat="47.1853992785" lon="8.6908176281">
				<ele>653.4</ele>
				<time>2026-05-21T14:36:46Z</time>
				<extensions>
					<swisstopo:routepoint_id>1110119306</swisstopo:routepoint_id>
				</extensions>
			</trkpt>
			<trkpt lat="47.1853992445" lon="8.6908175347">
				<ele>653.4</ele>
				<time>2026-05-21T14:36:47Z</time>
				<extensions>
					<swisstopo:routepoint_id>437250806</swisstopo:routepoint_id>
				</extensions>
			</trkpt>
			<trkpt lat="47.1853992097" lon="8.6908174420">
				<ele>653.4</ele>
				<time>2026-05-21T14:36:48Z</time>
				<extensions>
					<swisstopo:routepoint_id>185256408</swisstopo:routepoint_id>
				</extensions>
			</trkpt>
			<trkpt lat="47.1853991758" lon="8.6908173535">
				<ele>653.4</ele>
				<time>2026-05-21T14:36:49Z</time>
				<extensions>
					<swisstopo:routepoint_id>1900644753</swisstopo:routepoint_id>
				</extensions>
			</trkpt>
			<trkpt lat="47.1853991438" lon="8.6908172716">
				<ele>653.4</ele>
				<time>2026-05-21T14:36:50Z</time>
				<extensions>
					<swisstopo:routepoint_id>317114546</swisstopo:routepoint_id>
				</extensions>
			</trkpt>
			<trkpt lat="47.1853991145" lon="8.6908171979">
				<ele>653.4</ele>
				<time>2026-05-21T14:36:51Z</time>
				<extensions>
					<swisstopo:routepoint_id>1837246415</swisstopo:routepoint_id>
				</extensions>
			</trkpt>
			<trkpt lat="47.1853990884" lon="8.6908171330">
				<ele>653.4</ele>
				<time>2026-05-21T14:36:52Z</time>
				<extensions>
					<swisstopo:routepoint_id>2080620339</swisstopo:routepoint_id>
				</extensions>
			</trkpt>
			<trkpt lat="47.1853990657" lon="8.6908170773">
				<ele>653.4</ele>
				<time>2026-05-21T14:36:53Z</time>
				<extensions>
					<swisstopo:routepoint_id>1509813472</swisstopo:routepoint_id>
				</extensions>
			</trkpt>
			<trkpt lat="47.1853990463" lon="8.6908170306">
				<ele>653.4</ele>
				<time>2026-05-21T14:36:54Z</time>
				<extensions>
					<swisstopo:routepoint_id>768250952</swisstopo:routepoint_id>
				</extensions>
			</trkpt>
			<trkpt lat="47.1853990302" lon="8.6908169922">
				<ele>653.4</ele>
				<time>2026-05-21T14:36:55Z</time>
				<extensions>
					<swisstopo:routepoint_id>1322064500</swisstopo:routepoint_id>
				</extensions>
			</trkpt>
			<trkpt lat="47.1853990171" lon="8.6908169615">
				<ele>653.4</ele>
				<time>2026-05-21T14:36:56Z</time>
				<extensions>
					<swisstopo:routepoint_id>2072239638</swisstopo:routepoint_id>
				</extensions>
			</trkpt>
			<trkpt lat="47.1853990067" lon="8.6908169378">
				<ele>653.4</ele>
				<time>2026-05-21T14:36:57Z</time>
				<extensions>
					<swisstopo:routepoint_id>241808820</swisstopo:routepoint_id>
				</extensions>
			</trkpt>
			<trkpt lat="47.1853989988" lon="8.6908169201">
				<ele>653.4</ele>
				<time>2026-05-21T14:36:58Z</time>
				<extensions>
					<swisstopo:routepoint_id>1041777616</swisstopo:routepoint_id>
				</extensions>
			</trkpt>
			<trkpt lat="47.1853989930" lon="8.6908169075">
				<ele>653.4</ele>
				<time>2026-05-21T14:36:59Z</time>
				<extensions>
					<swisstopo:routepoint_id>722218121</swisstopo:routepoint_id>
				</extensions>
			</trkpt>
			<trkpt lat="47.1853989890" lon="8.6908168991">
				<ele>653.4</ele>
				<time>2026-05-21T14:37:00Z</time>
				<extensions>
					<swisstopo:routepoint_id>742386803</swisstopo:routepoint_id>
				</extensions>
			</trkpt>
			<trkpt lat="47.1853989864" lon="8.6908168942">
				<ele>653.4</ele>
				<time>2026-05-21T14:37:01Z</time>
				<extensions>
					<swisstopo:routepoint_id>415008951</swisstopo:routepoint_id>
				</extensions>
			</trkpt>
			<trkpt lat="47.1853989851" lon="8.6908168921">
				<ele>653.4</ele>
				<time>2026-05-21T14:37:02Z</time>
				<extensions>
					<swisstopo:routepoint_id>28554001</swisstopo:routepoint_id>
				</extensions>
			</trkpt>
			<trkpt lat="47.1853989846" lon="8.6908168921">
				<ele>653.4</ele>
				<time>2026-05-21T14:37:03Z</time>
				<extensions>
					<swisstopo:routepoint_id>1018241526</swisstopo:routepoint_id>
				</extensions>
			</trkpt>
			<trkpt lat="47.1853989848" lon="8.6908168936">
				<ele>653.4</ele>
				<time>2026-05-21T14:37:04Z</time>
				<extensions>
					<swisstopo:routepoint_id>288144539</swisstopo:routepoint_id>
				</extensions>
			</trkpt>
			<trkpt lat="47.1853989856" lon="8.6908168962">
				<ele>653.4</ele>
				<time>2026-05-21T14:37:05Z</time>
				<extensions>
					<swisstopo:routepoint_id>269642988</swisstopo:routepoint_id>
				</extensions>
			</trkpt>
			<trkpt lat="47.1853989867" lon="8.6908168994">
				<ele>653.4</ele>
				<time>2026-05-21T14:37:06Z</time>
				<extensions>
					<swisstopo:routepoint_id>699204146</swisstopo:routepoint_id>
				</extensions>
			</trkpt>
			<trkpt lat="47.1853989879" lon="8.6908169031">
				<ele>653.4</ele>
				<time>2026-05-21T14:37:07Z</time>
				<extensions>
					<swisstopo:routepoint_id>493565438</swisstopo:routepoint_id>
				</extensions>
			</trkpt>
			<trkpt lat="47.1853989893" lon="8.6908169069">
				<ele>653.4</ele>
				<time>2026-05-21T14:37:08Z</time>
				<extensions>
					<swisstopo:routepoint_id>1772471752</swisstopo:routepoint_id>
				</extensions>
			</trkpt>
			<trkpt lat="47.1853989907" lon="8.6908169106">
				<ele>653.4</ele>
				<time>2026-05-21T14:37:09Z</time>
				<extensions>
					<swisstopo:routepoint_id>39584680</swisstopo:routepoint_id>
				</extensions>
			</trkpt>
			<trkpt lat="47.1853989921" lon="8.6908169141">
				<ele>653.4</ele>
				<time>2026-05-21T14:37:10Z</time>
				<extensions>
					<swisstopo:routepoint_id>1727269837</swisstopo:routepoint_id>
				</extensions>
			</trkpt>
			<trkpt lat="47.1853989934" lon="8.6908169174">
				<ele>653.4</ele>
				<time>2026-05-21T14:37:11Z</time>
				<extensions>
					<swisstopo:routepoint_id>540210313</swisstopo:routepoint_id>
				</extensions>
			</trkpt>
			<trkpt lat="47.1853989945" lon="8.6908169203">
				<ele>653.4</ele>
				<time>2026-05-21T14:37:12Z</time>
				<extensions>
					<swisstopo:routepoint_id>1901354722</swisstopo:routepoint_id>
				</extensions>
			</trkpt>
			<trkpt lat="47.1853989956" lon="8.6908169229">
				<ele>653.4</ele>
				<time>2026-05-21T14:37:13Z</time>
				<extensions>
					<swisstopo:routepoint_id>1512145294</swisstopo:routepoint_id>
				</extensions>
			</trkpt>
			<trkpt lat="47.1853989965" lon="8.6908169251">
				<ele>653.4</ele>
				<time>2026-05-21T14:37:14Z</time>
				<extensions>
					<swisstopo:routepoint_id>1304477660</swisstopo:routepoint_id>
				</extensions>
			</trkpt>
			<trkpt lat="47.1853989972" lon="8.6908169269">
				<ele>653.4</ele>
				<time>2026-05-21T14:37:15Z</time>
				<extensions>
					<swisstopo:routepoint_id>695479397</swisstopo:routepoint_id>
				</extensions>
			</trkpt>
			<trkpt lat="47.1853989978" lon="8.6908169284">
				<ele>653.4</ele>
				<time>2026-05-21T14:37:16Z</time>
				<extensions>
					<swisstopo:routepoint_id>168734758</swisstopo:routepoint_id>
				</extensions>
			</trkpt>
			<trkpt lat="47.1853989984" lon="8.6908169296">
				<ele>653.4</ele>
				<time>2026-05-21T14:37:17Z</time>
				<extensions>
					<swisstopo:routepoint_id>1246663666</swisstopo:routepoint_id>
				</extensions>
			</trkpt>
			<trkpt lat="47.1853989988" lon="8.6908169305">
				<ele>653.4</ele>
				<time>2026-05-21T14:37:18Z</time>
				<extensions>
					<swisstopo:routepoint_id>1825774330</swisstopo:routepoint_id>
				</extensions>
			</trkpt>
			<trkpt lat="47.1853989991" lon="8.6908169312">
				<ele>653.4</ele>
				<time>2026-05-21T14:37:19Z</time>
				<extensions>
					<swisstopo:routepoint_id>395332327</swisstopo:routepoint_id>
				</extensions>
			</trkpt>
			<trkpt lat="47.1853989993" lon="8.6908169317">
				<ele>653.4</ele>
				<time>2026-05-21T14:37:20Z</time>
				<extensions>
					<swisstopo:routepoint_id>36016071</swisstopo:routepoint_id>
				</extensions>
			</trkpt>
			<trkpt lat="47.1853989994" lon="8.6908169320">
				<ele>653.4</ele>
				<time>2026-05-21T14:37:21Z</time>
				<extensions>
					<swisstopo:routepoint_id>1879200490</swisstopo:routepoint_id>
				</extensions>
			</trkpt>
			<trkpt lat="47.1853989995" lon="8.6908169322">
				<ele>653.4</ele>
				<time>2026-05-21T14:37:22Z</time>
				<extensions>
					<swisstopo:routepoint_id>680639001</swisstopo:routepoint_id>
				</extensions>
			</trkpt>
			<trkpt lat="47.1853989996" lon="8.6908169322">
				<ele>653.4</ele>
				<time>2026-05-21T14:37:23Z</time>
				<extensions>
					<swisstopo:routepoint_id>2001785885</swisstopo:routepoint_id>
				</extensions>
			</trkpt>
			<trkpt lat="47.1853989996" lon="8.6908169322">
				<ele>653.4</ele>
				<time>2026-05-21T14:37:24Z</time>
				<extensions>
					<swisstopo:routepoint_id>1536555293</swisstopo:routepoint_id>
				</extensions>
			</trkpt>
			<trkpt lat="47.1853989996" lon="8.6908169321">
				<ele>653.4</ele>
				<time>2026-05-21T14:37:25Z</time>
				<extensions>
					<swisstopo:routepoint_id>1393954276</swisstopo:routepoint_id>
				</extensions>
			</trkpt>
			<trkpt lat="47.1853989996" lon="8.6908169320">
				<ele>653.4</ele>
				<time>2026-05-21T14:37:26Z</time>
				<extensions>
					<swisstopo:routepoint_id>1290411609</swisstopo:routepoint_id>
				</extensions>
			</trkpt>
			<trkpt lat="47.1853989995" lon="8.6908169319">
				<ele>653.4</ele>
				<time>2026-05-21T14:37:27Z</time>
				<extensions>
					<swisstopo:routepoint_id>510561410</swisstopo:routepoint_id>
				</extensions>
			</trkpt>
			<trkpt lat="47.1853989995" lon="8.6908169317">
				<ele>653.4</ele>
				<time>2026-05-21T14:37:28Z</time>
				<extensions>
					<swisstopo:routepoint_id>1808448105</swisstopo:routepoint_id>
				</extensions>
			</trkpt>
			<trkpt lat="47.1853989994" lon="8.6908169316">
				<ele>653.4</ele>
				<time>2026-05-21T14:37:29Z</time>
				<extensions>
					<swisstopo:routepoint_id>1251244744</swisstopo:routepoint_id>
				</extensions>
			</trkpt>
			<trkpt lat="47.1853989993" lon="8.6908169314">
				<ele>653.4</ele>
				<time>2026-05-21T14:37:30Z</time>
				<extensions>
					<swisstopo:routepoint_id>1510540984</swisstopo:routepoint_id>
				</extensions>
			</trkpt>
			<trkpt lat="47.1853989993" lon="8.6908169313">
				<ele>653.4</ele>
				<time>2026-05-21T14:37:31Z</time>
				<extensions>
					<swisstopo:routepoint_id>110643254</swisstopo:routepoint_id>
				</extensions>
			</trkpt>
			<trkpt lat="47.1853989992" lon="8.6908169312">
				<ele>653.4</ele>
				<time>2026-05-21T14:37:32Z</time>
				<extensions>
					<swisstopo:routepoint_id>2007815323</swisstopo:routepoint_id>
				</extensions>
			</trkpt>
			<trkpt lat="47.1853989992" lon="8.6908169311">
				<ele>653.4</ele>
				<time>2026-05-21T14:37:33Z</time>
				<extensions>
					<swisstopo:routepoint_id>1941588350</swisstopo:routepoint_id>
				</extensions>
			</trkpt>
			<trkpt lat="47.1853989991" lon="8.6908169310">
				<ele>653.4</ele>
				<time>2026-05-21T14:37:34Z</time>
				<extensions>
					<swisstopo:routepoint_id>1261382285</swisstopo:routepoint_id>
				</extensions>
			</trkpt>
			<trkpt lat="47.1853989991" lon="8.6908169309">
				<ele>653.4</ele>
				<time>2026-05-21T14:37:35Z</time>
				<extensions>
					<swisstopo:routepoint_id>93500811</swisstopo:routepoint_id>
				</extensions>
			</trkpt>
			<trkpt lat="47.1853989991" lon="8.6908169308">
				<ele>653.4</ele>
				<time>2026-05-21T14:37:36Z</time>
				<extensions>
					<swisstopo:routepoint_id>1657584520</swisstopo:routepoint_id>
				</extensions>
			</trkpt>
			<trkpt lat="47.1853989991" lon="8.6908169307">
				<ele>653.4</ele>
				<time>2026-05-21T14:37:37Z</time>
				<extensions>
					<swisstopo:routepoint_id>1865158756</swisstopo:routepoint_id>
				</extensions>
			</trkpt>
			<trkpt lat="47.1853989990" lon="8.6908169307">
				<ele>653.4</ele>
				<time>2026-05-21T14:37:38Z</time>
				<extensions>
					<swisstopo:routepoint_id>904416833</swisstopo:routepoint_id>
				</extensions>
			</trkpt>
			<trkpt lat="47.1853989990" lon="8.6908169307">
				<ele>653.4</ele>
				<time>2026-05-21T14:37:39Z</time>
				<extensions>
					<swisstopo:routepoint_id>644458765</swisstopo:routepoint_id>
				</extensions>
			</trkpt>
			<trkpt lat="47.1853989990" lon="8.6908169306">
				<ele>653.4</ele>
				<time>2026-05-21T14:37:40Z</time>
				<extensions>
					<swisstopo:routepoint_id>1658431534</swisstopo:routepoint_id>
				</extensions>
			</trkpt>
			<trkpt lat="47.1853989990" lon="8.6908169306">
				<ele>653.4</ele>
				<time>2026-05-21T14:37:41Z</time>
				<extensions>
					<swisstopo:routepoint_id>1068537525</swisstopo:routepoint_id>
				</extensions>
			</trkpt>
			<trkpt lat="47.1853989990" lon="8.6908169306">
				<ele>653.4</ele>
				<time>2026-05-21T14:37:42Z</time>
				<extensions>
					<swisstopo:routepoint_id>1651926461</swisstopo:routepoint_id>
				</extensions>
			</trkpt>
			<trkpt lat="47.1853989990" lon="8.6908169306">
				<ele>653.4</ele>
				<time>2026-05-21T14:37:43Z</time>
				<extensions>
					<swisstopo:routepoint_id>1259441611</swisstopo:routepoint_id>
				</extensions>
			</trkpt>
			<trkpt lat="47.1853989990" lon="8.6908169306">
				<ele>653.4</ele>
				<time>2026-05-21T14:37:44Z</time>
				<extensions>
					<swisstopo:routepoint_id>1836331245</swisstopo:routepoint_id>
				</extensions>
			</trkpt>
			<trkpt lat="47.1853989990" lon="8.6908169306">
				<ele>653.4</ele>
				<time>2026-05-21T14:37:45Z</time>
				<extensions>
					<swisstopo:routepoint_id>1731743678</swisstopo:routepoint_id>
				</extensions>
			</trkpt>
			<trkpt lat="47.1853989990" lon="8.6908169306">
				<ele>653.4</ele>
				<time>2026-05-21T14:37:46Z</time>
				<extensions>
					<swisstopo:routepoint_id>570128355</swisstopo:routepoint_id>
				</extensions>
			</trkpt>
			<trkpt lat="47.1853957742" lon="8.6908157602">
				<ele>653.7</ele>
				<time>2026-05-21T14:37:47Z</time>
				<extensions>
					<swisstopo:routepoint_id>75229571</swisstopo:routepoint_id>
				</extensions>
			</trkpt>
			<trkpt lat="47.1853950112" lon="8.6908131037">
				<ele>654.0</ele>
				<time>2026-05-21T14:37:48Z</time>
				<extensions>
					<swisstopo:routepoint_id>1663015361</swisstopo:routepoint_id>
				</extensions>
			</trkpt>
			<trkpt lat="47.1853982895" lon="8.6908099035">
				<ele>654.2</ele>
				<time>2026-05-21T14:37:49Z</time>
				<extensions>
					<swisstopo:routepoint_id>799506622</swisstopo:routepoint_id>
				</extensions>
			</trkpt>
			<trkpt lat="47.1854025569" lon="8.6908067872">
				<ele>654.3</ele>
				<time>2026-05-21T14:37:50Z</time>
				<extensions>
					<swisstopo:routepoint_id>502616675</swisstopo:routepoint_id>
				</extensions>
			</trkpt>
			<trkpt lat="47.1854076927" lon="8.6908036515">
				<ele>654.4</ele>
				<time>2026-05-21T14:37:51Z</time>
				<extensions>
					<swisstopo:routepoint_id>1425273074</swisstopo:routepoint_id>
				</extensions>
			</trkpt>
			<trkpt lat="47.1854158636" lon="8.6908021382">
				<ele>654.6</ele>
				<time>2026-05-21T14:37:52Z</time>
				<extensions>
					<swisstopo:routepoint_id>1531956080</swisstopo:routepoint_id>
				</extensions>
			</trkpt>
			<trkpt lat="47.1854253121" lon="8.6908019931">
				<ele>654.6</ele>
				<time>2026-05-21T14:37:53Z</time>
				<extensions>
					<swisstopo:routepoint_id>1404392677</swisstopo:routepoint_id>
				</extensions>
			</trkpt>
			<trkpt lat="47.1854358668" lon="8.6908030732">
				<ele>654.7</ele>
				<time>2026-05-21T14:37:54Z</time>
				<extensions>
					<swisstopo:routepoint_id>634958162</swisstopo:routepoint_id>
				</extensions>
			</trkpt>
			<trkpt lat="47.1854511722" lon="8.6908078567">
				<ele>654.6</ele>
				<time>2026-05-21T14:37:55Z</time>
				<extensions>
					<swisstopo:routepoint_id>895586791</swisstopo:routepoint_id>
				</extensions>
			</trkpt>
			<trkpt lat="47.1854628283" lon="8.6908119902">
				<ele>654.2</ele>
				<time>2026-05-21T14:37:56Z</time>
				<extensions>
					<swisstopo:routepoint_id>414314514</swisstopo:routepoint_id>
				</extensions>
			</trkpt>
			<trkpt lat="47.1854763034" lon="8.6908142211">
				<ele>654.1</ele>
				<time>2026-05-21T14:37:57Z</time>
				<extensions>
					<swisstopo:routepoint_id>1242053224</swisstopo:routepoint_id>
				</extensions>
			</trkpt>
			<trkpt lat="47.1854946251" lon="8.6908183407">
				<ele>653.9</ele>
				<time>2026-05-21T14:37:58Z</time>
				<extensions>
					<swisstopo:routepoint_id>1647486928</swisstopo:routepoint_id>
				</extensions>
			</trkpt>
			<trkpt lat="47.1855144759" lon="8.6908264008">
				<ele>653.7</ele>
				<time>2026-05-21T14:37:59Z</time>
				<extensions>
					<swisstopo:routepoint_id>1806138125</swisstopo:routepoint_id>
				</extensions>
			</trkpt>
			<trkpt lat="47.1855381509" lon="8.6908388909">
				<ele>653.5</ele>
				<time>2026-05-21T14:38:00Z</time>
				<extensions>
					<swisstopo:routepoint_id>1082116530</swisstopo:routepoint_id>
				</extensions>
			</trkpt>
			<trkpt lat="47.1855584262" lon="8.6908548198">
				<ele>653.3</ele>
				<time>2026-05-21T14:38:01Z</time>
				<extensions>
					<swisstopo:routepoint_id>93513267</swisstopo:routepoint_id>
				</extensions>
			</trkpt>
			<trkpt lat="47.1855765849" lon="8.6908665815">
				<ele>653.2</ele>
				<time>2026-05-21T14:38:02Z</time>
				<extensions>
					<swisstopo:routepoint_id>1866932512</swisstopo:routepoint_id>
				</extensions>
			</trkpt>
			<trkpt lat="47.1855997044" lon="8.6908816421">
				<ele>653.4</ele>
				<time>2026-05-21T14:38:03Z</time>
				<extensions>
					<swisstopo:routepoint_id>651162867</swisstopo:routepoint_id>
				</extensions>
			</trkpt>
			<trkpt lat="47.1856264862" lon="8.6908953868">
				<ele>653.2</ele>
				<time>2026-05-21T14:38:04Z</time>
				<extensions>
					<swisstopo:routepoint_id>517640557</swisstopo:routepoint_id>
				</extensions>
			</trkpt>
			<trkpt lat="47.1856572798" lon="8.6909127605">
				<ele>653.0</ele>
				<time>2026-05-21T14:38:05Z</time>
				<extensions>
					<swisstopo:routepoint_id>528587502</swisstopo:routepoint_id>
				</extensions>
			</trkpt>
			<trkpt lat="47.1856894133" lon="8.6909286893">
				<ele>652.8</ele>
				<time>2026-05-21T14:38:06Z</time>
				<extensions>
					<swisstopo:routepoint_id>1977782122</swisstopo:routepoint_id>
				</extensions>
			</trkpt>
			<trkpt lat="47.1857213746" lon="8.6909475270">
				<ele>652.7</ele>
				<time>2026-05-21T14:38:07Z</time>
				<extensions>
					<swisstopo:routepoint_id>1832236188</swisstopo:routepoint_id>
				</extensions>
			</trkpt>
			<trkpt lat="47.1857514337" lon="8.6909692351">
				<ele>652.8</ele>
				<time>2026-05-21T14:38:08Z</time>
				<extensions>
					<swisstopo:routepoint_id>1625597383</swisstopo:routepoint_id>
				</extensions>
			</trkpt>
			<trkpt lat="47.1857774683" lon="8.6909848749">
				<ele>652.9</ele>
				<time>2026-05-21T14:38:09Z</time>
				<extensions>
					<swisstopo:routepoint_id>1128258947</swisstopo:routepoint_id>
				</extensions>
			</trkpt>
			<trkpt lat="47.1858045404" lon="8.6910017707">
				<ele>652.9</ele>
				<time>2026-05-21T14:38:10Z</time>
				<extensions>
					<swisstopo:routepoint_id>367519219</swisstopo:routepoint_id>
				</extensions>
			</trkpt>
			<trkpt lat="47.1858305390" lon="8.6910175367">
				<ele>653.0</ele>
				<time>2026-05-21T14:38:11Z</time>
				<extensions>
					<swisstopo:routepoint_id>732544961</swisstopo:routepoint_id>
				</extensions>
			</trkpt>
			<trkpt lat="47.1858569203" lon="8.6910304916">
				<ele>653.0</ele>
				<time>2026-05-21T14:38:12Z</time>
				<extensions>
					<swisstopo:routepoint_id>359411276</swisstopo:routepoint_id>
				</extensions>
			</trkpt>
			<trkpt lat="47.1858821210" lon="8.6910388784">
				<ele>653.1</ele>
				<time>2026-05-21T14:38:13Z</time>
				<extensions>
					<swisstopo:routepoint_id>1901300368</swisstopo:routepoint_id>
				</extensions>
			</trkpt>
			<trkpt lat="47.1859063318" lon="8.6910472379">
				<ele>653.2</ele>
				<time>2026-05-21T14:38:14Z</time>
				<extensions>
					<swisstopo:routepoint_id>598617616</swisstopo:routepoint_id>
				</extensions>
			</trkpt>
			<trkpt lat="47.1859286131" lon="8.6910551624">
				<ele>653.2</ele>
				<time>2026-05-21T14:38:15Z</time>
				<extensions>
					<swisstopo:routepoint_id>5385917</swisstopo:routepoint_id>
				</extensions>
			</trkpt>
			<trkpt lat="47.1859522566" lon="8.6910599085">
				<ele>653.1</ele>
				<time>2026-05-21T14:38:16Z</time>
				<extensions>
					<swisstopo:routepoint_id>326793845</swisstopo:routepoint_id>
				</extensions>
			</trkpt>
			<trkpt lat="47.1859742957" lon="8.6910670762">
				<ele>652.9</ele>
				<time>2026-05-21T14:38:17Z</time>
				<extensions>
					<swisstopo:routepoint_id>1308467536</swisstopo:routepoint_id>
				</extensions>
			</trkpt>
			<trkpt lat="47.1859956916" lon="8.6910775128">
				<ele>652.9</ele>
				<time>2026-05-21T14:38:18Z</time>
				<extensions>
					<swisstopo:routepoint_id>1181332272</swisstopo:routepoint_id>
				</extensions>
			</trkpt>
			<trkpt lat="47.1860191657" lon="8.6910897673">
				<ele>653.0</ele>
				<time>2026-05-21T14:38:19Z</time>
				<extensions>
					<swisstopo:routepoint_id>1165178989</swisstopo:routepoint_id>
				</extensions>
			</trkpt>
			<trkpt lat="47.1860438220" lon="8.6911011181">
				<ele>653.3</ele>
				<time>2026-05-21T14:38:20Z</time>
				<extensions>
					<swisstopo:routepoint_id>259891130</swisstopo:routepoint_id>
				</extensions>
			</trkpt>
			<trkpt lat="47.1860695137" lon="8.6911130197">
				<ele>653.7</ele>
				<time>2026-05-21T14:38:21Z</time>
				<extensions>
					<swisstopo:routepoint_id>8483912</swisstopo:routepoint_id>
				</extensions>
			</trkpt>
			<trkpt lat="47.1860956484" lon="8.6911245527">
				<ele>653.9</ele>
				<time>2026-05-21T14:38:22Z</time>
				<extensions>
					<swisstopo:routepoint_id>855188282</swisstopo:routepoint_id>
				</extensions>
			</trkpt>
			<trkpt lat="47.1861198659" lon="8.6911378171">
				<ele>654.2</ele>
				<time>2026-05-21T14:38:23Z</time>
				<extensions>
					<swisstopo:routepoint_id>41406203</swisstopo:routepoint_id>
				</extensions>
			</trkpt>
			<trkpt lat="47.1861450243" lon="8.6911509042">
				<ele>654.5</ele>
				<time>2026-05-21T14:38:24Z</time>
				<extensions>
					<swisstopo:routepoint_id>129352193</swisstopo:routepoint_id>
				</extensions>
			</trkpt>
			<trkpt lat="47.1861698713" lon="8.6911642557">
				<ele>654.6</ele>
				<time>2026-05-21T14:38:25Z</time>
				<extensions>
					<swisstopo:routepoint_id>768856987</swisstopo:routepoint_id>
				</extensions>
			</trkpt>
			<trkpt lat="47.1861956844" lon="8.6911733555">
				<ele>654.6</ele>
				<time>2026-05-21T14:38:26Z</time>
				<extensions>
					<swisstopo:routepoint_id>770276510</swisstopo:routepoint_id>
				</extensions>
			</trkpt>
			<trkpt lat="47.1862201858" lon="8.6911821289">
				<ele>654.6</ele>
				<time>2026-05-21T14:38:27Z</time>
				<extensions>
					<swisstopo:routepoint_id>1005879454</swisstopo:routepoint_id>
				</extensions>
			</trkpt>
			<trkpt lat="47.1862419104" lon="8.6911906649">
				<ele>654.8</ele>
				<time>2026-05-21T14:38:28Z</time>
				<extensions>
					<swisstopo:routepoint_id>824714194</swisstopo:routepoint_id>
				</extensions>
			</trkpt>
			<trkpt lat="47.1862638346" lon="8.6912024018">
				<ele>655.0</ele>
				<time>2026-05-21T14:38:29Z</time>
				<extensions>
					<swisstopo:routepoint_id>1112000820</swisstopo:routepoint_id>
				</extensions>
			</trkpt>
			<trkpt lat="47.1862871089" lon="8.6912155232">
				<ele>655.3</ele>
				<time>2026-05-21T14:38:30Z</time>
				<extensions>
					<swisstopo:routepoint_id>1995085546</swisstopo:routepoint_id>
				</extensions>
			</trkpt>
			<trkpt lat="47.1863105252" lon="8.6912275530">
				<ele>655.4</ele>
				<time>2026-05-21T14:38:31Z</time>
				<extensions>
					<swisstopo:routepoint_id>593107364</swisstopo:routepoint_id>
				</extensions>
			</trkpt>
			<trkpt lat="47.1863327001" lon="8.6912407074">
				<ele>655.6</ele>
				<time>2026-05-21T14:38:32Z</time>
				<extensions>
					<swisstopo:routepoint_id>1883861021</swisstopo:routepoint_id>
				</extensions>
			</trkpt>
			<trkpt lat="47.1863534867" lon="8.6912542409">
				<ele>655.6</ele>
				<time>2026-05-21T14:38:33Z</time>
				<extensions>
					<swisstopo:routepoint_id>1700772226</swisstopo:routepoint_id>
				</extensions>
			</trkpt>
			<trkpt lat="47.1863734596" lon="8.6912656065">
				<ele>655.7</ele>
				<time>2026-05-21T14:38:34Z</time>
				<extensions>
					<swisstopo:routepoint_id>1871460812</swisstopo:routepoint_id>
				</extensions>
			</trkpt>
			<trkpt lat="47.1863936276" lon="8.6912757017">
				<ele>655.9</ele>
				<time>2026-05-21T14:38:35Z</time>
				<extensions>
					<swisstopo:routepoint_id>1596373322</swisstopo:routepoint_id>
				</extensions>
			</trkpt>
			<trkpt lat="47.1864141132" lon="8.6912844701">
				<ele>656.2</ele>
				<time>2026-05-21T14:38:36Z</time>
				<extensions>
					<swisstopo:routepoint_id>1733220883</swisstopo:routepoint_id>
				</extensions>
			</trkpt>
			<trkpt lat="47.1864389036" lon="8.6912939804">
				<ele>656.5</ele>
				<time>2026-05-21T14:38:37Z</time>
				<extensions>
					<swisstopo:routepoint_id>1775192673</swisstopo:routepoint_id>
				</extensions>
			</trkpt>
			<trkpt lat="47.1864618852" lon="8.6913041214">
				<ele>656.5</ele>
				<time>2026-05-21T14:38:38Z</time>
				<extensions>
					<swisstopo:routepoint_id>672947340</swisstopo:routepoint_id>
				</extensions>
			</trkpt>
			<trkpt lat="47.1864843785" lon="8.6913144703">
				<ele>656.4</ele>
				<time>2026-05-21T14:38:39Z</time>
				<extensions>
					<swisstopo:routepoint_id>1577058278</swisstopo:routepoint_id>
				</extensions>
			</trkpt>
			<trkpt lat="47.1865079067" lon="8.6913237498">
				<ele>656.5</ele>
				<time>2026-05-21T14:38:40Z</time>
				<extensions>
					<swisstopo:routepoint_id>1375307072</swisstopo:routepoint_id>
				</extensions>
			</trkpt>
			<trkpt lat="47.1865308810" lon="8.6913323439">
				<ele>656.5</ele>
				<time>2026-05-21T14:38:41Z</time>
				<extensions>
					<swisstopo:routepoint_id>1419466443</swisstopo:routepoint_id>
				</extensions>
			</trkpt>
			<trkpt lat="47.1865546135" lon="8.6913386446">
				<ele>656.7</ele>
				<time>2026-05-21T14:38:42Z</time>
				<extensions>
					<swisstopo:routepoint_id>576672978</swisstopo:routepoint_id>
				</extensions>
			</trkpt>
			<trkpt lat="47.1865706906" lon="8.6913310943">
				<ele>657.1</ele>
				<time>2026-05-21T14:38:42Z</time>
				<extensions>
					<swisstopo:routepoint_id>549042335</swisstopo:routepoint_id>
				</extensions>
			</trkpt>
			<trkpt lat="47.1865706880" lon="8.6913310834">
				<ele>657.1</ele>
				<time>2026-05-21T14:38:43Z</time>
				<extensions>
					<swisstopo:routepoint_id>17293186</swisstopo:routepoint_id>
				</extensions>
			</trkpt>
			<trkpt lat="47.1865707106" lon="8.6913311785">
				<ele>657.0</ele>
				<time>2026-05-21T14:38:44Z</time>
				<extensions>
					<swisstopo:routepoint_id>736284757</swisstopo:routepoint_id>
				</extensions>
			</trkpt>
			<trkpt lat="47.1865711333" lon="8.6913318900">
				<ele>657.0</ele>
				<time>2026-05-21T14:38:45Z</time>
				<extensions>
					<swisstopo:routepoint_id>937136885</swisstopo:routepoint_id>
				</extensions>
			</trkpt>
			<trkpt lat="47.1865729282" lon="8.6913340253">
				<ele>657.0</ele>
				<time>2026-05-21T14:38:46Z</time>
				<extensions>
					<swisstopo:routepoint_id>814559097</swisstopo:routepoint_id>
				</extensions>
			</trkpt>
			<trkpt lat="47.1865756423" lon="8.6913379484">
				<ele>656.8</ele>
				<time>2026-05-21T14:38:47Z</time>
				<extensions>
					<swisstopo:routepoint_id>86493654</swisstopo:routepoint_id>
				</extensions>
			</trkpt>
			<trkpt lat="47.1865790222" lon="8.6913436214">
				<ele>656.6</ele>
				<time>2026-05-21T14:38:48Z</time>
				<extensions>
					<swisstopo:routepoint_id>1999897406</swisstopo:routepoint_id>
				</extensions>
			</trkpt>
			<trkpt lat="47.1865824630" lon="8.6913507333">
				<ele>656.3</ele>
				<time>2026-05-21T14:38:49Z</time>
				<extensions>
					<swisstopo:routepoint_id>2009143445</swisstopo:routepoint_id>
				</extensions>
			</trkpt>
			<trkpt lat="47.1865856932" lon="8.6913582412">
				<ele>656.0</ele>
				<time>2026-05-21T14:38:50Z</time>
				<extensions>
					<swisstopo:routepoint_id>641014687</swisstopo:routepoint_id>
				</extensions>
			</trkpt>
			<trkpt lat="47.1865886965" lon="8.6913672459">
				<ele>655.6</ele>
				<time>2026-05-21T14:38:51Z</time>
				<extensions>
					<swisstopo:routepoint_id>1755871057</swisstopo:routepoint_id>
				</extensions>
			</trkpt>
			<trkpt lat="47.1865899001" lon="8.6913760212">
				<ele>655.2</ele>
				<time>2026-05-21T14:38:52Z</time>
				<extensions>
					<swisstopo:routepoint_id>204577925</swisstopo:routepoint_id>
				</extensions>
			</trkpt>
			<trkpt lat="47.1865903493" lon="8.6913833365">
				<ele>654.9</ele>
				<time>2026-05-21T14:38:53Z</time>
				<extensions>
					<swisstopo:routepoint_id>219866628</swisstopo:routepoint_id>
				</extensions>
			</trkpt>
			<trkpt lat="47.1865915918" lon="8.6913884983">
				<ele>654.7</ele>
				<time>2026-05-21T14:38:54Z</time>
				<extensions>
					<swisstopo:routepoint_id>1626543956</swisstopo:routepoint_id>
				</extensions>
			</trkpt>
			<trkpt lat="47.1865925099" lon="8.6913932043">
				<ele>654.5</ele>
				<time>2026-05-21T14:38:55Z</time>
				<extensions>
					<swisstopo:routepoint_id>2004925829</swisstopo:routepoint_id>
				</extensions>
			</trkpt>
			<trkpt lat="47.1865930706" lon="8.6913967441">
				<ele>654.3</ele>
				<time>2026-05-21T14:38:56Z</time>
				<extensions>
					<swisstopo:routepoint_id>622502926</swisstopo:routepoint_id>
				</extensions>
			</trkpt>
			<trkpt lat="47.1865923470" lon="8.6913990324">
				<ele>653.9</ele>
				<time>2026-05-21T14:38:57Z</time>
				<extensions>
					<swisstopo:routepoint_id>2013832745</swisstopo:routepoint_id>
				</extensions>
			</trkpt>
			<trkpt lat="47.1865907705" lon="8.6914003174">
				<ele>653.5</ele>
				<time>2026-05-21T14:38:58Z</time>
				<extensions>
					<swisstopo:routepoint_id>2144668495</swisstopo:routepoint_id>
				</extensions>
			</trkpt>
			<trkpt lat="47.1865890407" lon="8.6914001224">
				<ele>653.1</ele>
				<time>2026-05-21T14:38:59Z</time>
				<extensions>
					<swisstopo:routepoint_id>2077864217</swisstopo:routepoint_id>
				</extensions>
			</trkpt>
			<trkpt lat="47.1865875560" lon="8.6913991195">
				<ele>652.8</ele>
				<time>2026-05-21T14:39:00Z</time>
				<extensions>
					<swisstopo:routepoint_id>284827605</swisstopo:routepoint_id>
				</extensions>
			</trkpt>
			<trkpt lat="47.1865863618" lon="8.6913981965">
				<ele>652.6</ele>
				<time>2026-05-21T14:39:01Z</time>
				<extensions>
					<swisstopo:routepoint_id>356508072</swisstopo:routepoint_id>
				</extensions>
			</trkpt>
			<trkpt lat="47.1865855139" lon="8.6913971455">
				<ele>652.5</ele>
				<time>2026-05-21T14:39:02Z</time>
				<extensions>
					<swisstopo:routepoint_id>351790974</swisstopo:routepoint_id>
				</extensions>
			</trkpt>
			<trkpt lat="47.1865873633" lon="8.6914008431">
				<ele>652.4</ele>
				<time>2026-05-21T14:39:03Z</time>
				<extensions>
					<swisstopo:routepoint_id>528419827</swisstopo:routepoint_id>
				</extensions>
			</trkpt>
			<trkpt lat="47.1865899091" lon="8.6914062762">
				<ele>652.3</ele>
				<time>2026-05-21T14:39:04Z</time>
				<extensions>
					<swisstopo:routepoint_id>1307152044</swisstopo:routepoint_id>
				</extensions>
			</trkpt>
			<trkpt lat="47.1865904199" lon="8.6914080166">
				<ele>652.3</ele>
				<time>2026-05-21T14:39:05Z</time>
				<extensions>
					<swisstopo:routepoint_id>546694698</swisstopo:routepoint_id>
				</extensions>
			</trkpt>
			<trkpt lat="47.1865890270" lon="8.6914084264">
				<ele>652.4</ele>
				<time>2026-05-21T14:39:06Z</time>
				<extensions>
					<swisstopo:routepoint_id>1362747420</swisstopo:routepoint_id>
				</extensions>
			</trkpt>
			<trkpt lat="47.1865889006" lon="8.6914109799">
				<ele>652.5</ele>
				<time>2026-05-21T14:39:07Z</time>
				<extensions>
					<swisstopo:routepoint_id>782792685</swisstopo:routepoint_id>
				</extensions>
			</trkpt>
			<trkpt lat="47.1865930621" lon="8.6914185445">
				<ele>652.8</ele>
				<time>2026-05-21T14:39:08Z</time>
				<extensions>
					<swisstopo:routepoint_id>911835273</swisstopo:routepoint_id>
				</extensions>
			</trkpt>
			<trkpt lat="47.1865975326" lon="8.6914249578">
				<ele>652.9</ele>
				<time>2026-05-21T14:39:09Z</time>
				<extensions>
					<swisstopo:routepoint_id>772128319</swisstopo:routepoint_id>
				</extensions>
			</trkpt>
			<trkpt lat="47.1866018786" lon="8.6914284473">
				<ele>653.1</ele>
				<time>2026-05-21T14:39:10Z</time>
				<extensions>
					<swisstopo:routepoint_id>2064462259</swisstopo:routepoint_id>
				</extensions>
			</trkpt>
			<trkpt lat="47.1866052898" lon="8.6914333511">
				<ele>653.4</ele>
				<time>2026-05-21T14:39:11Z</time>
				<extensions>
					<swisstopo:routepoint_id>523902434</swisstopo:routepoint_id>
				</extensions>
			</trkpt>
			<trkpt lat="47.1866080345" lon="8.6914373694">
				<ele>653.6</ele>
				<time>2026-05-21T14:39:12Z</time>
				<extensions>
					<swisstopo:routepoint_id>545255538</swisstopo:routepoint_id>
				</extensions>
			</trkpt>
			<trkpt lat="47.1866088481" lon="8.6914384716">
				<ele>653.7</ele>
				<time>2026-05-21T14:39:13Z</time>
				<extensions>
					<swisstopo:routepoint_id>797105417</swisstopo:routepoint_id>
				</extensions>
			</trkpt>
			<trkpt lat="47.1866091093" lon="8.6914380259">
				<ele>653.7</ele>
				<time>2026-05-21T14:39:14Z</time>
				<extensions>
					<swisstopo:routepoint_id>947753533</swisstopo:routepoint_id>
				</extensions>
			</trkpt>
			<trkpt lat="47.1866099190" lon="8.6914388729">
				<ele>653.7</ele>
				<time>2026-05-21T14:39:15Z</time>
				<extensions>
					<swisstopo:routepoint_id>1007419332</swisstopo:routepoint_id>
				</extensions>
			</trkpt>
			<trkpt lat="47.1866105220" lon="8.6914401085">
				<ele>653.7</ele>
				<time>2026-05-21T14:39:16Z</time>
				<extensions>
					<swisstopo:routepoint_id>935639976</swisstopo:routepoint_id>
				</extensions>
			</trkpt>
			<trkpt lat="47.1866110996" lon="8.6914401058">
				<ele>653.6</ele>
				<time>2026-05-21T14:39:17Z</time>
				<extensions>
					<swisstopo:routepoint_id>1425813298</swisstopo:routepoint_id>
				</extensions>
			</trkpt>
			<trkpt lat="47.1866129455" lon="8.6914408483">
				<ele>653.7</ele>
				<time>2026-05-21T14:39:18Z</time>
				<extensions>
					<swisstopo:routepoint_id>2021566260</swisstopo:routepoint_id>
				</extensions>
			</trkpt>
			<trkpt lat="47.1866142011" lon="8.6914410855">
				<ele>653.7</ele>
				<time>2026-05-21T14:39:19Z</time>
				<extensions>
					<swisstopo:routepoint_id>1125352633</swisstopo:routepoint_id>
				</extensions>
			</trkpt>
			<trkpt lat="47.1866155671" lon="8.6914407210">
				<ele>653.6</ele>
				<time>2026-05-21T14:39:20Z</time>
				<extensions>
					<swisstopo:routepoint_id>913223702</swisstopo:routepoint_id>
				</extensions>
			</trkpt>
			<trkpt lat="47.1866209492" lon="8.6914433180">
				<ele>653.6</ele>
				<time>2026-05-21T14:39:21Z</time>
				<extensions>
					<swisstopo:routepoint_id>485134405</swisstopo:routepoint_id>
				</extensions>
			</trkpt>
			<trkpt lat="47.1866255527" lon="8.6914463279">
				<ele>653.6</ele>
				<time>2026-05-21T14:39:22Z</time>
				<extensions>
					<swisstopo:routepoint_id>1806020823</swisstopo:routepoint_id>
				</extensions>
			</trkpt>
			<trkpt lat="47.1866252963" lon="8.6914436610">
				<ele>653.5</ele>
				<time>2026-05-21T14:39:23Z</time>
				<extensions>
					<swisstopo:routepoint_id>1258105463</swisstopo:routepoint_id>
				</extensions>
			</trkpt>
			<trkpt lat="47.1866244596" lon="8.6914411804">
				<ele>653.3</ele>
				<time>2026-05-21T14:39:24Z</time>
				<extensions>
					<swisstopo:routepoint_id>854528279</swisstopo:routepoint_id>
				</extensions>
			</trkpt>
			<trkpt lat="47.1866230389" lon="8.6914390301">
				<ele>653.4</ele>
				<time>2026-05-21T14:39:25Z</time>
				<extensions>
					<swisstopo:routepoint_id>1833637664</swisstopo:routepoint_id>
				</extensions>
			</trkpt>
			<trkpt lat="47.1866209490" lon="8.6914364270">
				<ele>653.5</ele>
				<time>2026-05-21T14:39:26Z</time>
				<extensions>
					<swisstopo:routepoint_id>1557884398</swisstopo:routepoint_id>
				</extensions>
			</trkpt>
			<trkpt lat="47.1866217255" lon="8.6914386010">
				<ele>653.6</ele>
				<time>2026-05-21T14:39:27Z</time>
				<extensions>
					<swisstopo:routepoint_id>1242452962</swisstopo:routepoint_id>
				</extensions>
			</trkpt>
			<trkpt lat="47.1866241422" lon="8.6914428940">
				<ele>653.9</ele>
				<time>2026-05-21T14:39:28Z</time>
				<extensions>
					<swisstopo:routepoint_id>1923432553</swisstopo:routepoint_id>
				</extensions>
			</trkpt>
			<trkpt lat="47.1866220130" lon="8.6914419964">
				<ele>654.1</ele>
				<time>2026-05-21T14:39:29Z</time>
				<extensions>
					<swisstopo:routepoint_id>1059579980</swisstopo:routepoint_id>
				</extensions>
			</trkpt>
			<trkpt lat="47.1866203670" lon="8.6914383116">
				<ele>654.2</ele>
				<time>2026-05-21T14:39:30Z</time>
				<extensions>
					<swisstopo:routepoint_id>1426322936</swisstopo:routepoint_id>
				</extensions>
			</trkpt>
			<trkpt lat="47.1866190519" lon="8.6914351488">
				<ele>654.3</ele>
				<time>2026-05-21T14:39:31Z</time>
				<extensions>
					<swisstopo:routepoint_id>1997117538</swisstopo:routepoint_id>
				</extensions>
			</trkpt>
			<trkpt lat="47.1866168735" lon="8.6914315721">
				<ele>654.4</ele>
				<time>2026-05-21T14:39:32Z</time>
				<extensions>
					<swisstopo:routepoint_id>385058556</swisstopo:routepoint_id>
				</extensions>
			</trkpt>
			<trkpt lat="47.1866142508" lon="8.6914277126">
				<ele>654.5</ele>
				<time>2026-05-21T14:39:33Z</time>
				<extensions>
					<swisstopo:routepoint_id>1310922281</swisstopo:routepoint_id>
				</extensions>
			</trkpt>
			<trkpt lat="47.1866118338" lon="8.6914230041">
				<ele>654.6</ele>
				<time>2026-05-21T14:39:34Z</time>
				<extensions>
					<swisstopo:routepoint_id>1636042194</swisstopo:routepoint_id>
				</extensions>
			</trkpt>
			<trkpt lat="47.1866093670" lon="8.6914200697">
				<ele>654.6</ele>
				<time>2026-05-21T14:39:35Z</time>
				<extensions>
					<swisstopo:routepoint_id>580538370</swisstopo:routepoint_id>
				</extensions>
			</trkpt>
			<trkpt lat="47.1866101056" lon="8.6914188092">
				<ele>654.6</ele>
				<time>2026-05-21T14:39:36Z</time>
				<extensions>
					<swisstopo:routepoint_id>1090176269</swisstopo:routepoint_id>
				</extensions>
			</trkpt>
			<trkpt lat="47.1866102865" lon="8.6914183050">
				<ele>654.7</ele>
				<time>2026-05-21T14:39:37Z</time>
				<extensions>
					<swisstopo:routepoint_id>262076879</swisstopo:routepoint_id>
				</extensions>
			</trkpt>
			<trkpt lat="47.1866116066" lon="8.6914177665">
				<ele>654.7</ele>
				<time>2026-05-21T14:39:38Z</time>
				<extensions>
					<swisstopo:routepoint_id>237145356</swisstopo:routepoint_id>
				</extensions>
			</trkpt>
			<trkpt lat="47.1866108052" lon="8.6914180838">
				<ele>654.8</ele>
				<time>2026-05-21T14:39:39Z</time>
				<extensions>
					<swisstopo:routepoint_id>2119833107</swisstopo:routepoint_id>
				</extensions>
			</trkpt>
			<trkpt lat="47.1866099345" lon="8.6914184045">
				<ele>654.9</ele>
				<time>2026-05-21T14:39:40Z</time>
				<extensions>
					<swisstopo:routepoint_id>1281325619</swisstopo:routepoint_id>
				</extensions>
			</trkpt>
			<trkpt lat="47.1866090154" lon="8.6914190355">
				<ele>655.0</ele>
				<time>2026-05-21T14:39:41Z</time>
				<extensions>
					<swisstopo:routepoint_id>273666417</swisstopo:routepoint_id>
				</extensions>
			</trkpt>
			<trkpt lat="47.1866090553" lon="8.6914209573">
				<ele>655.1</ele>
				<time>2026-05-21T14:39:42Z</time>
				<extensions>
					<swisstopo:routepoint_id>1748982292</swisstopo:routepoint_id>
				</extensions>
			</trkpt>
			<trkpt lat="47.1866092906" lon="8.6914216234">
				<ele>655.3</ele>
				<time>2026-05-21T14:39:43Z</time>
				<extensions>
					<swisstopo:routepoint_id>389221508</swisstopo:routepoint_id>
				</extensions>
			</trkpt>
			<trkpt lat="47.1866085469" lon="8.6914226083">
				<ele>655.4</ele>
				<time>2026-05-21T14:39:44Z</time>
				<extensions>
					<swisstopo:routepoint_id>410696194</swisstopo:routepoint_id>
				</extensions>
			</trkpt>
			<trkpt lat="47.1866068217" lon="8.6914226306">
				<ele>655.6</ele>
				<time>2026-05-21T14:39:45Z</time>
				<extensions>
					<swisstopo:routepoint_id>558491100</swisstopo:routepoint_id>
				</extensions>
			</trkpt>
			<trkpt lat="47.1866075032" lon="8.6914216104">
				<ele>655.7</ele>
				<time>2026-05-21T14:39:46Z</time>
				<extensions>
					<swisstopo:routepoint_id>2056380310</swisstopo:routepoint_id>
				</extensions>
			</trkpt>
			<trkpt lat="47.1866075043" lon="8.6914208797">
				<ele>655.4</ele>
				<time>2026-05-21T14:39:47Z</time>
				<extensions>
					<swisstopo:routepoint_id>2129538999</swisstopo:routepoint_id>
				</extensions>
			</trkpt>
			<trkpt lat="47.1866048226" lon="8.6914180787">
				<ele>654.9</ele>
				<time>2026-05-21T14:39:48Z</time>
				<extensions>
					<swisstopo:routepoint_id>1199495291</swisstopo:routepoint_id>
				</extensions>
			</trkpt>
			<trkpt lat="47.1866040549" lon="8.6914160026">
				<ele>654.5</ele>
				<time>2026-05-21T14:39:49Z</time>
				<extensions>
					<swisstopo:routepoint_id>1488361448</swisstopo:routepoint_id>
				</extensions>
			</trkpt>
			<trkpt lat="47.1866030820" lon="8.6914151226">
				<ele>654.2</ele>
				<time>2026-05-21T14:39:50Z</time>
				<extensions>
					<swisstopo:routepoint_id>1001336280</swisstopo:routepoint_id>
				</extensions>
			</trkpt>
			<trkpt lat="47.1866023218" lon="8.6914166826">
				<ele>654.1</ele>
				<time>2026-05-21T14:39:51Z</time>
				<extensions>
					<swisstopo:routepoint_id>1777000068</swisstopo:routepoint_id>
				</extensions>
			</trkpt>
			<trkpt lat="47.1866021463" lon="8.6914165036">
				<ele>653.9</ele>
				<time>2026-05-21T14:39:52Z</time>
				<extensions>
					<swisstopo:routepoint_id>985064047</swisstopo:routepoint_id>
				</extensions>
			</trkpt>
			<trkpt lat="47.1866021037" lon="8.6914172712">
				<ele>653.9</ele>
				<time>2026-05-21T14:39:53Z</time>
				<extensions>
					<swisstopo:routepoint_id>1020003206</swisstopo:routepoint_id>
				</extensions>
			</trkpt>
			<trkpt lat="47.1866018937" lon="8.6914189125">
				<ele>653.9</ele>
				<time>2026-05-21T14:39:54Z</time>
				<extensions>
					<swisstopo:routepoint_id>1979412888</swisstopo:routepoint_id>
				</extensions>
			</trkpt>
			<trkpt lat="47.1866012180" lon="8.6914206266">
				<ele>653.8</ele>
				<time>2026-05-21T14:39:55Z</time>
				<extensions>
					<swisstopo:routepoint_id>1323232939</swisstopo:routepoint_id>
				</extensions>
			</trkpt>
			<trkpt lat="47.1866011214" lon="8.6914219680">
				<ele>653.7</ele>
				<time>2026-05-21T14:39:56Z</time>
				<extensions>
					<swisstopo:routepoint_id>235357441</swisstopo:routepoint_id>
				</extensions>
			</trkpt>
			<trkpt lat="47.1866016141" lon="8.6914249931">
				<ele>653.7</ele>
				<time>2026-05-21T14:39:57Z</time>
				<extensions>
					<swisstopo:routepoint_id>2135116760</swisstopo:routepoint_id>
				</extensions>
			</trkpt>
			<trkpt lat="47.1866019527" lon="8.6914279866">
				<ele>653.8</ele>
				<time>2026-05-21T14:39:58Z</time>
				<extensions>
					<swisstopo:routepoint_id>455643950</swisstopo:routepoint_id>
				</extensions>
			</trkpt>
			<trkpt lat="47.1866018403" lon="8.6914297545">
				<ele>653.8</ele>
				<time>2026-05-21T14:39:59Z</time>
				<extensions>
					<swisstopo:routepoint_id>81182448</swisstopo:routepoint_id>
				</extensions>
			</trkpt>
			<trkpt lat="47.1866011187" lon="8.6914313659">
				<ele>653.9</ele>
				<time>2026-05-21T14:40:00Z</time>
				<extensions>
					<swisstopo:routepoint_id>781287691</swisstopo:routepoint_id>
				</extensions>
			</trkpt>
			<trkpt lat="47.1865998987" lon="8.6914339181">
				<ele>653.9</ele>
				<time>2026-05-21T14:40:01Z</time>
				<extensions>
					<swisstopo:routepoint_id>1387204879</swisstopo:routepoint_id>
				</extensions>
			</trkpt>
			<trkpt lat="47.1866005015" lon="8.6914334353">
				<ele>653.8</ele>
				<time>2026-05-21T14:40:02Z</time>
				<extensions>
					<swisstopo:routepoint_id>1669929521</swisstopo:routepoint_id>
				</extensions>
			</trkpt>
			<trkpt lat="47.1866027531" lon="8.6914325663">
				<ele>653.8</ele>
				<time>2026-05-21T14:40:03Z</time>
				<extensions>
					<swisstopo:routepoint_id>1041676804</swisstopo:routepoint_id>
				</extensions>
			</trkpt>
			<trkpt lat="47.1866044667" lon="8.6914334850">
				<ele>653.7</ele>
				<time>2026-05-21T14:40:04Z</time>
				<extensions>
					<swisstopo:routepoint_id>1175354484</swisstopo:routepoint_id>
				</extensions>
			</trkpt>
			<trkpt lat="47.1866049207" lon="8.6914350466">
				<ele>653.6</ele>
				<time>2026-05-21T14:40:05Z</time>
				<extensions>
					<swisstopo:routepoint_id>1628227482</swisstopo:routepoint_id>
				</extensions>
			</trkpt>
			<trkpt lat="47.1866062269" lon="8.6914352619">
				<ele>653.6</ele>
				<time>2026-05-21T14:40:06Z</time>
				<extensions>
					<swisstopo:routepoint_id>235176253</swisstopo:routepoint_id>
				</extensions>
			</trkpt>
			<trkpt lat="47.1866080253" lon="8.6914345557">
				<ele>653.5</ele>
				<time>2026-05-21T14:40:07Z</time>
				<extensions>
					<swisstopo:routepoint_id>1237373691</swisstopo:routepoint_id>
				</extensions>
			</trkpt>
			<trkpt lat="47.1866088843" lon="8.6914341568">
				<ele>653.4</ele>
				<time>2026-05-21T14:40:08Z</time>
				<extensions>
					<swisstopo:routepoint_id>307987089</swisstopo:routepoint_id>
				</extensions>
			</trkpt>
			<trkpt lat="47.1866162500" lon="8.6914254295">
				<ele>653.0</ele>
				<time>2026-05-21T14:40:09Z</time>
				<extensions>
					<swisstopo:routepoint_id>903415553</swisstopo:routepoint_id>
				</extensions>
			</trkpt>
			<trkpt lat="47.1866206852" lon="8.6914203182">
				<ele>652.7</ele>
				<time>2026-05-21T14:40:10Z</time>
				<extensions>
					<swisstopo:routepoint_id>995814981</swisstopo:routepoint_id>
				</extensions>
			</trkpt>
			<trkpt lat="47.1866194704" lon="8.6914182769">
				<ele>653.0</ele>
				<time>2026-05-21T14:40:11Z</time>
				<extensions>
					<swisstopo:routepoint_id>1322324596</swisstopo:routepoint_id>
				</extensions>
			</trkpt>
			<trkpt lat="47.1866194685" lon="8.6914172784">
				<ele>653.4</ele>
				<time>2026-05-21T14:40:12Z</time>
				<extensions>
					<swisstopo:routepoint_id>1222169</swisstopo:routepoint_id>
				</extensions>
			</trkpt>
			<trkpt lat="47.1866188552" lon="8.6914163234">
				<ele>653.7</ele>
				<time>2026-05-21T14:40:13Z</time>
				<extensions>
					<swisstopo:routepoint_id>1213641560</swisstopo:routepoint_id>
				</extensions>
			</trkpt>
			<trkpt lat="47.1866175635" lon="8.6914166109">
				<ele>653.7</ele>
				<time>2026-05-21T14:40:14Z</time>
				<extensions>
					<swisstopo:routepoint_id>874019714</swisstopo:routepoint_id>
				</extensions>
			</trkpt>
			<trkpt lat="47.1866158021" lon="8.6914195073">
				<ele>653.7</ele>
				<time>2026-05-21T14:40:15Z</time>
				<extensions>
					<swisstopo:routepoint_id>861187718</swisstopo:routepoint_id>
				</extensions>
			</trkpt>
			<trkpt lat="47.1866129993" lon="8.6914212147">
				<ele>653.7</ele>
				<time>2026-05-21T14:40:16Z</time>
				<extensions>
					<swisstopo:routepoint_id>2089679293</swisstopo:routepoint_id>
				</extensions>
			</trkpt>
			<trkpt lat="47.1866098435" lon="8.6914193025">
				<ele>653.8</ele>
				<time>2026-05-21T14:40:17Z</time>
				<extensions>
					<swisstopo:routepoint_id>1292314413</swisstopo:routepoint_id>
				</extensions>
			</trkpt>
			<trkpt lat="47.1866063828" lon="8.6914164016">
				<ele>653.9</ele>
				<time>2026-05-21T14:40:18Z</time>
				<extensions>
					<swisstopo:routepoint_id>278733533</swisstopo:routepoint_id>
				</extensions>
			</trkpt>
			<trkpt lat="47.1866035210" lon="8.6914143270">
				<ele>653.7</ele>
				<time>2026-05-21T14:40:19Z</time>
				<extensions>
					<swisstopo:routepoint_id>1012655024</swisstopo:routepoint_id>
				</extensions>
			</trkpt>
			<trkpt lat="47.1865987971" lon="8.6914102131">
				<ele>653.5</ele>
				<time>2026-05-21T14:40:20Z</time>
				<extensions>
					<swisstopo:routepoint_id>885085893</swisstopo:routepoint_id>
				</extensions>
			</trkpt>
			<trkpt lat="47.1865898525" lon="8.6914019022">
				<ele>653.4</ele>
				<time>2026-05-21T14:40:21Z</time>
				<extensions>
					<swisstopo:routepoint_id>19380882</swisstopo:routepoint_id>
				</extensions>
			</trkpt>
			<trkpt lat="47.1865806305" lon="8.6913966021">
				<ele>653.2</ele>
				<time>2026-05-21T14:40:22Z</time>
				<extensions>
					<swisstopo:routepoint_id>1464453077</swisstopo:routepoint_id>
				</extensions>
			</trkpt>
			<trkpt lat="47.1865724887" lon="8.6913979404">
				<ele>652.9</ele>
				<time>2026-05-21T14:40:23Z</time>
				<extensions>
					<swisstopo:routepoint_id>752786872</swisstopo:routepoint_id>
				</extensions>
			</trkpt>
			<trkpt lat="47.1865651402" lon="8.6914028441">
				<ele>652.8</ele>
				<time>2026-05-21T14:40:24Z</time>
				<extensions>
					<swisstopo:routepoint_id>1262793227</swisstopo:routepoint_id>
				</extensions>
			</trkpt>
			<trkpt lat="47.1865588461" lon="8.6914087126">
				<ele>653.0</ele>
				<time>2026-05-21T14:40:25Z</time>
				<extensions>
					<swisstopo:routepoint_id>184882888</swisstopo:routepoint_id>
				</extensions>
			</trkpt>
			<trkpt lat="47.1865528912" lon="8.6914111407">
				<ele>653.4</ele>
				<time>2026-05-21T14:40:26Z</time>
				<extensions>
					<swisstopo:routepoint_id>2065345054</swisstopo:routepoint_id>
				</extensions>
			</trkpt>
			<trkpt lat="47.1865479461" lon="8.6914107083">
				<ele>653.9</ele>
				<time>2026-05-21T14:40:27Z</time>
				<extensions>
					<swisstopo:routepoint_id>328652470</swisstopo:routepoint_id>
				</extensions>
			</trkpt>
			<trkpt lat="47.1865465499" lon="8.6914119306">
				<ele>654.2</ele>
				<time>2026-05-21T14:40:28Z</time>
				<extensions>
					<swisstopo:routepoint_id>334123206</swisstopo:routepoint_id>
				</extensions>
			</trkpt>
			<trkpt lat="47.1865460178" lon="8.6914120453">
				<ele>654.4</ele>
				<time>2026-05-21T14:40:29Z</time>
				<extensions>
					<swisstopo:routepoint_id>2086469984</swisstopo:routepoint_id>
				</extensions>
			</trkpt>
			<trkpt lat="47.1865486729" lon="8.6914089838">
				<ele>654.3</ele>
				<time>2026-05-21T14:40:30Z</time>
				<extensions>
					<swisstopo:routepoint_id>1040549225</swisstopo:routepoint_id>
				</extensions>
			</trkpt>
			<trkpt lat="47.1865509121" lon="8.6914091717">
				<ele>654.3</ele>
				<time>2026-05-21T14:40:31Z</time>
				<extensions>
					<swisstopo:routepoint_id>1551487054</swisstopo:routepoint_id>
				</extensions>
			</trkpt>
			<trkpt lat="47.1865533065" lon="8.6914118029">
				<ele>654.2</ele>
				<time>2026-05-21T14:40:32Z</time>
				<extensions>
					<swisstopo:routepoint_id>1096474704</swisstopo:routepoint_id>
				</extensions>
			</trkpt>
			<trkpt lat="47.1865560343" lon="8.6914145402">
				<ele>654.2</ele>
				<time>2026-05-21T14:40:33Z</time>
				<extensions>
					<swisstopo:routepoint_id>893175221</swisstopo:routepoint_id>
				</extensions>
			</trkpt>
			<trkpt lat="47.1865586268" lon="8.6914147922">
				<ele>654.2</ele>
				<time>2026-05-21T14:40:34Z</time>
				<extensions>
					<swisstopo:routepoint_id>685246817</swisstopo:routepoint_id>
				</extensions>
			</trkpt>
			<trkpt lat="47.1865612909" lon="8.6914151753">
				<ele>654.2</ele>
				<time>2026-05-21T14:40:35Z</time>
				<extensions>
					<swisstopo:routepoint_id>2135938105</swisstopo:routepoint_id>
				</extensions>
			</trkpt>
			<trkpt lat="47.1865645305" lon="8.6914155820">
				<ele>654.1</ele>
				<time>2026-05-21T14:40:36Z</time>
				<extensions>
					<swisstopo:routepoint_id>1375087483</swisstopo:routepoint_id>
				</extensions>
			</trkpt>
			<trkpt lat="47.1865671995" lon="8.6914158448">
				<ele>654.0</ele>
				<time>2026-05-21T14:40:37Z</time>
				<extensions>
					<swisstopo:routepoint_id>2023801414</swisstopo:routepoint_id>
				</extensions>
			</trkpt>
			<trkpt lat="47.1865694008" lon="8.6914150710">
				<ele>653.9</ele>
				<time>2026-05-21T14:40:38Z</time>
				<extensions>
					<swisstopo:routepoint_id>36880265</swisstopo:routepoint_id>
				</extensions>
			</trkpt>
			<trkpt lat="47.1865723706" lon="8.6914148678">
				<ele>654.0</ele>
				<time>2026-05-21T14:40:39Z</time>
				<extensions>
					<swisstopo:routepoint_id>1371323519</swisstopo:routepoint_id>
				</extensions>
			</trkpt>
			<trkpt lat="47.1865743645" lon="8.6914141552">
				<ele>654.0</ele>
				<time>2026-05-21T14:40:40Z</time>
				<extensions>
					<swisstopo:routepoint_id>1039884229</swisstopo:routepoint_id>
				</extensions>
			</trkpt>
			<trkpt lat="47.1865759994" lon="8.6914137736">
				<ele>654.2</ele>
				<time>2026-05-21T14:40:41Z</time>
				<extensions>
					<swisstopo:routepoint_id>1112317517</swisstopo:routepoint_id>
				</extensions>
			</trkpt>
			<trkpt lat="47.1865777888" lon="8.6914131181">
				<ele>654.3</ele>
				<time>2026-05-21T14:40:42Z</time>
				<extensions>
					<swisstopo:routepoint_id>875361084</swisstopo:routepoint_id>
				</extensions>
			</trkpt>
			<trkpt lat="47.1865792594" lon="8.6914121806">
				<ele>654.6</ele>
				<time>2026-05-21T14:40:43Z</time>
				<extensions>
					<swisstopo:routepoint_id>1930756838</swisstopo:routepoint_id>
				</extensions>
			</trkpt>
			<trkpt lat="47.1865802512" lon="8.6914118485">
				<ele>654.8</ele>
				<time>2026-05-21T14:40:44Z</time>
				<extensions>
					<swisstopo:routepoint_id>1752270096</swisstopo:routepoint_id>
				</extensions>
			</trkpt>
			<trkpt lat="47.1865811489" lon="8.6914115932">
				<ele>655.0</ele>
				<time>2026-05-21T14:40:45Z</time>
				<extensions>
					<swisstopo:routepoint_id>1960252161</swisstopo:routepoint_id>
				</extensions>
			</trkpt>
			<trkpt lat="47.1865816378" lon="8.6914110259">
				<ele>655.2</ele>
				<time>2026-05-21T14:40:46Z</time>
				<extensions>
					<swisstopo:routepoint_id>1411441300</swisstopo:routepoint_id>
				</extensions>
			</trkpt>
			<trkpt lat="47.1865822219" lon="8.6914107467">
				<ele>655.6</ele>
				<time>2026-05-21T14:40:47Z</time>
				<extensions>
					<swisstopo:routepoint_id>989564338</swisstopo:routepoint_id>
				</extensions>
			</trkpt>
			<trkpt lat="47.1865826193" lon="8.6914104683">
				<ele>655.8</ele>
				<time>2026-05-21T14:40:48Z</time>
				<extensions>
					<swisstopo:routepoint_id>1494466398</swisstopo:routepoint_id>
				</extensions>
			</trkpt>
			<trkpt lat="47.1865828361" lon="8.6914094351">
				<ele>656.1</ele>
				<time>2026-05-21T14:40:49Z</time>
				<extensions>
					<swisstopo:routepoint_id>528015874</swisstopo:routepoint_id>
				</extensions>
			</trkpt>
			<trkpt lat="47.1865828807" lon="8.6914085109">
				<ele>656.3</ele>
				<time>2026-05-21T14:40:50Z</time>
				<extensions>
					<swisstopo:routepoint_id>960364914</swisstopo:routepoint_id>
				</extensions>
			</trkpt>
			<trkpt lat="47.1865831581" lon="8.6914083433">
				<ele>656.5</ele>
				<time>2026-05-21T14:40:51Z</time>
				<extensions>
					<swisstopo:routepoint_id>366018746</swisstopo:routepoint_id>
				</extensions>
			</trkpt>
			<trkpt lat="47.1865832509" lon="8.6914085845">
				<ele>656.6</ele>
				<time>2026-05-21T14:40:52Z</time>
				<extensions>
					<swisstopo:routepoint_id>1283899014</swisstopo:routepoint_id>
				</extensions>
			</trkpt>
			<trkpt lat="47.1865833100" lon="8.6914089952">
				<ele>656.8</ele>
				<time>2026-05-21T14:40:53Z</time>
				<extensions>
					<swisstopo:routepoint_id>575043242</swisstopo:routepoint_id>
				</extensions>
			</trkpt>
			<trkpt lat="47.1865816720" lon="8.6914059724">
				<ele>656.6</ele>
				<time>2026-05-21T14:40:54Z</time>
				<extensions>
					<swisstopo:routepoint_id>1075356794</swisstopo:routepoint_id>
				</extensions>
			</trkpt>
			<trkpt lat="47.1865812514" lon="8.6914056350">
				<ele>656.3</ele>
				<time>2026-05-21T14:40:55Z</time>
				<extensions>
					<swisstopo:routepoint_id>299263606</swisstopo:routepoint_id>
				</extensions>
			</trkpt>
			<trkpt lat="47.1865816796" lon="8.6914051756">
				<ele>656.1</ele>
				<time>2026-05-21T14:40:56Z</time>
				<extensions>
					<swisstopo:routepoint_id>316724768</swisstopo:routepoint_id>
				</extensions>
			</trkpt>
			<trkpt lat="47.1865823981" lon="8.6914060696">
				<ele>655.9</ele>
				<time>2026-05-21T14:40:57Z</time>
				<extensions>
					<swisstopo:routepoint_id>1728698510</swisstopo:routepoint_id>
				</extensions>
			</trkpt>
			<trkpt lat="47.1865807641" lon="8.6914077763">
				<ele>656.0</ele>
				<time>2026-05-21T14:40:58Z</time>
				<extensions>
					<swisstopo:routepoint_id>929597307</swisstopo:routepoint_id>
				</extensions>
			</trkpt>
			<trkpt lat="47.1865792755" lon="8.6914095842">
				<ele>656.3</ele>
				<time>2026-05-21T14:40:59Z</time>
				<extensions>
					<swisstopo:routepoint_id>798406824</swisstopo:routepoint_id>
				</extensions>
			</trkpt>
			<trkpt lat="47.1865793215" lon="8.6914116930">
				<ele>656.4</ele>
				<time>2026-05-21T14:41:00Z</time>
				<extensions>
					<swisstopo:routepoint_id>1345664512</swisstopo:routepoint_id>
				</extensions>
			</trkpt>
			<trkpt lat="47.1865802833" lon="8.6914126038">
				<ele>656.6</ele>
				<time>2026-05-21T14:41:01Z</time>
				<extensions>
					<swisstopo:routepoint_id>1433166627</swisstopo:routepoint_id>
				</extensions>
			</trkpt>
			<trkpt lat="47.1865809496" lon="8.6914152427">
				<ele>656.7</ele>
				<time>2026-05-21T14:41:02Z</time>
				<extensions>
					<swisstopo:routepoint_id>1054915237</swisstopo:routepoint_id>
				</extensions>
			</trkpt>
			<trkpt lat="47.1865821640" lon="8.6914173676">
				<ele>656.8</ele>
				<time>2026-05-21T14:41:03Z</time>
				<extensions>
					<swisstopo:routepoint_id>335398627</swisstopo:routepoint_id>
				</extensions>
			</trkpt>
			<trkpt lat="47.1865825187" lon="8.6914193572">
				<ele>656.9</ele>
				<time>2026-05-21T14:41:04Z</time>
				<extensions>
					<swisstopo:routepoint_id>2047634261</swisstopo:routepoint_id>
				</extensions>
			</trkpt>
			<trkpt lat="47.1865829477" lon="8.6914206157">
				<ele>656.8</ele>
				<time>2026-05-21T14:41:05Z</time>
				<extensions>
					<swisstopo:routepoint_id>1163581452</swisstopo:routepoint_id>
				</extensions>
			</trkpt>
			<trkpt lat="47.1865828055" lon="8.6914226430">
				<ele>656.6</ele>
				<time>2026-05-21T14:41:06Z</time>
				<extensions>
					<swisstopo:routepoint_id>1327374182</swisstopo:routepoint_id>
				</extensions>
			</trkpt>
			<trkpt lat="47.1865835538" lon="8.6914250075">
				<ele>656.4</ele>
				<time>2026-05-21T14:41:07Z</time>
				<extensions>
					<swisstopo:routepoint_id>1117751838</swisstopo:routepoint_id>
				</extensions>
			</trkpt>
			<trkpt lat="47.1865842219" lon="8.6914260887">
				<ele>656.2</ele>
				<time>2026-05-21T14:41:08Z</time>
				<extensions>
					<swisstopo:routepoint_id>2015680957</swisstopo:routepoint_id>
				</extensions>
			</trkpt>
			<trkpt lat="47.1865856137" lon="8.6914273452">
				<ele>656.0</ele>
				<time>2026-05-21T14:41:09Z</time>
				<extensions>
					<swisstopo:routepoint_id>995312874</swisstopo:routepoint_id>
				</extensions>
			</trkpt>
			<trkpt lat="47.1865871859" lon="8.6914266079">
				<ele>655.8</ele>
				<time>2026-05-21T14:41:10Z</time>
				<extensions>
					<swisstopo:routepoint_id>1473346835</swisstopo:routepoint_id>
				</extensions>
			</trkpt>
			<trkpt lat="47.1865878031" lon="8.6914265068">
				<ele>655.6</ele>
				<time>2026-05-21T14:41:11Z</time>
				<extensions>
					<swisstopo:routepoint_id>2053805935</swisstopo:routepoint_id>
				</extensions>
			</trkpt>
			<trkpt lat="47.1865878639" lon="8.6914261092">
				<ele>655.3</ele>
				<time>2026-05-21T14:41:12Z</time>
				<extensions>
					<swisstopo:routepoint_id>1811691314</swisstopo:routepoint_id>
				</extensions>
			</trkpt>
			<trkpt lat="47.1865888249" lon="8.6914265093">
				<ele>655.3</ele>
				<time>2026-05-21T14:41:13Z</time>
				<extensions>
					<swisstopo:routepoint_id>2072767232</swisstopo:routepoint_id>
				</extensions>
			</trkpt>
			<trkpt lat="47.1865899017" lon="8.6914274469">
				<ele>655.2</ele>
				<time>2026-05-21T14:41:14Z</time>
				<extensions>
					<swisstopo:routepoint_id>519146590</swisstopo:routepoint_id>
				</extensions>
			</trkpt>
			<trkpt lat="47.1865904387" lon="8.6914298659">
				<ele>655.0</ele>
				<time>2026-05-21T14:41:15Z</time>
				<extensions>
					<swisstopo:routepoint_id>70680369</swisstopo:routepoint_id>
				</extensions>
			</trkpt>
			<trkpt lat="47.1865897451" lon="8.6914313884">
				<ele>654.8</ele>
				<time>2026-05-21T14:41:16Z</time>
				<extensions>
					<swisstopo:routepoint_id>366504992</swisstopo:routepoint_id>
				</extensions>
			</trkpt>
			<trkpt lat="47.1865899409" lon="8.6914323593">
				<ele>654.7</ele>
				<time>2026-05-21T14:41:17Z</time>
				<extensions>
					<swisstopo:routepoint_id>866300948</swisstopo:routepoint_id>
				</extensions>
			</trkpt>
			<trkpt lat="47.1865903503" lon="8.6914331325">
				<ele>654.5</ele>
				<time>2026-05-21T14:41:18Z</time>
				<extensions>
					<swisstopo:routepoint_id>2128390023</swisstopo:routepoint_id>
				</extensions>
			</trkpt>
			<trkpt lat="47.1865908060" lon="8.6914338178">
				<ele>654.3</ele>
				<time>2026-05-21T14:41:19Z</time>
				<extensions>
					<swisstopo:routepoint_id>1216008482</swisstopo:routepoint_id>
				</extensions>
			</trkpt>
			<trkpt lat="47.1865930558" lon="8.6914370000">
				<ele>654.0</ele>
				<time>2026-05-21T14:41:20Z</time>
				<extensions>
					<swisstopo:routepoint_id>2000172122</swisstopo:routepoint_id>
				</extensions>
			</trkpt>
			<trkpt lat="47.1865955247" lon="8.6914377637">
				<ele>653.7</ele>
				<time>2026-05-21T14:41:21Z</time>
				<extensions>
					<swisstopo:routepoint_id>183844316</swisstopo:routepoint_id>
				</extensions>
			</trkpt>
			<trkpt lat="47.1865978048" lon="8.6914365095">
				<ele>653.5</ele>
				<time>2026-05-21T14:41:22Z</time>
				<extensions>
					<swisstopo:routepoint_id>1789934626</swisstopo:routepoint_id>
				</extensions>
			</trkpt>
			<trkpt lat="47.1866005559" lon="8.6914337437">
				<ele>653.3</ele>
				<time>2026-05-21T14:41:23Z</time>
				<extensions>
					<swisstopo:routepoint_id>1480332006</swisstopo:routepoint_id>
				</extensions>
			</trkpt>
			<trkpt lat="47.1866052546" lon="8.6914291469">
				<ele>653.2</ele>
				<time>2026-05-21T14:41:24Z</time>
				<extensions>
					<swisstopo:routepoint_id>1341974347</swisstopo:routepoint_id>
				</extensions>
			</trkpt>
			<trkpt lat="47.1866120477" lon="8.6914252848">
				<ele>653.2</ele>
				<time>2026-05-21T14:41:25Z</time>
				<extensions>
					<swisstopo:routepoint_id>1689589235</swisstopo:routepoint_id>
				</extensions>
			</trkpt>
			<trkpt lat="47.1866223774" lon="8.6914174900">
				<ele>653.3</ele>
				<time>2026-05-21T14:41:26Z</time>
				<extensions>
					<swisstopo:routepoint_id>750008364</swisstopo:routepoint_id>
				</extensions>
			</trkpt>
			<trkpt lat="47.1866369678" lon="8.6914134131">
				<ele>653.2</ele>
				<time>2026-05-21T14:41:27Z</time>
				<extensions>
					<swisstopo:routepoint_id>1809049505</swisstopo:routepoint_id>
				</extensions>
			</trkpt>
			<trkpt lat="47.1866542758" lon="8.6914127046">
				<ele>653.2</ele>
				<time>2026-05-21T14:41:28Z</time>
				<extensions>
					<swisstopo:routepoint_id>621556309</swisstopo:routepoint_id>
				</extensions>
			</trkpt>
			<trkpt lat="47.1866748057" lon="8.6914166153">
				<ele>653.4</ele>
				<time>2026-05-21T14:41:29Z</time>
				<extensions>
					<swisstopo:routepoint_id>1136426355</swisstopo:routepoint_id>
				</extensions>
			</trkpt>
			<trkpt lat="47.1866968872" lon="8.6914258886">
				<ele>653.7</ele>
				<time>2026-05-21T14:41:30Z</time>
				<extensions>
					<swisstopo:routepoint_id>198192067</swisstopo:routepoint_id>
				</extensions>
			</trkpt>
			<trkpt lat="47.1867187353" lon="8.6914370222">
				<ele>653.9</ele>
				<time>2026-05-21T14:41:31Z</time>
				<extensions>
					<swisstopo:routepoint_id>266933572</swisstopo:routepoint_id>
				</extensions>
			</trkpt>
			<trkpt lat="47.1867408065" lon="8.6914482355">
				<ele>654.0</ele>
				<time>2026-05-21T14:41:32Z</time>
				<extensions>
					<swisstopo:routepoint_id>259206021</swisstopo:routepoint_id>
				</extensions>
			</trkpt>
			<trkpt lat="47.1867640045" lon="8.6914613126">
				<ele>654.3</ele>
				<time>2026-05-21T14:41:33Z</time>
				<extensions>
					<swisstopo:routepoint_id>1378758831</swisstopo:routepoint_id>
				</extensions>
			</trkpt>
			<trkpt lat="47.1867857751" lon="8.6914747038">
				<ele>654.5</ele>
				<time>2026-05-21T14:41:34Z</time>
				<extensions>
					<swisstopo:routepoint_id>1451121487</swisstopo:routepoint_id>
				</extensions>
			</trkpt>
			<trkpt lat="47.1868063429" lon="8.6914885491">
				<ele>654.4</ele>
				<time>2026-05-21T14:41:35Z</time>
				<extensions>
					<swisstopo:routepoint_id>27053030</swisstopo:routepoint_id>
				</extensions>
			</trkpt>
			<trkpt lat="47.1868260912" lon="8.6915029820">
				<ele>654.7</ele>
				<time>2026-05-21T14:41:36Z</time>
				<extensions>
					<swisstopo:routepoint_id>1561225693</swisstopo:routepoint_id>
				</extensions>
			</trkpt>
			<trkpt lat="47.1868437481" lon="8.6915163548">
				<ele>654.8</ele>
				<time>2026-05-21T14:41:37Z</time>
				<extensions>
					<swisstopo:routepoint_id>1565023205</swisstopo:routepoint_id>
				</extensions>
			</trkpt>
			<trkpt lat="47.1868599121" lon="8.6915302983">
				<ele>654.9</ele>
				<time>2026-05-21T14:41:38Z</time>
				<extensions>
					<swisstopo:routepoint_id>965297979</swisstopo:routepoint_id>
				</extensions>
			</trkpt>
			<trkpt lat="47.1868742998" lon="8.6915443753">
				<ele>655.1</ele>
				<time>2026-05-21T14:41:39Z</time>
				<extensions>
					<swisstopo:routepoint_id>1671663615</swisstopo:routepoint_id>
				</extensions>
			</trkpt>
			<trkpt lat="47.1868863849" lon="8.6915609732">
				<ele>655.5</ele>
				<time>2026-05-21T14:41:40Z</time>
				<extensions>
					<swisstopo:routepoint_id>121823604</swisstopo:routepoint_id>
				</extensions>
			</trkpt>
			<trkpt lat="47.1868979863" lon="8.6915806345">
				<ele>655.8</ele>
				<time>2026-05-21T14:41:41Z</time>
				<extensions>
					<swisstopo:routepoint_id>937396837</swisstopo:routepoint_id>
				</extensions>
			</trkpt>
			<trkpt lat="47.1869145821" lon="8.6915911028">
				<ele>655.7</ele>
				<time>2026-05-21T14:41:42Z</time>
				<extensions>
					<swisstopo:routepoint_id>888605067</swisstopo:routepoint_id>
				</extensions>
			</trkpt>
			<trkpt lat="47.1869296795" lon="8.6915990496">
				<ele>655.5</ele>
				<time>2026-05-21T14:41:43Z</time>
				<extensions>
					<swisstopo:routepoint_id>1184079831</swisstopo:routepoint_id>
				</extensions>
			</trkpt>
			<trkpt lat="47.1869418067" lon="8.6916087950">
				<ele>655.1</ele>
				<time>2026-05-21T14:41:44Z</time>
				<extensions>
					<swisstopo:routepoint_id>98762868</swisstopo:routepoint_id>
				</extensions>
			</trkpt>
			<trkpt lat="47.1869545437" lon="8.6916239265">
				<ele>654.7</ele>
				<time>2026-05-21T14:41:45Z</time>
				<extensions>
					<swisstopo:routepoint_id>2050146992</swisstopo:routepoint_id>
				</extensions>
			</trkpt>
			<trkpt lat="47.1869645962" lon="8.6916428165">
				<ele>654.3</ele>
				<time>2026-05-21T14:41:46Z</time>
				<extensions>
					<swisstopo:routepoint_id>445378429</swisstopo:routepoint_id>
				</extensions>
			</trkpt>
			<trkpt lat="47.1869684007" lon="8.6916651207">
				<ele>653.9</ele>
				<time>2026-05-21T14:41:47Z</time>
				<extensions>
					<swisstopo:routepoint_id>1494746408</swisstopo:routepoint_id>
				</extensions>
			</trkpt>
			<trkpt lat="47.1869680304" lon="8.6916925631">
				<ele>653.2</ele>
				<time>2026-05-21T14:41:48Z</time>
				<extensions>
					<swisstopo:routepoint_id>939176650</swisstopo:routepoint_id>
				</extensions>
			</trkpt>
			<trkpt lat="47.1869653965" lon="8.6917261202">
				<ele>652.8</ele>
				<time>2026-05-21T14:41:49Z</time>
				<extensions>
					<swisstopo:routepoint_id>737151100</swisstopo:routepoint_id>
				</extensions>
			</trkpt>
			<trkpt lat="47.1869517160" lon="8.6917806259">
				<ele>652.4</ele>
				<time>2026-05-21T14:41:50Z</time>
				<extensions>
					<swisstopo:routepoint_id>465378157</swisstopo:routepoint_id>
				</extensions>
			</trkpt>
			<trkpt lat="47.1869366637" lon="8.6918446090">
				<ele>652.0</ele>
				<time>2026-05-21T14:41:51Z</time>
				<extensions>
					<swisstopo:routepoint_id>475242325</swisstopo:routepoint_id>
				</extensions>
			</trkpt>
			<trkpt lat="47.1869241824" lon="8.6919086415">
				<ele>652.1</ele>
				<time>2026-05-21T14:41:52Z</time>
				<extensions>
					<swisstopo:routepoint_id>906073082</swisstopo:routepoint_id>
				</extensions>
			</trkpt>
			<trkpt lat="47.1869118770" lon="8.6919713885">
				<ele>652.1</ele>
				<time>2026-05-21T14:41:53Z</time>
				<extensions>
					<swisstopo:routepoint_id>563748297</swisstopo:routepoint_id>
				</extensions>
			</trkpt>
			<trkpt lat="47.1869008985" lon="8.6920305637">
				<ele>652.3</ele>
				<time>2026-05-21T14:41:54Z</time>
				<extensions>
					<swisstopo:routepoint_id>219777115</swisstopo:routepoint_id>
				</extensions>
			</trkpt>
			<trkpt lat="47.1868916070" lon="8.6920889141">
				<ele>652.4</ele>
				<time>2026-05-21T14:41:55Z</time>
				<extensions>
					<swisstopo:routepoint_id>122098965</swisstopo:routepoint_id>
				</extensions>
			</trkpt>
			<trkpt lat="47.1868821715" lon="8.6921444584">
				<ele>652.3</ele>
				<time>2026-05-21T14:41:56Z</time>
				<extensions>
					<swisstopo:routepoint_id>1270421870</swisstopo:routepoint_id>
				</extensions>
			</trkpt>
			<trkpt lat="47.1868767857" lon="8.6921995244">
				<ele>652.6</ele>
				<time>2026-05-21T14:41:57Z</time>
				<extensions>
					<swisstopo:routepoint_id>1697950616</swisstopo:routepoint_id>
				</extensions>
			</trkpt>
			<trkpt lat="47.1868741801" lon="8.6922539663">
				<ele>652.8</ele>
				<time>2026-05-21T14:41:58Z</time>
				<extensions>
					<swisstopo:routepoint_id>1693301776</swisstopo:routepoint_id>
				</extensions>
			</trkpt>
			<trkpt lat="47.1868709750" lon="8.6923080414">
				<ele>653.2</ele>
				<time>2026-05-21T14:41:59Z</time>
				<extensions>
					<swisstopo:routepoint_id>869659188</swisstopo:routepoint_id>
				</extensions>
			</trkpt>
			<trkpt lat="47.1868670086" lon="8.6923587341">
				<ele>653.6</ele>
				<time>2026-05-21T14:42:00Z</time>
				<extensions>
					<swisstopo:routepoint_id>588271234</swisstopo:routepoint_id>
				</extensions>
			</trkpt>
			<trkpt lat="47.1868638676" lon="8.6924113512">
				<ele>653.7</ele>
				<time>2026-05-21T14:42:01Z</time>
				<extensions>
					<swisstopo:routepoint_id>59919050</swisstopo:routepoint_id>
				</extensions>
			</trkpt>
			<trkpt lat="47.1868590900" lon="8.6924609743">
				<ele>654.1</ele>
				<time>2026-05-21T14:42:02Z</time>
				<extensions>
					<swisstopo:routepoint_id>2037126554</swisstopo:routepoint_id>
				</extensions>
			</trkpt>
			<trkpt lat="47.1868560435" lon="8.6925070537">
				<ele>654.3</ele>
				<time>2026-05-21T14:42:03Z</time>
				<extensions>
					<swisstopo:routepoint_id>654208957</swisstopo:routepoint_id>
				</extensions>
			</trkpt>
			<trkpt lat="47.1868562998" lon="8.6925488138">
				<ele>654.4</ele>
				<time>2026-05-21T14:42:04Z</time>
				<extensions>
					<swisstopo:routepoint_id>173667659</swisstopo:routepoint_id>
				</extensions>
			</trkpt>
			<trkpt lat="47.1868550926" lon="8.6925894881">
				<ele>654.7</ele>
				<time>2026-05-21T14:42:05Z</time>
				<extensions>
					<swisstopo:routepoint_id>402068540</swisstopo:routepoint_id>
				</extensions>
			</trkpt>
			<trkpt lat="47.1868530571" lon="8.6926275252">
				<ele>654.9</ele>
				<time>2026-05-21T14:42:06Z</time>
				<extensions>
					<swisstopo:routepoint_id>1582398318</swisstopo:routepoint_id>
				</extensions>
			</trkpt>
			<trkpt lat="47.1868516405" lon="8.6926652237">
				<ele>655.1</ele>
				<time>2026-05-21T14:42:07Z</time>
				<extensions>
					<swisstopo:routepoint_id>931046178</swisstopo:routepoint_id>
				</extensions>
			</trkpt>
			<trkpt lat="47.1868504299" lon="8.6927015618">
				<ele>655.2</ele>
				<time>2026-05-21T14:42:08Z</time>
				<extensions>
					<swisstopo:routepoint_id>1527261604</swisstopo:routepoint_id>
				</extensions>
			</trkpt>
			<trkpt lat="47.1868492433" lon="8.6927392671">
				<ele>655.1</ele>
				<time>2026-05-21T14:42:09Z</time>
				<extensions>
					<swisstopo:routepoint_id>1961229484</swisstopo:routepoint_id>
				</extensions>
			</trkpt>
			<trkpt lat="47.1868489556" lon="8.6927768201">
				<ele>655.2</ele>
				<time>2026-05-21T14:42:10Z</time>
				<extensions>
					<swisstopo:routepoint_id>657439785</swisstopo:routepoint_id>
				</extensions>
			</trkpt>
			<trkpt lat="47.1868479747" lon="8.6928141997">
				<ele>655.3</ele>
				<time>2026-05-21T14:42:11Z</time>
				<extensions>
					<swisstopo:routepoint_id>787102680</swisstopo:routepoint_id>
				</extensions>
			</trkpt>
			<trkpt lat="47.1868474040" lon="8.6928462379">
				<ele>655.3</ele>
				<time>2026-05-21T14:42:12Z</time>
				<extensions>
					<swisstopo:routepoint_id>335477240</swisstopo:routepoint_id>
				</extensions>
			</trkpt>
			<trkpt lat="47.1868460813" lon="8.6928764075">
				<ele>655.3</ele>
				<time>2026-05-21T14:42:13Z</time>
				<extensions>
					<swisstopo:routepoint_id>1221399305</swisstopo:routepoint_id>
				</extensions>
			</trkpt>
			<trkpt lat="47.1868451578" lon="8.6929065940">
				<ele>655.3</ele>
				<time>2026-05-21T14:42:14Z</time>
				<extensions>
					<swisstopo:routepoint_id>261937462</swisstopo:routepoint_id>
				</extensions>
			</trkpt>
			<trkpt lat="47.1868433852" lon="8.6929398253">
				<ele>655.3</ele>
				<time>2026-05-21T14:42:15Z</time>
				<extensions>
					<swisstopo:routepoint_id>41447484</swisstopo:routepoint_id>
				</extensions>
			</trkpt>
			<trkpt lat="47.1868406607" lon="8.6929738754">
				<ele>655.1</ele>
				<time>2026-05-21T14:42:16Z</time>
				<extensions>
					<swisstopo:routepoint_id>823161960</swisstopo:routepoint_id>
				</extensions>
			</trkpt>
			<trkpt lat="47.1868382374" lon="8.6930046776">
				<ele>655.0</ele>
				<time>2026-05-21T14:42:17Z</time>
				<extensions>
					<swisstopo:routepoint_id>793407746</swisstopo:routepoint_id>
				</extensions>
			</trkpt>
			<trkpt lat="47.1868361988" lon="8.6930356857">
				<ele>654.9</ele>
				<time>2026-05-21T14:42:18Z</time>
				<extensions>
					<swisstopo:routepoint_id>1078022799</swisstopo:routepoint_id>
				</extensions>
			</trkpt>
			<trkpt lat="47.1868345425" lon="8.6930645311">
				<ele>654.9</ele>
				<time>2026-05-21T14:42:19Z</time>
				<extensions>
					<swisstopo:routepoint_id>9653054</swisstopo:routepoint_id>
				</extensions>
			</trkpt>
			<trkpt lat="47.1868316551" lon="8.6930901309">
				<ele>654.9</ele>
				<time>2026-05-21T14:42:20Z</time>
				<extensions>
					<swisstopo:routepoint_id>1177605053</swisstopo:routepoint_id>
				</extensions>
			</trkpt>
			<trkpt lat="47.1868265279" lon="8.6931127479">
				<ele>654.8</ele>
				<time>2026-05-21T14:42:21Z</time>
				<extensions>
					<swisstopo:routepoint_id>798835019</swisstopo:routepoint_id>
				</extensions>
			</trkpt>
			<trkpt lat="47.1868178021" lon="8.6931343764">
				<ele>654.5</ele>
				<time>2026-05-21T14:42:22Z</time>
				<extensions>
					<swisstopo:routepoint_id>2099886936</swisstopo:routepoint_id>
				</extensions>
			</trkpt>
			<trkpt lat="47.1868050017" lon="8.6931466187">
				<ele>654.3</ele>
				<time>2026-05-21T14:42:23Z</time>
				<extensions>
					<swisstopo:routepoint_id>1053478554</swisstopo:routepoint_id>
				</extensions>
			</trkpt>
			<trkpt lat="47.1867880369" lon="8.6931579986">
				<ele>653.9</ele>
				<time>2026-05-21T14:42:24Z</time>
				<extensions>
					<swisstopo:routepoint_id>1958871210</swisstopo:routepoint_id>
				</extensions>
			</trkpt>
			<trkpt lat="47.1867495456" lon="8.6931680027">
				<ele>653.5</ele>
				<time>2026-05-21T14:42:25Z</time>
				<extensions>
					<swisstopo:routepoint_id>1824117960</swisstopo:routepoint_id>
				</extensions>
			</trkpt>
			<trkpt lat="47.1867092394" lon="8.6931772453">
				<ele>653.3</ele>
				<time>2026-05-21T14:42:26Z</time>
				<extensions>
					<swisstopo:routepoint_id>474009148</swisstopo:routepoint_id>
				</extensions>
			</trkpt>
			<trkpt lat="47.1866698252" lon="8.6931860224">
				<ele>653.0</ele>
				<time>2026-05-21T14:42:27Z</time>
				<extensions>
					<swisstopo:routepoint_id>1654903713</swisstopo:routepoint_id>
				</extensions>
			</trkpt>
			<trkpt lat="47.1866315995" lon="8.6931944634">
				<ele>652.7</ele>
				<time>2026-05-21T14:42:28Z</time>
				<extensions>
					<swisstopo:routepoint_id>1905992094</swisstopo:routepoint_id>
				</extensions>
			</trkpt>
			<trkpt lat="47.1865958260" lon="8.6932025380">
				<ele>652.3</ele>
				<time>2026-05-21T14:42:29Z</time>
				<extensions>
					<swisstopo:routepoint_id>2143045206</swisstopo:routepoint_id>
				</extensions>
			</trkpt>
			<trkpt lat="47.1865619646" lon="8.6932104963">
				<ele>652.0</ele>
				<time>2026-05-21T14:42:30Z</time>
				<extensions>
					<swisstopo:routepoint_id>565049758</swisstopo:routepoint_id>
				</extensions>
			</trkpt>
			<trkpt lat="47.1865295750" lon="8.6932186417">
				<ele>651.7</ele>
				<time>2026-05-21T14:42:31Z</time>
				<extensions>
					<swisstopo:routepoint_id>618595672</swisstopo:routepoint_id>
				</extensions>
			</trkpt>
			<trkpt lat="47.1864997636" lon="8.6932266656">
				<ele>651.4</ele>
				<time>2026-05-21T14:42:32Z</time>
				<extensions>
					<swisstopo:routepoint_id>769124177</swisstopo:routepoint_id>
				</extensions>
			</trkpt>
			<trkpt lat="47.1864702816" lon="8.6932389128">
				<ele>651.2</ele>
				<time>2026-05-21T14:42:33Z</time>
				<extensions>
					<swisstopo:routepoint_id>965971546</swisstopo:routepoint_id>
				</extensions>
			</trkpt>
			<trkpt lat="47.1864401563" lon="8.6932529301">
				<ele>651.1</ele>
				<time>2026-05-21T14:42:34Z</time>
				<extensions>
					<swisstopo:routepoint_id>107402302</swisstopo:routepoint_id>
				</extensions>
			</trkpt>
			<trkpt lat="47.1864130655" lon="8.6932662254">
				<ele>651.1</ele>
				<time>2026-05-21T14:42:35Z</time>
				<extensions>
					<swisstopo:routepoint_id>1224226234</swisstopo:routepoint_id>
				</extensions>
			</trkpt>
			<trkpt lat="47.1863869856" lon="8.6932799458">
				<ele>650.9</ele>
				<time>2026-05-21T14:42:36Z</time>
				<extensions>
					<swisstopo:routepoint_id>529492931</swisstopo:routepoint_id>
				</extensions>
			</trkpt>
			<trkpt lat="47.1863608129" lon="8.6932944079">
				<ele>650.9</ele>
				<time>2026-05-21T14:42:37Z</time>
				<extensions>
					<swisstopo:routepoint_id>15458149</swisstopo:routepoint_id>
				</extensions>
			</trkpt>
			<trkpt lat="47.1863350100" lon="8.6933101446">
				<ele>650.9</ele>
				<time>2026-05-21T14:42:38Z</time>
				<extensions>
					<swisstopo:routepoint_id>2107072603</swisstopo:routepoint_id>
				</extensions>
			</trkpt>
			<trkpt lat="47.1863107999" lon="8.6933255859">
				<ele>651.0</ele>
				<time>2026-05-21T14:42:39Z</time>
				<extensions>
					<swisstopo:routepoint_id>1563899591</swisstopo:routepoint_id>
				</extensions>
			</trkpt>
			<trkpt lat="47.1862858439" lon="8.6933395999">
				<ele>651.0</ele>
				<time>2026-05-21T14:42:40Z</time>
				<extensions>
					<swisstopo:routepoint_id>1408070304</swisstopo:routepoint_id>
				</extensions>
			</trkpt>
			<trkpt lat="47.1862641320" lon="8.6933538514">
				<ele>651.3</ele>
				<time>2026-05-21T14:42:41Z</time>
				<extensions>
					<swisstopo:routepoint_id>167809388</swisstopo:routepoint_id>
				</extensions>
			</trkpt>
			<trkpt lat="47.1862448739" lon="8.6933676151">
				<ele>651.4</ele>
				<time>2026-05-21T14:42:42Z</time>
				<extensions>
					<swisstopo:routepoint_id>726355605</swisstopo:routepoint_id>
				</extensions>
			</trkpt>
			<trkpt lat="47.1862262464" lon="8.6933827906">
				<ele>651.3</ele>
				<time>2026-05-21T14:42:43Z</time>
				<extensions>
					<swisstopo:routepoint_id>1561603687</swisstopo:routepoint_id>
				</extensions>
			</trkpt>
			<trkpt lat="47.1862097433" lon="8.6933968626">
				<ele>651.1</ele>
				<time>2026-05-21T14:42:44Z</time>
				<extensions>
					<swisstopo:routepoint_id>1475517422</swisstopo:routepoint_id>
				</extensions>
			</trkpt>
			<trkpt lat="47.1861931776" lon="8.6934111262">
				<ele>651.0</ele>
				<time>2026-05-21T14:42:45Z</time>
				<extensions>
					<swisstopo:routepoint_id>2027639645</swisstopo:routepoint_id>
				</extensions>
			</trkpt>
			<trkpt lat="47.1861784099" lon="8.6934240730">
				<ele>650.7</ele>
				<time>2026-05-21T14:42:46Z</time>
				<extensions>
					<swisstopo:routepoint_id>121519272</swisstopo:routepoint_id>
				</extensions>
			</trkpt>
			<trkpt lat="47.1861683802" lon="8.6934334119">
				<ele>650.5</ele>
				<time>2026-05-21T14:42:47Z</time>
				<extensions>
					<swisstopo:routepoint_id>117456207</swisstopo:routepoint_id>
				</extensions>
			</trkpt>
			<trkpt lat="47.1861751839" lon="8.6934478638">
				<ele>650.1</ele>
				<time>2026-05-21T14:42:48Z</time>
				<extensions>
					<swisstopo:routepoint_id>548999456</swisstopo:routepoint_id>
				</extensions>
			</trkpt>
			<trkpt lat="47.1861895484" lon="8.6934585221">
				<ele>649.6</ele>
				<time>2026-05-21T14:42:49Z</time>
				<extensions>
					<swisstopo:routepoint_id>1444109480</swisstopo:routepoint_id>
				</extensions>
			</trkpt>
			<trkpt lat="47.1862087078" lon="8.6934677896">
				<ele>649.2</ele>
				<time>2026-05-21T14:42:50Z</time>
				<extensions>
					<swisstopo:routepoint_id>287851966</swisstopo:routepoint_id>
				</extensions>
			</trkpt>
			<trkpt lat="47.1862318948" lon="8.6934767241">
				<ele>648.9</ele>
				<time>2026-05-21T14:42:51Z</time>
				<extensions>
					<swisstopo:routepoint_id>1794819518</swisstopo:routepoint_id>
				</extensions>
			</trkpt>
			<trkpt lat="47.1862579504" lon="8.6934828236">
				<ele>648.7</ele>
				<time>2026-05-21T14:42:52Z</time>
				<extensions>
					<swisstopo:routepoint_id>1976333264</swisstopo:routepoint_id>
				</extensions>
			</trkpt>
			<trkpt lat="47.1862839313" lon="8.6934885348">
				<ele>648.7</ele>
				<time>2026-05-21T14:42:53Z</time>
				<extensions>
					<swisstopo:routepoint_id>1103599899</swisstopo:routepoint_id>
				</extensions>
			</trkpt>
			<trkpt lat="47.1863100886" lon="8.6934956481">
				<ele>648.7</ele>
				<time>2026-05-21T14:42:54Z</time>
				<extensions>
					<swisstopo:routepoint_id>387243354</swisstopo:routepoint_id>
				</extensions>
			</trkpt>
			<trkpt lat="47.1863337696" lon="8.6935047920">
				<ele>648.7</ele>
				<time>2026-05-21T14:42:55Z</time>
				<extensions>
					<swisstopo:routepoint_id>1523600268</swisstopo:routepoint_id>
				</extensions>
			</trkpt>
			<trkpt lat="47.1863538478" lon="8.6935147613">
				<ele>648.7</ele>
				<time>2026-05-21T14:42:56Z</time>
				<extensions>
					<swisstopo:routepoint_id>554697448</swisstopo:routepoint_id>
				</extensions>
			</trkpt>
			<trkpt lat="47.1863726562" lon="8.6935279794">
				<ele>648.8</ele>
				<time>2026-05-21T14:42:57Z</time>
				<extensions>
					<swisstopo:routepoint_id>573496909</swisstopo:routepoint_id>
				</extensions>
			</trkpt>
			<trkpt lat="47.1863902383" lon="8.6935508159">
				<ele>649.1</ele>
				<time>2026-05-21T14:42:58Z</time>
				<extensions>
					<swisstopo:routepoint_id>855941827</swisstopo:routepoint_id>
				</extensions>
			</trkpt>
			<trkpt lat="47.1864043317" lon="8.6935777382">
				<ele>649.6</ele>
				<time>2026-05-21T14:42:59Z</time>
				<extensions>
					<swisstopo:routepoint_id>1968818783</swisstopo:routepoint_id>
				</extensions>
			</trkpt>
			<trkpt lat="47.1864141754" lon="8.6936100405">
				<ele>650.0</ele>
				<time>2026-05-21T14:43:00Z</time>
				<extensions>
					<swisstopo:routepoint_id>1509252905</swisstopo:routepoint_id>
				</extensions>
			</trkpt>
			<trkpt lat="47.1864200443" lon="8.6936447525">
				<ele>650.3</ele>
				<time>2026-05-21T14:43:01Z</time>
				<extensions>
					<swisstopo:routepoint_id>2084219618</swisstopo:routepoint_id>
				</extensions>
			</trkpt>
			<trkpt lat="47.1864223108" lon="8.6936816046">
				<ele>650.6</ele>
				<time>2026-05-21T14:43:02Z</time>
				<extensions>
					<swisstopo:routepoint_id>1873353509</swisstopo:routepoint_id>
				</extensions>
			</trkpt>
			<trkpt lat="47.1864213616" lon="8.6937196236">
				<ele>650.9</ele>
				<time>2026-05-21T14:43:03Z</time>
				<extensions>
					<swisstopo:routepoint_id>1194677096</swisstopo:routepoint_id>
				</extensions>
			</trkpt>
			<trkpt lat="47.1864177103" lon="8.6937585196">
				<ele>651.2</ele>
				<time>2026-05-21T14:43:04Z</time>
				<extensions>
					<swisstopo:routepoint_id>2113336669</swisstopo:routepoint_id>
				</extensions>
			</trkpt>
			<trkpt lat="47.1864115554" lon="8.6937997192">
				<ele>651.4</ele>
				<time>2026-05-21T14:43:05Z</time>
				<extensions>
					<swisstopo:routepoint_id>1617358150</swisstopo:routepoint_id>
				</extensions>
			</trkpt>
			<trkpt lat="47.1864032998" lon="8.6938424517">
				<ele>651.3</ele>
				<time>2026-05-21T14:43:06Z</time>
				<extensions>
					<swisstopo:routepoint_id>90423324</swisstopo:routepoint_id>
				</extensions>
			</trkpt>
			<trkpt lat="47.1863939088" lon="8.6938841245">
				<ele>651.5</ele>
				<time>2026-05-21T14:43:07Z</time>
				<extensions>
					<swisstopo:routepoint_id>1473868039</swisstopo:routepoint_id>
				</extensions>
			</trkpt>
			<trkpt lat="47.1863840050" lon="8.6939235949">
				<ele>651.9</ele>
				<time>2026-05-21T14:43:08Z</time>
				<extensions>
					<swisstopo:routepoint_id>76263328</swisstopo:routepoint_id>
				</extensions>
			</trkpt>
			<trkpt lat="47.1863739106" lon="8.6939608140">
				<ele>652.2</ele>
				<time>2026-05-21T14:43:09Z</time>
				<extensions>
					<swisstopo:routepoint_id>1857500084</swisstopo:routepoint_id>
				</extensions>
			</trkpt>
			<trkpt lat="47.1863640974" lon="8.6939948091">
				<ele>652.7</ele>
				<time>2026-05-21T14:43:10Z</time>
				<extensions>
					<swisstopo:routepoint_id>1034135349</swisstopo:routepoint_id>
				</extensions>
			</trkpt>
			<trkpt lat="47.1863541560" lon="8.6940283568">
				<ele>653.2</ele>
				<time>2026-05-21T14:43:11Z</time>
				<extensions>
					<swisstopo:routepoint_id>1127655472</swisstopo:routepoint_id>
				</extensions>
			</trkpt>
			<trkpt lat="47.1863445696" lon="8.6940607599">
				<ele>653.6</ele>
				<time>2026-05-21T14:43:12Z</time>
				<extensions>
					<swisstopo:routepoint_id>962333129</swisstopo:routepoint_id>
				</extensions>
			</trkpt>
			<trkpt lat="47.1863349870" lon="8.6940942418">
				<ele>653.9</ele>
				<time>2026-05-21T14:43:13Z</time>
				<extensions>
					<swisstopo:routepoint_id>1233553546</swisstopo:routepoint_id>
				</extensions>
			</trkpt>
			<trkpt lat="47.1863256865" lon="8.6941276742">
				<ele>654.0</ele>
				<time>2026-05-21T14:43:14Z</time>
				<extensions>
					<swisstopo:routepoint_id>527319484</swisstopo:routepoint_id>
				</extensions>
			</trkpt>
			<trkpt lat="47.1863170453" lon="8.6941593327">
				<ele>654.0</ele>
				<time>2026-05-21T14:43:15Z</time>
				<extensions>
					<swisstopo:routepoint_id>2141040066</swisstopo:routepoint_id>
				</extensions>
			</trkpt>
			<trkpt lat="47.1863090844" lon="8.6941909665">
				<ele>653.7</ele>
				<time>2026-05-21T14:43:16Z</time>
				<extensions>
					<swisstopo:routepoint_id>1224400130</swisstopo:routepoint_id>
				</extensions>
			</trkpt>
			<trkpt lat="47.1863030930" lon="8.6942227162">
				<ele>653.4</ele>
				<time>2026-05-21T14:43:17Z</time>
				<extensions>
					<swisstopo:routepoint_id>1304679356</swisstopo:routepoint_id>
				</extensions>
			</trkpt>
			<trkpt lat="47.1862986646" lon="8.6942534156">
				<ele>653.1</ele>
				<time>2026-05-21T14:43:18Z</time>
				<extensions>
					<swisstopo:routepoint_id>1937900422</swisstopo:routepoint_id>
				</extensions>
			</trkpt>
			<trkpt lat="47.1862946452" lon="8.6942844880">
				<ele>652.9</ele>
				<time>2026-05-21T14:43:19Z</time>
				<extensions>
					<swisstopo:routepoint_id>1555402152</swisstopo:routepoint_id>
				</extensions>
			</trkpt>
			<trkpt lat="47.1862908039" lon="8.6943161482">
				<ele>652.5</ele>
				<time>2026-05-21T14:43:20Z</time>
				<extensions>
					<swisstopo:routepoint_id>325533733</swisstopo:routepoint_id>
				</extensions>
			</trkpt>
			<trkpt lat="47.1862872252" lon="8.6943460078">
				<ele>652.3</ele>
				<time>2026-05-21T14:43:21Z</time>
				<extensions>
					<swisstopo:routepoint_id>1604601622</swisstopo:routepoint_id>
				</extensions>
			</trkpt>
			<trkpt lat="47.1862838592" lon="8.6943742786">
				<ele>652.1</ele>
				<time>2026-05-21T14:43:22Z</time>
				<extensions>
					<swisstopo:routepoint_id>439821928</swisstopo:routepoint_id>
				</extensions>
			</trkpt>
			<trkpt lat="47.1862805350" lon="8.6944019841">
				<ele>651.9</ele>
				<time>2026-05-21T14:43:23Z</time>
				<extensions>
					<swisstopo:routepoint_id>448430922</swisstopo:routepoint_id>
				</extensions>
			</trkpt>
			<trkpt lat="47.1862769592" lon="8.6944290325">
				<ele>651.6</ele>
				<time>2026-05-21T14:43:24Z</time>
				<extensions>
					<swisstopo:routepoint_id>1258388731</swisstopo:routepoint_id>
				</extensions>
			</trkpt>
			<trkpt lat="47.1862727685" lon="8.6944556344">
				<ele>651.2</ele>
				<time>2026-05-21T14:43:25Z</time>
				<extensions>
					<swisstopo:routepoint_id>1320446261</swisstopo:routepoint_id>
				</extensions>
			</trkpt>
			<trkpt lat="47.1862686031" lon="8.6944797930">
				<ele>650.7</ele>
				<time>2026-05-21T14:43:26Z</time>
				<extensions>
					<swisstopo:routepoint_id>644300529</swisstopo:routepoint_id>
				</extensions>
			</trkpt>
			<trkpt lat="47.1862638044" lon="8.6945035347">
				<ele>650.1</ele>
				<time>2026-05-21T14:43:27Z</time>
				<extensions>
					<swisstopo:routepoint_id>1146442729</swisstopo:routepoint_id>
				</extensions>
			</trkpt>
			<trkpt lat="47.1862587913" lon="8.6945295288">
				<ele>649.7</ele>
				<time>2026-05-21T14:43:28Z</time>
				<extensions>
					<swisstopo:routepoint_id>1039665419</swisstopo:routepoint_id>
				</extensions>
			</trkpt>
			<trkpt lat="47.1862543277" lon="8.6945547814">
				<ele>649.1</ele>
				<time>2026-05-21T14:43:29Z</time>
				<extensions>
					<swisstopo:routepoint_id>1729745141</swisstopo:routepoint_id>
				</extensions>
			</trkpt>
			<trkpt lat="47.1862498604" lon="8.6945828531">
				<ele>648.4</ele>
				<time>2026-05-21T14:43:30Z</time>
				<extensions>
					<swisstopo:routepoint_id>1340455348</swisstopo:routepoint_id>
				</extensions>
			</trkpt>
			<trkpt lat="47.1862455216" lon="8.6946121531">
				<ele>647.7</ele>
				<time>2026-05-21T14:43:31Z</time>
				<extensions>
					<swisstopo:routepoint_id>1929576806</swisstopo:routepoint_id>
				</extensions>
			</trkpt>
			<trkpt lat="47.1862419262" lon="8.6946429586">
				<ele>646.9</ele>
				<time>2026-05-21T14:43:32Z</time>
				<extensions>
					<swisstopo:routepoint_id>1246825095</swisstopo:routepoint_id>
				</extensions>
			</trkpt>
			<trkpt lat="47.1862390783" lon="8.6946751544">
				<ele>646.1</ele>
				<time>2026-05-21T14:43:33Z</time>
				<extensions>
					<swisstopo:routepoint_id>243944239</swisstopo:routepoint_id>
				</extensions>
			</trkpt>
			<trkpt lat="47.1862369084" lon="8.6947066462">
				<ele>645.4</ele>
				<time>2026-05-21T14:43:34Z</time>
				<extensions>
					<swisstopo:routepoint_id>424542750</swisstopo:routepoint_id>
				</extensions>
			</trkpt>
			<trkpt lat="47.1862354618" lon="8.6947380443">
				<ele>644.8</ele>
				<time>2026-05-21T14:43:35Z</time>
				<extensions>
					<swisstopo:routepoint_id>1349323916</swisstopo:routepoint_id>
				</extensions>
			</trkpt>
			<trkpt lat="47.1862351032" lon="8.6947711088">
				<ele>644.3</ele>
				<time>2026-05-21T14:43:36Z</time>
				<extensions>
					<swisstopo:routepoint_id>659743892</swisstopo:routepoint_id>
				</extensions>
			</trkpt>
			<trkpt lat="47.1862372951" lon="8.6947995879">
				<ele>644.0</ele>
				<time>2026-05-21T14:43:37Z</time>
				<extensions>
					<swisstopo:routepoint_id>857523383</swisstopo:routepoint_id>
				</extensions>
			</trkpt>
			<trkpt lat="47.1862392475" lon="8.6948229268">
				<ele>643.9</ele>
				<time>2026-05-21T14:43:38Z</time>
				<extensions>
					<swisstopo:routepoint_id>632743064</swisstopo:routepoint_id>
				</extensions>
			</trkpt>
			<trkpt lat="47.1862415743" lon="8.6948378950">
				<ele>643.8</ele>
				<time>2026-05-21T14:43:39Z</time>
				<extensions>
					<swisstopo:routepoint_id>173656704</swisstopo:routepoint_id>
				</extensions>
			</trkpt>
			<trkpt lat="47.1862527566" lon="8.6948066547">
				<ele>644.8</ele>
				<time>2026-05-21T14:43:39Z</time>
				<extensions>
					<swisstopo:routepoint_id>217947855</swisstopo:routepoint_id>
				</extensions>
			</trkpt>
			<trkpt lat="47.1862527616" lon="8.6948066565">
				<ele>644.8</ele>
				<time>2026-05-21T14:43:40Z</time>
				<extensions>
					<swisstopo:routepoint_id>1589980850</swisstopo:routepoint_id>
				</extensions>
			</trkpt>
			<trkpt lat="47.1862527226" lon="8.6948066509">
				<ele>644.8</ele>
				<time>2026-05-21T14:43:41Z</time>
				<extensions>
					<swisstopo:routepoint_id>1669126329</swisstopo:routepoint_id>
				</extensions>
			</trkpt>
			<trkpt lat="47.1862525407" lon="8.6948067906">
				<ele>644.8</ele>
				<time>2026-05-21T14:43:42Z</time>
				<extensions>
					<swisstopo:routepoint_id>427330742</swisstopo:routepoint_id>
				</extensions>
			</trkpt>
			<trkpt lat="47.1862521593" lon="8.6948075271">
				<ele>644.8</ele>
				<time>2026-05-21T14:43:43Z</time>
				<extensions>
					<swisstopo:routepoint_id>962465226</swisstopo:routepoint_id>
				</extensions>
			</trkpt>
			<trkpt lat="47.1862518509" lon="8.6948092105">
				<ele>644.8</ele>
				<time>2026-05-21T14:43:44Z</time>
				<extensions>
					<swisstopo:routepoint_id>1306224178</swisstopo:routepoint_id>
				</extensions>
			</trkpt>
			<trkpt lat="47.1862519053" lon="8.6948118449">
				<ele>644.8</ele>
				<time>2026-05-21T14:43:45Z</time>
				<extensions>
					<swisstopo:routepoint_id>2131920012</swisstopo:routepoint_id>
				</extensions>
			</trkpt>
			<trkpt lat="47.1862523064" lon="8.6948159386">
				<ele>645.0</ele>
				<time>2026-05-21T14:43:46Z</time>
				<extensions>
					<swisstopo:routepoint_id>414991489</swisstopo:routepoint_id>
				</extensions>
			</trkpt>
			<trkpt lat="47.1862526560" lon="8.6948206102">
				<ele>645.2</ele>
				<time>2026-05-21T14:43:47Z</time>
				<extensions>
					<swisstopo:routepoint_id>1882553814</swisstopo:routepoint_id>
				</extensions>
			</trkpt>
			<trkpt lat="47.1862529848" lon="8.6948250722">
				<ele>645.5</ele>
				<time>2026-05-21T14:43:48Z</time>
				<extensions>
					<swisstopo:routepoint_id>1205380647</swisstopo:routepoint_id>
				</extensions>
			</trkpt>
			<trkpt lat="47.1862535669" lon="8.6948287187">
				<ele>645.8</ele>
				<time>2026-05-21T14:43:49Z</time>
				<extensions>
					<swisstopo:routepoint_id>1619291978</swisstopo:routepoint_id>
				</extensions>
			</trkpt>
			<trkpt lat="47.1862541060" lon="8.6948312881">
				<ele>646.1</ele>
				<time>2026-05-21T14:43:50Z</time>
				<extensions>
					<swisstopo:routepoint_id>380015815</swisstopo:routepoint_id>
				</extensions>
			</trkpt>
			<trkpt lat="47.1862543593" lon="8.6948314487">
				<ele>646.3</ele>
				<time>2026-05-21T14:43:51Z</time>
				<extensions>
					<swisstopo:routepoint_id>309436527</swisstopo:routepoint_id>
				</extensions>
			</trkpt>
			<trkpt lat="47.1862545311" lon="8.6948310588">
				<ele>646.4</ele>
				<time>2026-05-21T14:43:52Z</time>
				<extensions>
					<swisstopo:routepoint_id>1641799902</swisstopo:routepoint_id>
				</extensions>
			</trkpt>
			<trkpt lat="47.1862546543" lon="8.6948304573">
				<ele>646.5</ele>
				<time>2026-05-21T14:43:53Z</time>
				<extensions>
					<swisstopo:routepoint_id>713572611</swisstopo:routepoint_id>
				</extensions>
			</trkpt>
			<trkpt lat="47.1862548110" lon="8.6948297016">
				<ele>646.5</ele>
				<time>2026-05-21T14:43:54Z</time>
				<extensions>
					<swisstopo:routepoint_id>1466188229</swisstopo:routepoint_id>
				</extensions>
			</trkpt>
			<trkpt lat="47.1862544669" lon="8.6948247251">
				<ele>646.4</ele>
				<time>2026-05-21T14:43:55Z</time>
				<extensions>
					<swisstopo:routepoint_id>1998199125</swisstopo:routepoint_id>
				</extensions>
			</trkpt>
			<trkpt lat="47.1862540930" lon="8.6948199099">
				<ele>646.1</ele>
				<time>2026-05-21T14:43:56Z</time>
				<extensions>
					<swisstopo:routepoint_id>1383422089</swisstopo:routepoint_id>
				</extensions>
			</trkpt>
			<trkpt lat="47.1862538570" lon="8.6948173474">
				<ele>645.8</ele>
				<time>2026-05-21T14:43:57Z</time>
				<extensions>
					<swisstopo:routepoint_id>369603754</swisstopo:routepoint_id>
				</extensions>
			</trkpt>
			<trkpt lat="47.1862536296" lon="8.6948149128">
				<ele>645.6</ele>
				<time>2026-05-21T14:43:58Z</time>
				<extensions>
					<swisstopo:routepoint_id>1407586354</swisstopo:routepoint_id>
				</extensions>
			</trkpt>
			<trkpt lat="47.1862532972" lon="8.6948105686">
				<ele>645.4</ele>
				<time>2026-05-21T14:43:59Z</time>
				<extensions>
					<swisstopo:routepoint_id>623996326</swisstopo:routepoint_id>
				</extensions>
			</trkpt>
			<trkpt lat="47.1862529143" lon="8.6948052159">
				<ele>645.2</ele>
				<time>2026-05-21T14:44:00Z</time>
				<extensions>
					<swisstopo:routepoint_id>1343602781</swisstopo:routepoint_id>
				</extensions>
			</trkpt>
			<trkpt lat="47.1862525560" lon="8.6948001314">
				<ele>645.0</ele>
				<time>2026-05-21T14:44:01Z</time>
				<extensions>
					<swisstopo:routepoint_id>1141392062</swisstopo:routepoint_id>
				</extensions>
			</trkpt>
			<trkpt lat="47.1862518074" lon="8.6947923525">
				<ele>645.0</ele>
				<time>2026-05-21T14:44:02Z</time>
				<extensions>
					<swisstopo:routepoint_id>2052451030</swisstopo:routepoint_id>
				</extensions>
			</trkpt>
			<trkpt lat="47.1862513714" lon="8.6947856562">
				<ele>644.9</ele>
				<time>2026-05-21T14:44:03Z</time>
				<extensions>
					<swisstopo:routepoint_id>514639449</swisstopo:routepoint_id>
				</extensions>
			</trkpt>
			<trkpt lat="47.1862508152" lon="8.6947819666">
				<ele>644.7</ele>
				<time>2026-05-21T14:44:04Z</time>
				<extensions>
					<swisstopo:routepoint_id>1628572874</swisstopo:routepoint_id>
				</extensions>
			</trkpt>
			<trkpt lat="47.1862508812" lon="8.6947829812">
				<ele>644.6</ele>
				<time>2026-05-21T14:44:05Z</time>
				<extensions>
					<swisstopo:routepoint_id>1745212303</swisstopo:routepoint_id>
				</extensions>
			</trkpt>
			<trkpt lat="47.1862487961" lon="8.6947794715">
				<ele>644.6</ele>
				<time>2026-05-21T14:44:06Z</time>
				<extensions>
					<swisstopo:routepoint_id>1451525795</swisstopo:routepoint_id>
				</extensions>
			</trkpt>
			<trkpt lat="47.1862465656" lon="8.6947736848">
				<ele>644.5</ele>
				<time>2026-05-21T14:44:07Z</time>
				<extensions>
					<swisstopo:routepoint_id>379806645</swisstopo:routepoint_id>
				</extensions>
			</trkpt>
			<trkpt lat="47.1862446950" lon="8.6947687248">
				<ele>644.2</ele>
				<time>2026-05-21T14:44:08Z</time>
				<extensions>
					<swisstopo:routepoint_id>1088883631</swisstopo:routepoint_id>
				</extensions>
			</trkpt>
			<trkpt lat="47.1862428155" lon="8.6947649042">
				<ele>644.1</ele>
				<time>2026-05-21T14:44:09Z</time>
				<extensions>
					<swisstopo:routepoint_id>11546483</swisstopo:routepoint_id>
				</extensions>
			</trkpt>
			<trkpt lat="47.1862437500" lon="8.6947468721">
				<ele>643.7</ele>
				<time>2026-05-21T14:44:10Z</time>
				<extensions>
					<swisstopo:routepoint_id>788211551</swisstopo:routepoint_id>
				</extensions>
			</trkpt>
			<trkpt lat="47.1862428666" lon="8.6947439223">
				<ele>643.7</ele>
				<time>2026-05-21T14:44:11Z</time>
				<extensions>
					<swisstopo:routepoint_id>1792402961</swisstopo:routepoint_id>
				</extensions>
			</trkpt>
			<trkpt lat="47.1862422195" lon="8.6947501888">
				<ele>643.8</ele>
				<time>2026-05-21T14:44:12Z</time>
				<extensions>
					<swisstopo:routepoint_id>15965411</swisstopo:routepoint_id>
				</extensions>
			</trkpt>
			<trkpt lat="47.1862415958" lon="8.6947534731">
				<ele>643.9</ele>
				<time>2026-05-21T14:44:13Z</time>
				<extensions>
					<swisstopo:routepoint_id>2042690449</swisstopo:routepoint_id>
				</extensions>
			</trkpt>
			<trkpt lat="47.1862414476" lon="8.6947618645">
				<ele>644.1</ele>
				<time>2026-05-21T14:44:14Z</time>
				<extensions>
					<swisstopo:routepoint_id>1824795401</swisstopo:routepoint_id>
				</extensions>
			</trkpt>
			<trkpt lat="47.1862415045" lon="8.6947711001">
				<ele>644.1</ele>
				<time>2026-05-21T14:44:15Z</time>
				<extensions>
					<swisstopo:routepoint_id>1122341800</swisstopo:routepoint_id>
				</extensions>
			</trkpt>
			<trkpt lat="47.1862416667" lon="8.6947798473">
				<ele>644.3</ele>
				<time>2026-05-21T14:44:16Z</time>
				<extensions>
					<swisstopo:routepoint_id>1849760999</swisstopo:routepoint_id>
				</extensions>
			</trkpt>
			<trkpt lat="47.1862417898" lon="8.6947860042">
				<ele>644.3</ele>
				<time>2026-05-21T14:44:17Z</time>
				<extensions>
					<swisstopo:routepoint_id>1959836221</swisstopo:routepoint_id>
				</extensions>
			</trkpt>
			<trkpt lat="47.1862419864" lon="8.6947918459">
				<ele>644.4</ele>
				<time>2026-05-21T14:44:18Z</time>
				<extensions>
					<swisstopo:routepoint_id>863188661</swisstopo:routepoint_id>
				</extensions>
			</trkpt>
			<trkpt lat="47.1862350989" lon="8.6947968048">
				<ele>644.7</ele>
				<time>2026-05-21T14:44:19Z</time>
				<extensions>
					<swisstopo:routepoint_id>1359789942</swisstopo:routepoint_id>
				</extensions>
			</trkpt>
			<trkpt lat="47.1862290240" lon="8.6947998483">
				<ele>645.0</ele>
				<time>2026-05-21T14:44:20Z</time>
				<extensions>
					<swisstopo:routepoint_id>468583820</swisstopo:routepoint_id>
				</extensions>
			</trkpt>
			<trkpt lat="47.1862237280" lon="8.6948027582">
				<ele>645.2</ele>
				<time>2026-05-21T14:44:21Z</time>
				<extensions>
					<swisstopo:routepoint_id>665729191</swisstopo:routepoint_id>
				</extensions>
			</trkpt>
			<trkpt lat="47.1862208032" lon="8.6948028162">
				<ele>645.3</ele>
				<time>2026-05-21T14:44:22Z</time>
				<extensions>
					<swisstopo:routepoint_id>520712267</swisstopo:routepoint_id>
				</extensions>
			</trkpt>
			<trkpt lat="47.1862192454" lon="8.6948022142">
				<ele>645.3</ele>
				<time>2026-05-21T14:44:23Z</time>
				<extensions>
					<swisstopo:routepoint_id>615209944</swisstopo:routepoint_id>
				</extensions>
			</trkpt>
			<trkpt lat="47.1862185635" lon="8.6948025225">
				<ele>645.4</ele>
				<time>2026-05-21T14:44:24Z</time>
				<extensions>
					<swisstopo:routepoint_id>1847252150</swisstopo:routepoint_id>
				</extensions>
			</trkpt>
			<trkpt lat="47.1862172007" lon="8.6948033027">
				<ele>645.3</ele>
				<time>2026-05-21T14:44:25Z</time>
				<extensions>
					<swisstopo:routepoint_id>595800371</swisstopo:routepoint_id>
				</extensions>
			</trkpt>
			<trkpt lat="47.1862144045" lon="8.6948049149">
				<ele>645.3</ele>
				<time>2026-05-21T14:44:26Z</time>
				<extensions>
					<swisstopo:routepoint_id>2048073083</swisstopo:routepoint_id>
				</extensions>
			</trkpt>
			<trkpt lat="47.1862114870" lon="8.6948109067">
				<ele>645.4</ele>
				<time>2026-05-21T14:44:27Z</time>
				<extensions>
					<swisstopo:routepoint_id>2096411865</swisstopo:routepoint_id>
				</extensions>
			</trkpt>
			<trkpt lat="47.1862083619" lon="8.6948183194">
				<ele>645.4</ele>
				<time>2026-05-21T14:44:28Z</time>
				<extensions>
					<swisstopo:routepoint_id>630018726</swisstopo:routepoint_id>
				</extensions>
			</trkpt>
			<trkpt lat="47.1862078996" lon="8.6948252000">
				<ele>645.4</ele>
				<time>2026-05-21T14:44:29Z</time>
				<extensions>
					<swisstopo:routepoint_id>1630348172</swisstopo:routepoint_id>
				</extensions>
			</trkpt>
			<trkpt lat="47.1862082095" lon="8.6948302255">
				<ele>645.4</ele>
				<time>2026-05-21T14:44:30Z</time>
				<extensions>
					<swisstopo:routepoint_id>1517874731</swisstopo:routepoint_id>
				</extensions>
			</trkpt>
			<trkpt lat="47.1862095538" lon="8.6948344876">
				<ele>645.5</ele>
				<time>2026-05-21T14:44:31Z</time>
				<extensions>
					<swisstopo:routepoint_id>962361204</swisstopo:routepoint_id>
				</extensions>
			</trkpt>
			<trkpt lat="47.1862106241" lon="8.6948380535">
				<ele>645.4</ele>
				<time>2026-05-21T14:44:32Z</time>
				<extensions>
					<swisstopo:routepoint_id>1705410071</swisstopo:routepoint_id>
				</extensions>
			</trkpt>
			<trkpt lat="47.1862119418" lon="8.6948432797">
				<ele>645.5</ele>
				<time>2026-05-21T14:44:33Z</time>
				<extensions>
					<swisstopo:routepoint_id>362826788</swisstopo:routepoint_id>
				</extensions>
			</trkpt>
			<trkpt lat="47.1862132028" lon="8.6948465341">
				<ele>645.4</ele>
				<time>2026-05-21T14:44:34Z</time>
				<extensions>
					<swisstopo:routepoint_id>1323752083</swisstopo:routepoint_id>
				</extensions>
			</trkpt>
			<trkpt lat="47.1862130049" lon="8.6948474688">
				<ele>645.5</ele>
				<time>2026-05-21T14:44:35Z</time>
				<extensions>
					<swisstopo:routepoint_id>370676061</swisstopo:routepoint_id>
				</extensions>
			</trkpt>
			<trkpt lat="47.1862141638" lon="8.6948472513">
				<ele>645.5</ele>
				<time>2026-05-21T14:44:36Z</time>
				<extensions>
					<swisstopo:routepoint_id>102497280</swisstopo:routepoint_id>
				</extensions>
			</trkpt>
			<trkpt lat="47.1862157320" lon="8.6948443217">
				<ele>645.4</ele>
				<time>2026-05-21T14:44:37Z</time>
				<extensions>
					<swisstopo:routepoint_id>389900066</swisstopo:routepoint_id>
				</extensions>
			</trkpt>
			<trkpt lat="47.1862184080" lon="8.6948394599">
				<ele>645.3</ele>
				<time>2026-05-21T14:44:38Z</time>
				<extensions>
					<swisstopo:routepoint_id>1077802265</swisstopo:routepoint_id>
				</extensions>
			</trkpt>
			<trkpt lat="47.1862214944" lon="8.6948363755">
				<ele>645.2</ele>
				<time>2026-05-21T14:44:39Z</time>
				<extensions>
					<swisstopo:routepoint_id>598105410</swisstopo:routepoint_id>
				</extensions>
			</trkpt>
			<trkpt lat="47.1862233472" lon="8.6948336143">
				<ele>645.1</ele>
				<time>2026-05-21T14:44:40Z</time>
				<extensions>
					<swisstopo:routepoint_id>2134157910</swisstopo:routepoint_id>
				</extensions>
			</trkpt>
			<trkpt lat="47.1862251822" lon="8.6948296041">
				<ele>644.9</ele>
				<time>2026-05-21T14:44:41Z</time>
				<extensions>
					<swisstopo:routepoint_id>1520121176</swisstopo:routepoint_id>
				</extensions>
			</trkpt>
			<trkpt lat="47.1862281170" lon="8.6948256073">
				<ele>644.8</ele>
				<time>2026-05-21T14:44:42Z</time>
				<extensions>
					<swisstopo:routepoint_id>63656673</swisstopo:routepoint_id>
				</extensions>
			</trkpt>
			<trkpt lat="47.1862315724" lon="8.6948247442">
				<ele>644.7</ele>
				<time>2026-05-21T14:44:43Z</time>
				<extensions>
					<swisstopo:routepoint_id>430846905</swisstopo:routepoint_id>
				</extensions>
			</trkpt>
			<trkpt lat="47.1862347503" lon="8.6948229808">
				<ele>644.6</ele>
				<time>2026-05-21T14:44:44Z</time>
				<extensions>
					<swisstopo:routepoint_id>2076558298</swisstopo:routepoint_id>
				</extensions>
			</trkpt>
			<trkpt lat="47.1862364967" lon="8.6948202154">
				<ele>644.5</ele>
				<time>2026-05-21T14:44:45Z</time>
				<extensions>
					<swisstopo:routepoint_id>1958567089</swisstopo:routepoint_id>
				</extensions>
			</trkpt>
			<trkpt lat="47.1862326043" lon="8.6948162157">
				<ele>644.4</ele>
				<time>2026-05-21T14:44:46Z</time>
				<extensions>
					<swisstopo:routepoint_id>1007723607</swisstopo:routepoint_id>
				</extensions>
			</trkpt>
			<trkpt lat="47.1862266290" lon="8.6948144192">
				<ele>644.2</ele>
				<time>2026-05-21T14:44:47Z</time>
				<extensions>
					<swisstopo:routepoint_id>1754622607</swisstopo:routepoint_id>
				</extensions>
			</trkpt>
			<trkpt lat="47.1862263567" lon="8.6948141310">
				<ele>644.1</ele>
				<time>2026-05-21T14:44:48Z</time>
				<extensions>
					<swisstopo:routepoint_id>696715245</swisstopo:routepoint_id>
				</extensions>
			</trkpt>
			<trkpt lat="47.1862275443" lon="8.6948137889">
				<ele>644.0</ele>
				<time>2026-05-21T14:44:49Z</time>
				<extensions>
					<swisstopo:routepoint_id>1612279271</swisstopo:routepoint_id>
				</extensions>
			</trkpt>
			<trkpt lat="47.1862354215" lon="8.6948118766">
				<ele>643.9</ele>
				<time>2026-05-21T14:44:50Z</time>
				<extensions>
					<swisstopo:routepoint_id>629049851</swisstopo:routepoint_id>
				</extensions>
			</trkpt>
			<trkpt lat="47.1862451612" lon="8.6948154577">
				<ele>643.8</ele>
				<time>2026-05-21T14:44:51Z</time>
				<extensions>
					<swisstopo:routepoint_id>378851576</swisstopo:routepoint_id>
				</extensions>
			</trkpt>
			<trkpt lat="47.1862546802" lon="8.6948187899">
				<ele>643.6</ele>
				<time>2026-05-21T14:44:52Z</time>
				<extensions>
					<swisstopo:routepoint_id>69424477</swisstopo:routepoint_id>
				</extensions>
			</trkpt>
			<trkpt lat="47.1862629690" lon="8.6948213308">
				<ele>643.6</ele>
				<time>2026-05-21T14:44:53Z</time>
				<extensions>
					<swisstopo:routepoint_id>733564618</swisstopo:routepoint_id>
				</extensions>
			</trkpt>
			<trkpt lat="47.1862718438" lon="8.6948282359">
				<ele>643.4</ele>
				<time>2026-05-21T14:44:54Z</time>
				<extensions>
					<swisstopo:routepoint_id>316917299</swisstopo:routepoint_id>
				</extensions>
			</trkpt>
			<trkpt lat="47.1862799732" lon="8.6948358096">
				<ele>643.4</ele>
				<time>2026-05-21T14:44:55Z</time>
				<extensions>
					<swisstopo:routepoint_id>669599733</swisstopo:routepoint_id>
				</extensions>
			</trkpt>
			<trkpt lat="47.1862880615" lon="8.6948459895">
				<ele>643.4</ele>
				<time>2026-05-21T14:44:56Z</time>
				<extensions>
					<swisstopo:routepoint_id>1148402251</swisstopo:routepoint_id>
				</extensions>
			</trkpt>
			<trkpt lat="47.1862930660" lon="8.6948583323">
				<ele>643.3</ele>
				<time>2026-05-21T14:44:57Z</time>
				<extensions>
					<swisstopo:routepoint_id>1761096968</swisstopo:routepoint_id>
				</extensions>
			</trkpt>
			<trkpt lat="47.1862963867" lon="8.6948642976">
				<ele>642.9</ele>
				<time>2026-05-21T14:44:58Z</time>
				<extensions>
					<swisstopo:routepoint_id>2137118222</swisstopo:routepoint_id>
				</extensions>
			</trkpt>
			<trkpt lat="47.1862984316" lon="8.6948680616">
				<ele>642.8</ele>
				<time>2026-05-21T14:44:59Z</time>
				<extensions>
					<swisstopo:routepoint_id>1881961079</swisstopo:routepoint_id>
				</extensions>
			</trkpt>
			<trkpt lat="47.1863008604" lon="8.6948735803">
				<ele>642.8</ele>
				<time>2026-05-21T14:45:00Z</time>
				<extensions>
					<swisstopo:routepoint_id>1980701737</swisstopo:routepoint_id>
				</extensions>
			</trkpt>
			<trkpt lat="47.1863013330" lon="8.6948756889">
				<ele>642.7</ele>
				<time>2026-05-21T14:45:01Z</time>
				<extensions>
					<swisstopo:routepoint_id>1510081612</swisstopo:routepoint_id>
				</extensions>
			</trkpt>
			<trkpt lat="47.1862954606" lon="8.6948729660">
				<ele>642.7</ele>
				<time>2026-05-21T14:45:02Z</time>
				<extensions>
					<swisstopo:routepoint_id>979912638</swisstopo:routepoint_id>
				</extensions>
			</trkpt>
			<trkpt lat="47.1862894862" lon="8.6948695488">
				<ele>642.8</ele>
				<time>2026-05-21T14:45:03Z</time>
				<extensions>
					<swisstopo:routepoint_id>339618023</swisstopo:routepoint_id>
				</extensions>
			</trkpt>
			<trkpt lat="47.1862841790" lon="8.6948662616">
				<ele>642.8</ele>
				<time>2026-05-21T14:45:04Z</time>
				<extensions>
					<swisstopo:routepoint_id>2096062482</swisstopo:routepoint_id>
				</extensions>
			</trkpt>
			<trkpt lat="47.1862795366" lon="8.6948632098">
				<ele>642.8</ele>
				<time>2026-05-21T14:45:05Z</time>
				<extensions>
					<swisstopo:routepoint_id>1200389586</swisstopo:routepoint_id>
				</extensions>
			</trkpt>
			<trkpt lat="47.1862755678" lon="8.6948604524">
				<ele>642.8</ele>
				<time>2026-05-21T14:45:06Z</time>
				<extensions>
					<swisstopo:routepoint_id>1486391984</swisstopo:routepoint_id>
				</extensions>
			</trkpt>
			<trkpt lat="47.1862666362" lon="8.6948507906">
				<ele>642.6</ele>
				<time>2026-05-21T14:45:07Z</time>
				<extensions>
					<swisstopo:routepoint_id>112809537</swisstopo:routepoint_id>
				</extensions>
			</trkpt>
			<trkpt lat="47.1862576806" lon="8.6948380447">
				<ele>642.5</ele>
				<time>2026-05-21T14:45:08Z</time>
				<extensions>
					<swisstopo:routepoint_id>1909311705</swisstopo:routepoint_id>
				</extensions>
			</trkpt>
			<trkpt lat="47.1862501384" lon="8.6948258549">
				<ele>642.2</ele>
				<time>2026-05-21T14:45:09Z</time>
				<extensions>
					<swisstopo:routepoint_id>2101172461</swisstopo:routepoint_id>
				</extensions>
			</trkpt>
			<trkpt lat="47.1862443552" lon="8.6948144374">
				<ele>642.2</ele>
				<time>2026-05-21T14:45:10Z</time>
				<extensions>
					<swisstopo:routepoint_id>1184460759</swisstopo:routepoint_id>
				</extensions>
			</trkpt>
			<trkpt lat="47.1862385809" lon="8.6948042224">
				<ele>642.1</ele>
				<time>2026-05-21T14:45:11Z</time>
				<extensions>
					<swisstopo:routepoint_id>58568823</swisstopo:routepoint_id>
				</extensions>
			</trkpt>
			<trkpt lat="47.1862306265" lon="8.6947945333">
				<ele>642.2</ele>
				<time>2026-05-21T14:45:12Z</time>
				<extensions>
					<swisstopo:routepoint_id>818697835</swisstopo:routepoint_id>
				</extensions>
			</trkpt>
			<trkpt lat="47.1862262622" lon="8.6947929413">
				<ele>642.3</ele>
				<time>2026-05-21T14:45:13Z</time>
				<extensions>
					<swisstopo:routepoint_id>926786516</swisstopo:routepoint_id>
				</extensions>
			</trkpt>
			<trkpt lat="47.1862234276" lon="8.6947915844">
				<ele>642.2</ele>
				<time>2026-05-21T14:45:14Z</time>
				<extensions>
					<swisstopo:routepoint_id>802082721</swisstopo:routepoint_id>
				</extensions>
			</trkpt>
			<trkpt lat="47.1862211406" lon="8.6947910365">
				<ele>642.2</ele>
				<time>2026-05-21T14:45:15Z</time>
				<extensions>
					<swisstopo:routepoint_id>849439628</swisstopo:routepoint_id>
				</extensions>
			</trkpt>
			<trkpt lat="47.1862196527" lon="8.6947914020">
				<ele>642.2</ele>
				<time>2026-05-21T14:45:16Z</time>
				<extensions>
					<swisstopo:routepoint_id>60542540</swisstopo:routepoint_id>
				</extensions>
			</trkpt>
			<trkpt lat="47.1862211760" lon="8.6947898873">
				<ele>642.1</ele>
				<time>2026-05-21T14:45:17Z</time>
				<extensions>
					<swisstopo:routepoint_id>1778704749</swisstopo:routepoint_id>
				</extensions>
			</trkpt>
			<trkpt lat="47.1862235250" lon="8.6947909382">
				<ele>642.1</ele>
				<time>2026-05-21T14:45:18Z</time>
				<extensions>
					<swisstopo:routepoint_id>1718350203</swisstopo:routepoint_id>
				</extensions>
			</trkpt>
			<trkpt lat="47.1862248539" lon="8.6947988921">
				<ele>642.1</ele>
				<time>2026-05-21T14:45:19Z</time>
				<extensions>
					<swisstopo:routepoint_id>951776965</swisstopo:routepoint_id>
				</extensions>
			</trkpt>
			<trkpt lat="47.1862261165" lon="8.6948078036">
				<ele>642.1</ele>
				<time>2026-05-21T14:45:20Z</time>
				<extensions>
					<swisstopo:routepoint_id>2057247899</swisstopo:routepoint_id>
				</extensions>
			</trkpt>
			<trkpt lat="47.1862276024" lon="8.6948136026">
				<ele>642.1</ele>
				<time>2026-05-21T14:45:21Z</time>
				<extensions>
					<swisstopo:routepoint_id>1678721793</swisstopo:routepoint_id>
				</extensions>
			</trkpt>
			<trkpt lat="47.1862281663" lon="8.6948182468">
				<ele>642.2</ele>
				<time>2026-05-21T14:45:22Z</time>
				<extensions>
					<swisstopo:routepoint_id>637020665</swisstopo:routepoint_id>
				</extensions>
			</trkpt>
			<trkpt lat="47.1862273046" lon="8.6948206266">
				<ele>642.2</ele>
				<time>2026-05-21T14:45:23Z</time>
				<extensions>
					<swisstopo:routepoint_id>1200336360</swisstopo:routepoint_id>
				</extensions>
			</trkpt>
			<trkpt lat="47.1862272196" lon="8.6948233806">
				<ele>642.2</ele>
				<time>2026-05-21T14:45:24Z</time>
				<extensions>
					<swisstopo:routepoint_id>591822602</swisstopo:routepoint_id>
				</extensions>
			</trkpt>
			<trkpt lat="47.1862274201" lon="8.6948256141">
				<ele>642.2</ele>
				<time>2026-05-21T14:45:25Z</time>
				<extensions>
					<swisstopo:routepoint_id>1765702557</swisstopo:routepoint_id>
				</extensions>
			</trkpt>
			<trkpt lat="47.1862275133" lon="8.6948269369">
				<ele>642.2</ele>
				<time>2026-05-21T14:45:26Z</time>
				<extensions>
					<swisstopo:routepoint_id>86357606</swisstopo:routepoint_id>
				</extensions>
			</trkpt>
			<trkpt lat="47.1862282432" lon="8.6948278703">
				<ele>642.2</ele>
				<time>2026-05-21T14:45:27Z</time>
				<extensions>
					<swisstopo:routepoint_id>1860822317</swisstopo:routepoint_id>
				</extensions>
			</trkpt>
			<trkpt lat="47.1862284135" lon="8.6948281767">
				<ele>642.2</ele>
				<time>2026-05-21T14:45:28Z</time>
				<extensions>
					<swisstopo:routepoint_id>1036330558</swisstopo:routepoint_id>
				</extensions>
			</trkpt>
			<trkpt lat="47.1862293796" lon="8.6948275469">
				<ele>642.2</ele>
				<time>2026-05-21T14:45:29Z</time>
				<extensions>
					<swisstopo:routepoint_id>1515311136</swisstopo:routepoint_id>
				</extensions>
			</trkpt>
			<trkpt lat="47.1862300954" lon="8.6948264228">
				<ele>642.3</ele>
				<time>2026-05-21T14:45:30Z</time>
				<extensions>
					<swisstopo:routepoint_id>825692979</swisstopo:routepoint_id>
				</extensions>
			</trkpt>
			<trkpt lat="47.1862314947" lon="8.6948245689">
				<ele>642.5</ele>
				<time>2026-05-21T14:45:31Z</time>
				<extensions>
					<swisstopo:routepoint_id>382571139</swisstopo:routepoint_id>
				</extensions>
			</trkpt>
			<trkpt lat="47.1862322272" lon="8.6948240956">
				<ele>642.6</ele>
				<time>2026-05-21T14:45:32Z</time>
				<extensions>
					<swisstopo:routepoint_id>307094055</swisstopo:routepoint_id>
				</extensions>
			</trkpt>
			<trkpt lat="47.1862303411" lon="8.6948263111">
				<ele>642.8</ele>
				<time>2026-05-21T14:45:33Z</time>
				<extensions>
					<swisstopo:routepoint_id>926578644</swisstopo:routepoint_id>
				</extensions>
			</trkpt>
			<trkpt lat="47.1862289311" lon="8.6948281410">
				<ele>643.0</ele>
				<time>2026-05-21T14:45:34Z</time>
				<extensions>
					<swisstopo:routepoint_id>1603345311</swisstopo:routepoint_id>
				</extensions>
			</trkpt>
			<trkpt lat="47.1862270746" lon="8.6948305273">
				<ele>643.2</ele>
				<time>2026-05-21T14:45:35Z</time>
				<extensions>
					<swisstopo:routepoint_id>799839421</swisstopo:routepoint_id>
				</extensions>
			</trkpt>
			<trkpt lat="47.1862256376" lon="8.6948312975">
				<ele>643.4</ele>
				<time>2026-05-21T14:45:36Z</time>
				<extensions>
					<swisstopo:routepoint_id>1801002174</swisstopo:routepoint_id>
				</extensions>
			</trkpt>
			<trkpt lat="47.1862242609" lon="8.6948320284">
				<ele>643.5</ele>
				<time>2026-05-21T14:45:37Z</time>
				<extensions>
					<swisstopo:routepoint_id>661533953</swisstopo:routepoint_id>
				</extensions>
			</trkpt>
			<trkpt lat="47.1862235171" lon="8.6948333949">
				<ele>643.5</ele>
				<time>2026-05-21T14:45:38Z</time>
				<extensions>
					<swisstopo:routepoint_id>878307552</swisstopo:routepoint_id>
				</extensions>
			</trkpt>
			<trkpt lat="47.1862237323" lon="8.6948341106">
				<ele>643.5</ele>
				<time>2026-05-21T14:45:39Z</time>
				<extensions>
					<swisstopo:routepoint_id>2059920633</swisstopo:routepoint_id>
				</extensions>
			</trkpt>
			<trkpt lat="47.1862241112" lon="8.6948338192">
				<ele>643.4</ele>
				<time>2026-05-21T14:45:40Z</time>
				<extensions>
					<swisstopo:routepoint_id>1502205544</swisstopo:routepoint_id>
				</extensions>
			</trkpt>
			<trkpt lat="47.1862249868" lon="8.6948311413">
				<ele>643.3</ele>
				<time>2026-05-21T14:45:41Z</time>
				<extensions>
					<swisstopo:routepoint_id>1750823876</swisstopo:routepoint_id>
				</extensions>
			</trkpt>
			<trkpt lat="47.1862260121" lon="8.6948286254">
				<ele>643.3</ele>
				<time>2026-05-21T14:45:42Z</time>
				<extensions>
					<swisstopo:routepoint_id>1275952738</swisstopo:routepoint_id>
				</extensions>
			</trkpt>
			<trkpt lat="47.1862257590" lon="8.6948240527">
				<ele>643.3</ele>
				<time>2026-05-21T14:45:43Z</time>
				<extensions>
					<swisstopo:routepoint_id>165968624</swisstopo:routepoint_id>
				</extensions>
			</trkpt>
			<trkpt lat="47.1862263015" lon="8.6948190710">
				<ele>643.2</ele>
				<time>2026-05-21T14:45:44Z</time>
				<extensions>
					<swisstopo:routepoint_id>2000889762</swisstopo:routepoint_id>
				</extensions>
			</trkpt>
			<trkpt lat="47.1862263813" lon="8.6948167922">
				<ele>643.1</ele>
				<time>2026-05-21T14:45:45Z</time>
				<extensions>
					<swisstopo:routepoint_id>1507801561</swisstopo:routepoint_id>
				</extensions>
			</trkpt>
			<trkpt lat="47.1862271075" lon="8.6948146641">
				<ele>643.1</ele>
				<time>2026-05-21T14:45:46Z</time>
				<extensions>
					<swisstopo:routepoint_id>1313801127</swisstopo:routepoint_id>
				</extensions>
			</trkpt>
			<trkpt lat="47.1862288129" lon="8.6948123698">
				<ele>642.9</ele>
				<time>2026-05-21T14:45:47Z</time>
				<extensions>
					<swisstopo:routepoint_id>628683035</swisstopo:routepoint_id>
				</extensions>
			</trkpt>
			<trkpt lat="47.1862299350" lon="8.6948118068">
				<ele>642.9</ele>
				<time>2026-05-21T14:45:48Z</time>
				<extensions>
					<swisstopo:routepoint_id>656226005</swisstopo:routepoint_id>
				</extensions>
			</trkpt>
			<trkpt lat="47.1862309301" lon="8.6948125228">
				<ele>642.8</ele>
				<time>2026-05-21T14:45:49Z</time>
				<extensions>
					<swisstopo:routepoint_id>1861938690</swisstopo:routepoint_id>
				</extensions>
			</trkpt>
			<trkpt lat="47.1862318675" lon="8.6948133264">
				<ele>642.8</ele>
				<time>2026-05-21T14:45:50Z</time>
				<extensions>
					<swisstopo:routepoint_id>471858746</swisstopo:routepoint_id>
				</extensions>
			</trkpt>
			<trkpt lat="47.1862323868" lon="8.6948149557">
				<ele>642.8</ele>
				<time>2026-05-21T14:45:51Z</time>
				<extensions>
					<swisstopo:routepoint_id>2020319298</swisstopo:routepoint_id>
				</extensions>
			</trkpt>
			<trkpt lat="47.1862322947" lon="8.6948206224">
				<ele>642.7</ele>
				<time>2026-05-21T14:45:52Z</time>
				<extensions>
					<swisstopo:routepoint_id>1642498769</swisstopo:routepoint_id>
				</extensions>
			</trkpt>
			<trkpt lat="47.1862323437" lon="8.6948259560">
				<ele>642.7</ele>
				<time>2026-05-21T14:45:53Z</time>
				<extensions>
					<swisstopo:routepoint_id>1722012045</swisstopo:routepoint_id>
				</extensions>
			</trkpt>
			<trkpt lat="47.1862321022" lon="8.6948321408">
				<ele>642.6</ele>
				<time>2026-05-21T14:45:54Z</time>
				<extensions>
					<swisstopo:routepoint_id>219329696</swisstopo:routepoint_id>
				</extensions>
			</trkpt>
			<trkpt lat="47.1862319480" lon="8.6948347206">
				<ele>642.7</ele>
				<time>2026-05-21T14:45:55Z</time>
				<extensions>
					<swisstopo:routepoint_id>1192262420</swisstopo:routepoint_id>
				</extensions>
			</trkpt>
			<trkpt lat="47.1862330275" lon="8.6948370344">
				<ele>642.7</ele>
				<time>2026-05-21T14:45:56Z</time>
				<extensions>
					<swisstopo:routepoint_id>184582783</swisstopo:routepoint_id>
				</extensions>
			</trkpt>
			<trkpt lat="47.1862340840" lon="8.6948377780">
				<ele>642.7</ele>
				<time>2026-05-21T14:45:57Z</time>
				<extensions>
					<swisstopo:routepoint_id>1316447613</swisstopo:routepoint_id>
				</extensions>
			</trkpt>
			<trkpt lat="47.1862351690" lon="8.6948373303">
				<ele>642.8</ele>
				<time>2026-05-21T14:45:58Z</time>
				<extensions>
					<swisstopo:routepoint_id>11016650</swisstopo:routepoint_id>
				</extensions>
			</trkpt>
			<trkpt lat="47.1862359090" lon="8.6948392509">
				<ele>642.8</ele>
				<time>2026-05-21T14:45:59Z</time>
				<extensions>
					<swisstopo:routepoint_id>473242908</swisstopo:routepoint_id>
				</extensions>
			</trkpt>
			<trkpt lat="47.1862352606" lon="8.6948379802">
				<ele>642.8</ele>
				<time>2026-05-21T14:46:00Z</time>
				<extensions>
					<swisstopo:routepoint_id>1661609915</swisstopo:routepoint_id>
				</extensions>
			</trkpt>
			<trkpt lat="47.1862344179" lon="8.6948346915">
				<ele>642.7</ele>
				<time>2026-05-21T14:46:01Z</time>
				<extensions>
					<swisstopo:routepoint_id>800495817</swisstopo:routepoint_id>
				</extensions>
			</trkpt>
			<trkpt lat="47.1862337023" lon="8.6948310955">
				<ele>642.5</ele>
				<time>2026-05-21T14:46:02Z</time>
				<extensions>
					<swisstopo:routepoint_id>2095631511</swisstopo:routepoint_id>
				</extensions>
			</trkpt>
			<trkpt lat="47.1862338786" lon="8.6948273111">
				<ele>642.3</ele>
				<time>2026-05-21T14:46:03Z</time>
				<extensions>
					<swisstopo:routepoint_id>399510930</swisstopo:routepoint_id>
				</extensions>
			</trkpt>
			<trkpt lat="47.1862279681" lon="8.6948259085">
				<ele>642.3</ele>
				<time>2026-05-21T14:46:04Z</time>
				<extensions>
					<swisstopo:routepoint_id>1546319988</swisstopo:routepoint_id>
				</extensions>
			</trkpt>
			<trkpt lat="47.1862217714" lon="8.6948222206">
				<ele>642.3</ele>
				<time>2026-05-21T14:46:05Z</time>
				<extensions>
					<swisstopo:routepoint_id>152942322</swisstopo:routepoint_id>
				</extensions>
			</trkpt>
			<trkpt lat="47.1862168971" lon="8.6948196139">
				<ele>642.3</ele>
				<time>2026-05-21T14:46:06Z</time>
				<extensions>
					<swisstopo:routepoint_id>2111164042</swisstopo:routepoint_id>
				</extensions>
			</trkpt>
			<trkpt lat="47.1862130703" lon="8.6948159961">
				<ele>642.4</ele>
				<time>2026-05-21T14:46:07Z</time>
				<extensions>
					<swisstopo:routepoint_id>1609238160</swisstopo:routepoint_id>
				</extensions>
			</trkpt>
			<trkpt lat="47.1862105240" lon="8.6948129925">
				<ele>642.4</ele>
				<time>2026-05-21T14:46:08Z</time>
				<extensions>
					<swisstopo:routepoint_id>1056704802</swisstopo:routepoint_id>
				</extensions>
			</trkpt>
			<trkpt lat="47.1862085683" lon="8.6948105671">
				<ele>642.4</ele>
				<time>2026-05-21T14:46:09Z</time>
				<extensions>
					<swisstopo:routepoint_id>347846524</swisstopo:routepoint_id>
				</extensions>
			</trkpt>
			<trkpt lat="47.1862060362" lon="8.6948049626">
				<ele>642.5</ele>
				<time>2026-05-21T14:46:10Z</time>
				<extensions>
					<swisstopo:routepoint_id>806041734</swisstopo:routepoint_id>
				</extensions>
			</trkpt>
			<trkpt lat="47.1862017863" lon="8.6947985922">
				<ele>642.6</ele>
				<time>2026-05-21T14:46:11Z</time>
				<extensions>
					<swisstopo:routepoint_id>816578062</swisstopo:routepoint_id>
				</extensions>
			</trkpt>
			<trkpt lat="47.1861968035" lon="8.6947947213">
				<ele>642.8</ele>
				<time>2026-05-21T14:46:12Z</time>
				<extensions>
					<swisstopo:routepoint_id>1806983704</swisstopo:routepoint_id>
				</extensions>
			</trkpt>
			<trkpt lat="47.1861940248" lon="8.6947884323">
				<ele>642.9</ele>
				<time>2026-05-21T14:46:13Z</time>
				<extensions>
					<swisstopo:routepoint_id>261377254</swisstopo:routepoint_id>
				</extensions>
			</trkpt>
			<trkpt lat="47.1861915996" lon="8.6947863575">
				<ele>643.2</ele>
				<time>2026-05-21T14:46:14Z</time>
				<extensions>
					<swisstopo:routepoint_id>1363449863</swisstopo:routepoint_id>
				</extensions>
			</trkpt>
			<trkpt lat="47.1861865187" lon="8.6947852055">
				<ele>643.4</ele>
				<time>2026-05-21T14:46:15Z</time>
				<extensions>
					<swisstopo:routepoint_id>1851333951</swisstopo:routepoint_id>
				</extensions>
			</trkpt>
			<trkpt lat="47.1861890451" lon="8.6947943006">
				<ele>643.8</ele>
				<time>2026-05-21T14:46:16Z</time>
				<extensions>
					<swisstopo:routepoint_id>479153074</swisstopo:routepoint_id>
				</extensions>
			</trkpt>
			<trkpt lat="47.1861934390" lon="8.6948026143">
				<ele>644.0</ele>
				<time>2026-05-21T14:46:17Z</time>
				<extensions>
					<swisstopo:routepoint_id>62038468</swisstopo:routepoint_id>
				</extensions>
			</trkpt>
			<trkpt lat="47.1861975667" lon="8.6948096624">
				<ele>644.1</ele>
				<time>2026-05-21T14:46:18Z</time>
				<extensions>
					<swisstopo:routepoint_id>1150962881</swisstopo:routepoint_id>
				</extensions>
			</trkpt>
			<trkpt lat="47.1862012292" lon="8.6948156575">
				<ele>644.2</ele>
				<time>2026-05-21T14:46:19Z</time>
				<extensions>
					<swisstopo:routepoint_id>1847932438</swisstopo:routepoint_id>
				</extensions>
			</trkpt>
			<trkpt lat="47.1862044042" lon="8.6948206400">
				<ele>644.3</ele>
				<time>2026-05-21T14:46:20Z</time>
				<extensions>
					<swisstopo:routepoint_id>1291982552</swisstopo:routepoint_id>
				</extensions>
			</trkpt>
			<trkpt lat="47.1862070943" lon="8.6948246800">
				<ele>644.3</ele>
				<time>2026-05-21T14:46:21Z</time>
				<extensions>
					<swisstopo:routepoint_id>1143596647</swisstopo:routepoint_id>
				</extensions>
			</trkpt>
			<trkpt lat="47.1862093211" lon="8.6948278666">
				<ele>644.3</ele>
				<time>2026-05-21T14:46:22Z</time>
				<extensions>
					<swisstopo:routepoint_id>450205479</swisstopo:routepoint_id>
				</extensions>
			</trkpt>
			<trkpt lat="47.1862111187" lon="8.6948302990">
				<ele>644.3</ele>
				<time>2026-05-21T14:46:23Z</time>
				<extensions>
					<swisstopo:routepoint_id>1018597172</swisstopo:routepoint_id>
				</extensions>
			</trkpt>
			<trkpt lat="47.1862125294" lon="8.6948320803">
				<ele>644.3</ele>
				<time>2026-05-21T14:46:24Z</time>
				<extensions>
					<swisstopo:routepoint_id>1970519567</swisstopo:routepoint_id>
				</extensions>
			</trkpt>
			<trkpt lat="47.1862135995" lon="8.6948333122">
				<ele>644.3</ele>
				<time>2026-05-21T14:46:25Z</time>
				<extensions>
					<swisstopo:routepoint_id>29558535</swisstopo:routepoint_id>
				</extensions>
			</trkpt>
			<trkpt lat="47.1862143766" lon="8.6948340913">
				<ele>644.3</ele>
				<time>2026-05-21T14:46:26Z</time>
				<extensions>
					<swisstopo:routepoint_id>721575288</swisstopo:routepoint_id>
				</extensions>
			</trkpt>
			<trkpt lat="47.1862149076" lon="8.6948345066">
				<ele>644.3</ele>
				<time>2026-05-21T14:46:27Z</time>
				<extensions>
					<swisstopo:routepoint_id>675710807</swisstopo:routepoint_id>
				</extensions>
			</trkpt>
			<trkpt lat="47.1862152365" lon="8.6948346379">
				<ele>644.2</ele>
				<time>2026-05-21T14:46:28Z</time>
				<extensions>
					<swisstopo:routepoint_id>778007913</swisstopo:routepoint_id>
				</extensions>
			</trkpt>
			<trkpt lat="47.1862154038" lon="8.6948345553">
				<ele>644.2</ele>
				<time>2026-05-21T14:46:29Z</time>
				<extensions>
					<swisstopo:routepoint_id>2098550855</swisstopo:routepoint_id>
				</extensions>
			</trkpt>
			<trkpt lat="47.1862154457" lon="8.6948343188">
				<ele>644.2</ele>
				<time>2026-05-21T14:46:30Z</time>
				<extensions>
					<swisstopo:routepoint_id>72801657</swisstopo:routepoint_id>
				</extensions>
			</trkpt>
			<trkpt lat="47.1862153937" lon="8.6948339786">
				<ele>644.2</ele>
				<time>2026-05-21T14:46:31Z</time>
				<extensions>
					<swisstopo:routepoint_id>1659254056</swisstopo:routepoint_id>
				</extensions>
			</trkpt>
			<trkpt lat="47.1862152747" lon="8.6948335756">
				<ele>644.2</ele>
				<time>2026-05-21T14:46:32Z</time>
				<extensions>
					<swisstopo:routepoint_id>2007762897</swisstopo:routepoint_id>
				</extensions>
			</trkpt>
			<trkpt lat="47.1862151114" lon="8.6948331427">
				<ele>644.1</ele>
				<time>2026-05-21T14:46:33Z</time>
				<extensions>
					<swisstopo:routepoint_id>1060464568</swisstopo:routepoint_id>
				</extensions>
			</trkpt>
			<trkpt lat="47.1862149218" lon="8.6948327048">
				<ele>644.1</ele>
				<time>2026-05-21T14:46:34Z</time>
				<extensions>
					<swisstopo:routepoint_id>1261207923</swisstopo:routepoint_id>
				</extensions>
			</trkpt>
			<trkpt lat="47.1862147206" lon="8.6948322809">
				<ele>644.1</ele>
				<time>2026-05-21T14:46:35Z</time>
				<extensions>
					<swisstopo:routepoint_id>1457965971</swisstopo:routepoint_id>
				</extensions>
			</trkpt>
			<trkpt lat="47.1862145188" lon="8.6948318840">
				<ele>644.1</ele>
				<time>2026-05-21T14:46:36Z</time>
				<extensions>
					<swisstopo:routepoint_id>1245662327</swisstopo:routepoint_id>
				</extensions>
			</trkpt>
			<trkpt lat="47.1862143246" lon="8.6948315228">
				<ele>644.1</ele>
				<time>2026-05-21T14:46:37Z</time>
				<extensions>
					<swisstopo:routepoint_id>28655286</swisstopo:routepoint_id>
				</extensions>
			</trkpt>
			<trkpt lat="47.1862141437" lon="8.6948312022">
				<ele>644.1</ele>
				<time>2026-05-21T14:46:38Z</time>
				<extensions>
					<swisstopo:routepoint_id>573054874</swisstopo:routepoint_id>
				</extensions>
			</trkpt>
			<trkpt lat="47.1862139798" lon="8.6948309242">
				<ele>644.1</ele>
				<time>2026-05-21T14:46:39Z</time>
				<extensions>
					<swisstopo:routepoint_id>2016594170</swisstopo:routepoint_id>
				</extensions>
			</trkpt>
			<trkpt lat="47.1862138349" lon="8.6948306886">
				<ele>644.1</ele>
				<time>2026-05-21T14:46:40Z</time>
				<extensions>
					<swisstopo:routepoint_id>1311298236</swisstopo:routepoint_id>
				</extensions>
			</trkpt>
			<trkpt lat="47.1862137097" lon="8.6948304935">
				<ele>644.1</ele>
				<time>2026-05-21T14:46:41Z</time>
				<extensions>
					<swisstopo:routepoint_id>1512266938</swisstopo:routepoint_id>
				</extensions>
			</trkpt>
			<trkpt lat="47.1862136041" lon="8.6948303359">
				<ele>644.1</ele>
				<time>2026-05-21T14:46:42Z</time>
				<extensions>
					<swisstopo:routepoint_id>1201464721</swisstopo:routepoint_id>
				</extensions>
			</trkpt>
			<trkpt lat="47.1862135170" lon="8.6948302123">
				<ele>644.1</ele>
				<time>2026-05-21T14:46:43Z</time>
				<extensions>
					<swisstopo:routepoint_id>228833106</swisstopo:routepoint_id>
				</extensions>
			</trkpt>
			<trkpt lat="47.1862134469" lon="8.6948301184">
				<ele>644.1</ele>
				<time>2026-05-21T14:46:44Z</time>
				<extensions>
					<swisstopo:routepoint_id>2002284412</swisstopo:routepoint_id>
				</extensions>
			</trkpt>
			<trkpt lat="47.1862133922" lon="8.6948300502">
				<ele>644.1</ele>
				<time>2026-05-21T14:46:45Z</time>
				<extensions>
					<swisstopo:routepoint_id>1325363994</swisstopo:routepoint_id>
				</extensions>
			</trkpt>
			<trkpt lat="47.1862133509" lon="8.6948300035">
				<ele>644.1</ele>
				<time>2026-05-21T14:46:46Z</time>
				<extensions>
					<swisstopo:routepoint_id>1692260474</swisstopo:routepoint_id>
				</extensions>
			</trkpt>
			<trkpt lat="47.1862133212" lon="8.6948299745">
				<ele>644.1</ele>
				<time>2026-05-21T14:46:47Z</time>
				<extensions>
					<swisstopo:routepoint_id>548365650</swisstopo:routepoint_id>
				</extensions>
			</trkpt>
			<trkpt lat="47.1862133011" lon="8.6948299597">
				<ele>644.1</ele>
				<time>2026-05-21T14:46:48Z</time>
				<extensions>
					<swisstopo:routepoint_id>1529150273</swisstopo:routepoint_id>
				</extensions>
			</trkpt>
			<trkpt lat="47.1862132890" lon="8.6948299559">
				<ele>644.1</ele>
				<time>2026-05-21T14:46:49Z</time>
				<extensions>
					<swisstopo:routepoint_id>1491834662</swisstopo:routepoint_id>
				</extensions>
			</trkpt>
			<trkpt lat="47.1862132831" lon="8.6948299604">
				<ele>644.1</ele>
				<time>2026-05-21T14:46:50Z</time>
				<extensions>
					<swisstopo:routepoint_id>1393585509</swisstopo:routepoint_id>
				</extensions>
			</trkpt>
			<trkpt lat="47.1862132821" lon="8.6948299707">
				<ele>644.1</ele>
				<time>2026-05-21T14:46:51Z</time>
				<extensions>
					<swisstopo:routepoint_id>1534995581</swisstopo:routepoint_id>
				</extensions>
			</trkpt>
			<trkpt lat="47.1862132847" lon="8.6948299850">
				<ele>644.1</ele>
				<time>2026-05-21T14:46:52Z</time>
				<extensions>
					<swisstopo:routepoint_id>949678456</swisstopo:routepoint_id>
				</extensions>
			</trkpt>
			<trkpt lat="47.1862132898" lon="8.6948300015">
				<ele>644.1</ele>
				<time>2026-05-21T14:46:53Z</time>
				<extensions>
					<swisstopo:routepoint_id>1147345488</swisstopo:routepoint_id>
				</extensions>
			</trkpt>
			<trkpt lat="47.1862132966" lon="8.6948300191">
				<ele>644.1</ele>
				<time>2026-05-21T14:46:54Z</time>
				<extensions>
					<swisstopo:routepoint_id>1179950403</swisstopo:routepoint_id>
				</extensions>
			</trkpt>
			<trkpt lat="47.1862133044" lon="8.6948300367">
				<ele>644.1</ele>
				<time>2026-05-21T14:46:55Z</time>
				<extensions>
					<swisstopo:routepoint_id>1562426823</swisstopo:routepoint_id>
				</extensions>
			</trkpt>
			<trkpt lat="47.1862133125" lon="8.6948300537">
				<ele>644.1</ele>
				<time>2026-05-21T14:46:56Z</time>
				<extensions>
					<swisstopo:routepoint_id>277578645</swisstopo:routepoint_id>
				</extensions>
			</trkpt>
			<trkpt lat="47.1862133206" lon="8.6948300695">
				<ele>644.1</ele>
				<time>2026-05-21T14:46:57Z</time>
				<extensions>
					<swisstopo:routepoint_id>929805231</swisstopo:routepoint_id>
				</extensions>
			</trkpt>
			<trkpt lat="47.1862133284" lon="8.6948300839">
				<ele>644.1</ele>
				<time>2026-05-21T14:46:58Z</time>
				<extensions>
					<swisstopo:routepoint_id>2145501845</swisstopo:routepoint_id>
				</extensions>
			</trkpt>
			<trkpt lat="47.1862133356" lon="8.6948300966">
				<ele>644.1</ele>
				<time>2026-05-21T14:46:59Z</time>
				<extensions>
					<swisstopo:routepoint_id>1051592138</swisstopo:routepoint_id>
				</extensions>
			</trkpt>
			<trkpt lat="47.1862133421" lon="8.6948301075">
				<ele>644.1</ele>
				<time>2026-05-21T14:47:00Z</time>
				<extensions>
					<swisstopo:routepoint_id>318648556</swisstopo:routepoint_id>
				</extensions>
			</trkpt>
			<trkpt lat="47.1862133479" lon="8.6948301168">
				<ele>644.1</ele>
				<time>2026-05-21T14:47:01Z</time>
				<extensions>
					<swisstopo:routepoint_id>1849548721</swisstopo:routepoint_id>
				</extensions>
			</trkpt>
			<trkpt lat="47.1862133528" lon="8.6948301244">
				<ele>644.1</ele>
				<time>2026-05-21T14:47:02Z</time>
				<extensions>
					<swisstopo:routepoint_id>539563522</swisstopo:routepoint_id>
				</extensions>
			</trkpt>
			<trkpt lat="47.1862133569" lon="8.6948301306">
				<ele>644.1</ele>
				<time>2026-05-21T14:47:03Z</time>
				<extensions>
					<swisstopo:routepoint_id>1768156620</swisstopo:routepoint_id>
				</extensions>
			</trkpt>
			<trkpt lat="47.1862133604" lon="8.6948301354">
				<ele>644.1</ele>
				<time>2026-05-21T14:47:04Z</time>
				<extensions>
					<swisstopo:routepoint_id>529605154</swisstopo:routepoint_id>
				</extensions>
			</trkpt>
			<trkpt lat="47.1862133631" lon="8.6948301390">
				<ele>644.1</ele>
				<time>2026-05-21T14:47:05Z</time>
				<extensions>
					<swisstopo:routepoint_id>1901590110</swisstopo:routepoint_id>
				</extensions>
			</trkpt>
			<trkpt lat="47.1862133652" lon="8.6948301416">
				<ele>644.1</ele>
				<time>2026-05-21T14:47:06Z</time>
				<extensions>
					<swisstopo:routepoint_id>1173344116</swisstopo:routepoint_id>
				</extensions>
			</trkpt>
			<trkpt lat="47.1862133668" lon="8.6948301434">
				<ele>644.1</ele>
				<time>2026-05-21T14:47:07Z</time>
				<extensions>
					<swisstopo:routepoint_id>52227211</swisstopo:routepoint_id>
				</extensions>
			</trkpt>
			<trkpt lat="47.1862133679" lon="8.6948301444">
				<ele>644.1</ele>
				<time>2026-05-21T14:47:08Z</time>
				<extensions>
					<swisstopo:routepoint_id>1609407301</swisstopo:routepoint_id>
				</extensions>
			</trkpt>
			<trkpt lat="47.1862133687" lon="8.6948301450">
				<ele>644.1</ele>
				<time>2026-05-21T14:47:09Z</time>
				<extensions>
					<swisstopo:routepoint_id>1751973942</swisstopo:routepoint_id>
				</extensions>
			</trkpt>
			<trkpt lat="47.1862133691" lon="8.6948301450">
				<ele>644.1</ele>
				<time>2026-05-21T14:47:10Z</time>
				<extensions>
					<swisstopo:routepoint_id>1277759177</swisstopo:routepoint_id>
				</extensions>
			</trkpt>
			<trkpt lat="47.1862133693" lon="8.6948301448">
				<ele>644.1</ele>
				<time>2026-05-21T14:47:11Z</time>
				<extensions>
					<swisstopo:routepoint_id>462017839</swisstopo:routepoint_id>
				</extensions>
			</trkpt>
			<trkpt lat="47.1862133693" lon="8.6948301444">
				<ele>644.1</ele>
				<time>2026-05-21T14:47:12Z</time>
				<extensions>
					<swisstopo:routepoint_id>1980436168</swisstopo:routepoint_id>
				</extensions>
			</trkpt>
			<trkpt lat="47.1862133692" lon="8.6948301438">
				<ele>644.1</ele>
				<time>2026-05-21T14:47:13Z</time>
				<extensions>
					<swisstopo:routepoint_id>1341630723</swisstopo:routepoint_id>
				</extensions>
			</trkpt>
			<trkpt lat="47.1862133690" lon="8.6948301431">
				<ele>644.1</ele>
				<time>2026-05-21T14:47:14Z</time>
				<extensions>
					<swisstopo:routepoint_id>209267961</swisstopo:routepoint_id>
				</extensions>
			</trkpt>
			<trkpt lat="47.1862133687" lon="8.6948301424">
				<ele>644.1</ele>
				<time>2026-05-21T14:47:15Z</time>
				<extensions>
					<swisstopo:routepoint_id>1735890388</swisstopo:routepoint_id>
				</extensions>
			</trkpt>
			<trkpt lat="47.1862133684" lon="8.6948301417">
				<ele>644.1</ele>
				<time>2026-05-21T14:47:16Z</time>
				<extensions>
					<swisstopo:routepoint_id>1544406621</swisstopo:routepoint_id>
				</extensions>
			</trkpt>
			<trkpt lat="47.1862133681" lon="8.6948301410">
				<ele>644.1</ele>
				<time>2026-05-21T14:47:17Z</time>
				<extensions>
					<swisstopo:routepoint_id>207237858</swisstopo:routepoint_id>
				</extensions>
			</trkpt>
			<trkpt lat="47.1862133677" lon="8.6948301404">
				<ele>644.1</ele>
				<time>2026-05-21T14:47:18Z</time>
				<extensions>
					<swisstopo:routepoint_id>1975687619</swisstopo:routepoint_id>
				</extensions>
			</trkpt>
			<trkpt lat="47.1862133674" lon="8.6948301398">
				<ele>644.1</ele>
				<time>2026-05-21T14:47:19Z</time>
				<extensions>
					<swisstopo:routepoint_id>989662619</swisstopo:routepoint_id>
				</extensions>
			</trkpt>
			<trkpt lat="47.1862133671" lon="8.6948301393">
				<ele>644.1</ele>
				<time>2026-05-21T14:47:20Z</time>
				<extensions>
					<swisstopo:routepoint_id>998791518</swisstopo:routepoint_id>
				</extensions>
			</trkpt>
			<trkpt lat="47.1862133669" lon="8.6948301389">
				<ele>644.1</ele>
				<time>2026-05-21T14:47:21Z</time>
				<extensions>
					<swisstopo:routepoint_id>1956858074</swisstopo:routepoint_id>
				</extensions>
			</trkpt>
			<trkpt lat="47.1862133667" lon="8.6948301385">
				<ele>644.1</ele>
				<time>2026-05-21T14:47:22Z</time>
				<extensions>
					<swisstopo:routepoint_id>201595913</swisstopo:routepoint_id>
				</extensions>
			</trkpt>
			<trkpt lat="47.1862133665" lon="8.6948301382">
				<ele>644.1</ele>
				<time>2026-05-21T14:47:23Z</time>
				<extensions>
					<swisstopo:routepoint_id>1640798472</swisstopo:routepoint_id>
				</extensions>
			</trkpt>
			<trkpt lat="47.1862133663" lon="8.6948301380">
				<ele>644.1</ele>
				<time>2026-05-21T14:47:24Z</time>
				<extensions>
					<swisstopo:routepoint_id>1062407777</swisstopo:routepoint_id>
				</extensions>
			</trkpt>
			<trkpt lat="47.1862133662" lon="8.6948301378">
				<ele>644.1</ele>
				<time>2026-05-21T14:47:26Z</time>
				<extensions>
					<swisstopo:routepoint_id>1708466881</swisstopo:routepoint_id>
				</extensions>
			</trkpt>
			<trkpt lat="47.1862133661" lon="8.6948301376">
				<ele>644.1</ele>
				<time>2026-05-21T14:47:27Z</time>
				<extensions>
					<swisstopo:routepoint_id>199024930</swisstopo:routepoint_id>
				</extensions>
			</trkpt>
			<trkpt lat="47.1862133660" lon="8.6948301375">
				<ele>644.1</ele>
				<time>2026-05-21T14:47:28Z</time>
				<extensions>
					<swisstopo:routepoint_id>1379960131</swisstopo:routepoint_id>
				</extensions>
			</trkpt>
			<trkpt lat="47.1862133659" lon="8.6948301375">
				<ele>644.1</ele>
				<time>2026-05-21T14:47:29Z</time>
				<extensions>
					<swisstopo:routepoint_id>166534117</swisstopo:routepoint_id>
				</extensions>
			</trkpt>
			<trkpt lat="47.1862180743" lon="8.6948317528">
				<ele>644.1</ele>
				<time>2026-05-21T14:47:30Z</time>
				<extensions>
					<swisstopo:routepoint_id>767712378</swisstopo:routepoint_id>
				</extensions>
			</trkpt>
			<trkpt lat="47.1862226823" lon="8.6948345395">
				<ele>644.0</ele>
				<time>2026-05-21T14:47:31Z</time>
				<extensions>
					<swisstopo:routepoint_id>860185870</swisstopo:routepoint_id>
				</extensions>
			</trkpt>
			<trkpt lat="47.1862259771" lon="8.6948369231">
				<ele>643.9</ele>
				<time>2026-05-21T14:47:32Z</time>
				<extensions>
					<swisstopo:routepoint_id>284005486</swisstopo:routepoint_id>
				</extensions>
			</trkpt>
			<trkpt lat="47.1862285705" lon="8.6948388709">
				<ele>643.8</ele>
				<time>2026-05-21T14:47:33Z</time>
				<extensions>
					<swisstopo:routepoint_id>1571539568</swisstopo:routepoint_id>
				</extensions>
			</trkpt>
			<trkpt lat="47.1862306144" lon="8.6948404394">
				<ele>643.7</ele>
				<time>2026-05-21T14:47:34Z</time>
				<extensions>
					<swisstopo:routepoint_id>964144923</swisstopo:routepoint_id>
				</extensions>
			</trkpt>
			<trkpt lat="47.1862321731" lon="8.6948416667">
				<ele>643.6</ele>
				<time>2026-05-21T14:47:35Z</time>
				<extensions>
					<swisstopo:routepoint_id>1619604246</swisstopo:routepoint_id>
				</extensions>
			</trkpt>
			<trkpt lat="47.1862333132" lon="8.6948425945">
				<ele>643.5</ele>
				<time>2026-05-21T14:47:36Z</time>
				<extensions>
					<swisstopo:routepoint_id>1333336797</swisstopo:routepoint_id>
				</extensions>
			</trkpt>
			<trkpt lat="47.1862341001" lon="8.6948432652">
				<ele>643.5</ele>
				<time>2026-05-21T14:47:37Z</time>
				<extensions>
					<swisstopo:routepoint_id>399690734</swisstopo:routepoint_id>
				</extensions>
			</trkpt>
			<trkpt lat="47.1862345963" lon="8.6948437202">
				<ele>643.5</ele>
				<time>2026-05-21T14:47:38Z</time>
				<extensions>
					<swisstopo:routepoint_id>273318522</swisstopo:routepoint_id>
				</extensions>
			</trkpt>
			<trkpt lat="47.1862339528" lon="8.6948482511">
				<ele>643.6</ele>
				<time>2026-05-21T14:47:39Z</time>
				<extensions>
					<swisstopo:routepoint_id>196878321</swisstopo:routepoint_id>
				</extensions>
			</trkpt>
			<trkpt lat="47.1862349787" lon="8.6948566290">
				<ele>644.3</ele>
				<time>2026-05-21T14:47:40Z</time>
				<extensions>
					<swisstopo:routepoint_id>1809124667</swisstopo:routepoint_id>
				</extensions>
			</trkpt>
			<trkpt lat="47.1862337024" lon="8.6948589755">
				<ele>644.4</ele>
				<time>2026-05-21T14:47:41Z</time>
				<extensions>
					<swisstopo:routepoint_id>1884804043</swisstopo:routepoint_id>
				</extensions>
			</trkpt>
			<trkpt lat="47.1862296600" lon="8.6948551330">
				<ele>644.9</ele>
				<time>2026-05-21T14:47:42Z</time>
				<extensions>
					<swisstopo:routepoint_id>370273804</swisstopo:routepoint_id>
				</extensions>
			</trkpt>
			<trkpt lat="47.1862259620" lon="8.6948485742">
				<ele>645.7</ele>
				<time>2026-05-21T14:47:42Z</time>
				<extensions>
					<swisstopo:routepoint_id>1931698469</swisstopo:routepoint_id>
				</extensions>
			</trkpt>
			<trkpt lat="47.1862216631" lon="8.6948405997">
				<ele>646.3</ele>
				<time>2026-05-21T14:47:43Z</time>
				<extensions>
					<swisstopo:routepoint_id>398393137</swisstopo:routepoint_id>
				</extensions>
			</trkpt>
			<trkpt lat="47.1862166792" lon="8.6948316174">
				<ele>646.7</ele>
				<time>2026-05-21T14:47:44Z</time>
				<extensions>
					<swisstopo:routepoint_id>2086925860</swisstopo:routepoint_id>
				</extensions>
			</trkpt>
			<trkpt lat="47.1862111506" lon="8.6948207302">
				<ele>647.1</ele>
				<time>2026-05-21T14:47:45Z</time>
				<extensions>
					<swisstopo:routepoint_id>112522569</swisstopo:routepoint_id>
				</extensions>
			</trkpt>
			<trkpt lat="47.1862073754" lon="8.6948110112">
				<ele>647.1</ele>
				<time>2026-05-21T14:47:46Z</time>
				<extensions>
					<swisstopo:routepoint_id>1381207823</swisstopo:routepoint_id>
				</extensions>
			</trkpt>
			<trkpt lat="47.1862039937" lon="8.6947984934">
				<ele>647.2</ele>
				<time>2026-05-21T14:47:47Z</time>
				<extensions>
					<swisstopo:routepoint_id>1809140738</swisstopo:routepoint_id>
				</extensions>
			</trkpt>
			<trkpt lat="47.1861999150" lon="8.6947839985">
				<ele>647.2</ele>
				<time>2026-05-21T14:47:48Z</time>
				<extensions>
					<swisstopo:routepoint_id>7425693</swisstopo:routepoint_id>
				</extensions>
			</trkpt>
			<trkpt lat="47.1862002896" lon="8.6947787355">
				<ele>647.0</ele>
				<time>2026-05-21T14:47:49Z</time>
				<extensions>
					<swisstopo:routepoint_id>249570725</swisstopo:routepoint_id>
				</extensions>
			</trkpt>
			<trkpt lat="47.1862029182" lon="8.6947772964">
				<ele>646.8</ele>
				<time>2026-05-21T14:47:50Z</time>
				<extensions>
					<swisstopo:routepoint_id>499612484</swisstopo:routepoint_id>
				</extensions>
			</trkpt>
			<trkpt lat="47.1862072688" lon="8.6947754628">
				<ele>646.7</ele>
				<time>2026-05-21T14:47:51Z</time>
				<extensions>
					<swisstopo:routepoint_id>325958818</swisstopo:routepoint_id>
				</extensions>
			</trkpt>
			<trkpt lat="47.1862114600" lon="8.6947744687">
				<ele>646.6</ele>
				<time>2026-05-21T14:47:52Z</time>
				<extensions>
					<swisstopo:routepoint_id>159070629</swisstopo:routepoint_id>
				</extensions>
			</trkpt>
			<trkpt lat="47.1862151228" lon="8.6947742047">
				<ele>646.5</ele>
				<time>2026-05-21T14:47:53Z</time>
				<extensions>
					<swisstopo:routepoint_id>2030404735</swisstopo:routepoint_id>
				</extensions>
			</trkpt>
			<trkpt lat="47.1862148091" lon="8.6947632599">
				<ele>646.2</ele>
				<time>2026-05-21T14:47:54Z</time>
				<extensions>
					<swisstopo:routepoint_id>1497230315</swisstopo:routepoint_id>
				</extensions>
			</trkpt>
			<trkpt lat="47.1862136210" lon="8.6947513630">
				<ele>646.0</ele>
				<time>2026-05-21T14:47:55Z</time>
				<extensions>
					<swisstopo:routepoint_id>1884012306</swisstopo:routepoint_id>
				</extensions>
			</trkpt>
			<trkpt lat="47.1862125006" lon="8.6947415261">
				<ele>645.8</ele>
				<time>2026-05-21T14:47:56Z</time>
				<extensions>
					<swisstopo:routepoint_id>2095935574</swisstopo:routepoint_id>
				</extensions>
			</trkpt>
			<trkpt lat="47.1862123793" lon="8.6947314405">
				<ele>645.6</ele>
				<time>2026-05-21T14:47:57Z</time>
				<extensions>
					<swisstopo:routepoint_id>1214930477</swisstopo:routepoint_id>
				</extensions>
			</trkpt>
			<trkpt lat="47.1862084549" lon="8.6947186813">
				<ele>645.4</ele>
				<time>2026-05-21T14:47:58Z</time>
				<extensions>
					<swisstopo:routepoint_id>1062011263</swisstopo:routepoint_id>
				</extensions>
			</trkpt>
			<trkpt lat="47.1862048456" lon="8.6947079409">
				<ele>645.2</ele>
				<time>2026-05-21T14:47:59Z</time>
				<extensions>
					<swisstopo:routepoint_id>1486707024</swisstopo:routepoint_id>
				</extensions>
			</trkpt>
			<trkpt lat="47.1862019458" lon="8.6946998335">
				<ele>645.1</ele>
				<time>2026-05-21T14:48:00Z</time>
				<extensions>
					<swisstopo:routepoint_id>1112719523</swisstopo:routepoint_id>
				</extensions>
			</trkpt>
			<trkpt lat="47.1861989693" lon="8.6946900393">
				<ele>645.0</ele>
				<time>2026-05-21T14:48:01Z</time>
				<extensions>
					<swisstopo:routepoint_id>1189424985</swisstopo:routepoint_id>
				</extensions>
			</trkpt>
			<trkpt lat="47.1861951809" lon="8.6946832983">
				<ele>645.0</ele>
				<time>2026-05-21T14:48:02Z</time>
				<extensions>
					<swisstopo:routepoint_id>1887936619</swisstopo:routepoint_id>
				</extensions>
			</trkpt>
			<trkpt lat="47.1861911435" lon="8.6946785177">
				<ele>644.9</ele>
				<time>2026-05-21T14:48:03Z</time>
				<extensions>
					<swisstopo:routepoint_id>1479871108</swisstopo:routepoint_id>
				</extensions>
			</trkpt>
			<trkpt lat="47.1861879848" lon="8.6946754853">
				<ele>644.9</ele>
				<time>2026-05-21T14:48:04Z</time>
				<extensions>
					<swisstopo:routepoint_id>38112602</swisstopo:routepoint_id>
				</extensions>
			</trkpt>
			<trkpt lat="47.1861872991" lon="8.6946762904">
				<ele>645.0</ele>
				<time>2026-05-21T14:48:05Z</time>
				<extensions>
					<swisstopo:routepoint_id>608375008</swisstopo:routepoint_id>
				</extensions>
			</trkpt>
			<trkpt lat="47.1861867048" lon="8.6946789032">
				<ele>645.0</ele>
				<time>2026-05-21T14:48:06Z</time>
				<extensions>
					<swisstopo:routepoint_id>789116089</swisstopo:routepoint_id>
				</extensions>
			</trkpt>
			<trkpt lat="47.1861858692" lon="8.6946812791">
				<ele>645.0</ele>
				<time>2026-05-21T14:48:07Z</time>
				<extensions>
					<swisstopo:routepoint_id>1962587598</swisstopo:routepoint_id>
				</extensions>
			</trkpt>
			<trkpt lat="47.1861881807" lon="8.6946853469">
				<ele>645.1</ele>
				<time>2026-05-21T14:48:08Z</time>
				<extensions>
					<swisstopo:routepoint_id>2008425313</swisstopo:routepoint_id>
				</extensions>
			</trkpt>
			<trkpt lat="47.1861967889" lon="8.6946925182">
				<ele>645.1</ele>
				<time>2026-05-21T14:48:09Z</time>
				<extensions>
					<swisstopo:routepoint_id>1456272045</swisstopo:routepoint_id>
				</extensions>
			</trkpt>
			<trkpt lat="47.1862041209" lon="8.6946986047">
				<ele>645.0</ele>
				<time>2026-05-21T14:48:10Z</time>
				<extensions>
					<swisstopo:routepoint_id>693135456</swisstopo:routepoint_id>
				</extensions>
			</trkpt>
			<trkpt lat="47.1862109814" lon="8.6947082960">
				<ele>644.9</ele>
				<time>2026-05-21T14:48:11Z</time>
				<extensions>
					<swisstopo:routepoint_id>1576307664</swisstopo:routepoint_id>
				</extensions>
			</trkpt>
			<trkpt lat="47.1862161700" lon="8.6947179466">
				<ele>644.8</ele>
				<time>2026-05-21T14:48:12Z</time>
				<extensions>
					<swisstopo:routepoint_id>1644639456</swisstopo:routepoint_id>
				</extensions>
			</trkpt>
			<trkpt lat="47.1862249334" lon="8.6947326860">
				<ele>645.0</ele>
				<time>2026-05-21T14:48:13Z</time>
				<extensions>
					<swisstopo:routepoint_id>1193316455</swisstopo:routepoint_id>
				</extensions>
			</trkpt>
			<trkpt lat="47.1862329856" lon="8.6947480931">
				<ele>645.2</ele>
				<time>2026-05-21T14:48:14Z</time>
				<extensions>
					<swisstopo:routepoint_id>719879852</swisstopo:routepoint_id>
				</extensions>
			</trkpt>
			<trkpt lat="47.1862377658" lon="8.6947608455">
				<ele>645.4</ele>
				<time>2026-05-21T14:48:15Z</time>
				<extensions>
					<swisstopo:routepoint_id>97805366</swisstopo:routepoint_id>
				</extensions>
			</trkpt>
			<trkpt lat="47.1862391584" lon="8.6947717166">
				<ele>645.1</ele>
				<time>2026-05-21T14:48:16Z</time>
				<extensions>
					<swisstopo:routepoint_id>989796407</swisstopo:routepoint_id>
				</extensions>
			</trkpt>
			<trkpt lat="47.1862407587" lon="8.6947926988">
				<ele>645.0</ele>
				<time>2026-05-21T14:48:17Z</time>
				<extensions>
					<swisstopo:routepoint_id>1099882787</swisstopo:routepoint_id>
				</extensions>
			</trkpt>
			<trkpt lat="47.1862481108" lon="8.6948221750">
				<ele>644.8</ele>
				<time>2026-05-21T14:48:18Z</time>
				<extensions>
					<swisstopo:routepoint_id>190767733</swisstopo:routepoint_id>
				</extensions>
			</trkpt>
			<trkpt lat="47.1862576028" lon="8.6948670661">
				<ele>644.2</ele>
				<time>2026-05-21T14:48:19Z</time>
				<extensions>
					<swisstopo:routepoint_id>40203560</swisstopo:routepoint_id>
				</extensions>
			</trkpt>
			<trkpt lat="47.1862703832" lon="8.6949094855">
				<ele>643.9</ele>
				<time>2026-05-21T14:48:20Z</time>
				<extensions>
					<swisstopo:routepoint_id>1391367762</swisstopo:routepoint_id>
				</extensions>
			</trkpt>
			<trkpt lat="47.1862843891" lon="8.6949505374">
				<ele>643.9</ele>
				<time>2026-05-21T14:48:21Z</time>
				<extensions>
					<swisstopo:routepoint_id>768543751</swisstopo:routepoint_id>
				</extensions>
			</trkpt>
			<trkpt lat="47.1862977444" lon="8.6949885489">
				<ele>643.8</ele>
				<time>2026-05-21T14:48:22Z</time>
				<extensions>
					<swisstopo:routepoint_id>1948169999</swisstopo:routepoint_id>
				</extensions>
			</trkpt>
			<trkpt lat="47.1863180057" lon="8.6950267097">
				<ele>643.6</ele>
				<time>2026-05-21T14:48:23Z</time>
				<extensions>
					<swisstopo:routepoint_id>210007384</swisstopo:routepoint_id>
				</extensions>
			</trkpt>
			<trkpt lat="47.1863628370" lon="8.6950755753">
				<ele>643.4</ele>
				<time>2026-05-21T14:48:23Z</time>
				<extensions>
					<swisstopo:routepoint_id>1278470867</swisstopo:routepoint_id>
				</extensions>
			</trkpt>
			<trkpt lat="47.1863628338" lon="8.6950755616">
				<ele>643.4</ele>
				<time>2026-05-21T14:48:24Z</time>
				<extensions>
					<swisstopo:routepoint_id>1685973434</swisstopo:routepoint_id>
				</extensions>
			</trkpt>
			<trkpt lat="47.1863628514" lon="8.6950757096">
				<ele>643.4</ele>
				<time>2026-05-21T14:48:25Z</time>
				<extensions>
					<swisstopo:routepoint_id>108783073</swisstopo:routepoint_id>
				</extensions>
			</trkpt>
			<trkpt lat="47.1863628793" lon="8.6950772797">
				<ele>643.3</ele>
				<time>2026-05-21T14:48:26Z</time>
				<extensions>
					<swisstopo:routepoint_id>808524314</swisstopo:routepoint_id>
				</extensions>
			</trkpt>
			<trkpt lat="47.1863630918" lon="8.6950822525">
				<ele>643.3</ele>
				<time>2026-05-21T14:48:27Z</time>
				<extensions>
					<swisstopo:routepoint_id>1739110829</swisstopo:routepoint_id>
				</extensions>
			</trkpt>
			<trkpt lat="47.1863642926" lon="8.6950916459">
				<ele>643.2</ele>
				<time>2026-05-21T14:48:28Z</time>
				<extensions>
					<swisstopo:routepoint_id>1983267333</swisstopo:routepoint_id>
				</extensions>
			</trkpt>
			<trkpt lat="47.1863670301" lon="8.6951047243">
				<ele>643.2</ele>
				<time>2026-05-21T14:48:29Z</time>
				<extensions>
					<swisstopo:routepoint_id>1680380644</swisstopo:routepoint_id>
				</extensions>
			</trkpt>
			<trkpt lat="47.1863715071" lon="8.6951208536">
				<ele>643.2</ele>
				<time>2026-05-21T14:48:30Z</time>
				<extensions>
					<swisstopo:routepoint_id>600042011</swisstopo:routepoint_id>
				</extensions>
			</trkpt>
			<trkpt lat="47.1863764131" lon="8.6951360666">
				<ele>643.2</ele>
				<time>2026-05-21T14:48:31Z</time>
				<extensions>
					<swisstopo:routepoint_id>322872565</swisstopo:routepoint_id>
				</extensions>
			</trkpt>
			<trkpt lat="47.1863809647" lon="8.6951476912">
				<ele>643.2</ele>
				<time>2026-05-21T14:48:32Z</time>
				<extensions>
					<swisstopo:routepoint_id>1975507633</swisstopo:routepoint_id>
				</extensions>
			</trkpt>
			<trkpt lat="47.1863842893" lon="8.6951575664">
				<ele>643.2</ele>
				<time>2026-05-21T14:48:33Z</time>
				<extensions>
					<swisstopo:routepoint_id>112121564</swisstopo:routepoint_id>
				</extensions>
			</trkpt>
			<trkpt lat="47.1863845575" lon="8.6951602958">
				<ele>643.1</ele>
				<time>2026-05-21T14:48:34Z</time>
				<extensions>
					<swisstopo:routepoint_id>1083967729</swisstopo:routepoint_id>
				</extensions>
			</trkpt>
			<trkpt lat="47.1863865241" lon="8.6951638070">
				<ele>643.1</ele>
				<time>2026-05-21T14:48:35Z</time>
				<extensions>
					<swisstopo:routepoint_id>1141843802</swisstopo:routepoint_id>
				</extensions>
			</trkpt>
			<trkpt lat="47.1863878995" lon="8.6951657058">
				<ele>643.2</ele>
				<time>2026-05-21T14:48:36Z</time>
				<extensions>
					<swisstopo:routepoint_id>1054910622</swisstopo:routepoint_id>
				</extensions>
			</trkpt>
			<trkpt lat="47.1863886456" lon="8.6951661862">
				<ele>643.2</ele>
				<time>2026-05-21T14:48:37Z</time>
				<extensions>
					<swisstopo:routepoint_id>257834322</swisstopo:routepoint_id>
				</extensions>
			</trkpt>
			<trkpt lat="47.1863882642" lon="8.6951670225">
				<ele>643.3</ele>
				<time>2026-05-21T14:48:38Z</time>
				<extensions>
					<swisstopo:routepoint_id>1946933855</swisstopo:routepoint_id>
				</extensions>
			</trkpt>
			<trkpt lat="47.1863877541" lon="8.6951651992">
				<ele>643.2</ele>
				<time>2026-05-21T14:48:39Z</time>
				<extensions>
					<swisstopo:routepoint_id>908971646</swisstopo:routepoint_id>
				</extensions>
			</trkpt>
			<trkpt lat="47.1863874044" lon="8.6951630794">
				<ele>643.0</ele>
				<time>2026-05-21T14:48:40Z</time>
				<extensions>
					<swisstopo:routepoint_id>2035273211</swisstopo:routepoint_id>
				</extensions>
			</trkpt>
			<trkpt lat="47.1863865596" lon="8.6951602642">
				<ele>643.0</ele>
				<time>2026-05-21T14:48:41Z</time>
				<extensions>
					<swisstopo:routepoint_id>1717327861</swisstopo:routepoint_id>
				</extensions>
			</trkpt>
			<trkpt lat="47.1863860903" lon="8.6951579857">
				<ele>642.9</ele>
				<time>2026-05-21T14:48:42Z</time>
				<extensions>
					<swisstopo:routepoint_id>949144147</swisstopo:routepoint_id>
				</extensions>
			</trkpt>
			<trkpt lat="47.1863869542" lon="8.6951575727">
				<ele>642.9</ele>
				<time>2026-05-21T14:48:43Z</time>
				<extensions>
					<swisstopo:routepoint_id>757148713</swisstopo:routepoint_id>
				</extensions>
			</trkpt>
			<trkpt lat="47.1863887208" lon="8.6951584893">
				<ele>642.8</ele>
				<time>2026-05-21T14:48:44Z</time>
				<extensions>
					<swisstopo:routepoint_id>1557810916</swisstopo:routepoint_id>
				</extensions>
			</trkpt>
			<trkpt lat="47.1863911917" lon="8.6951604946">
				<ele>642.8</ele>
				<time>2026-05-21T14:48:45Z</time>
				<extensions>
					<swisstopo:routepoint_id>7440988</swisstopo:routepoint_id>
				</extensions>
			</trkpt>
			<trkpt lat="47.1863936041" lon="8.6951625845">
				<ele>642.7</ele>
				<time>2026-05-21T14:48:46Z</time>
				<extensions>
					<swisstopo:routepoint_id>506633790</swisstopo:routepoint_id>
				</extensions>
			</trkpt>
			<trkpt lat="47.1863972257" lon="8.6951664495">
				<ele>642.7</ele>
				<time>2026-05-21T14:48:47Z</time>
				<extensions>
					<swisstopo:routepoint_id>221448175</swisstopo:routepoint_id>
				</extensions>
			</trkpt>
			<trkpt lat="47.1864011934" lon="8.6951709357">
				<ele>642.6</ele>
				<time>2026-05-21T14:48:48Z</time>
				<extensions>
					<swisstopo:routepoint_id>290316974</swisstopo:routepoint_id>
				</extensions>
			</trkpt>
			<trkpt lat="47.1864060955" lon="8.6951768154">
				<ele>642.6</ele>
				<time>2026-05-21T14:48:49Z</time>
				<extensions>
					<swisstopo:routepoint_id>274536034</swisstopo:routepoint_id>
				</extensions>
			</trkpt>
			<trkpt lat="47.1864094109" lon="8.6951807183">
				<ele>642.6</ele>
				<time>2026-05-21T14:48:50Z</time>
				<extensions>
					<swisstopo:routepoint_id>1332249682</swisstopo:routepoint_id>
				</extensions>
			</trkpt>
			<trkpt lat="47.1864153524" lon="8.6951882387">
				<ele>642.7</ele>
				<time>2026-05-21T14:48:51Z</time>
				<extensions>
					<swisstopo:routepoint_id>1455901752</swisstopo:routepoint_id>
				</extensions>
			</trkpt>
			<trkpt lat="47.1864146011" lon="8.6951869514">
				<ele>642.6</ele>
				<time>2026-05-21T14:48:52Z</time>
				<extensions>
					<swisstopo:routepoint_id>912071946</swisstopo:routepoint_id>
				</extensions>
			</trkpt>
			<trkpt lat="47.1864122959" lon="8.6951836831">
				<ele>642.5</ele>
				<time>2026-05-21T14:48:53Z</time>
				<extensions>
					<swisstopo:routepoint_id>454924136</swisstopo:routepoint_id>
				</extensions>
			</trkpt>
			<trkpt lat="47.1864054319" lon="8.6951744170">
				<ele>642.7</ele>
				<time>2026-05-21T14:48:54Z</time>
				<extensions>
					<swisstopo:routepoint_id>868170432</swisstopo:routepoint_id>
				</extensions>
			</trkpt>
			<trkpt lat="47.1863978235" lon="8.6951642805">
				<ele>642.5</ele>
				<time>2026-05-21T14:48:55Z</time>
				<extensions>
					<swisstopo:routepoint_id>1336552906</swisstopo:routepoint_id>
				</extensions>
			</trkpt>
			<trkpt lat="47.1863892888" lon="8.6951526936">
				<ele>642.2</ele>
				<time>2026-05-21T14:48:56Z</time>
				<extensions>
					<swisstopo:routepoint_id>765743522</swisstopo:routepoint_id>
				</extensions>
			</trkpt>
			<trkpt lat="47.1863872341" lon="8.6951499589">
				<ele>642.2</ele>
				<time>2026-05-21T14:48:57Z</time>
				<extensions>
					<swisstopo:routepoint_id>2129361430</swisstopo:routepoint_id>
				</extensions>
			</trkpt>
			<trkpt lat="47.1863867448" lon="8.6951493675">
				<ele>642.2</ele>
				<time>2026-05-21T14:48:58Z</time>
				<extensions>
					<swisstopo:routepoint_id>362576755</swisstopo:routepoint_id>
				</extensions>
			</trkpt>
			<trkpt lat="47.1863860682" lon="8.6951446916">
				<ele>642.2</ele>
				<time>2026-05-21T14:48:59Z</time>
				<extensions>
					<swisstopo:routepoint_id>1416414746</swisstopo:routepoint_id>
				</extensions>
			</trkpt>
			<trkpt lat="47.1863880959" lon="8.6951438314">
				<ele>642.2</ele>
				<time>2026-05-21T14:49:00Z</time>
				<extensions>
					<swisstopo:routepoint_id>826409027</swisstopo:routepoint_id>
				</extensions>
			</trkpt>
			<trkpt lat="47.1863902234" lon="8.6951453110">
				<ele>642.0</ele>
				<time>2026-05-21T14:49:01Z</time>
				<extensions>
					<swisstopo:routepoint_id>1679771640</swisstopo:routepoint_id>
				</extensions>
			</trkpt>
			<trkpt lat="47.1863990133" lon="8.6951544155">
				<ele>641.5</ele>
				<time>2026-05-21T14:49:02Z</time>
				<extensions>
					<swisstopo:routepoint_id>1101930018</swisstopo:routepoint_id>
				</extensions>
			</trkpt>
			<trkpt lat="47.1864083437" lon="8.6951644735">
				<ele>641.7</ele>
				<time>2026-05-21T14:49:03Z</time>
				<extensions>
					<swisstopo:routepoint_id>238840798</swisstopo:routepoint_id>
				</extensions>
			</trkpt>
			<trkpt lat="47.1864234282" lon="8.6951805680">
				<ele>641.8</ele>
				<time>2026-05-21T14:49:04Z</time>
				<extensions>
					<swisstopo:routepoint_id>550355743</swisstopo:routepoint_id>
				</extensions>
			</trkpt>
			<trkpt lat="47.1864397441" lon="8.6951950204">
				<ele>641.5</ele>
				<time>2026-05-21T14:49:05Z</time>
				<extensions>
					<swisstopo:routepoint_id>616904972</swisstopo:routepoint_id>
				</extensions>
			</trkpt>
			<trkpt lat="47.1864573786" lon="8.6952132262">
				<ele>641.3</ele>
				<time>2026-05-21T14:49:06Z</time>
				<extensions>
					<swisstopo:routepoint_id>270816688</swisstopo:routepoint_id>
				</extensions>
			</trkpt>
			<trkpt lat="47.1864711959" lon="8.6952326202">
				<ele>641.1</ele>
				<time>2026-05-21T14:49:07Z</time>
				<extensions>
					<swisstopo:routepoint_id>1098227223</swisstopo:routepoint_id>
				</extensions>
			</trkpt>
			<trkpt lat="47.1864849629" lon="8.6952515603">
				<ele>641.1</ele>
				<time>2026-05-21T14:49:08Z</time>
				<extensions>
					<swisstopo:routepoint_id>282990996</swisstopo:routepoint_id>
				</extensions>
			</trkpt>
			<trkpt lat="47.1864946231" lon="8.6952642941">
				<ele>641.3</ele>
				<time>2026-05-21T14:49:09Z</time>
				<extensions>
					<swisstopo:routepoint_id>1700875314</swisstopo:routepoint_id>
				</extensions>
			</trkpt>
			<trkpt lat="47.1865004444" lon="8.6952756218">
				<ele>641.3</ele>
				<time>2026-05-21T14:49:10Z</time>
				<extensions>
					<swisstopo:routepoint_id>1456577181</swisstopo:routepoint_id>
				</extensions>
			</trkpt>
			<trkpt lat="47.1864993047" lon="8.6952828072">
				<ele>641.2</ele>
				<time>2026-05-21T14:49:11Z</time>
				<extensions>
					<swisstopo:routepoint_id>1526588914</swisstopo:routepoint_id>
				</extensions>
			</trkpt>
			<trkpt lat="47.1864987540" lon="8.6952893473">
				<ele>641.3</ele>
				<time>2026-05-21T14:49:12Z</time>
				<extensions>
					<swisstopo:routepoint_id>1392746889</swisstopo:routepoint_id>
				</extensions>
			</trkpt>
			<trkpt lat="47.1864966177" lon="8.6952960287">
				<ele>641.0</ele>
				<time>2026-05-21T14:49:13Z</time>
				<extensions>
					<swisstopo:routepoint_id>325211123</swisstopo:routepoint_id>
				</extensions>
			</trkpt>
			<trkpt lat="47.1864900267" lon="8.6953021932">
				<ele>640.5</ele>
				<time>2026-05-21T14:49:14Z</time>
				<extensions>
					<swisstopo:routepoint_id>477462646</swisstopo:routepoint_id>
				</extensions>
			</trkpt>
			<trkpt lat="47.1864792868" lon="8.6953015173">
				<ele>640.2</ele>
				<time>2026-05-21T14:49:15Z</time>
				<extensions>
					<swisstopo:routepoint_id>1715786130</swisstopo:routepoint_id>
				</extensions>
			</trkpt>
			<trkpt lat="47.1864659797" lon="8.6952927729">
				<ele>640.5</ele>
				<time>2026-05-21T14:49:16Z</time>
				<extensions>
					<swisstopo:routepoint_id>807074994</swisstopo:routepoint_id>
				</extensions>
			</trkpt>
			<trkpt lat="47.1864516907" lon="8.6952828195">
				<ele>640.8</ele>
				<time>2026-05-21T14:49:17Z</time>
				<extensions>
					<swisstopo:routepoint_id>1002709706</swisstopo:routepoint_id>
				</extensions>
			</trkpt>
			<trkpt lat="47.1864400156" lon="8.6952754632">
				<ele>640.8</ele>
				<time>2026-05-21T14:49:18Z</time>
				<extensions>
					<swisstopo:routepoint_id>1237850733</swisstopo:routepoint_id>
				</extensions>
			</trkpt>
			<trkpt lat="47.1864279488" lon="8.6952638667">
				<ele>640.6</ele>
				<time>2026-05-21T14:49:19Z</time>
				<extensions>
					<swisstopo:routepoint_id>1883181042</swisstopo:routepoint_id>
				</extensions>
			</trkpt>
			<trkpt lat="47.1864238826" lon="8.6952489741">
				<ele>640.9</ele>
				<time>2026-05-21T14:49:20Z</time>
				<extensions>
					<swisstopo:routepoint_id>1009783408</swisstopo:routepoint_id>
				</extensions>
			</trkpt>
			<trkpt lat="47.1864191267" lon="8.6952312173">
				<ele>641.0</ele>
				<time>2026-05-21T14:49:21Z</time>
				<extensions>
					<swisstopo:routepoint_id>2013959662</swisstopo:routepoint_id>
				</extensions>
			</trkpt>
			<trkpt lat="47.1864127443" lon="8.6952114791">
				<ele>640.8</ele>
				<time>2026-05-21T14:49:22Z</time>
				<extensions>
					<swisstopo:routepoint_id>2130278867</swisstopo:routepoint_id>
				</extensions>
			</trkpt>
			<trkpt lat="47.1864047045" lon="8.6951918768">
				<ele>640.6</ele>
				<time>2026-05-21T14:49:23Z</time>
				<extensions>
					<swisstopo:routepoint_id>749554885</swisstopo:routepoint_id>
				</extensions>
			</trkpt>
			<trkpt lat="47.1863951363" lon="8.6951719445">
				<ele>640.4</ele>
				<time>2026-05-21T14:49:24Z</time>
				<extensions>
					<swisstopo:routepoint_id>629878893</swisstopo:routepoint_id>
				</extensions>
			</trkpt>
			<trkpt lat="47.1863866504" lon="8.6951561086">
				<ele>640.3</ele>
				<time>2026-05-21T14:49:25Z</time>
				<extensions>
					<swisstopo:routepoint_id>1427658588</swisstopo:routepoint_id>
				</extensions>
			</trkpt>
			<trkpt lat="47.1863801744" lon="8.6951440858">
				<ele>640.2</ele>
				<time>2026-05-21T14:49:26Z</time>
				<extensions>
					<swisstopo:routepoint_id>823100585</swisstopo:routepoint_id>
				</extensions>
			</trkpt>
			<trkpt lat="47.1863751974" lon="8.6951353856">
				<ele>640.1</ele>
				<time>2026-05-21T14:49:27Z</time>
				<extensions>
					<swisstopo:routepoint_id>1909361768</swisstopo:routepoint_id>
				</extensions>
			</trkpt>
			<trkpt lat="47.1863711713" lon="8.6951281099">
				<ele>640.0</ele>
				<time>2026-05-21T14:49:28Z</time>
				<extensions>
					<swisstopo:routepoint_id>795097655</swisstopo:routepoint_id>
				</extensions>
			</trkpt>
			<trkpt lat="47.1863671341" lon="8.6951213123">
				<ele>639.9</ele>
				<time>2026-05-21T14:49:29Z</time>
				<extensions>
					<swisstopo:routepoint_id>1563035951</swisstopo:routepoint_id>
				</extensions>
			</trkpt>
			<trkpt lat="47.1863632794" lon="8.6951150894">
				<ele>639.5</ele>
				<time>2026-05-21T14:49:30Z</time>
				<extensions>
					<swisstopo:routepoint_id>1925258353</swisstopo:routepoint_id>
				</extensions>
			</trkpt>
			<trkpt lat="47.1863605288" lon="8.6951107397">
				<ele>639.7</ele>
				<time>2026-05-21T14:49:31Z</time>
				<extensions>
					<swisstopo:routepoint_id>1681029522</swisstopo:routepoint_id>
				</extensions>
			</trkpt>
			<trkpt lat="47.1863588136" lon="8.6951081144">
				<ele>639.9</ele>
				<time>2026-05-21T14:49:32Z</time>
				<extensions>
					<swisstopo:routepoint_id>768316322</swisstopo:routepoint_id>
				</extensions>
			</trkpt>
			<trkpt lat="47.1863580410" lon="8.6951070268">
				<ele>640.0</ele>
				<time>2026-05-21T14:49:33Z</time>
				<extensions>
					<swisstopo:routepoint_id>273254443</swisstopo:routepoint_id>
				</extensions>
			</trkpt>
			<trkpt lat="47.1863589549" lon="8.6951084910">
				<ele>640.4</ele>
				<time>2026-05-21T14:49:34Z</time>
				<extensions>
					<swisstopo:routepoint_id>1267386215</swisstopo:routepoint_id>
				</extensions>
			</trkpt>
			<trkpt lat="47.1863603570" lon="8.6951107396">
				<ele>640.9</ele>
				<time>2026-05-21T14:49:35Z</time>
				<extensions>
					<swisstopo:routepoint_id>69820912</swisstopo:routepoint_id>
				</extensions>
			</trkpt>
			<trkpt lat="47.1863663893" lon="8.6951192231">
				<ele>641.1</ele>
				<time>2026-05-21T14:49:36Z</time>
				<extensions>
					<swisstopo:routepoint_id>953996722</swisstopo:routepoint_id>
				</extensions>
			</trkpt>
			<trkpt lat="47.1863718122" lon="8.6951269283">
				<ele>641.2</ele>
				<time>2026-05-21T14:49:37Z</time>
				<extensions>
					<swisstopo:routepoint_id>709998152</swisstopo:routepoint_id>
				</extensions>
			</trkpt>
			<trkpt lat="47.1863791346" lon="8.6951371678">
				<ele>641.1</ele>
				<time>2026-05-21T14:49:38Z</time>
				<extensions>
					<swisstopo:routepoint_id>1519797932</swisstopo:routepoint_id>
				</extensions>
			</trkpt>
			<trkpt lat="47.1863858465" lon="8.6951465786">
				<ele>641.2</ele>
				<time>2026-05-21T14:49:39Z</time>
				<extensions>
					<swisstopo:routepoint_id>1073345706</swisstopo:routepoint_id>
				</extensions>
			</trkpt>
			<trkpt lat="47.1863861118" lon="8.6951475916">
				<ele>641.2</ele>
				<time>2026-05-21T14:49:40Z</time>
				<extensions>
					<swisstopo:routepoint_id>858645942</swisstopo:routepoint_id>
				</extensions>
			</trkpt>
			<trkpt lat="47.1863862472" lon="8.6951481759">
				<ele>641.0</ele>
				<time>2026-05-21T14:49:41Z</time>
				<extensions>
					<swisstopo:routepoint_id>172239354</swisstopo:routepoint_id>
				</extensions>
			</trkpt>
			<trkpt lat="47.1863871232" lon="8.6951496648">
				<ele>640.7</ele>
				<time>2026-05-21T14:49:42Z</time>
				<extensions>
					<swisstopo:routepoint_id>18866522</swisstopo:routepoint_id>
				</extensions>
			</trkpt>
			<trkpt lat="47.1863895209" lon="8.6951531343">
				<ele>640.3</ele>
				<time>2026-05-21T14:49:43Z</time>
				<extensions>
					<swisstopo:routepoint_id>1409539145</swisstopo:routepoint_id>
				</extensions>
			</trkpt>
			<trkpt lat="47.1863927593" lon="8.6951538278">
				<ele>639.7</ele>
				<time>2026-05-21T14:49:44Z</time>
				<extensions>
					<swisstopo:routepoint_id>1232299958</swisstopo:routepoint_id>
				</extensions>
			</trkpt>
			<trkpt lat="47.1863977614" lon="8.6951568087">
				<ele>639.4</ele>
				<time>2026-05-21T14:49:45Z</time>
				<extensions>
					<swisstopo:routepoint_id>933102438</swisstopo:routepoint_id>
				</extensions>
			</trkpt>
			<trkpt lat="47.1864101383" lon="8.6951720290">
				<ele>639.0</ele>
				<time>2026-05-21T14:49:46Z</time>
				<extensions>
					<swisstopo:routepoint_id>1727085072</swisstopo:routepoint_id>
				</extensions>
			</trkpt>
			<trkpt lat="47.1864296958" lon="8.6951974545">
				<ele>638.8</ele>
				<time>2026-05-21T14:49:47Z</time>
				<extensions>
					<swisstopo:routepoint_id>1729832252</swisstopo:routepoint_id>
				</extensions>
			</trkpt>
			<trkpt lat="47.1864461480" lon="8.6952187404">
				<ele>638.8</ele>
				<time>2026-05-21T14:49:48Z</time>
				<extensions>
					<swisstopo:routepoint_id>657046278</swisstopo:routepoint_id>
				</extensions>
			</trkpt>
			<trkpt lat="47.1864604313" lon="8.6952374614">
				<ele>638.7</ele>
				<time>2026-05-21T14:49:49Z</time>
				<extensions>
					<swisstopo:routepoint_id>615881472</swisstopo:routepoint_id>
				</extensions>
			</trkpt>
			<trkpt lat="47.1864714580" lon="8.6952525360">
				<ele>638.6</ele>
				<time>2026-05-21T14:49:50Z</time>
				<extensions>
					<swisstopo:routepoint_id>248721364</swisstopo:routepoint_id>
				</extensions>
			</trkpt>
			<trkpt lat="47.1864798740" lon="8.6952642424">
				<ele>638.5</ele>
				<time>2026-05-21T14:49:51Z</time>
				<extensions>
					<swisstopo:routepoint_id>1256787686</swisstopo:routepoint_id>
				</extensions>
			</trkpt>
			<trkpt lat="47.1864861005" lon="8.6952730266">
				<ele>638.5</ele>
				<time>2026-05-21T14:49:52Z</time>
				<extensions>
					<swisstopo:routepoint_id>181486710</swisstopo:routepoint_id>
				</extensions>
			</trkpt>
			<trkpt lat="47.1864904699" lon="8.6952793135">
				<ele>638.4</ele>
				<time>2026-05-21T14:49:53Z</time>
				<extensions>
					<swisstopo:routepoint_id>820356230</swisstopo:routepoint_id>
				</extensions>
			</trkpt>
			<trkpt lat="47.1864980251" lon="8.6952941071">
				<ele>638.4</ele>
				<time>2026-05-21T14:49:54Z</time>
				<extensions>
					<swisstopo:routepoint_id>882143870</swisstopo:routepoint_id>
				</extensions>
			</trkpt>
			<trkpt lat="47.1865044477" lon="8.6953069959">
				<ele>638.3</ele>
				<time>2026-05-21T14:49:55Z</time>
				<extensions>
					<swisstopo:routepoint_id>2112407849</swisstopo:routepoint_id>
				</extensions>
			</trkpt>
			<trkpt lat="47.1865096981" lon="8.6953185756">
				<ele>638.3</ele>
				<time>2026-05-21T14:49:56Z</time>
				<extensions>
					<swisstopo:routepoint_id>1039065939</swisstopo:routepoint_id>
				</extensions>
			</trkpt>
			<trkpt lat="47.1865142847" lon="8.6953279364">
				<ele>638.4</ele>
				<time>2026-05-21T14:49:57Z</time>
				<extensions>
					<swisstopo:routepoint_id>244219369</swisstopo:routepoint_id>
				</extensions>
			</trkpt>
			<trkpt lat="47.1865157592" lon="8.6953404522">
				<ele>638.5</ele>
				<time>2026-05-21T14:49:58Z</time>
				<extensions>
					<swisstopo:routepoint_id>753685366</swisstopo:routepoint_id>
				</extensions>
			</trkpt>
			<trkpt lat="47.1865165930" lon="8.6953510228">
				<ele>638.4</ele>
				<time>2026-05-21T14:49:59Z</time>
				<extensions>
					<swisstopo:routepoint_id>1331396356</swisstopo:routepoint_id>
				</extensions>
			</trkpt>
			<trkpt lat="47.1865162896" lon="8.6953587832">
				<ele>638.4</ele>
				<time>2026-05-21T14:50:00Z</time>
				<extensions>
					<swisstopo:routepoint_id>2146437199</swisstopo:routepoint_id>
				</extensions>
			</trkpt>
			<trkpt lat="47.1865154207" lon="8.6953642350">
				<ele>638.4</ele>
				<time>2026-05-21T14:50:01Z</time>
				<extensions>
					<swisstopo:routepoint_id>1739701287</swisstopo:routepoint_id>
				</extensions>
			</trkpt>
			<trkpt lat="47.1865148502" lon="8.6953675391">
				<ele>638.4</ele>
				<time>2026-05-21T14:50:02Z</time>
				<extensions>
					<swisstopo:routepoint_id>1169676704</swisstopo:routepoint_id>
				</extensions>
			</trkpt>
			<trkpt lat="47.1865145185" lon="8.6953666613">
				<ele>638.4</ele>
				<time>2026-05-21T14:50:03Z</time>
				<extensions>
					<swisstopo:routepoint_id>691059490</swisstopo:routepoint_id>
				</extensions>
			</trkpt>
			<trkpt lat="47.1865137296" lon="8.6953635932">
				<ele>638.2</ele>
				<time>2026-05-21T14:50:04Z</time>
				<extensions>
					<swisstopo:routepoint_id>1045285454</swisstopo:routepoint_id>
				</extensions>
			</trkpt>
			<trkpt lat="47.1865107338" lon="8.6953543536">
				<ele>638.2</ele>
				<time>2026-05-21T14:50:05Z</time>
				<extensions>
					<swisstopo:routepoint_id>1696392918</swisstopo:routepoint_id>
				</extensions>
			</trkpt>
			<trkpt lat="47.1865074762" lon="8.6953424336">
				<ele>638.4</ele>
				<time>2026-05-21T14:50:06Z</time>
				<extensions>
					<swisstopo:routepoint_id>1282875254</swisstopo:routepoint_id>
				</extensions>
			</trkpt>
			<trkpt lat="47.1865037699" lon="8.6953319646">
				<ele>638.5</ele>
				<time>2026-05-21T14:50:07Z</time>
				<extensions>
					<swisstopo:routepoint_id>548578098</swisstopo:routepoint_id>
				</extensions>
			</trkpt>
			<trkpt lat="47.1865009214" lon="8.6953209761">
				<ele>638.1</ele>
				<time>2026-05-21T14:50:08Z</time>
				<extensions>
					<swisstopo:routepoint_id>804796515</swisstopo:routepoint_id>
				</extensions>
			</trkpt>
			<trkpt lat="47.1864996950" lon="8.6953075151">
				<ele>638.2</ele>
				<time>2026-05-21T14:50:09Z</time>
				<extensions>
					<swisstopo:routepoint_id>1363018799</swisstopo:routepoint_id>
				</extensions>
			</trkpt>
			<trkpt lat="47.1865001563" lon="8.6952985954">
				<ele>638.6</ele>
				<time>2026-05-21T14:50:10Z</time>
				<extensions>
					<swisstopo:routepoint_id>1048892244</swisstopo:routepoint_id>
				</extensions>
			</trkpt>
			<trkpt lat="47.1865011612" lon="8.6952926947">
				<ele>639.1</ele>
				<time>2026-05-21T14:50:11Z</time>
				<extensions>
					<swisstopo:routepoint_id>38686685</swisstopo:routepoint_id>
				</extensions>
			</trkpt>
			<trkpt lat="47.1865011240" lon="8.6952911659">
				<ele>639.1</ele>
				<time>2026-05-21T14:50:12Z</time>
				<extensions>
					<swisstopo:routepoint_id>1667053401</swisstopo:routepoint_id>
				</extensions>
			</trkpt>
			<trkpt lat="47.1865029658" lon="8.6952905309">
				<ele>639.5</ele>
				<time>2026-05-21T14:50:13Z</time>
				<extensions>
					<swisstopo:routepoint_id>2094851845</swisstopo:routepoint_id>
				</extensions>
			</trkpt>
			<trkpt lat="47.1865087919" lon="8.6952896500">
				<ele>639.9</ele>
				<time>2026-05-21T14:50:14Z</time>
				<extensions>
					<swisstopo:routepoint_id>180566350</swisstopo:routepoint_id>
				</extensions>
			</trkpt>
			<trkpt lat="47.1865192187" lon="8.6952908639">
				<ele>640.0</ele>
				<time>2026-05-21T14:50:15Z</time>
				<extensions>
					<swisstopo:routepoint_id>384251239</swisstopo:routepoint_id>
				</extensions>
			</trkpt>
			<trkpt lat="47.1865315558" lon="8.6952968030">
				<ele>640.3</ele>
				<time>2026-05-21T14:50:16Z</time>
				<extensions>
					<swisstopo:routepoint_id>627247344</swisstopo:routepoint_id>
				</extensions>
			</trkpt>
			<trkpt lat="47.1865434459" lon="8.6953012989">
				<ele>640.8</ele>
				<time>2026-05-21T14:50:17Z</time>
				<extensions>
					<swisstopo:routepoint_id>148887485</swisstopo:routepoint_id>
				</extensions>
			</trkpt>
			<trkpt lat="47.1865499533" lon="8.6953106130">
				<ele>640.8</ele>
				<time>2026-05-21T14:50:18Z</time>
				<extensions>
					<swisstopo:routepoint_id>533511640</swisstopo:routepoint_id>
				</extensions>
			</trkpt>
			<trkpt lat="47.1865552194" lon="8.6953188071">
				<ele>641.1</ele>
				<time>2026-05-21T14:50:19Z</time>
				<extensions>
					<swisstopo:routepoint_id>985907255</swisstopo:routepoint_id>
				</extensions>
			</trkpt>
			<trkpt lat="47.1865610981" lon="8.6953288610">
				<ele>641.4</ele>
				<time>2026-05-21T14:50:20Z</time>
				<extensions>
					<swisstopo:routepoint_id>159414533</swisstopo:routepoint_id>
				</extensions>
			</trkpt>
			<trkpt lat="47.1865642630" lon="8.6953383222">
				<ele>641.5</ele>
				<time>2026-05-21T14:50:21Z</time>
				<extensions>
					<swisstopo:routepoint_id>1367948322</swisstopo:routepoint_id>
				</extensions>
			</trkpt>
			<trkpt lat="47.1865620061" lon="8.6953448883">
				<ele>641.7</ele>
				<time>2026-05-21T14:50:22Z</time>
				<extensions>
					<swisstopo:routepoint_id>147523072</swisstopo:routepoint_id>
				</extensions>
			</trkpt>
			<trkpt lat="47.1865589443" lon="8.6953538229">
				<ele>641.7</ele>
				<time>2026-05-21T14:50:23Z</time>
				<extensions>
					<swisstopo:routepoint_id>1224142466</swisstopo:routepoint_id>
				</extensions>
			</trkpt>
			<trkpt lat="47.1865575517" lon="8.6953659007">
				<ele>641.3</ele>
				<time>2026-05-21T14:50:24Z</time>
				<extensions>
					<swisstopo:routepoint_id>1269087802</swisstopo:routepoint_id>
				</extensions>
			</trkpt>
			<trkpt lat="47.1865594923" lon="8.6953839494">
				<ele>641.1</ele>
				<time>2026-05-21T14:50:25Z</time>
				<extensions>
					<swisstopo:routepoint_id>751106210</swisstopo:routepoint_id>
				</extensions>
			</trkpt>
			<trkpt lat="47.1865636409" lon="8.6954051326">
				<ele>640.7</ele>
				<time>2026-05-21T14:50:26Z</time>
				<extensions>
					<swisstopo:routepoint_id>933194404</swisstopo:routepoint_id>
				</extensions>
			</trkpt>
			<trkpt lat="47.1865683956" lon="8.6954263050">
				<ele>640.4</ele>
				<time>2026-05-21T14:50:27Z</time>
				<extensions>
					<swisstopo:routepoint_id>1125273987</swisstopo:routepoint_id>
				</extensions>
			</trkpt>
			<trkpt lat="47.1865749988" lon="8.6954514099">
				<ele>640.3</ele>
				<time>2026-05-21T14:50:28Z</time>
				<extensions>
					<swisstopo:routepoint_id>1738904027</swisstopo:routepoint_id>
				</extensions>
			</trkpt>
			<trkpt lat="47.1865825015" lon="8.6954813214">
				<ele>639.6</ele>
				<time>2026-05-21T14:50:29Z</time>
				<extensions>
					<swisstopo:routepoint_id>655029766</swisstopo:routepoint_id>
				</extensions>
			</trkpt>
			<trkpt lat="47.1865897488" lon="8.6955133247">
				<ele>639.5</ele>
				<time>2026-05-21T14:50:30Z</time>
				<extensions>
					<swisstopo:routepoint_id>1084102640</swisstopo:routepoint_id>
				</extensions>
			</trkpt>
			<trkpt lat="47.1865964199" lon="8.6955477558">
				<ele>639.5</ele>
				<time>2026-05-21T14:50:31Z</time>
				<extensions>
					<swisstopo:routepoint_id>1261809332</swisstopo:routepoint_id>
				</extensions>
			</trkpt>
			<trkpt lat="47.1866023394" lon="8.6955875666">
				<ele>639.4</ele>
				<time>2026-05-21T14:50:32Z</time>
				<extensions>
					<swisstopo:routepoint_id>828428799</swisstopo:routepoint_id>
				</extensions>
			</trkpt>
			<trkpt lat="47.1866070221" lon="8.6956226466">
				<ele>639.4</ele>
				<time>2026-05-21T14:50:33Z</time>
				<extensions>
					<swisstopo:routepoint_id>1266341292</swisstopo:routepoint_id>
				</extensions>
			</trkpt>
			<trkpt lat="47.1866106582" lon="8.6956558434">
				<ele>639.5</ele>
				<time>2026-05-21T14:50:34Z</time>
				<extensions>
					<swisstopo:routepoint_id>1835152874</swisstopo:routepoint_id>
				</extensions>
			</trkpt>
			<trkpt lat="47.1866133621" lon="8.6956856749">
				<ele>639.7</ele>
				<time>2026-05-21T14:50:35Z</time>
				<extensions>
					<swisstopo:routepoint_id>1254215104</swisstopo:routepoint_id>
				</extensions>
			</trkpt>
			<trkpt lat="47.1866090853" lon="8.6957065915">
				<ele>640.5</ele>
				<time>2026-05-21T14:50:35Z</time>
				<extensions>
					<swisstopo:routepoint_id>2041257623</swisstopo:routepoint_id>
				</extensions>
			</trkpt>
			<trkpt lat="47.1866090849" lon="8.6957065752">
				<ele>640.5</ele>
				<time>2026-05-21T14:50:36Z</time>
				<extensions>
					<swisstopo:routepoint_id>1365608936</swisstopo:routepoint_id>
				</extensions>
			</trkpt>
			<trkpt lat="47.1866090893" lon="8.6957067345">
				<ele>640.5</ele>
				<time>2026-05-21T14:50:37Z</time>
				<extensions>
					<swisstopo:routepoint_id>1631651863</swisstopo:routepoint_id>
				</extensions>
			</trkpt>
			<trkpt lat="47.1866091206" lon="8.6957078481">
				<ele>640.6</ele>
				<time>2026-05-21T14:50:38Z</time>
				<extensions>
					<swisstopo:routepoint_id>1954172898</swisstopo:routepoint_id>
				</extensions>
			</trkpt>
			<trkpt lat="47.1866091961" lon="8.6957105797">
				<ele>640.6</ele>
				<time>2026-05-21T14:50:39Z</time>
				<extensions>
					<swisstopo:routepoint_id>168999468</swisstopo:routepoint_id>
				</extensions>
			</trkpt>
			<trkpt lat="47.1866093770" lon="8.6957165496">
				<ele>640.6</ele>
				<time>2026-05-21T14:50:40Z</time>
				<extensions>
					<swisstopo:routepoint_id>1400677342</swisstopo:routepoint_id>
				</extensions>
			</trkpt>
			<trkpt lat="47.1866097455" lon="8.6957276121">
				<ele>640.4</ele>
				<time>2026-05-21T14:50:41Z</time>
				<extensions>
					<swisstopo:routepoint_id>468348580</swisstopo:routepoint_id>
				</extensions>
			</trkpt>
			<trkpt lat="47.1866103181" lon="8.6957438298">
				<ele>640.0</ele>
				<time>2026-05-21T14:50:42Z</time>
				<extensions>
					<swisstopo:routepoint_id>1007017805</swisstopo:routepoint_id>
				</extensions>
			</trkpt>
			<trkpt lat="47.1866109229" lon="8.6957608980">
				<ele>639.6</ele>
				<time>2026-05-21T14:50:43Z</time>
				<extensions>
					<swisstopo:routepoint_id>629626628</swisstopo:routepoint_id>
				</extensions>
			</trkpt>
			<trkpt lat="47.1866115002" lon="8.6957770648">
				<ele>639.1</ele>
				<time>2026-05-21T14:50:44Z</time>
				<extensions>
					<swisstopo:routepoint_id>1482808027</swisstopo:routepoint_id>
				</extensions>
			</trkpt>
			<trkpt lat="47.1866119633" lon="8.6957901476">
				<ele>638.5</ele>
				<time>2026-05-21T14:50:45Z</time>
				<extensions>
					<swisstopo:routepoint_id>6786354</swisstopo:routepoint_id>
				</extensions>
			</trkpt>
			<trkpt lat="47.1866123171" lon="8.6958001825">
				<ele>638.0</ele>
				<time>2026-05-21T14:50:46Z</time>
				<extensions>
					<swisstopo:routepoint_id>241618387</swisstopo:routepoint_id>
				</extensions>
			</trkpt>
			<trkpt lat="47.1866125583" lon="8.6958071295">
				<ele>637.6</ele>
				<time>2026-05-21T14:50:47Z</time>
				<extensions>
					<swisstopo:routepoint_id>2136137479</swisstopo:routepoint_id>
				</extensions>
			</trkpt>
			<trkpt lat="47.1866126585" lon="8.6958104323">
				<ele>637.3</ele>
				<time>2026-05-21T14:50:48Z</time>
				<extensions>
					<swisstopo:routepoint_id>430999007</swisstopo:routepoint_id>
				</extensions>
			</trkpt>
			<trkpt lat="47.1866125878" lon="8.6958095129">
				<ele>637.0</ele>
				<time>2026-05-21T14:50:49Z</time>
				<extensions>
					<swisstopo:routepoint_id>337969318</swisstopo:routepoint_id>
				</extensions>
			</trkpt>
			<trkpt lat="47.1866124241" lon="8.6958061965">
				<ele>636.9</ele>
				<time>2026-05-21T14:50:50Z</time>
				<extensions>
					<swisstopo:routepoint_id>156081311</swisstopo:routepoint_id>
				</extensions>
			</trkpt>
			<trkpt lat="47.1866122518" lon="8.6958024386">
				<ele>636.8</ele>
				<time>2026-05-21T14:50:51Z</time>
				<extensions>
					<swisstopo:routepoint_id>1181060990</swisstopo:routepoint_id>
				</extensions>
			</trkpt>
			<trkpt lat="47.1866122156" lon="8.6958015312">
				<ele>636.7</ele>
				<time>2026-05-21T14:50:52Z</time>
				<extensions>
					<swisstopo:routepoint_id>900709709</swisstopo:routepoint_id>
				</extensions>
			</trkpt>
			<trkpt lat="47.1866122539" lon="8.6958021518">
				<ele>636.7</ele>
				<time>2026-05-21T14:50:53Z</time>
				<extensions>
					<swisstopo:routepoint_id>615851460</swisstopo:routepoint_id>
				</extensions>
			</trkpt>
			<trkpt lat="47.1866122805" lon="8.6958024175">
				<ele>636.9</ele>
				<time>2026-05-21T14:50:54Z</time>
				<extensions>
					<swisstopo:routepoint_id>1891793327</swisstopo:routepoint_id>
				</extensions>
			</trkpt>
			<trkpt lat="47.1866118971" lon="8.6957924670">
				<ele>637.0</ele>
				<time>2026-05-21T14:50:55Z</time>
				<extensions>
					<swisstopo:routepoint_id>1875053054</swisstopo:routepoint_id>
				</extensions>
			</trkpt>
			<trkpt lat="47.1866113953" lon="8.6957783797">
				<ele>637.1</ele>
				<time>2026-05-21T14:50:56Z</time>
				<extensions>
					<swisstopo:routepoint_id>1841642500</swisstopo:routepoint_id>
				</extensions>
			</trkpt>
			<trkpt lat="47.1866109496" lon="8.6957657251">
				<ele>637.3</ele>
				<time>2026-05-21T14:50:57Z</time>
				<extensions>
					<swisstopo:routepoint_id>803693289</swisstopo:routepoint_id>
				</extensions>
			</trkpt>
			<trkpt lat="47.1866105503" lon="8.6957541656">
				<ele>637.7</ele>
				<time>2026-05-21T14:50:58Z</time>
				<extensions>
					<swisstopo:routepoint_id>968593</swisstopo:routepoint_id>
				</extensions>
			</trkpt>
			<trkpt lat="47.1866102161" lon="8.6957444174">
				<ele>638.2</ele>
				<time>2026-05-21T14:50:59Z</time>
				<extensions>
					<swisstopo:routepoint_id>1246757022</swisstopo:routepoint_id>
				</extensions>
			</trkpt>
			<trkpt lat="47.1866099253" lon="8.6957357415">
				<ele>638.5</ele>
				<time>2026-05-21T14:51:00Z</time>
				<extensions>
					<swisstopo:routepoint_id>1247324975</swisstopo:routepoint_id>
				</extensions>
			</trkpt>
			<trkpt lat="47.1866096967" lon="8.6957288814">
				<ele>638.7</ele>
				<time>2026-05-21T14:51:01Z</time>
				<extensions>
					<swisstopo:routepoint_id>55492811</swisstopo:routepoint_id>
				</extensions>
			</trkpt>
			<trkpt lat="47.1865989168" lon="8.6957242818">
				<ele>638.9</ele>
				<time>2026-05-21T14:51:02Z</time>
				<extensions>
					<swisstopo:routepoint_id>659771679</swisstopo:routepoint_id>
				</extensions>
			</trkpt>
			<trkpt lat="47.1865880316" lon="8.6957172104">
				<ele>639.3</ele>
				<time>2026-05-21T14:51:03Z</time>
				<extensions>
					<swisstopo:routepoint_id>1324539492</swisstopo:routepoint_id>
				</extensions>
			</trkpt>
			<trkpt lat="47.1865789008" lon="8.6957111935">
				<ele>639.7</ele>
				<time>2026-05-21T14:51:04Z</time>
				<extensions>
					<swisstopo:routepoint_id>719757242</swisstopo:routepoint_id>
				</extensions>
			</trkpt>
			<trkpt lat="47.1865714361" lon="8.6957066785">
				<ele>640.0</ele>
				<time>2026-05-21T14:51:05Z</time>
				<extensions>
					<swisstopo:routepoint_id>184582743</swisstopo:routepoint_id>
				</extensions>
			</trkpt>
			<trkpt lat="47.1865681176" lon="8.6957063499">
				<ele>640.2</ele>
				<time>2026-05-21T14:51:06Z</time>
				<extensions>
					<swisstopo:routepoint_id>1315775333</swisstopo:routepoint_id>
				</extensions>
			</trkpt>
			<trkpt lat="47.1865663247" lon="8.6957072956">
				<ele>640.2</ele>
				<time>2026-05-21T14:51:07Z</time>
				<extensions>
					<swisstopo:routepoint_id>1596908572</swisstopo:routepoint_id>
				</extensions>
			</trkpt>
			<trkpt lat="47.1865683497" lon="8.6957077851">
				<ele>640.3</ele>
				<time>2026-05-21T14:51:08Z</time>
				<extensions>
					<swisstopo:routepoint_id>2139233045</swisstopo:routepoint_id>
				</extensions>
			</trkpt>
			<trkpt lat="47.1865710737" lon="8.6957084666">
				<ele>640.4</ele>
				<time>2026-05-21T14:51:09Z</time>
				<extensions>
					<swisstopo:routepoint_id>918569241</swisstopo:routepoint_id>
				</extensions>
			</trkpt>
			<trkpt lat="47.1865737444" lon="8.6957093869">
				<ele>640.4</ele>
				<time>2026-05-21T14:51:10Z</time>
				<extensions>
					<swisstopo:routepoint_id>133295204</swisstopo:routepoint_id>
				</extensions>
			</trkpt>
			<trkpt lat="47.1865767702" lon="8.6957103239">
				<ele>640.6</ele>
				<time>2026-05-21T14:51:11Z</time>
				<extensions>
					<swisstopo:routepoint_id>467049807</swisstopo:routepoint_id>
				</extensions>
			</trkpt>
			<trkpt lat="47.1865796448" lon="8.6957113488">
				<ele>640.7</ele>
				<time>2026-05-21T14:51:12Z</time>
				<extensions>
					<swisstopo:routepoint_id>653376464</swisstopo:routepoint_id>
				</extensions>
			</trkpt>
			<trkpt lat="47.1865821858" lon="8.6957123950">
				<ele>640.8</ele>
				<time>2026-05-21T14:51:13Z</time>
				<extensions>
					<swisstopo:routepoint_id>1214343337</swisstopo:routepoint_id>
				</extensions>
			</trkpt>
			<trkpt lat="47.1865843725" lon="8.6957134117">
				<ele>640.9</ele>
				<time>2026-05-21T14:51:14Z</time>
				<extensions>
					<swisstopo:routepoint_id>1931367518</swisstopo:routepoint_id>
				</extensions>
			</trkpt>
			<trkpt lat="47.1865862118" lon="8.6957143664">
				<ele>641.0</ele>
				<time>2026-05-21T14:51:15Z</time>
				<extensions>
					<swisstopo:routepoint_id>1278550621</swisstopo:routepoint_id>
				</extensions>
			</trkpt>
			<trkpt lat="47.1865877225" lon="8.6957152374">
				<ele>641.0</ele>
				<time>2026-05-21T14:51:16Z</time>
				<extensions>
					<swisstopo:routepoint_id>878915265</swisstopo:routepoint_id>
				</extensions>
			</trkpt>
			<trkpt lat="47.1865889317" lon="8.6957160123">
				<ele>641.0</ele>
				<time>2026-05-21T14:51:17Z</time>
				<extensions>
					<swisstopo:routepoint_id>1536334789</swisstopo:routepoint_id>
				</extensions>
			</trkpt>
			<trkpt lat="47.1865898710" lon="8.6957166858">
				<ele>641.0</ele>
				<time>2026-05-21T14:51:18Z</time>
				<extensions>
					<swisstopo:routepoint_id>1982910842</swisstopo:routepoint_id>
				</extensions>
			</trkpt>
			<trkpt lat="47.1865899732" lon="8.6957176629">
				<ele>641.1</ele>
				<time>2026-05-21T14:51:19Z</time>
				<extensions>
					<swisstopo:routepoint_id>2131287348</swisstopo:routepoint_id>
				</extensions>
			</trkpt>
			<trkpt lat="47.1865890214" lon="8.6957164532">
				<ele>641.1</ele>
				<time>2026-05-21T14:51:20Z</time>
				<extensions>
					<swisstopo:routepoint_id>519225876</swisstopo:routepoint_id>
				</extensions>
			</trkpt>
			<trkpt lat="47.1865879948" lon="8.6957150770">
				<ele>641.1</ele>
				<time>2026-05-21T14:51:21Z</time>
				<extensions>
					<swisstopo:routepoint_id>1403240171</swisstopo:routepoint_id>
				</extensions>
			</trkpt>
			<trkpt lat="47.1865870611" lon="8.6957138961">
				<ele>641.1</ele>
				<time>2026-05-21T14:51:22Z</time>
				<extensions>
					<swisstopo:routepoint_id>592142643</swisstopo:routepoint_id>
				</extensions>
			</trkpt>
			<trkpt lat="47.1865862326" lon="8.6957129057">
				<ele>641.1</ele>
				<time>2026-05-21T14:51:23Z</time>
				<extensions>
					<swisstopo:routepoint_id>702180703</swisstopo:routepoint_id>
				</extensions>
			</trkpt>
			<trkpt lat="47.1865855145" lon="8.6957120947">
				<ele>641.1</ele>
				<time>2026-05-21T14:51:24Z</time>
				<extensions>
					<swisstopo:routepoint_id>1128435056</swisstopo:routepoint_id>
				</extensions>
			</trkpt>
			<trkpt lat="47.1865849062" lon="8.6957114479">
				<ele>641.0</ele>
				<time>2026-05-21T14:51:25Z</time>
				<extensions>
					<swisstopo:routepoint_id>1179899535</swisstopo:routepoint_id>
				</extensions>
			</trkpt>
			<trkpt lat="47.1865873520" lon="8.6957098873">
				<ele>641.5</ele>
				<time>2026-05-21T14:51:26Z</time>
				<extensions>
					<swisstopo:routepoint_id>707488347</swisstopo:routepoint_id>
				</extensions>
			</trkpt>
			<trkpt lat="47.1865897605" lon="8.6957089187">
				<ele>642.1</ele>
				<time>2026-05-21T14:51:27Z</time>
				<extensions>
					<swisstopo:routepoint_id>139694590</swisstopo:routepoint_id>
				</extensions>
			</trkpt>
			<trkpt lat="47.1865915063" lon="8.6957075088">
				<ele>642.5</ele>
				<time>2026-05-21T14:51:28Z</time>
				<extensions>
					<swisstopo:routepoint_id>647347959</swisstopo:routepoint_id>
				</extensions>
			</trkpt>
			<trkpt lat="47.1865940198" lon="8.6957067914">
				<ele>642.9</ele>
				<time>2026-05-21T14:51:29Z</time>
				<extensions>
					<swisstopo:routepoint_id>824991211</swisstopo:routepoint_id>
				</extensions>
			</trkpt>
			<trkpt lat="47.1865948118" lon="8.6957064864">
				<ele>643.2</ele>
				<time>2026-05-21T14:51:30Z</time>
				<extensions>
					<swisstopo:routepoint_id>1472858245</swisstopo:routepoint_id>
				</extensions>
			</trkpt>
			<trkpt lat="47.1865954037" lon="8.6957068135">
				<ele>643.6</ele>
				<time>2026-05-21T14:51:31Z</time>
				<extensions>
					<swisstopo:routepoint_id>284524746</swisstopo:routepoint_id>
				</extensions>
			</trkpt>
			<trkpt lat="47.1865951210" lon="8.6957069428">
				<ele>643.7</ele>
				<time>2026-05-21T14:51:32Z</time>
				<extensions>
					<swisstopo:routepoint_id>1708807800</swisstopo:routepoint_id>
				</extensions>
			</trkpt>
			<trkpt lat="47.1865946379" lon="8.6957068124">
				<ele>643.9</ele>
				<time>2026-05-21T14:51:33Z</time>
				<extensions>
					<swisstopo:routepoint_id>1633883269</swisstopo:routepoint_id>
				</extensions>
			</trkpt>
			<trkpt lat="47.1865946652" lon="8.6957061267">
				<ele>644.0</ele>
				<time>2026-05-21T14:51:34Z</time>
				<extensions>
					<swisstopo:routepoint_id>802707894</swisstopo:routepoint_id>
				</extensions>
			</trkpt>
			<trkpt lat="47.1865972461" lon="8.6957059156">
				<ele>644.3</ele>
				<time>2026-05-21T14:51:35Z</time>
				<extensions>
					<swisstopo:routepoint_id>619304004</swisstopo:routepoint_id>
				</extensions>
			</trkpt>
			<trkpt lat="47.1866000812" lon="8.6957062545">
				<ele>644.5</ele>
				<time>2026-05-21T14:51:36Z</time>
				<extensions>
					<swisstopo:routepoint_id>1936641866</swisstopo:routepoint_id>
				</extensions>
			</trkpt>
			<trkpt lat="47.1866020951" lon="8.6957059973">
				<ele>644.7</ele>
				<time>2026-05-21T14:51:37Z</time>
				<extensions>
					<swisstopo:routepoint_id>1877687930</swisstopo:routepoint_id>
				</extensions>
			</trkpt>
			<trkpt lat="47.1866049738" lon="8.6957062149">
				<ele>644.9</ele>
				<time>2026-05-21T14:51:38Z</time>
				<extensions>
					<swisstopo:routepoint_id>1028846845</swisstopo:routepoint_id>
				</extensions>
			</trkpt>
			<trkpt lat="47.1866090407" lon="8.6957044227">
				<ele>645.2</ele>
				<time>2026-05-21T14:51:39Z</time>
				<extensions>
					<swisstopo:routepoint_id>290598271</swisstopo:routepoint_id>
				</extensions>
			</trkpt>
			<trkpt lat="47.1866127864" lon="8.6957028116">
				<ele>645.5</ele>
				<time>2026-05-21T14:51:40Z</time>
				<extensions>
					<swisstopo:routepoint_id>707327419</swisstopo:routepoint_id>
				</extensions>
			</trkpt>
			<trkpt lat="47.1866149812" lon="8.6957024437">
				<ele>645.5</ele>
				<time>2026-05-21T14:51:41Z</time>
				<extensions>
					<swisstopo:routepoint_id>1729944988</swisstopo:routepoint_id>
				</extensions>
			</trkpt>
			<trkpt lat="47.1866151747" lon="8.6957010921">
				<ele>645.4</ele>
				<time>2026-05-21T14:51:42Z</time>
				<extensions>
					<swisstopo:routepoint_id>404316583</swisstopo:routepoint_id>
				</extensions>
			</trkpt>
			<trkpt lat="47.1866159559" lon="8.6957020016">
				<ele>645.3</ele>
				<time>2026-05-21T14:51:43Z</time>
				<extensions>
					<swisstopo:routepoint_id>710551373</swisstopo:routepoint_id>
				</extensions>
			</trkpt>
			<trkpt lat="47.1866142007" lon="8.6957075756">
				<ele>645.3</ele>
				<time>2026-05-21T14:51:44Z</time>
				<extensions>
					<swisstopo:routepoint_id>80365044</swisstopo:routepoint_id>
				</extensions>
			</trkpt>
			<trkpt lat="47.1866105326" lon="8.6957086031">
				<ele>645.5</ele>
				<time>2026-05-21T14:51:45Z</time>
				<extensions>
					<swisstopo:routepoint_id>2075564192</swisstopo:routepoint_id>
				</extensions>
			</trkpt>
			<trkpt lat="47.1866078338" lon="8.6957091138">
				<ele>645.5</ele>
				<time>2026-05-21T14:51:46Z</time>
				<extensions>
					<swisstopo:routepoint_id>283013076</swisstopo:routepoint_id>
				</extensions>
			</trkpt>
			<trkpt lat="47.1866048784" lon="8.6957061385">
				<ele>645.4</ele>
				<time>2026-05-21T14:51:47Z</time>
				<extensions>
					<swisstopo:routepoint_id>2071973874</swisstopo:routepoint_id>
				</extensions>
			</trkpt>
			<trkpt lat="47.1865999242" lon="8.6957052631">
				<ele>645.2</ele>
				<time>2026-05-21T14:51:48Z</time>
				<extensions>
					<swisstopo:routepoint_id>70080566</swisstopo:routepoint_id>
				</extensions>
			</trkpt>
			<trkpt lat="47.1865950783" lon="8.6957053285">
				<ele>644.9</ele>
				<time>2026-05-21T14:51:49Z</time>
				<extensions>
					<swisstopo:routepoint_id>1023034206</swisstopo:routepoint_id>
				</extensions>
			</trkpt>
			<trkpt lat="47.1865905837" lon="8.6957039181">
				<ele>644.8</ele>
				<time>2026-05-21T14:51:50Z</time>
				<extensions>
					<swisstopo:routepoint_id>1381822360</swisstopo:routepoint_id>
				</extensions>
			</trkpt>
			<trkpt lat="47.1865894931" lon="8.6957036943">
				<ele>644.7</ele>
				<time>2026-05-21T14:51:51Z</time>
				<extensions>
					<swisstopo:routepoint_id>1400245862</swisstopo:routepoint_id>
				</extensions>
			</trkpt>
			<trkpt lat="47.1865913309" lon="8.6957051296">
				<ele>644.2</ele>
				<time>2026-05-21T14:51:52Z</time>
				<extensions>
					<swisstopo:routepoint_id>1806398808</swisstopo:routepoint_id>
				</extensions>
			</trkpt>
			<trkpt lat="47.1865878189" lon="8.6957025726">
				<ele>643.9</ele>
				<time>2026-05-21T14:51:53Z</time>
				<extensions>
					<swisstopo:routepoint_id>1168448417</swisstopo:routepoint_id>
				</extensions>
			</trkpt>
			<trkpt lat="47.1865830880" lon="8.6957012815">
				<ele>643.5</ele>
				<time>2026-05-21T14:51:54Z</time>
				<extensions>
					<swisstopo:routepoint_id>1522076351</swisstopo:routepoint_id>
				</extensions>
			</trkpt>
			<trkpt lat="47.1865800692" lon="8.6957006825">
				<ele>643.3</ele>
				<time>2026-05-21T14:51:55Z</time>
				<extensions>
					<swisstopo:routepoint_id>712028193</swisstopo:routepoint_id>
				</extensions>
			</trkpt>
			<trkpt lat="47.1865770181" lon="8.6956944791">
				<ele>643.2</ele>
				<time>2026-05-21T14:51:56Z</time>
				<extensions>
					<swisstopo:routepoint_id>1278958667</swisstopo:routepoint_id>
				</extensions>
			</trkpt>
			<trkpt lat="47.1865729184" lon="8.6956899243">
				<ele>642.9</ele>
				<time>2026-05-21T14:51:57Z</time>
				<extensions>
					<swisstopo:routepoint_id>1294493446</swisstopo:routepoint_id>
				</extensions>
			</trkpt>
			<trkpt lat="47.1865663260" lon="8.6956866839">
				<ele>642.6</ele>
				<time>2026-05-21T14:51:58Z</time>
				<extensions>
					<swisstopo:routepoint_id>394519165</swisstopo:routepoint_id>
				</extensions>
			</trkpt>
			<trkpt lat="47.1865592888" lon="8.6956827347">
				<ele>642.3</ele>
				<time>2026-05-21T14:51:59Z</time>
				<extensions>
					<swisstopo:routepoint_id>1401587866</swisstopo:routepoint_id>
				</extensions>
			</trkpt>
			<trkpt lat="47.1865574382" lon="8.6956775439">
				<ele>642.3</ele>
				<time>2026-05-21T14:52:00Z</time>
				<extensions>
					<swisstopo:routepoint_id>739139919</swisstopo:routepoint_id>
				</extensions>
			</trkpt>
			<trkpt lat="47.1865556445" lon="8.6956738149">
				<ele>642.2</ele>
				<time>2026-05-21T14:52:01Z</time>
				<extensions>
					<swisstopo:routepoint_id>1679204385</swisstopo:routepoint_id>
				</extensions>
			</trkpt>
			<trkpt lat="47.1865558191" lon="8.6956676189">
				<ele>642.2</ele>
				<time>2026-05-21T14:52:02Z</time>
				<extensions>
					<swisstopo:routepoint_id>158009821</swisstopo:routepoint_id>
				</extensions>
			</trkpt>
			<trkpt lat="47.1865536088" lon="8.6956642633">
				<ele>642.2</ele>
				<time>2026-05-21T14:52:03Z</time>
				<extensions>
					<swisstopo:routepoint_id>1381273855</swisstopo:routepoint_id>
				</extensions>
			</trkpt>
			<trkpt lat="47.1865509508" lon="8.6956627288">
				<ele>642.2</ele>
				<time>2026-05-21T14:52:04Z</time>
				<extensions>
					<swisstopo:routepoint_id>771456915</swisstopo:routepoint_id>
				</extensions>
			</trkpt>
			<trkpt lat="47.1865538691" lon="8.6956634369">
				<ele>642.1</ele>
				<time>2026-05-21T14:52:05Z</time>
				<extensions>
					<swisstopo:routepoint_id>1517593466</swisstopo:routepoint_id>
				</extensions>
			</trkpt>
			<trkpt lat="47.1865594637" lon="8.6956655579">
				<ele>642.3</ele>
				<time>2026-05-21T14:52:06Z</time>
				<extensions>
					<swisstopo:routepoint_id>530107643</swisstopo:routepoint_id>
				</extensions>
			</trkpt>
			<trkpt lat="47.1865671170" lon="8.6956689691">
				<ele>642.2</ele>
				<time>2026-05-21T14:52:07Z</time>
				<extensions>
					<swisstopo:routepoint_id>1756988145</swisstopo:routepoint_id>
				</extensions>
			</trkpt>
			<trkpt lat="47.1865787065" lon="8.6956740365">
				<ele>642.3</ele>
				<time>2026-05-21T14:52:08Z</time>
				<extensions>
					<swisstopo:routepoint_id>1799606765</swisstopo:routepoint_id>
				</extensions>
			</trkpt>
			<trkpt lat="47.1865964655" lon="8.6956862541">
				<ele>642.6</ele>
				<time>2026-05-21T14:52:09Z</time>
				<extensions>
					<swisstopo:routepoint_id>831215007</swisstopo:routepoint_id>
				</extensions>
			</trkpt>
			<trkpt lat="47.1866115181" lon="8.6956980332">
				<ele>642.5</ele>
				<time>2026-05-21T14:52:10Z</time>
				<extensions>
					<swisstopo:routepoint_id>849498914</swisstopo:routepoint_id>
				</extensions>
			</trkpt>
			<trkpt lat="47.1866261951" lon="8.6957133339">
				<ele>642.5</ele>
				<time>2026-05-21T14:52:11Z</time>
				<extensions>
					<swisstopo:routepoint_id>1056962342</swisstopo:routepoint_id>
				</extensions>
			</trkpt>
			<trkpt lat="47.1866389379" lon="8.6957321099">
				<ele>642.4</ele>
				<time>2026-05-21T14:52:12Z</time>
				<extensions>
					<swisstopo:routepoint_id>381354010</swisstopo:routepoint_id>
				</extensions>
			</trkpt>
			<trkpt lat="47.1866512888" lon="8.6957580015">
				<ele>642.2</ele>
				<time>2026-05-21T14:52:13Z</time>
				<extensions>
					<swisstopo:routepoint_id>1325643422</swisstopo:routepoint_id>
				</extensions>
			</trkpt>
			<trkpt lat="47.1866630821" lon="8.6957939996">
				<ele>641.9</ele>
				<time>2026-05-21T14:52:14Z</time>
				<extensions>
					<swisstopo:routepoint_id>2093639576</swisstopo:routepoint_id>
				</extensions>
			</trkpt>
			<trkpt lat="47.1866730541" lon="8.6958286633">
				<ele>641.4</ele>
				<time>2026-05-21T14:52:15Z</time>
				<extensions>
					<swisstopo:routepoint_id>1280797737</swisstopo:routepoint_id>
				</extensions>
			</trkpt>
			<trkpt lat="47.1866757245" lon="8.6958668983">
				<ele>640.4</ele>
				<time>2026-05-21T14:52:16Z</time>
				<extensions>
					<swisstopo:routepoint_id>2138971878</swisstopo:routepoint_id>
				</extensions>
			</trkpt>
			<trkpt lat="47.1866753557" lon="8.6959023614">
				<ele>639.2</ele>
				<time>2026-05-21T14:52:17Z</time>
				<extensions>
					<swisstopo:routepoint_id>824102766</swisstopo:routepoint_id>
				</extensions>
			</trkpt>
			<trkpt lat="47.1866791783" lon="8.6959394244">
				<ele>638.1</ele>
				<time>2026-05-21T14:52:18Z</time>
				<extensions>
					<swisstopo:routepoint_id>1573148659</swisstopo:routepoint_id>
				</extensions>
			</trkpt>
			<trkpt lat="47.1866830348" lon="8.6959763537">
				<ele>637.5</ele>
				<time>2026-05-21T14:52:19Z</time>
				<extensions>
					<swisstopo:routepoint_id>90849949</swisstopo:routepoint_id>
				</extensions>
			</trkpt>
			<trkpt lat="47.1866871599" lon="8.6960135781">
				<ele>637.0</ele>
				<time>2026-05-21T14:52:20Z</time>
				<extensions>
					<swisstopo:routepoint_id>54219826</swisstopo:routepoint_id>
				</extensions>
			</trkpt>
			<trkpt lat="47.1866890998" lon="8.6960410185">
				<ele>636.4</ele>
				<time>2026-05-21T14:52:21Z</time>
				<extensions>
					<swisstopo:routepoint_id>739549254</swisstopo:routepoint_id>
				</extensions>
			</trkpt>
			<trkpt lat="47.1866899782" lon="8.6960632787">
				<ele>635.9</ele>
				<time>2026-05-21T14:52:22Z</time>
				<extensions>
					<swisstopo:routepoint_id>2116446789</swisstopo:routepoint_id>
				</extensions>
			</trkpt>
			<trkpt lat="47.1866905800" lon="8.6960838828">
				<ele>635.5</ele>
				<time>2026-05-21T14:52:23Z</time>
				<extensions>
					<swisstopo:routepoint_id>202053815</swisstopo:routepoint_id>
				</extensions>
			</trkpt>
			<trkpt lat="47.1866905554" lon="8.6961026647">
				<ele>635.3</ele>
				<time>2026-05-21T14:52:24Z</time>
				<extensions>
					<swisstopo:routepoint_id>746822798</swisstopo:routepoint_id>
				</extensions>
			</trkpt>
			<trkpt lat="47.1866943776" lon="8.6961285598">
				<ele>635.3</ele>
				<time>2026-05-21T14:52:25Z</time>
				<extensions>
					<swisstopo:routepoint_id>1956332918</swisstopo:routepoint_id>
				</extensions>
			</trkpt>
			<trkpt lat="47.1866990460" lon="8.6961599170">
				<ele>634.9</ele>
				<time>2026-05-21T14:52:26Z</time>
				<extensions>
					<swisstopo:routepoint_id>2112717256</swisstopo:routepoint_id>
				</extensions>
			</trkpt>
			<trkpt lat="47.1867040652" lon="8.6961924522">
				<ele>634.4</ele>
				<time>2026-05-21T14:52:27Z</time>
				<extensions>
					<swisstopo:routepoint_id>1944302094</swisstopo:routepoint_id>
				</extensions>
			</trkpt>
			<trkpt lat="47.1867106449" lon="8.6962300740">
				<ele>634.0</ele>
				<time>2026-05-21T14:52:28Z</time>
				<extensions>
					<swisstopo:routepoint_id>1774121106</swisstopo:routepoint_id>
				</extensions>
			</trkpt>
			<trkpt lat="47.1867198871" lon="8.6962751255">
				<ele>633.8</ele>
				<time>2026-05-21T14:52:29Z</time>
				<extensions>
					<swisstopo:routepoint_id>1990473594</swisstopo:routepoint_id>
				</extensions>
			</trkpt>
			<trkpt lat="47.1867307312" lon="8.6963244224">
				<ele>633.6</ele>
				<time>2026-05-21T14:52:30Z</time>
				<extensions>
					<swisstopo:routepoint_id>389441392</swisstopo:routepoint_id>
				</extensions>
			</trkpt>
			<trkpt lat="47.1867429365" lon="8.6963739097">
				<ele>633.4</ele>
				<time>2026-05-21T14:52:31Z</time>
				<extensions>
					<swisstopo:routepoint_id>1958802935</swisstopo:routepoint_id>
				</extensions>
			</trkpt>
			<trkpt lat="47.1867557084" lon="8.6964218132">
				<ele>633.2</ele>
				<time>2026-05-21T14:52:32Z</time>
				<extensions>
					<swisstopo:routepoint_id>676620035</swisstopo:routepoint_id>
				</extensions>
			</trkpt>
			<trkpt lat="47.1867693391" lon="8.6964697008">
				<ele>633.4</ele>
				<time>2026-05-21T14:52:33Z</time>
				<extensions>
					<swisstopo:routepoint_id>1027017380</swisstopo:routepoint_id>
				</extensions>
			</trkpt>
			<trkpt lat="47.1867831707" lon="8.6965152232">
				<ele>633.5</ele>
				<time>2026-05-21T14:52:34Z</time>
				<extensions>
					<swisstopo:routepoint_id>1755034721</swisstopo:routepoint_id>
				</extensions>
			</trkpt>
			<trkpt lat="47.1867984289" lon="8.6965587703">
				<ele>633.2</ele>
				<time>2026-05-21T14:52:35Z</time>
				<extensions>
					<swisstopo:routepoint_id>1180664302</swisstopo:routepoint_id>
				</extensions>
			</trkpt>
			<trkpt lat="47.1868115785" lon="8.6965994094">
				<ele>632.9</ele>
				<time>2026-05-21T14:52:36Z</time>
				<extensions>
					<swisstopo:routepoint_id>676025434</swisstopo:routepoint_id>
				</extensions>
			</trkpt>
			<trkpt lat="47.1868256458" lon="8.6966363066">
				<ele>632.7</ele>
				<time>2026-05-21T14:52:37Z</time>
				<extensions>
					<swisstopo:routepoint_id>1770976608</swisstopo:routepoint_id>
				</extensions>
			</trkpt>
			<trkpt lat="47.1868373168" lon="8.6966650010">
				<ele>632.6</ele>
				<time>2026-05-21T14:52:38Z</time>
				<extensions>
					<swisstopo:routepoint_id>680503236</swisstopo:routepoint_id>
				</extensions>
			</trkpt>
			<trkpt lat="47.1868465025" lon="8.6966865043">
				<ele>632.6</ele>
				<time>2026-05-21T14:52:39Z</time>
				<extensions>
					<swisstopo:routepoint_id>1867467177</swisstopo:routepoint_id>
				</extensions>
			</trkpt>
			<trkpt lat="47.1868445546" lon="8.6966513616">
				<ele>633.1</ele>
				<time>2026-05-21T14:52:39Z</time>
				<extensions>
					<swisstopo:routepoint_id>1047342934</swisstopo:routepoint_id>
				</extensions>
			</trkpt>
			<trkpt lat="47.1868445558" lon="8.6966513651">
				<ele>633.1</ele>
				<time>2026-05-21T14:52:40Z</time>
				<extensions>
					<swisstopo:routepoint_id>1916720926</swisstopo:routepoint_id>
				</extensions>
			</trkpt>
			<trkpt lat="47.1868445468" lon="8.6966513381">
				<ele>633.1</ele>
				<time>2026-05-21T14:52:41Z</time>
				<extensions>
					<swisstopo:routepoint_id>2073898282</swisstopo:routepoint_id>
				</extensions>
			</trkpt>
			<trkpt lat="47.1868444581" lon="8.6966510728">
				<ele>633.1</ele>
				<time>2026-05-21T14:52:42Z</time>
				<extensions>
					<swisstopo:routepoint_id>201351117</swisstopo:routepoint_id>
				</extensions>
			</trkpt>
			<trkpt lat="47.1868441346" lon="8.6966500610">
				<ele>633.2</ele>
				<time>2026-05-21T14:52:43Z</time>
				<extensions>
					<swisstopo:routepoint_id>1821479394</swisstopo:routepoint_id>
				</extensions>
			</trkpt>
			<trkpt lat="47.1868431542" lon="8.6966470833">
				<ele>633.2</ele>
				<time>2026-05-21T14:52:44Z</time>
				<extensions>
					<swisstopo:routepoint_id>1224786973</swisstopo:routepoint_id>
				</extensions>
			</trkpt>
			<trkpt lat="47.1868412419" lon="8.6966418130">
				<ele>633.2</ele>
				<time>2026-05-21T14:52:45Z</time>
				<extensions>
					<swisstopo:routepoint_id>1363898716</swisstopo:routepoint_id>
				</extensions>
			</trkpt>
			<trkpt lat="47.1868388926" lon="8.6966349753">
				<ele>633.3</ele>
				<time>2026-05-21T14:52:46Z</time>
				<extensions>
					<swisstopo:routepoint_id>805271734</swisstopo:routepoint_id>
				</extensions>
			</trkpt>
			<trkpt lat="47.1868360324" lon="8.6966267987">
				<ele>633.6</ele>
				<time>2026-05-21T14:52:47Z</time>
				<extensions>
					<swisstopo:routepoint_id>760089944</swisstopo:routepoint_id>
				</extensions>
			</trkpt>
			<trkpt lat="47.1868330238" lon="8.6966189457">
				<ele>634.0</ele>
				<time>2026-05-21T14:52:48Z</time>
				<extensions>
					<swisstopo:routepoint_id>1598956452</swisstopo:routepoint_id>
				</extensions>
			</trkpt>
			<trkpt lat="47.1868303651" lon="8.6966112070">
				<ele>634.5</ele>
				<time>2026-05-21T14:52:49Z</time>
				<extensions>
					<swisstopo:routepoint_id>50730206</swisstopo:routepoint_id>
				</extensions>
			</trkpt>
			<trkpt lat="47.1868280346" lon="8.6966039092">
				<ele>635.1</ele>
				<time>2026-05-21T14:52:50Z</time>
				<extensions>
					<swisstopo:routepoint_id>71564383</swisstopo:routepoint_id>
				</extensions>
			</trkpt>
			<trkpt lat="47.1868261926" lon="8.6965980154">
				<ele>635.5</ele>
				<time>2026-05-21T14:52:51Z</time>
				<extensions>
					<swisstopo:routepoint_id>191742761</swisstopo:routepoint_id>
				</extensions>
			</trkpt>
			<trkpt lat="47.1868248269" lon="8.6965935683">
				<ele>635.9</ele>
				<time>2026-05-21T14:52:52Z</time>
				<extensions>
					<swisstopo:routepoint_id>1395113627</swisstopo:routepoint_id>
				</extensions>
			</trkpt>
			<trkpt lat="47.1868248177" lon="8.6965932641">
				<ele>636.6</ele>
				<time>2026-05-21T14:52:53Z</time>
				<extensions>
					<swisstopo:routepoint_id>1448271043</swisstopo:routepoint_id>
				</extensions>
			</trkpt>
			<trkpt lat="47.1868247512" lon="8.6965928297">
				<ele>637.1</ele>
				<time>2026-05-21T14:52:54Z</time>
				<extensions>
					<swisstopo:routepoint_id>1511764603</swisstopo:routepoint_id>
				</extensions>
			</trkpt>
			<trkpt lat="47.1868248254" lon="8.6965928495">
				<ele>637.2</ele>
				<time>2026-05-21T14:52:55Z</time>
				<extensions>
					<swisstopo:routepoint_id>1348654964</swisstopo:routepoint_id>
				</extensions>
			</trkpt>
			<trkpt lat="47.1868251507" lon="8.6965936534">
				<ele>637.3</ele>
				<time>2026-05-21T14:52:56Z</time>
				<extensions>
					<swisstopo:routepoint_id>154085863</swisstopo:routepoint_id>
				</extensions>
			</trkpt>
			<trkpt lat="47.1868260825" lon="8.6965963024">
				<ele>637.3</ele>
				<time>2026-05-21T14:52:57Z</time>
				<extensions>
					<swisstopo:routepoint_id>2003304806</swisstopo:routepoint_id>
				</extensions>
			</trkpt>
			<trkpt lat="47.1868270439" lon="8.6965990683">
				<ele>637.1</ele>
				<time>2026-05-21T14:52:58Z</time>
				<extensions>
					<swisstopo:routepoint_id>1295256776</swisstopo:routepoint_id>
				</extensions>
			</trkpt>
			<trkpt lat="47.1868279736" lon="8.6966017643">
				<ele>636.9</ele>
				<time>2026-05-21T14:52:59Z</time>
				<extensions>
					<swisstopo:routepoint_id>338904593</swisstopo:routepoint_id>
				</extensions>
			</trkpt>
			<trkpt lat="47.1868288390" lon="8.6966042127">
				<ele>636.6</ele>
				<time>2026-05-21T14:53:00Z</time>
				<extensions>
					<swisstopo:routepoint_id>842862707</swisstopo:routepoint_id>
				</extensions>
			</trkpt>
			<trkpt lat="47.1868296242" lon="8.6966063624">
				<ele>636.4</ele>
				<time>2026-05-21T14:53:01Z</time>
				<extensions>
					<swisstopo:routepoint_id>1191380937</swisstopo:routepoint_id>
				</extensions>
			</trkpt>
			<trkpt lat="47.1868302811" lon="8.6966082326">
				<ele>636.3</ele>
				<time>2026-05-21T14:53:02Z</time>
				<extensions>
					<swisstopo:routepoint_id>401883531</swisstopo:routepoint_id>
				</extensions>
			</trkpt>
			<trkpt lat="47.1868308499" lon="8.6966097992">
				<ele>636.1</ele>
				<time>2026-05-21T14:53:03Z</time>
				<extensions>
					<swisstopo:routepoint_id>620435702</swisstopo:routepoint_id>
				</extensions>
			</trkpt>
			<trkpt lat="47.1868313399" lon="8.6966110724">
				<ele>636.0</ele>
				<time>2026-05-21T14:53:04Z</time>
				<extensions>
					<swisstopo:routepoint_id>1629737329</swisstopo:routepoint_id>
				</extensions>
			</trkpt>
			<trkpt lat="47.1868317562" lon="8.6966120758">
				<ele>635.9</ele>
				<time>2026-05-21T14:53:05Z</time>
				<extensions>
					<swisstopo:routepoint_id>1988854665</swisstopo:routepoint_id>
				</extensions>
			</trkpt>
			<trkpt lat="47.1868329552" lon="8.6966158561">
				<ele>635.5</ele>
				<time>2026-05-21T14:53:06Z</time>
				<extensions>
					<swisstopo:routepoint_id>1097389100</swisstopo:routepoint_id>
				</extensions>
			</trkpt>
			<trkpt lat="47.1868347638" lon="8.6966226351">
				<ele>635.2</ele>
				<time>2026-05-21T14:53:07Z</time>
				<extensions>
					<swisstopo:routepoint_id>1229043264</swisstopo:routepoint_id>
				</extensions>
			</trkpt>
			<trkpt lat="47.1868373243" lon="8.6966302813">
				<ele>635.3</ele>
				<time>2026-05-21T14:53:08Z</time>
				<extensions>
					<swisstopo:routepoint_id>2032421202</swisstopo:routepoint_id>
				</extensions>
			</trkpt>
			<trkpt lat="47.1868368538" lon="8.6966352643">
				<ele>634.8</ele>
				<time>2026-05-21T14:53:09Z</time>
				<extensions>
					<swisstopo:routepoint_id>1028252832</swisstopo:routepoint_id>
				</extensions>
			</trkpt>
			<trkpt lat="47.1868366009" lon="8.6966409552">
				<ele>634.2</ele>
				<time>2026-05-21T14:53:10Z</time>
				<extensions>
					<swisstopo:routepoint_id>1044440015</swisstopo:routepoint_id>
				</extensions>
			</trkpt>
			<trkpt lat="47.1868361559" lon="8.6966450228">
				<ele>633.8</ele>
				<time>2026-05-21T14:53:11Z</time>
				<extensions>
					<swisstopo:routepoint_id>372001527</swisstopo:routepoint_id>
				</extensions>
			</trkpt>
			<trkpt lat="47.1868350905" lon="8.6966462481">
				<ele>633.4</ele>
				<time>2026-05-21T14:53:12Z</time>
				<extensions>
					<swisstopo:routepoint_id>904767872</swisstopo:routepoint_id>
				</extensions>
			</trkpt>
			<trkpt lat="47.1868326538" lon="8.6966421256">
				<ele>633.1</ele>
				<time>2026-05-21T14:53:13Z</time>
				<extensions>
					<swisstopo:routepoint_id>101920297</swisstopo:routepoint_id>
				</extensions>
			</trkpt>
			<trkpt lat="47.1868307818" lon="8.6966377623">
				<ele>632.3</ele>
				<time>2026-05-21T14:53:14Z</time>
				<extensions>
					<swisstopo:routepoint_id>1429965020</swisstopo:routepoint_id>
				</extensions>
			</trkpt>
			<trkpt lat="47.1868277431" lon="8.6966330728">
				<ele>632.6</ele>
				<time>2026-05-21T14:53:15Z</time>
				<extensions>
					<swisstopo:routepoint_id>932597563</swisstopo:routepoint_id>
				</extensions>
			</trkpt>
			<trkpt lat="47.1868280720" lon="8.6966206014">
				<ele>632.7</ele>
				<time>2026-05-21T14:53:16Z</time>
				<extensions>
					<swisstopo:routepoint_id>1831585535</swisstopo:routepoint_id>
				</extensions>
			</trkpt>
			<trkpt lat="47.1868322829" lon="8.6966105834">
				<ele>632.8</ele>
				<time>2026-05-21T14:53:17Z</time>
				<extensions>
					<swisstopo:routepoint_id>1427490647</swisstopo:routepoint_id>
				</extensions>
			</trkpt>
			<trkpt lat="47.1868376168" lon="8.6966007695">
				<ele>632.8</ele>
				<time>2026-05-21T14:53:18Z</time>
				<extensions>
					<swisstopo:routepoint_id>147999845</swisstopo:routepoint_id>
				</extensions>
			</trkpt>
			<trkpt lat="47.1868428368" lon="8.6965905369">
				<ele>632.8</ele>
				<time>2026-05-21T14:53:19Z</time>
				<extensions>
					<swisstopo:routepoint_id>647331689</swisstopo:routepoint_id>
				</extensions>
			</trkpt>
			<trkpt lat="47.1868497996" lon="8.6965815806">
				<ele>632.9</ele>
				<time>2026-05-21T14:53:20Z</time>
				<extensions>
					<swisstopo:routepoint_id>551541321</swisstopo:routepoint_id>
				</extensions>
			</trkpt>
			<trkpt lat="47.1868563537" lon="8.6965746908">
				<ele>632.9</ele>
				<time>2026-05-21T14:53:21Z</time>
				<extensions>
					<swisstopo:routepoint_id>1215561595</swisstopo:routepoint_id>
				</extensions>
			</trkpt>
			<trkpt lat="47.1868629547" lon="8.6965693774">
				<ele>633.2</ele>
				<time>2026-05-21T14:53:22Z</time>
				<extensions>
					<swisstopo:routepoint_id>931793254</swisstopo:routepoint_id>
				</extensions>
			</trkpt>
			<trkpt lat="47.1868675630" lon="8.6965649208">
				<ele>633.4</ele>
				<time>2026-05-21T14:53:23Z</time>
				<extensions>
					<swisstopo:routepoint_id>1198466054</swisstopo:routepoint_id>
				</extensions>
			</trkpt>
			<trkpt lat="47.1868717801" lon="8.6965587642">
				<ele>633.6</ele>
				<time>2026-05-21T14:53:24Z</time>
				<extensions>
					<swisstopo:routepoint_id>1369844365</swisstopo:routepoint_id>
				</extensions>
			</trkpt>
			<trkpt lat="47.1868741210" lon="8.6965547652">
				<ele>633.8</ele>
				<time>2026-05-21T14:53:25Z</time>
				<extensions>
					<swisstopo:routepoint_id>1949546715</swisstopo:routepoint_id>
				</extensions>
			</trkpt>
			<trkpt lat="47.1868749208" lon="8.6965515499">
				<ele>634.0</ele>
				<time>2026-05-21T14:53:26Z</time>
				<extensions>
					<swisstopo:routepoint_id>1873636726</swisstopo:routepoint_id>
				</extensions>
			</trkpt>
			<trkpt lat="47.1868737292" lon="8.6965458071">
				<ele>634.3</ele>
				<time>2026-05-21T14:53:27Z</time>
				<extensions>
					<swisstopo:routepoint_id>1659737921</swisstopo:routepoint_id>
				</extensions>
			</trkpt>
			<trkpt lat="47.1868692668" lon="8.6965409236">
				<ele>634.5</ele>
				<time>2026-05-21T14:53:28Z</time>
				<extensions>
					<swisstopo:routepoint_id>1550147364</swisstopo:routepoint_id>
				</extensions>
			</trkpt>
			<trkpt lat="47.1868669623" lon="8.6965382574">
				<ele>634.7</ele>
				<time>2026-05-21T14:53:29Z</time>
				<extensions>
					<swisstopo:routepoint_id>55141344</swisstopo:routepoint_id>
				</extensions>
			</trkpt>
			<trkpt lat="47.1868665662" lon="8.6965362129">
				<ele>634.8</ele>
				<time>2026-05-21T14:53:30Z</time>
				<extensions>
					<swisstopo:routepoint_id>1195116751</swisstopo:routepoint_id>
				</extensions>
			</trkpt>
			<trkpt lat="47.1868667274" lon="8.6965353889">
				<ele>634.9</ele>
				<time>2026-05-21T14:53:31Z</time>
				<extensions>
					<swisstopo:routepoint_id>912683666</swisstopo:routepoint_id>
				</extensions>
			</trkpt>
			<trkpt lat="47.1868667605" lon="8.6965359440">
				<ele>635.0</ele>
				<time>2026-05-21T14:53:32Z</time>
				<extensions>
					<swisstopo:routepoint_id>2146167588</swisstopo:routepoint_id>
				</extensions>
			</trkpt>
			<trkpt lat="47.1868668436" lon="8.6965379459">
				<ele>635.0</ele>
				<time>2026-05-21T14:53:33Z</time>
				<extensions>
					<swisstopo:routepoint_id>1503316504</swisstopo:routepoint_id>
				</extensions>
			</trkpt>
			<trkpt lat="47.1868688523" lon="8.6965390634">
				<ele>635.1</ele>
				<time>2026-05-21T14:53:34Z</time>
				<extensions>
					<swisstopo:routepoint_id>1095375773</swisstopo:routepoint_id>
				</extensions>
			</trkpt>
			<trkpt lat="47.1868679651" lon="8.6965400441">
				<ele>635.2</ele>
				<time>2026-05-21T14:53:35Z</time>
				<extensions>
					<swisstopo:routepoint_id>1750794727</swisstopo:routepoint_id>
				</extensions>
			</trkpt>
			<trkpt lat="47.1868664768" lon="8.6965446053">
				<ele>635.2</ele>
				<time>2026-05-21T14:53:36Z</time>
				<extensions>
					<swisstopo:routepoint_id>786045495</swisstopo:routepoint_id>
				</extensions>
			</trkpt>
			<trkpt lat="47.1868655829" lon="8.6965495007">
				<ele>635.3</ele>
				<time>2026-05-21T14:53:37Z</time>
				<extensions>
					<swisstopo:routepoint_id>1894721768</swisstopo:routepoint_id>
				</extensions>
			</trkpt>
			<trkpt lat="47.1868621291" lon="8.6965536881">
				<ele>635.3</ele>
				<time>2026-05-21T14:53:38Z</time>
				<extensions>
					<swisstopo:routepoint_id>1701237060</swisstopo:routepoint_id>
				</extensions>
			</trkpt>
			<trkpt lat="47.1868579972" lon="8.6965574513">
				<ele>635.3</ele>
				<time>2026-05-21T14:53:39Z</time>
				<extensions>
					<swisstopo:routepoint_id>1093991262</swisstopo:routepoint_id>
				</extensions>
			</trkpt>
			<trkpt lat="47.1868544266" lon="8.6965582005">
				<ele>635.2</ele>
				<time>2026-05-21T14:53:40Z</time>
				<extensions>
					<swisstopo:routepoint_id>2103638467</swisstopo:routepoint_id>
				</extensions>
			</trkpt>
			<trkpt lat="47.1868512261" lon="8.6965591938">
				<ele>635.1</ele>
				<time>2026-05-21T14:53:41Z</time>
				<extensions>
					<swisstopo:routepoint_id>1828434308</swisstopo:routepoint_id>
				</extensions>
			</trkpt>
			<trkpt lat="47.1868501815" lon="8.6965689465">
				<ele>635.1</ele>
				<time>2026-05-21T14:53:42Z</time>
				<extensions>
					<swisstopo:routepoint_id>4425986</swisstopo:routepoint_id>
				</extensions>
			</trkpt>
			<trkpt lat="47.1868524943" lon="8.6965786357">
				<ele>635.4</ele>
				<time>2026-05-21T14:53:43Z</time>
				<extensions>
					<swisstopo:routepoint_id>1373102704</swisstopo:routepoint_id>
				</extensions>
			</trkpt>
			<trkpt lat="47.1868537582" lon="8.6965929432">
				<ele>635.2</ele>
				<time>2026-05-21T14:53:44Z</time>
				<extensions>
					<swisstopo:routepoint_id>877875466</swisstopo:routepoint_id>
				</extensions>
			</trkpt>
			<trkpt lat="47.1868535018" lon="8.6965980485">
				<ele>635.0</ele>
				<time>2026-05-21T14:53:45Z</time>
				<extensions>
					<swisstopo:routepoint_id>1240302172</swisstopo:routepoint_id>
				</extensions>
			</trkpt>
			<trkpt lat="47.1868524252" lon="8.6966046302">
				<ele>634.7</ele>
				<time>2026-05-21T14:53:46Z</time>
				<extensions>
					<swisstopo:routepoint_id>134843375</swisstopo:routepoint_id>
				</extensions>
			</trkpt>
			<trkpt lat="47.1868473873" lon="8.6966062418">
				<ele>634.4</ele>
				<time>2026-05-21T14:53:47Z</time>
				<extensions>
					<swisstopo:routepoint_id>717356040</swisstopo:routepoint_id>
				</extensions>
			</trkpt>
			<trkpt lat="47.1868425643" lon="8.6966099474">
				<ele>634.2</ele>
				<time>2026-05-21T14:53:48Z</time>
				<extensions>
					<swisstopo:routepoint_id>629770022</swisstopo:routepoint_id>
				</extensions>
			</trkpt>
			<trkpt lat="47.1868386218" lon="8.6966093422">
				<ele>634.1</ele>
				<time>2026-05-21T14:53:49Z</time>
				<extensions>
					<swisstopo:routepoint_id>1745347338</swisstopo:routepoint_id>
				</extensions>
			</trkpt>
			<trkpt lat="47.1868348907" lon="8.6966106556">
				<ele>633.9</ele>
				<time>2026-05-21T14:53:50Z</time>
				<extensions>
					<swisstopo:routepoint_id>1573575393</swisstopo:routepoint_id>
				</extensions>
			</trkpt>
			<trkpt lat="47.1868334788" lon="8.6966170123">
				<ele>633.7</ele>
				<time>2026-05-21T14:53:51Z</time>
				<extensions>
					<swisstopo:routepoint_id>820517346</swisstopo:routepoint_id>
				</extensions>
			</trkpt>
			<trkpt lat="47.1868328143" lon="8.6966212603">
				<ele>633.4</ele>
				<time>2026-05-21T14:53:52Z</time>
				<extensions>
					<swisstopo:routepoint_id>1442536835</swisstopo:routepoint_id>
				</extensions>
			</trkpt>
			<trkpt lat="47.1868322786" lon="8.6966193675">
				<ele>633.2</ele>
				<time>2026-05-21T14:53:53Z</time>
				<extensions>
					<swisstopo:routepoint_id>1773694862</swisstopo:routepoint_id>
				</extensions>
			</trkpt>
			<trkpt lat="47.1868335954" lon="8.6966202535">
				<ele>633.1</ele>
				<time>2026-05-21T14:53:54Z</time>
				<extensions>
					<swisstopo:routepoint_id>1269041627</swisstopo:routepoint_id>
				</extensions>
			</trkpt>
			<trkpt lat="47.1868353832" lon="8.6966247981">
				<ele>633.1</ele>
				<time>2026-05-21T14:53:55Z</time>
				<extensions>
					<swisstopo:routepoint_id>2122526632</swisstopo:routepoint_id>
				</extensions>
			</trkpt>
			<trkpt lat="47.1868351277" lon="8.6966289329">
				<ele>632.9</ele>
				<time>2026-05-21T14:53:56Z</time>
				<extensions>
					<swisstopo:routepoint_id>1454243707</swisstopo:routepoint_id>
				</extensions>
			</trkpt>
			<trkpt lat="47.1868303663" lon="8.6966303287">
				<ele>632.8</ele>
				<time>2026-05-21T14:53:57Z</time>
				<extensions>
					<swisstopo:routepoint_id>962597042</swisstopo:routepoint_id>
				</extensions>
			</trkpt>
			<trkpt lat="47.1868275931" lon="8.6966339591">
				<ele>632.7</ele>
				<time>2026-05-21T14:53:58Z</time>
				<extensions>
					<swisstopo:routepoint_id>1374172043</swisstopo:routepoint_id>
				</extensions>
			</trkpt>
			<trkpt lat="47.1868238783" lon="8.6966347727">
				<ele>632.6</ele>
				<time>2026-05-21T14:53:59Z</time>
				<extensions>
					<swisstopo:routepoint_id>1670386863</swisstopo:routepoint_id>
				</extensions>
			</trkpt>
			<trkpt lat="47.1868211650" lon="8.6966339097">
				<ele>632.5</ele>
				<time>2026-05-21T14:54:00Z</time>
				<extensions>
					<swisstopo:routepoint_id>138289210</swisstopo:routepoint_id>
				</extensions>
			</trkpt>
			<trkpt lat="47.1868182629" lon="8.6966307144">
				<ele>632.4</ele>
				<time>2026-05-21T14:54:01Z</time>
				<extensions>
					<swisstopo:routepoint_id>649446416</swisstopo:routepoint_id>
				</extensions>
			</trkpt>
			<trkpt lat="47.1868129070" lon="8.6966300032">
				<ele>632.3</ele>
				<time>2026-05-21T14:54:02Z</time>
				<extensions>
					<swisstopo:routepoint_id>1734019658</swisstopo:routepoint_id>
				</extensions>
			</trkpt>
			<trkpt lat="47.1868072117" lon="8.6966304831">
				<ele>632.2</ele>
				<time>2026-05-21T14:54:03Z</time>
				<extensions>
					<swisstopo:routepoint_id>167818569</swisstopo:routepoint_id>
				</extensions>
			</trkpt>
			<trkpt lat="47.1868025334" lon="8.6966287541">
				<ele>632.3</ele>
				<time>2026-05-21T14:54:04Z</time>
				<extensions>
					<swisstopo:routepoint_id>880660672</swisstopo:routepoint_id>
				</extensions>
			</trkpt>
			<trkpt lat="47.1867990411" lon="8.6966302111">
				<ele>632.4</ele>
				<time>2026-05-21T14:54:05Z</time>
				<extensions>
					<swisstopo:routepoint_id>806619180</swisstopo:routepoint_id>
				</extensions>
			</trkpt>
			<trkpt lat="47.1867964617" lon="8.6966331920">
				<ele>632.6</ele>
				<time>2026-05-21T14:54:06Z</time>
				<extensions>
					<swisstopo:routepoint_id>1931778396</swisstopo:routepoint_id>
				</extensions>
			</trkpt>
			<trkpt lat="47.1867964324" lon="8.6966344827">
				<ele>632.7</ele>
				<time>2026-05-21T14:54:07Z</time>
				<extensions>
					<swisstopo:routepoint_id>1741726226</swisstopo:routepoint_id>
				</extensions>
			</trkpt>
			<trkpt lat="47.1867997366" lon="8.6966374561">
				<ele>633.0</ele>
				<time>2026-05-21T14:54:08Z</time>
				<extensions>
					<swisstopo:routepoint_id>843088125</swisstopo:routepoint_id>
				</extensions>
			</trkpt>
			<trkpt lat="47.1867998080" lon="8.6966431085">
				<ele>633.0</ele>
				<time>2026-05-21T14:54:09Z</time>
				<extensions>
					<swisstopo:routepoint_id>685013969</swisstopo:routepoint_id>
				</extensions>
			</trkpt>
			<trkpt lat="47.1867987594" lon="8.6966483051">
				<ele>633.1</ele>
				<time>2026-05-21T14:54:10Z</time>
				<extensions>
					<swisstopo:routepoint_id>369945416</swisstopo:routepoint_id>
				</extensions>
			</trkpt>
			<trkpt lat="47.1867979015" lon="8.6966493476">
				<ele>633.2</ele>
				<time>2026-05-21T14:54:11Z</time>
				<extensions>
					<swisstopo:routepoint_id>707448647</swisstopo:routepoint_id>
				</extensions>
			</trkpt>
			<trkpt lat="47.1867960481" lon="8.6966484494">
				<ele>633.3</ele>
				<time>2026-05-21T14:54:12Z</time>
				<extensions>
					<swisstopo:routepoint_id>1619940337</swisstopo:routepoint_id>
				</extensions>
			</trkpt>
			<trkpt lat="47.1867932328" lon="8.6966420314">
				<ele>633.5</ele>
				<time>2026-05-21T14:54:13Z</time>
				<extensions>
					<swisstopo:routepoint_id>539567293</swisstopo:routepoint_id>
				</extensions>
			</trkpt>
			<trkpt lat="47.1867909010" lon="8.6966359502">
				<ele>633.5</ele>
				<time>2026-05-21T14:54:14Z</time>
				<extensions>
					<swisstopo:routepoint_id>1831535817</swisstopo:routepoint_id>
				</extensions>
			</trkpt>
			<trkpt lat="47.1867883679" lon="8.6966323867">
				<ele>633.4</ele>
				<time>2026-05-21T14:54:15Z</time>
				<extensions>
					<swisstopo:routepoint_id>591880221</swisstopo:routepoint_id>
				</extensions>
			</trkpt>
			<trkpt lat="47.1867825395" lon="8.6966334333">
				<ele>632.9</ele>
				<time>2026-05-21T14:54:16Z</time>
				<extensions>
					<swisstopo:routepoint_id>586621443</swisstopo:routepoint_id>
				</extensions>
			</trkpt>
			<trkpt lat="47.1867788354" lon="8.6966294346">
				<ele>633.0</ele>
				<time>2026-05-21T14:54:17Z</time>
				<extensions>
					<swisstopo:routepoint_id>249169124</swisstopo:routepoint_id>
				</extensions>
			</trkpt>
			<trkpt lat="47.1867764415" lon="8.6966288896">
				<ele>633.1</ele>
				<time>2026-05-21T14:54:18Z</time>
				<extensions>
					<swisstopo:routepoint_id>192355418</swisstopo:routepoint_id>
				</extensions>
			</trkpt>
			<trkpt lat="47.1867755383" lon="8.6966295214">
				<ele>633.0</ele>
				<time>2026-05-21T14:54:19Z</time>
				<extensions>
					<swisstopo:routepoint_id>954621591</swisstopo:routepoint_id>
				</extensions>
			</trkpt>
			<trkpt lat="47.1867766474" lon="8.6966306764">
				<ele>633.0</ele>
				<time>2026-05-21T14:54:20Z</time>
				<extensions>
					<swisstopo:routepoint_id>474753200</swisstopo:routepoint_id>
				</extensions>
			</trkpt>
			<trkpt lat="47.1867794107" lon="8.6966293467">
				<ele>632.9</ele>
				<time>2026-05-21T14:54:21Z</time>
				<extensions>
					<swisstopo:routepoint_id>1275283795</swisstopo:routepoint_id>
				</extensions>
			</trkpt>
			<trkpt lat="47.1867811446" lon="8.6966314178">
				<ele>632.9</ele>
				<time>2026-05-21T14:54:22Z</time>
				<extensions>
					<swisstopo:routepoint_id>1807945505</swisstopo:routepoint_id>
				</extensions>
			</trkpt>
			<trkpt lat="47.1867863791" lon="8.6966389974">
				<ele>632.9</ele>
				<time>2026-05-21T14:54:23Z</time>
				<extensions>
					<swisstopo:routepoint_id>1393981132</swisstopo:routepoint_id>
				</extensions>
			</trkpt>
			<trkpt lat="47.1867936989" lon="8.6966532955">
				<ele>632.9</ele>
				<time>2026-05-21T14:54:24Z</time>
				<extensions>
					<swisstopo:routepoint_id>1741780401</swisstopo:routepoint_id>
				</extensions>
			</trkpt>
			<trkpt lat="47.1868008528" lon="8.6966714641">
				<ele>632.2</ele>
				<time>2026-05-21T14:54:25Z</time>
				<extensions>
					<swisstopo:routepoint_id>1753607350</swisstopo:routepoint_id>
				</extensions>
			</trkpt>
			<trkpt lat="47.1868086755" lon="8.6966983019">
				<ele>631.8</ele>
				<time>2026-05-21T14:54:26Z</time>
				<extensions>
					<swisstopo:routepoint_id>813160022</swisstopo:routepoint_id>
				</extensions>
			</trkpt>
			<trkpt lat="47.1868179364" lon="8.6967257824">
				<ele>631.3</ele>
				<time>2026-05-21T14:54:27Z</time>
				<extensions>
					<swisstopo:routepoint_id>194560246</swisstopo:routepoint_id>
				</extensions>
			</trkpt>
			<trkpt lat="47.1868289795" lon="8.6967516833">
				<ele>630.9</ele>
				<time>2026-05-21T14:54:28Z</time>
				<extensions>
					<swisstopo:routepoint_id>1503943788</swisstopo:routepoint_id>
				</extensions>
			</trkpt>
			<trkpt lat="47.1868391629" lon="8.6967768810">
				<ele>630.5</ele>
				<time>2026-05-21T14:54:29Z</time>
				<extensions>
					<swisstopo:routepoint_id>900719726</swisstopo:routepoint_id>
				</extensions>
			</trkpt>
			<trkpt lat="47.1868502673" lon="8.6968013846">
				<ele>630.1</ele>
				<time>2026-05-21T14:54:30Z</time>
				<extensions>
					<swisstopo:routepoint_id>784207179</swisstopo:routepoint_id>
				</extensions>
			</trkpt>
			<trkpt lat="47.1868618056" lon="8.6968217820">
				<ele>629.9</ele>
				<time>2026-05-21T14:54:31Z</time>
				<extensions>
					<swisstopo:routepoint_id>1062915814</swisstopo:routepoint_id>
				</extensions>
			</trkpt>
			<trkpt lat="47.1868766439" lon="8.6968483999">
				<ele>629.2</ele>
				<time>2026-05-21T14:54:32Z</time>
				<extensions>
					<swisstopo:routepoint_id>1657110152</swisstopo:routepoint_id>
				</extensions>
			</trkpt>
			<trkpt lat="47.1868907794" lon="8.6968682250">
				<ele>628.9</ele>
				<time>2026-05-21T14:54:33Z</time>
				<extensions>
					<swisstopo:routepoint_id>334906721</swisstopo:routepoint_id>
				</extensions>
			</trkpt>
			<trkpt lat="47.1869022888" lon="8.6968840875">
				<ele>628.3</ele>
				<time>2026-05-21T14:54:34Z</time>
				<extensions>
					<swisstopo:routepoint_id>222621060</swisstopo:routepoint_id>
				</extensions>
			</trkpt>
			<trkpt lat="47.1869139522" lon="8.6969039254">
				<ele>628.2</ele>
				<time>2026-05-21T14:54:35Z</time>
				<extensions>
					<swisstopo:routepoint_id>675642346</swisstopo:routepoint_id>
				</extensions>
			</trkpt>
			<trkpt lat="47.1869248144" lon="8.6969215458">
				<ele>628.2</ele>
				<time>2026-05-21T14:54:36Z</time>
				<extensions>
					<swisstopo:routepoint_id>1774867533</swisstopo:routepoint_id>
				</extensions>
			</trkpt>
			<trkpt lat="47.1869332673" lon="8.6969387956">
				<ele>627.8</ele>
				<time>2026-05-21T14:54:37Z</time>
				<extensions>
					<swisstopo:routepoint_id>1650770301</swisstopo:routepoint_id>
				</extensions>
			</trkpt>
			<trkpt lat="47.1869401537" lon="8.6969599677">
				<ele>627.4</ele>
				<time>2026-05-21T14:54:38Z</time>
				<extensions>
					<swisstopo:routepoint_id>1155213314</swisstopo:routepoint_id>
				</extensions>
			</trkpt>
			<trkpt lat="47.1869497038" lon="8.6969904416">
				<ele>627.0</ele>
				<time>2026-05-21T14:54:39Z</time>
				<extensions>
					<swisstopo:routepoint_id>270515871</swisstopo:routepoint_id>
				</extensions>
			</trkpt>
			<trkpt lat="47.1869657727" lon="8.6970352501">
				<ele>627.1</ele>
				<time>2026-05-21T14:54:40Z</time>
				<extensions>
					<swisstopo:routepoint_id>337363198</swisstopo:routepoint_id>
				</extensions>
			</trkpt>
			<trkpt lat="47.1869828415" lon="8.6970828540">
				<ele>627.2</ele>
				<time>2026-05-21T14:54:41Z</time>
				<extensions>
					<swisstopo:routepoint_id>706440706</swisstopo:routepoint_id>
				</extensions>
			</trkpt>
			<trkpt lat="47.1869996449" lon="8.6971249337">
				<ele>627.2</ele>
				<time>2026-05-21T14:54:42Z</time>
				<extensions>
					<swisstopo:routepoint_id>1859345126</swisstopo:routepoint_id>
				</extensions>
			</trkpt>
			<trkpt lat="47.1870159326" lon="8.6971677724">
				<ele>627.3</ele>
				<time>2026-05-21T14:54:43Z</time>
				<extensions>
					<swisstopo:routepoint_id>1978985185</swisstopo:routepoint_id>
				</extensions>
			</trkpt>
			<trkpt lat="47.1870326773" lon="8.6972084515">
				<ele>627.1</ele>
				<time>2026-05-21T14:54:44Z</time>
				<extensions>
					<swisstopo:routepoint_id>577279559</swisstopo:routepoint_id>
				</extensions>
			</trkpt>
			<trkpt lat="47.1870488097" lon="8.6972467516">
				<ele>627.1</ele>
				<time>2026-05-21T14:54:45Z</time>
				<extensions>
					<swisstopo:routepoint_id>6430967</swisstopo:routepoint_id>
				</extensions>
			</trkpt>
			<trkpt lat="47.1870638300" lon="8.6972845020">
				<ele>626.7</ele>
				<time>2026-05-21T14:54:46Z</time>
				<extensions>
					<swisstopo:routepoint_id>711080019</swisstopo:routepoint_id>
				</extensions>
			</trkpt>
			<trkpt lat="47.1870784312" lon="8.6973237715">
				<ele>626.5</ele>
				<time>2026-05-21T14:54:47Z</time>
				<extensions>
					<swisstopo:routepoint_id>375383778</swisstopo:routepoint_id>
				</extensions>
			</trkpt>
			<trkpt lat="47.1870922534" lon="8.6973615859">
				<ele>626.0</ele>
				<time>2026-05-21T14:54:48Z</time>
				<extensions>
					<swisstopo:routepoint_id>1915685607</swisstopo:routepoint_id>
				</extensions>
			</trkpt>
			<trkpt lat="47.1871050102" lon="8.6973989705">
				<ele>625.8</ele>
				<time>2026-05-21T14:54:49Z</time>
				<extensions>
					<swisstopo:routepoint_id>1853161025</swisstopo:routepoint_id>
				</extensions>
			</trkpt>
			<trkpt lat="47.1871163456" lon="8.6974364872">
				<ele>625.5</ele>
				<time>2026-05-21T14:54:50Z</time>
				<extensions>
					<swisstopo:routepoint_id>1122014734</swisstopo:routepoint_id>
				</extensions>
			</trkpt>
			<trkpt lat="47.1871262298" lon="8.6974698279">
				<ele>625.1</ele>
				<time>2026-05-21T14:54:51Z</time>
				<extensions>
					<swisstopo:routepoint_id>647730031</swisstopo:routepoint_id>
				</extensions>
			</trkpt>
			<trkpt lat="47.1871360476" lon="8.6975020769">
				<ele>624.4</ele>
				<time>2026-05-21T14:54:52Z</time>
				<extensions>
					<swisstopo:routepoint_id>804024374</swisstopo:routepoint_id>
				</extensions>
			</trkpt>
			<trkpt lat="47.1871472343" lon="8.6975371483">
				<ele>624.0</ele>
				<time>2026-05-21T14:54:53Z</time>
				<extensions>
					<swisstopo:routepoint_id>1270546894</swisstopo:routepoint_id>
				</extensions>
			</trkpt>
			<trkpt lat="47.1871588834" lon="8.6975724778">
				<ele>623.9</ele>
				<time>2026-05-21T14:54:54Z</time>
				<extensions>
					<swisstopo:routepoint_id>1651745337</swisstopo:routepoint_id>
				</extensions>
			</trkpt>
			<trkpt lat="47.1871703406" lon="8.6976062936">
				<ele>623.8</ele>
				<time>2026-05-21T14:54:55Z</time>
				<extensions>
					<swisstopo:routepoint_id>362774190</swisstopo:routepoint_id>
				</extensions>
			</trkpt>
			<trkpt lat="47.1871821484" lon="8.6976401216">
				<ele>623.9</ele>
				<time>2026-05-21T14:54:56Z</time>
				<extensions>
					<swisstopo:routepoint_id>439737497</swisstopo:routepoint_id>
				</extensions>
			</trkpt>
			<trkpt lat="47.1871944534" lon="8.6976744715">
				<ele>624.1</ele>
				<time>2026-05-21T14:54:57Z</time>
				<extensions>
					<swisstopo:routepoint_id>1176882752</swisstopo:routepoint_id>
				</extensions>
			</trkpt>
			<trkpt lat="47.1872021735" lon="8.6976921486">
				<ele>624.9</ele>
				<time>2026-05-21T14:54:57Z</time>
				<extensions>
					<swisstopo:routepoint_id>1544023994</swisstopo:routepoint_id>
				</extensions>
			</trkpt>
			<trkpt lat="47.1872021709" lon="8.6976921438">
				<ele>624.9</ele>
				<time>2026-05-21T14:54:58Z</time>
				<extensions>
					<swisstopo:routepoint_id>218876810</swisstopo:routepoint_id>
				</extensions>
			</trkpt>
			<trkpt lat="47.1872021839" lon="8.6976921655">
				<ele>624.9</ele>
				<time>2026-05-21T14:54:59Z</time>
				<extensions>
					<swisstopo:routepoint_id>23058359</swisstopo:routepoint_id>
				</extensions>
			</trkpt>
			<trkpt lat="47.1872020633" lon="8.6976918375">
				<ele>624.9</ele>
				<time>2026-05-21T14:55:00Z</time>
				<extensions>
					<swisstopo:routepoint_id>994783253</swisstopo:routepoint_id>
				</extensions>
			</trkpt>
			<trkpt lat="47.1872013210" lon="8.6976898812">
				<ele>624.9</ele>
				<time>2026-05-21T14:55:01Z</time>
				<extensions>
					<swisstopo:routepoint_id>1161941276</swisstopo:routepoint_id>
				</extensions>
			</trkpt>
			<trkpt lat="47.1871996172" lon="8.6976854813">
				<ele>625.0</ele>
				<time>2026-05-21T14:55:02Z</time>
				<extensions>
					<swisstopo:routepoint_id>1678223561</swisstopo:routepoint_id>
				</extensions>
			</trkpt>
			<trkpt lat="47.1871966322" lon="8.6976777020">
				<ele>624.9</ele>
				<time>2026-05-21T14:55:03Z</time>
				<extensions>
					<swisstopo:routepoint_id>853170029</swisstopo:routepoint_id>
				</extensions>
			</trkpt>
			<trkpt lat="47.1871930145" lon="8.6976682255">
				<ele>624.9</ele>
				<time>2026-05-21T14:55:04Z</time>
				<extensions>
					<swisstopo:routepoint_id>480366384</swisstopo:routepoint_id>
				</extensions>
			</trkpt>
			<trkpt lat="47.1871892541" lon="8.6976583673">
				<ele>624.8</ele>
				<time>2026-05-21T14:55:05Z</time>
				<extensions>
					<swisstopo:routepoint_id>1126786815</swisstopo:routepoint_id>
				</extensions>
			</trkpt>
			<trkpt lat="47.1871842925" lon="8.6976453556">
				<ele>624.6</ele>
				<time>2026-05-21T14:55:06Z</time>
				<extensions>
					<swisstopo:routepoint_id>1395200459</swisstopo:routepoint_id>
				</extensions>
			</trkpt>
			<trkpt lat="47.1871795238" lon="8.6976328465">
				<ele>624.4</ele>
				<time>2026-05-21T14:55:07Z</time>
				<extensions>
					<swisstopo:routepoint_id>760172820</swisstopo:routepoint_id>
				</extensions>
			</trkpt>
			<trkpt lat="47.1871748969" lon="8.6976207081">
				<ele>624.3</ele>
				<time>2026-05-21T14:55:08Z</time>
				<extensions>
					<swisstopo:routepoint_id>844369737</swisstopo:routepoint_id>
				</extensions>
			</trkpt>
			<trkpt lat="47.1871708455" lon="8.6976100783">
				<ele>624.1</ele>
				<time>2026-05-21T14:55:09Z</time>
				<extensions>
					<swisstopo:routepoint_id>750230383</swisstopo:routepoint_id>
				</extensions>
			</trkpt>
			<trkpt lat="47.1871673122" lon="8.6976008075">
				<ele>624.0</ele>
				<time>2026-05-21T14:55:10Z</time>
				<extensions>
					<swisstopo:routepoint_id>1245555544</swisstopo:routepoint_id>
				</extensions>
			</trkpt>
			<trkpt lat="47.1871647097" lon="8.6975939775">
				<ele>624.0</ele>
				<time>2026-05-21T14:55:11Z</time>
				<extensions>
					<swisstopo:routepoint_id>381437052</swisstopo:routepoint_id>
				</extensions>
			</trkpt>
			<trkpt lat="47.1871628679" lon="8.6975891425">
				<ele>624.0</ele>
				<time>2026-05-21T14:55:12Z</time>
				<extensions>
					<swisstopo:routepoint_id>573846669</swisstopo:routepoint_id>
				</extensions>
			</trkpt>
			<trkpt lat="47.1871616533" lon="8.6975859527">
				<ele>624.1</ele>
				<time>2026-05-21T14:55:13Z</time>
				<extensions>
					<swisstopo:routepoint_id>291907206</swisstopo:routepoint_id>
				</extensions>
			</trkpt>
			<trkpt lat="47.1871607581" lon="8.6975831941">
				<ele>624.2</ele>
				<time>2026-05-21T14:55:14Z</time>
				<extensions>
					<swisstopo:routepoint_id>1231761494</swisstopo:routepoint_id>
				</extensions>
			</trkpt>
			<trkpt lat="47.1871609145" lon="8.6975804908">
				<ele>624.4</ele>
				<time>2026-05-21T14:55:15Z</time>
				<extensions>
					<swisstopo:routepoint_id>473072578</swisstopo:routepoint_id>
				</extensions>
			</trkpt>
			<trkpt lat="47.1871614005" lon="8.6975785455">
				<ele>624.6</ele>
				<time>2026-05-21T14:55:16Z</time>
				<extensions>
					<swisstopo:routepoint_id>946357252</swisstopo:routepoint_id>
				</extensions>
			</trkpt>
			<trkpt lat="47.1871624896" lon="8.6975819369">
				<ele>624.8</ele>
				<time>2026-05-21T14:55:17Z</time>
				<extensions>
					<swisstopo:routepoint_id>1162444682</swisstopo:routepoint_id>
				</extensions>
			</trkpt>
			<trkpt lat="47.1871636889" lon="8.6975861299">
				<ele>625.0</ele>
				<time>2026-05-21T14:55:18Z</time>
				<extensions>
					<swisstopo:routepoint_id>1549033615</swisstopo:routepoint_id>
				</extensions>
			</trkpt>
			<trkpt lat="47.1871657901" lon="8.6975926156">
				<ele>625.1</ele>
				<time>2026-05-21T14:55:19Z</time>
				<extensions>
					<swisstopo:routepoint_id>663714724</swisstopo:routepoint_id>
				</extensions>
			</trkpt>
			<trkpt lat="47.1871682448" lon="8.6975999365">
				<ele>625.2</ele>
				<time>2026-05-21T14:55:20Z</time>
				<extensions>
					<swisstopo:routepoint_id>1023303750</swisstopo:routepoint_id>
				</extensions>
			</trkpt>
			<trkpt lat="47.1871708159" lon="8.6976074598">
				<ele>625.3</ele>
				<time>2026-05-21T14:55:21Z</time>
				<extensions>
					<swisstopo:routepoint_id>1617081074</swisstopo:routepoint_id>
				</extensions>
			</trkpt>
			<trkpt lat="47.1871739768" lon="8.6976164214">
				<ele>625.3</ele>
				<time>2026-05-21T14:55:22Z</time>
				<extensions>
					<swisstopo:routepoint_id>1876057933</swisstopo:routepoint_id>
				</extensions>
			</trkpt>
			<trkpt lat="47.1871779392" lon="8.6976273777">
				<ele>625.3</ele>
				<time>2026-05-21T14:55:23Z</time>
				<extensions>
					<swisstopo:routepoint_id>1550774677</swisstopo:routepoint_id>
				</extensions>
			</trkpt>
			<trkpt lat="47.1871805993" lon="8.6976348193">
				<ele>625.7</ele>
				<time>2026-05-21T14:55:24Z</time>
				<extensions>
					<swisstopo:routepoint_id>2008456347</swisstopo:routepoint_id>
				</extensions>
			</trkpt>
			<trkpt lat="47.1871818114" lon="8.6976383726">
				<ele>625.5</ele>
				<time>2026-05-21T14:55:25Z</time>
				<extensions>
					<swisstopo:routepoint_id>1977860483</swisstopo:routepoint_id>
				</extensions>
			</trkpt>
			<trkpt lat="47.1871832155" lon="8.6976423456">
				<ele>625.4</ele>
				<time>2026-05-21T14:55:26Z</time>
				<extensions>
					<swisstopo:routepoint_id>1001765868</swisstopo:routepoint_id>
				</extensions>
			</trkpt>
			<trkpt lat="47.1871840070" lon="8.6976446397">
				<ele>625.4</ele>
				<time>2026-05-21T14:55:27Z</time>
				<extensions>
					<swisstopo:routepoint_id>407150996</swisstopo:routepoint_id>
				</extensions>
			</trkpt>
			<trkpt lat="47.1871829021" lon="8.6976419008">
				<ele>625.4</ele>
				<time>2026-05-21T14:55:28Z</time>
				<extensions>
					<swisstopo:routepoint_id>1103890430</swisstopo:routepoint_id>
				</extensions>
			</trkpt>
			<trkpt lat="47.1871826396" lon="8.6976413175">
				<ele>625.3</ele>
				<time>2026-05-21T14:55:29Z</time>
				<extensions>
					<swisstopo:routepoint_id>975230577</swisstopo:routepoint_id>
				</extensions>
			</trkpt>
			<trkpt lat="47.1871826198" lon="8.6976413282">
				<ele>625.2</ele>
				<time>2026-05-21T14:55:30Z</time>
				<extensions>
					<swisstopo:routepoint_id>1105113735</swisstopo:routepoint_id>
				</extensions>
			</trkpt>
			<trkpt lat="47.1871820329" lon="8.6976394587">
				<ele>625.1</ele>
				<time>2026-05-21T14:55:31Z</time>
				<extensions>
					<swisstopo:routepoint_id>60481242</swisstopo:routepoint_id>
				</extensions>
			</trkpt>
			<trkpt lat="47.1871825455" lon="8.6976404416">
				<ele>625.0</ele>
				<time>2026-05-21T14:55:32Z</time>
				<extensions>
					<swisstopo:routepoint_id>748469263</swisstopo:routepoint_id>
				</extensions>
			</trkpt>
			<trkpt lat="47.1871811640" lon="8.6976368606">
				<ele>624.8</ele>
				<time>2026-05-21T14:55:33Z</time>
				<extensions>
					<swisstopo:routepoint_id>1711182762</swisstopo:routepoint_id>
				</extensions>
			</trkpt>
			<trkpt lat="47.1871801980" lon="8.6976318333">
				<ele>624.8</ele>
				<time>2026-05-21T14:55:34Z</time>
				<extensions>
					<swisstopo:routepoint_id>747680310</swisstopo:routepoint_id>
				</extensions>
			</trkpt>
			<trkpt lat="47.1871801223" lon="8.6976299837">
				<ele>624.7</ele>
				<time>2026-05-21T14:55:35Z</time>
				<extensions>
					<swisstopo:routepoint_id>1336151573</swisstopo:routepoint_id>
				</extensions>
			</trkpt>
			<trkpt lat="47.1871802941" lon="8.6976259268">
				<ele>624.7</ele>
				<time>2026-05-21T14:55:36Z</time>
				<extensions>
					<swisstopo:routepoint_id>462990732</swisstopo:routepoint_id>
				</extensions>
			</trkpt>
			<trkpt lat="47.1871822056" lon="8.6976264484">
				<ele>624.6</ele>
				<time>2026-05-21T14:55:37Z</time>
				<extensions>
					<swisstopo:routepoint_id>1151979643</swisstopo:routepoint_id>
				</extensions>
			</trkpt>
			<trkpt lat="47.1871841009" lon="8.6976265681">
				<ele>624.6</ele>
				<time>2026-05-21T14:55:38Z</time>
				<extensions>
					<swisstopo:routepoint_id>1756782196</swisstopo:routepoint_id>
				</extensions>
			</trkpt>
			<trkpt lat="47.1871846529" lon="8.6976242099">
				<ele>624.6</ele>
				<time>2026-05-21T14:55:39Z</time>
				<extensions>
					<swisstopo:routepoint_id>485705569</swisstopo:routepoint_id>
				</extensions>
			</trkpt>
			<trkpt lat="47.1871854264" lon="8.6976204442">
				<ele>624.6</ele>
				<time>2026-05-21T14:55:40Z</time>
				<extensions>
					<swisstopo:routepoint_id>668155936</swisstopo:routepoint_id>
				</extensions>
			</trkpt>
			<trkpt lat="47.1871854118" lon="8.6976163433">
				<ele>624.6</ele>
				<time>2026-05-21T14:55:41Z</time>
				<extensions>
					<swisstopo:routepoint_id>504826189</swisstopo:routepoint_id>
				</extensions>
			</trkpt>
			<trkpt lat="47.1871849908" lon="8.6976152568">
				<ele>624.5</ele>
				<time>2026-05-21T14:55:42Z</time>
				<extensions>
					<swisstopo:routepoint_id>2053352873</swisstopo:routepoint_id>
				</extensions>
			</trkpt>
			<trkpt lat="47.1871844098" lon="8.6976157229">
				<ele>624.5</ele>
				<time>2026-05-21T14:55:43Z</time>
				<extensions>
					<swisstopo:routepoint_id>639529221</swisstopo:routepoint_id>
				</extensions>
			</trkpt>
			<trkpt lat="47.1871829335" lon="8.6976135917">
				<ele>624.4</ele>
				<time>2026-05-21T14:55:44Z</time>
				<extensions>
					<swisstopo:routepoint_id>411964112</swisstopo:routepoint_id>
				</extensions>
			</trkpt>
			<trkpt lat="47.1871814932" lon="8.6976115095">
				<ele>624.3</ele>
				<time>2026-05-21T14:55:45Z</time>
				<extensions>
					<swisstopo:routepoint_id>393552456</swisstopo:routepoint_id>
				</extensions>
			</trkpt>
			<trkpt lat="47.1871802654" lon="8.6976098881">
				<ele>624.2</ele>
				<time>2026-05-21T14:55:46Z</time>
				<extensions>
					<swisstopo:routepoint_id>186495232</swisstopo:routepoint_id>
				</extensions>
			</trkpt>
			<trkpt lat="47.1871814005" lon="8.6976024156">
				<ele>624.1</ele>
				<time>2026-05-21T14:55:47Z</time>
				<extensions>
					<swisstopo:routepoint_id>1246723251</swisstopo:routepoint_id>
				</extensions>
			</trkpt>
			<trkpt lat="47.1871802591" lon="8.6975932246">
				<ele>624.0</ele>
				<time>2026-05-21T14:55:48Z</time>
				<extensions>
					<swisstopo:routepoint_id>679735778</swisstopo:routepoint_id>
				</extensions>
			</trkpt>
			<trkpt lat="47.1871740167" lon="8.6975893870">
				<ele>623.8</ele>
				<time>2026-05-21T14:55:49Z</time>
				<extensions>
					<swisstopo:routepoint_id>1853702453</swisstopo:routepoint_id>
				</extensions>
			</trkpt>
			<trkpt lat="47.1871665564" lon="8.6975876397">
				<ele>623.9</ele>
				<time>2026-05-21T14:55:50Z</time>
				<extensions>
					<swisstopo:routepoint_id>1631860542</swisstopo:routepoint_id>
				</extensions>
			</trkpt>
			<trkpt lat="47.1871597446" lon="8.6975904662">
				<ele>624.2</ele>
				<time>2026-05-21T14:55:51Z</time>
				<extensions>
					<swisstopo:routepoint_id>1166473557</swisstopo:routepoint_id>
				</extensions>
			</trkpt>
			<trkpt lat="47.1871596082" lon="8.6975931518">
				<ele>626.0</ele>
				<time>2026-05-21T14:55:52Z</time>
				<extensions>
					<swisstopo:routepoint_id>542859036</swisstopo:routepoint_id>
				</extensions>
			</trkpt>
			<trkpt lat="47.1871591581" lon="8.6975951387">
				<ele>628.2</ele>
				<time>2026-05-21T14:55:53Z</time>
				<extensions>
					<swisstopo:routepoint_id>1321285596</swisstopo:routepoint_id>
				</extensions>
			</trkpt>
			<trkpt lat="47.1871620749" lon="8.6975940185">
				<ele>630.3</ele>
				<time>2026-05-21T14:55:54Z</time>
				<extensions>
					<swisstopo:routepoint_id>1866101992</swisstopo:routepoint_id>
				</extensions>
			</trkpt>
			<trkpt lat="47.1871660644" lon="8.6975966294">
				<ele>631.2</ele>
				<time>2026-05-21T14:55:55Z</time>
				<extensions>
					<swisstopo:routepoint_id>1724998756</swisstopo:routepoint_id>
				</extensions>
			</trkpt>
			<trkpt lat="47.1871730257" lon="8.6976023160">
				<ele>631.5</ele>
				<time>2026-05-21T14:55:56Z</time>
				<extensions>
					<swisstopo:routepoint_id>1024857592</swisstopo:routepoint_id>
				</extensions>
			</trkpt>
			<trkpt lat="47.1871740396" lon="8.6976038518">
				<ele>631.5</ele>
				<time>2026-05-21T14:55:57Z</time>
				<extensions>
					<swisstopo:routepoint_id>1962699804</swisstopo:routepoint_id>
				</extensions>
			</trkpt>
			<trkpt lat="47.1871714516" lon="8.6976016954">
				<ele>631.3</ele>
				<time>2026-05-21T14:55:58Z</time>
				<extensions>
					<swisstopo:routepoint_id>1746787908</swisstopo:routepoint_id>
				</extensions>
			</trkpt>
			<trkpt lat="47.1871630116" lon="8.6975982433">
				<ele>631.0</ele>
				<time>2026-05-21T14:55:59Z</time>
				<extensions>
					<swisstopo:routepoint_id>15431619</swisstopo:routepoint_id>
				</extensions>
			</trkpt>
			<trkpt lat="47.1871519048" lon="8.6975964380">
				<ele>630.6</ele>
				<time>2026-05-21T14:56:00Z</time>
				<extensions>
					<swisstopo:routepoint_id>1661182893</swisstopo:routepoint_id>
				</extensions>
			</trkpt>
			<trkpt lat="47.1871411076" lon="8.6975852709">
				<ele>630.1</ele>
				<time>2026-05-21T14:56:01Z</time>
				<extensions>
					<swisstopo:routepoint_id>65988004</swisstopo:routepoint_id>
				</extensions>
			</trkpt>
			<trkpt lat="47.1871335820" lon="8.6975771788">
				<ele>629.5</ele>
				<time>2026-05-21T14:56:02Z</time>
				<extensions>
					<swisstopo:routepoint_id>958821376</swisstopo:routepoint_id>
				</extensions>
			</trkpt>
			<trkpt lat="47.1871290408" lon="8.6975661123">
				<ele>629.1</ele>
				<time>2026-05-21T14:56:03Z</time>
				<extensions>
					<swisstopo:routepoint_id>193579344</swisstopo:routepoint_id>
				</extensions>
			</trkpt>
			<trkpt lat="47.1871260042" lon="8.6975576515">
				<ele>628.5</ele>
				<time>2026-05-21T14:56:04Z</time>
				<extensions>
					<swisstopo:routepoint_id>50309403</swisstopo:routepoint_id>
				</extensions>
			</trkpt>
			<trkpt lat="47.1871296017" lon="8.6975518575">
				<ele>628.1</ele>
				<time>2026-05-21T14:56:05Z</time>
				<extensions>
					<swisstopo:routepoint_id>1589062950</swisstopo:routepoint_id>
				</extensions>
			</trkpt>
			<trkpt lat="47.1871385878" lon="8.6975482244">
				<ele>627.8</ele>
				<time>2026-05-21T14:56:06Z</time>
				<extensions>
					<swisstopo:routepoint_id>1274366558</swisstopo:routepoint_id>
				</extensions>
			</trkpt>
			<trkpt lat="47.1871473600" lon="8.6975458759">
				<ele>627.3</ele>
				<time>2026-05-21T14:56:07Z</time>
				<extensions>
					<swisstopo:routepoint_id>1424328775</swisstopo:routepoint_id>
				</extensions>
			</trkpt>
			<trkpt lat="47.1871513177" lon="8.6975429886">
				<ele>627.1</ele>
				<time>2026-05-21T14:56:08Z</time>
				<extensions>
					<swisstopo:routepoint_id>693508316</swisstopo:routepoint_id>
				</extensions>
			</trkpt>
			<trkpt lat="47.1871540747" lon="8.6975308794">
				<ele>626.6</ele>
				<time>2026-05-21T14:56:09Z</time>
				<extensions>
					<swisstopo:routepoint_id>1400514743</swisstopo:routepoint_id>
				</extensions>
			</trkpt>
			<trkpt lat="47.1871548589" lon="8.6975224348">
				<ele>626.3</ele>
				<time>2026-05-21T14:56:10Z</time>
				<extensions>
					<swisstopo:routepoint_id>2030514481</swisstopo:routepoint_id>
				</extensions>
			</trkpt>
			<trkpt lat="47.1871550337" lon="8.6975161894">
				<ele>626.2</ele>
				<time>2026-05-21T14:56:11Z</time>
				<extensions>
					<swisstopo:routepoint_id>1194247690</swisstopo:routepoint_id>
				</extensions>
			</trkpt>
			<trkpt lat="47.1871535941" lon="8.6975140703">
				<ele>625.9</ele>
				<time>2026-05-21T14:56:12Z</time>
				<extensions>
					<swisstopo:routepoint_id>1338760968</swisstopo:routepoint_id>
				</extensions>
			</trkpt>
			<trkpt lat="47.1871537452" lon="8.6975149777">
				<ele>625.9</ele>
				<time>2026-05-21T14:56:13Z</time>
				<extensions>
					<swisstopo:routepoint_id>1369419557</swisstopo:routepoint_id>
				</extensions>
			</trkpt>
			<trkpt lat="47.1871539991" lon="8.6975180581">
				<ele>625.8</ele>
				<time>2026-05-21T14:56:14Z</time>
				<extensions>
					<swisstopo:routepoint_id>1252249600</swisstopo:routepoint_id>
				</extensions>
			</trkpt>
			<trkpt lat="47.1871534972" lon="8.6975209163">
				<ele>625.7</ele>
				<time>2026-05-21T14:56:15Z</time>
				<extensions>
					<swisstopo:routepoint_id>1219286600</swisstopo:routepoint_id>
				</extensions>
			</trkpt>
			<trkpt lat="47.1871544410" lon="8.6975221975">
				<ele>625.8</ele>
				<time>2026-05-21T14:56:16Z</time>
				<extensions>
					<swisstopo:routepoint_id>1260926526</swisstopo:routepoint_id>
				</extensions>
			</trkpt>
			<trkpt lat="47.1871548852" lon="8.6975224226">
				<ele>626.1</ele>
				<time>2026-05-21T14:56:17Z</time>
				<extensions>
					<swisstopo:routepoint_id>1023493886</swisstopo:routepoint_id>
				</extensions>
			</trkpt>
			<trkpt lat="47.1871564890" lon="8.6975274289">
				<ele>626.3</ele>
				<time>2026-05-21T14:56:18Z</time>
				<extensions>
					<swisstopo:routepoint_id>517729532</swisstopo:routepoint_id>
				</extensions>
			</trkpt>
			<trkpt lat="47.1871579674" lon="8.6975372411">
				<ele>626.4</ele>
				<time>2026-05-21T14:56:19Z</time>
				<extensions>
					<swisstopo:routepoint_id>2023990327</swisstopo:routepoint_id>
				</extensions>
			</trkpt>
			<trkpt lat="47.1871596777" lon="8.6975505693">
				<ele>626.2</ele>
				<time>2026-05-21T14:56:20Z</time>
				<extensions>
					<swisstopo:routepoint_id>1064457409</swisstopo:routepoint_id>
				</extensions>
			</trkpt>
			<trkpt lat="47.1871605812" lon="8.6975634404">
				<ele>626.1</ele>
				<time>2026-05-21T14:56:21Z</time>
				<extensions>
					<swisstopo:routepoint_id>1796893553</swisstopo:routepoint_id>
				</extensions>
			</trkpt>
			<trkpt lat="47.1871610863" lon="8.6975732460">
				<ele>626.0</ele>
				<time>2026-05-21T14:56:22Z</time>
				<extensions>
					<swisstopo:routepoint_id>327417510</swisstopo:routepoint_id>
				</extensions>
			</trkpt>
			<trkpt lat="47.1871614208" lon="8.6975820156">
				<ele>625.9</ele>
				<time>2026-05-21T14:56:23Z</time>
				<extensions>
					<swisstopo:routepoint_id>1052986956</swisstopo:routepoint_id>
				</extensions>
			</trkpt>
			<trkpt lat="47.1871616192" lon="8.6975962599">
				<ele>625.7</ele>
				<time>2026-05-21T14:56:24Z</time>
				<extensions>
					<swisstopo:routepoint_id>139034565</swisstopo:routepoint_id>
				</extensions>
			</trkpt>
			<trkpt lat="47.1871616123" lon="8.6976030988">
				<ele>625.7</ele>
				<time>2026-05-21T14:56:25Z</time>
				<extensions>
					<swisstopo:routepoint_id>291726019</swisstopo:routepoint_id>
				</extensions>
			</trkpt>
			<trkpt lat="47.1871613971" lon="8.6976072490">
				<ele>625.3</ele>
				<time>2026-05-21T14:56:26Z</time>
				<extensions>
					<swisstopo:routepoint_id>334035232</swisstopo:routepoint_id>
				</extensions>
			</trkpt>
			<trkpt lat="47.1871612908" lon="8.6976014203">
				<ele>625.2</ele>
				<time>2026-05-21T14:56:27Z</time>
				<extensions>
					<swisstopo:routepoint_id>607890966</swisstopo:routepoint_id>
				</extensions>
			</trkpt>
			<trkpt lat="47.1871543393" lon="8.6975913805">
				<ele>624.8</ele>
				<time>2026-05-21T14:56:28Z</time>
				<extensions>
					<swisstopo:routepoint_id>1243756783</swisstopo:routepoint_id>
				</extensions>
			</trkpt>
			<trkpt lat="47.1871479055" lon="8.6975776499">
				<ele>624.3</ele>
				<time>2026-05-21T14:56:29Z</time>
				<extensions>
					<swisstopo:routepoint_id>214431983</swisstopo:routepoint_id>
				</extensions>
			</trkpt>
			<trkpt lat="47.1871444277" lon="8.6975593341">
				<ele>624.1</ele>
				<time>2026-05-21T14:56:30Z</time>
				<extensions>
					<swisstopo:routepoint_id>480778615</swisstopo:routepoint_id>
				</extensions>
			</trkpt>
			<trkpt lat="47.1871438601" lon="8.6975418109">
				<ele>623.7</ele>
				<time>2026-05-21T14:56:31Z</time>
				<extensions>
					<swisstopo:routepoint_id>1612702291</swisstopo:routepoint_id>
				</extensions>
			</trkpt>
			<trkpt lat="47.1871495093" lon="8.6975356814">
				<ele>623.5</ele>
				<time>2026-05-21T14:56:32Z</time>
				<extensions>
					<swisstopo:routepoint_id>1296296050</swisstopo:routepoint_id>
				</extensions>
			</trkpt>
			<trkpt lat="47.1871588109" lon="8.6975442296">
				<ele>623.3</ele>
				<time>2026-05-21T14:56:33Z</time>
				<extensions>
					<swisstopo:routepoint_id>626113535</swisstopo:routepoint_id>
				</extensions>
			</trkpt>
			<trkpt lat="47.1871692839" lon="8.6975552714">
				<ele>622.8</ele>
				<time>2026-05-21T14:56:34Z</time>
				<extensions>
					<swisstopo:routepoint_id>420312445</swisstopo:routepoint_id>
				</extensions>
			</trkpt>
			<trkpt lat="47.1871784662" lon="8.6975703632">
				<ele>622.1</ele>
				<time>2026-05-21T14:56:35Z</time>
				<extensions>
					<swisstopo:routepoint_id>1117548132</swisstopo:routepoint_id>
				</extensions>
			</trkpt>
			<trkpt lat="47.1871842775" lon="8.6975850324">
				<ele>621.3</ele>
				<time>2026-05-21T14:56:36Z</time>
				<extensions>
					<swisstopo:routepoint_id>739477862</swisstopo:routepoint_id>
				</extensions>
			</trkpt>
			<trkpt lat="47.1871922174" lon="8.6976069517">
				<ele>621.0</ele>
				<time>2026-05-21T14:56:37Z</time>
				<extensions>
					<swisstopo:routepoint_id>916561445</swisstopo:routepoint_id>
				</extensions>
			</trkpt>
			<trkpt lat="47.1872073107" lon="8.6976513997">
				<ele>620.7</ele>
				<time>2026-05-21T14:56:38Z</time>
				<extensions>
					<swisstopo:routepoint_id>748006184</swisstopo:routepoint_id>
				</extensions>
			</trkpt>
			<trkpt lat="47.1872251823" lon="8.6977014334">
				<ele>620.5</ele>
				<time>2026-05-21T14:56:39Z</time>
				<extensions>
					<swisstopo:routepoint_id>370664950</swisstopo:routepoint_id>
				</extensions>
			</trkpt>
			<trkpt lat="47.1872427742" lon="8.6977518868">
				<ele>620.2</ele>
				<time>2026-05-21T14:56:40Z</time>
				<extensions>
					<swisstopo:routepoint_id>2063238350</swisstopo:routepoint_id>
				</extensions>
			</trkpt>
			<trkpt lat="47.1872575530" lon="8.6977973266">
				<ele>619.8</ele>
				<time>2026-05-21T14:56:41Z</time>
				<extensions>
					<swisstopo:routepoint_id>1428500341</swisstopo:routepoint_id>
				</extensions>
			</trkpt>
			<trkpt lat="47.1872711253" lon="8.6978374997">
				<ele>619.4</ele>
				<time>2026-05-21T14:56:42Z</time>
				<extensions>
					<swisstopo:routepoint_id>2085541374</swisstopo:routepoint_id>
				</extensions>
			</trkpt>
			<trkpt lat="47.1872845878" lon="8.6978727099">
				<ele>619.2</ele>
				<time>2026-05-21T14:56:43Z</time>
				<extensions>
					<swisstopo:routepoint_id>465786484</swisstopo:routepoint_id>
				</extensions>
			</trkpt>
			<trkpt lat="47.1872957650" lon="8.6979012458">
				<ele>619.0</ele>
				<time>2026-05-21T14:56:44Z</time>
				<extensions>
					<swisstopo:routepoint_id>895543273</swisstopo:routepoint_id>
				</extensions>
			</trkpt>
			<trkpt lat="47.1873068006" lon="8.6979292139">
				<ele>618.9</ele>
				<time>2026-05-21T14:56:45Z</time>
				<extensions>
					<swisstopo:routepoint_id>1830391135</swisstopo:routepoint_id>
				</extensions>
			</trkpt>
			<trkpt lat="47.1873171110" lon="8.6979548159">
				<ele>619.0</ele>
				<time>2026-05-21T14:56:46Z</time>
				<extensions>
					<swisstopo:routepoint_id>680562670</swisstopo:routepoint_id>
				</extensions>
			</trkpt>
			<trkpt lat="47.1873261290" lon="8.6979771066">
				<ele>618.9</ele>
				<time>2026-05-21T14:56:47Z</time>
				<extensions>
					<swisstopo:routepoint_id>718890768</swisstopo:routepoint_id>
				</extensions>
			</trkpt>
			<trkpt lat="47.1873350018" lon="8.6979986347">
				<ele>618.6</ele>
				<time>2026-05-21T14:56:48Z</time>
				<extensions>
					<swisstopo:routepoint_id>654139754</swisstopo:routepoint_id>
				</extensions>
			</trkpt>
			<trkpt lat="47.1873435490" lon="8.6980190271">
				<ele>618.2</ele>
				<time>2026-05-21T14:56:49Z</time>
				<extensions>
					<swisstopo:routepoint_id>1158056485</swisstopo:routepoint_id>
				</extensions>
			</trkpt>
			<trkpt lat="47.1873524439" lon="8.6980394953">
				<ele>617.8</ele>
				<time>2026-05-21T14:56:50Z</time>
				<extensions>
					<swisstopo:routepoint_id>811050634</swisstopo:routepoint_id>
				</extensions>
			</trkpt>
			<trkpt lat="47.1873622260" lon="8.6980612848">
				<ele>617.3</ele>
				<time>2026-05-21T14:56:51Z</time>
				<extensions>
					<swisstopo:routepoint_id>1249298129</swisstopo:routepoint_id>
				</extensions>
			</trkpt>
			<trkpt lat="47.1873696731" lon="8.6980777351">
				<ele>616.6</ele>
				<time>2026-05-21T14:56:52Z</time>
				<extensions>
					<swisstopo:routepoint_id>1006037384</swisstopo:routepoint_id>
				</extensions>
			</trkpt>
			<trkpt lat="47.1873745591" lon="8.6980922385">
				<ele>615.9</ele>
				<time>2026-05-21T14:56:53Z</time>
				<extensions>
					<swisstopo:routepoint_id>1331560057</swisstopo:routepoint_id>
				</extensions>
			</trkpt>
			<trkpt lat="47.1873802953" lon="8.6981079686">
				<ele>615.5</ele>
				<time>2026-05-21T14:56:54Z</time>
				<extensions>
					<swisstopo:routepoint_id>602792612</swisstopo:routepoint_id>
				</extensions>
			</trkpt>
			<trkpt lat="47.1873845928" lon="8.6981208152">
				<ele>615.2</ele>
				<time>2026-05-21T14:56:55Z</time>
				<extensions>
					<swisstopo:routepoint_id>1455066985</swisstopo:routepoint_id>
				</extensions>
			</trkpt>
			<trkpt lat="47.1873881942" lon="8.6981314614">
				<ele>614.9</ele>
				<time>2026-05-21T14:56:56Z</time>
				<extensions>
					<swisstopo:routepoint_id>1914528506</swisstopo:routepoint_id>
				</extensions>
			</trkpt>
			<trkpt lat="47.1873912685" lon="8.6981449381">
				<ele>614.2</ele>
				<time>2026-05-21T14:56:57Z</time>
				<extensions>
					<swisstopo:routepoint_id>1733117341</swisstopo:routepoint_id>
				</extensions>
			</trkpt>
			<trkpt lat="47.1873928821" lon="8.6981582213">
				<ele>613.5</ele>
				<time>2026-05-21T14:56:58Z</time>
				<extensions>
					<swisstopo:routepoint_id>34962279</swisstopo:routepoint_id>
				</extensions>
			</trkpt>
			<trkpt lat="47.1873930982" lon="8.6981712895">
				<ele>613.0</ele>
				<time>2026-05-21T14:56:59Z</time>
				<extensions>
					<swisstopo:routepoint_id>1347987522</swisstopo:routepoint_id>
				</extensions>
			</trkpt>
			<trkpt lat="47.1873937380" lon="8.6981734644">
				<ele>612.5</ele>
				<time>2026-05-21T14:57:00Z</time>
				<extensions>
					<swisstopo:routepoint_id>1821290051</swisstopo:routepoint_id>
				</extensions>
			</trkpt>
			<trkpt lat="47.1873933624" lon="8.6981766548">
				<ele>612.5</ele>
				<time>2026-05-21T14:57:01Z</time>
				<extensions>
					<swisstopo:routepoint_id>189982819</swisstopo:routepoint_id>
				</extensions>
			</trkpt>
			<trkpt lat="47.1873923368" lon="8.6981797440">
				<ele>612.9</ele>
				<time>2026-05-21T14:57:02Z</time>
				<extensions>
					<swisstopo:routepoint_id>1880539491</swisstopo:routepoint_id>
				</extensions>
			</trkpt>
			<trkpt lat="47.1873917781" lon="8.6981765658">
				<ele>613.4</ele>
				<time>2026-05-21T14:57:03Z</time>
				<extensions>
					<swisstopo:routepoint_id>1710392338</swisstopo:routepoint_id>
				</extensions>
			</trkpt>
			<trkpt lat="47.1873902323" lon="8.6981779017">
				<ele>613.5</ele>
				<time>2026-05-21T14:57:04Z</time>
				<extensions>
					<swisstopo:routepoint_id>347926024</swisstopo:routepoint_id>
				</extensions>
			</trkpt>
			<trkpt lat="47.1873882646" lon="8.6981807120">
				<ele>613.8</ele>
				<time>2026-05-21T14:57:05Z</time>
				<extensions>
					<swisstopo:routepoint_id>2142198234</swisstopo:routepoint_id>
				</extensions>
			</trkpt>
			<trkpt lat="47.1873857079" lon="8.6981864820">
				<ele>614.1</ele>
				<time>2026-05-21T14:57:06Z</time>
				<extensions>
					<swisstopo:routepoint_id>1362376883</swisstopo:routepoint_id>
				</extensions>
			</trkpt>
			<trkpt lat="47.1873826230" lon="8.6981953419">
				<ele>614.3</ele>
				<time>2026-05-21T14:57:07Z</time>
				<extensions>
					<swisstopo:routepoint_id>997628267</swisstopo:routepoint_id>
				</extensions>
			</trkpt>
			<trkpt lat="47.1873782138" lon="8.6982125577">
				<ele>614.2</ele>
				<time>2026-05-21T14:57:08Z</time>
				<extensions>
					<swisstopo:routepoint_id>1733451340</swisstopo:routepoint_id>
				</extensions>
			</trkpt>
			<trkpt lat="47.1873736869" lon="8.6982370854">
				<ele>614.2</ele>
				<time>2026-05-21T14:57:09Z</time>
				<extensions>
					<swisstopo:routepoint_id>1353516178</swisstopo:routepoint_id>
				</extensions>
			</trkpt>
			<trkpt lat="47.1873704905" lon="8.6982668164">
				<ele>614.8</ele>
				<time>2026-05-21T14:57:10Z</time>
				<extensions>
					<swisstopo:routepoint_id>252130975</swisstopo:routepoint_id>
				</extensions>
			</trkpt>
			<trkpt lat="47.1873686793" lon="8.6982962730">
				<ele>615.4</ele>
				<time>2026-05-21T14:57:11Z</time>
				<extensions>
					<swisstopo:routepoint_id>580061294</swisstopo:routepoint_id>
				</extensions>
			</trkpt>
			<trkpt lat="47.1873684801" lon="8.6983256122">
				<ele>615.4</ele>
				<time>2026-05-21T14:57:12Z</time>
				<extensions>
					<swisstopo:routepoint_id>1661894525</swisstopo:routepoint_id>
				</extensions>
			</trkpt>
			<trkpt lat="47.1873710974" lon="8.6983577701">
				<ele>615.0</ele>
				<time>2026-05-21T14:57:13Z</time>
				<extensions>
					<swisstopo:routepoint_id>1288968793</swisstopo:routepoint_id>
				</extensions>
			</trkpt>
			<trkpt lat="47.1873752346" lon="8.6983887055">
				<ele>615.3</ele>
				<time>2026-05-21T14:57:14Z</time>
				<extensions>
					<swisstopo:routepoint_id>2030956662</swisstopo:routepoint_id>
				</extensions>
			</trkpt>
			<trkpt lat="47.1873797771" lon="8.6984153564">
				<ele>615.7</ele>
				<time>2026-05-21T14:57:15Z</time>
				<extensions>
					<swisstopo:routepoint_id>36049169</swisstopo:routepoint_id>
				</extensions>
			</trkpt>
			<trkpt lat="47.1873877257" lon="8.6984456709">
				<ele>615.9</ele>
				<time>2026-05-21T14:57:16Z</time>
				<extensions>
					<swisstopo:routepoint_id>287994929</swisstopo:routepoint_id>
				</extensions>
			</trkpt>
			<trkpt lat="47.1873993675" lon="8.6984811265">
				<ele>615.4</ele>
				<time>2026-05-21T14:57:17Z</time>
				<extensions>
					<swisstopo:routepoint_id>2050115012</swisstopo:routepoint_id>
				</extensions>
			</trkpt>
			<trkpt lat="47.1874149189" lon="8.6985230389">
				<ele>615.4</ele>
				<time>2026-05-21T14:57:18Z</time>
				<extensions>
					<swisstopo:routepoint_id>2055374216</swisstopo:routepoint_id>
				</extensions>
			</trkpt>
			<trkpt lat="47.1874342221" lon="8.6985731278">
				<ele>615.2</ele>
				<time>2026-05-21T14:57:19Z</time>
				<extensions>
					<swisstopo:routepoint_id>252502670</swisstopo:routepoint_id>
				</extensions>
			</trkpt>
			<trkpt lat="47.1874546323" lon="8.6986238076">
				<ele>615.3</ele>
				<time>2026-05-21T14:57:20Z</time>
				<extensions>
					<swisstopo:routepoint_id>384688218</swisstopo:routepoint_id>
				</extensions>
			</trkpt>
			<trkpt lat="47.1874752539" lon="8.6986765813">
				<ele>615.1</ele>
				<time>2026-05-21T14:57:21Z</time>
				<extensions>
					<swisstopo:routepoint_id>1529102456</swisstopo:routepoint_id>
				</extensions>
			</trkpt>
			<trkpt lat="47.1874942529" lon="8.6987271403">
				<ele>614.8</ele>
				<time>2026-05-21T14:57:22Z</time>
				<extensions>
					<swisstopo:routepoint_id>688174343</swisstopo:routepoint_id>
				</extensions>
			</trkpt>
			<trkpt lat="47.1875105682" lon="8.6987731416">
				<ele>614.9</ele>
				<time>2026-05-21T14:57:23Z</time>
				<extensions>
					<swisstopo:routepoint_id>1946743706</swisstopo:routepoint_id>
				</extensions>
			</trkpt>
			<trkpt lat="47.1875268775" lon="8.6988228726">
				<ele>614.5</ele>
				<time>2026-05-21T14:57:24Z</time>
				<extensions>
					<swisstopo:routepoint_id>2008104697</swisstopo:routepoint_id>
				</extensions>
			</trkpt>
			<trkpt lat="47.1875418503" lon="8.6988736249">
				<ele>614.2</ele>
				<time>2026-05-21T14:57:25Z</time>
				<extensions>
					<swisstopo:routepoint_id>362646227</swisstopo:routepoint_id>
				</extensions>
			</trkpt>
			<trkpt lat="47.1875545318" lon="8.6989218675">
				<ele>614.2</ele>
				<time>2026-05-21T14:57:26Z</time>
				<extensions>
					<swisstopo:routepoint_id>436547003</swisstopo:routepoint_id>
				</extensions>
			</trkpt>
			<trkpt lat="47.1875644865" lon="8.6989618507">
				<ele>614.0</ele>
				<time>2026-05-21T14:57:27Z</time>
				<extensions>
					<swisstopo:routepoint_id>1241341269</swisstopo:routepoint_id>
				</extensions>
			</trkpt>
			<trkpt lat="47.1875719000" lon="8.6989974403">
				<ele>613.7</ele>
				<time>2026-05-21T14:57:28Z</time>
				<extensions>
					<swisstopo:routepoint_id>419077478</swisstopo:routepoint_id>
				</extensions>
			</trkpt>
			<trkpt lat="47.1875770975" lon="8.6990292727">
				<ele>613.6</ele>
				<time>2026-05-21T14:57:29Z</time>
				<extensions>
					<swisstopo:routepoint_id>1836294233</swisstopo:routepoint_id>
				</extensions>
			</trkpt>
			<trkpt lat="47.1875801683" lon="8.6990584815">
				<ele>613.5</ele>
				<time>2026-05-21T14:57:30Z</time>
				<extensions>
					<swisstopo:routepoint_id>1109682994</swisstopo:routepoint_id>
				</extensions>
			</trkpt>
			<trkpt lat="47.1875604731" lon="8.6990440686">
				<ele>613.6</ele>
				<time>2026-05-21T14:57:30Z</time>
				<extensions>
					<swisstopo:routepoint_id>1694089610</swisstopo:routepoint_id>
				</extensions>
			</trkpt>
			<trkpt lat="47.1875604736" lon="8.6990441035">
				<ele>613.6</ele>
				<time>2026-05-21T14:57:31Z</time>
				<extensions>
					<swisstopo:routepoint_id>1225883344</swisstopo:routepoint_id>
				</extensions>
			</trkpt>
			<trkpt lat="47.1875604673" lon="8.6990437749">
				<ele>613.6</ele>
				<time>2026-05-21T14:57:32Z</time>
				<extensions>
					<swisstopo:routepoint_id>463253290</swisstopo:routepoint_id>
				</extensions>
			</trkpt>
			<trkpt lat="47.1875603522" lon="8.6990413541">
				<ele>613.6</ele>
				<time>2026-05-21T14:57:33Z</time>
				<extensions>
					<swisstopo:routepoint_id>1269824655</swisstopo:routepoint_id>
				</extensions>
			</trkpt>
			<trkpt lat="47.1875599543" lon="8.6990350168">
				<ele>613.7</ele>
				<time>2026-05-21T14:57:34Z</time>
				<extensions>
					<swisstopo:routepoint_id>250492699</swisstopo:routepoint_id>
				</extensions>
			</trkpt>
			<trkpt lat="47.1875592815" lon="8.6990240812">
				<ele>613.9</ele>
				<time>2026-05-21T14:57:35Z</time>
				<extensions>
					<swisstopo:routepoint_id>962843973</swisstopo:routepoint_id>
				</extensions>
			</trkpt>
			<trkpt lat="47.1875583944" lon="8.6990090259">
				<ele>614.1</ele>
				<time>2026-05-21T14:57:36Z</time>
				<extensions>
					<swisstopo:routepoint_id>1229374066</swisstopo:routepoint_id>
				</extensions>
			</trkpt>
			<trkpt lat="47.1875574738" lon="8.6989920787">
				<ele>614.4</ele>
				<time>2026-05-21T14:57:37Z</time>
				<extensions>
					<swisstopo:routepoint_id>1149759475</swisstopo:routepoint_id>
				</extensions>
			</trkpt>
			<trkpt lat="47.1875568228" lon="8.6989768586">
				<ele>614.7</ele>
				<time>2026-05-21T14:57:38Z</time>
				<extensions>
					<swisstopo:routepoint_id>949640619</swisstopo:routepoint_id>
				</extensions>
			</trkpt>
			<trkpt lat="47.1875566128" lon="8.6989658501">
				<ele>615.0</ele>
				<time>2026-05-21T14:57:39Z</time>
				<extensions>
					<swisstopo:routepoint_id>511419029</swisstopo:routepoint_id>
				</extensions>
			</trkpt>
			<trkpt lat="47.1875569820" lon="8.6989577176">
				<ele>615.3</ele>
				<time>2026-05-21T14:57:40Z</time>
				<extensions>
					<swisstopo:routepoint_id>1190065109</swisstopo:routepoint_id>
				</extensions>
			</trkpt>
			<trkpt lat="47.1875569255" lon="8.6989510351">
				<ele>615.5</ele>
				<time>2026-05-21T14:57:41Z</time>
				<extensions>
					<swisstopo:routepoint_id>1909082452</swisstopo:routepoint_id>
				</extensions>
			</trkpt>
			<trkpt lat="47.1875569783" lon="8.6989474820">
				<ele>615.8</ele>
				<time>2026-05-21T14:57:42Z</time>
				<extensions>
					<swisstopo:routepoint_id>395600937</swisstopo:routepoint_id>
				</extensions>
			</trkpt>
			<trkpt lat="47.1875571121" lon="8.6989459626">
				<ele>615.8</ele>
				<time>2026-05-21T14:57:43Z</time>
				<extensions>
					<swisstopo:routepoint_id>255577047</swisstopo:routepoint_id>
				</extensions>
			</trkpt>
			<trkpt lat="47.1875571676" lon="8.6989449905">
				<ele>615.7</ele>
				<time>2026-05-21T14:57:44Z</time>
				<extensions>
					<swisstopo:routepoint_id>516134929</swisstopo:routepoint_id>
				</extensions>
			</trkpt>
			<trkpt lat="47.1875569652" lon="8.6989429602">
				<ele>615.6</ele>
				<time>2026-05-21T14:57:45Z</time>
				<extensions>
					<swisstopo:routepoint_id>993301470</swisstopo:routepoint_id>
				</extensions>
			</trkpt>
			<trkpt lat="47.1875546126" lon="8.6989401687">
				<ele>615.4</ele>
				<time>2026-05-21T14:57:46Z</time>
				<extensions>
					<swisstopo:routepoint_id>2027418159</swisstopo:routepoint_id>
				</extensions>
			</trkpt>
			<trkpt lat="47.1875518906" lon="8.6989351551">
				<ele>615.1</ele>
				<time>2026-05-21T14:57:47Z</time>
				<extensions>
					<swisstopo:routepoint_id>693971364</swisstopo:routepoint_id>
				</extensions>
			</trkpt>
			<trkpt lat="47.1875514528" lon="8.6989305684">
				<ele>615.0</ele>
				<time>2026-05-21T14:57:48Z</time>
				<extensions>
					<swisstopo:routepoint_id>593027891</swisstopo:routepoint_id>
				</extensions>
			</trkpt>
			<trkpt lat="47.1875514302" lon="8.6989270145">
				<ele>614.9</ele>
				<time>2026-05-21T14:57:49Z</time>
				<extensions>
					<swisstopo:routepoint_id>548158310</swisstopo:routepoint_id>
				</extensions>
			</trkpt>
			<trkpt lat="47.1875515163" lon="8.6989246955">
				<ele>615.0</ele>
				<time>2026-05-21T14:57:50Z</time>
				<extensions>
					<swisstopo:routepoint_id>191870540</swisstopo:routepoint_id>
				</extensions>
			</trkpt>
			<trkpt lat="47.1875516105" lon="8.6989228625">
				<ele>614.9</ele>
				<time>2026-05-21T14:57:51Z</time>
				<extensions>
					<swisstopo:routepoint_id>1395211633</swisstopo:routepoint_id>
				</extensions>
			</trkpt>
			<trkpt lat="47.1875515658" lon="8.6989203988">
				<ele>615.0</ele>
				<time>2026-05-21T14:57:52Z</time>
				<extensions>
					<swisstopo:routepoint_id>947974238</swisstopo:routepoint_id>
				</extensions>
			</trkpt>
			<trkpt lat="47.1875512611" lon="8.6989163130">
				<ele>615.0</ele>
				<time>2026-05-21T14:57:53Z</time>
				<extensions>
					<swisstopo:routepoint_id>421840973</swisstopo:routepoint_id>
				</extensions>
			</trkpt>
			<trkpt lat="47.1875509912" lon="8.6989128603">
				<ele>615.0</ele>
				<time>2026-05-21T14:57:54Z</time>
				<extensions>
					<swisstopo:routepoint_id>1037714464</swisstopo:routepoint_id>
				</extensions>
			</trkpt>
			<trkpt lat="47.1875499120" lon="8.6989057173">
				<ele>615.0</ele>
				<time>2026-05-21T14:57:55Z</time>
				<extensions>
					<swisstopo:routepoint_id>1152299161</swisstopo:routepoint_id>
				</extensions>
			</trkpt>
			<trkpt lat="47.1875495530" lon="8.6989033449">
				<ele>615.0</ele>
				<time>2026-05-21T14:57:56Z</time>
				<extensions>
					<swisstopo:routepoint_id>684470281</swisstopo:routepoint_id>
				</extensions>
			</trkpt>
			<trkpt lat="47.1875487463" lon="8.6989042114">
				<ele>614.9</ele>
				<time>2026-05-21T14:57:57Z</time>
				<extensions>
					<swisstopo:routepoint_id>1969599435</swisstopo:routepoint_id>
				</extensions>
			</trkpt>
			<trkpt lat="47.1875471487" lon="8.6989062968">
				<ele>614.9</ele>
				<time>2026-05-21T14:57:58Z</time>
				<extensions>
					<swisstopo:routepoint_id>1744769187</swisstopo:routepoint_id>
				</extensions>
			</trkpt>
			<trkpt lat="47.1875475159" lon="8.6989072426">
				<ele>614.8</ele>
				<time>2026-05-21T14:57:59Z</time>
				<extensions>
					<swisstopo:routepoint_id>446526124</swisstopo:routepoint_id>
				</extensions>
			</trkpt>
			<trkpt lat="47.1875484036" lon="8.6989098530">
				<ele>614.7</ele>
				<time>2026-05-21T14:58:00Z</time>
				<extensions>
					<swisstopo:routepoint_id>1456703450</swisstopo:routepoint_id>
				</extensions>
			</trkpt>
			<trkpt lat="47.1875492631" lon="8.6989126314">
				<ele>614.7</ele>
				<time>2026-05-21T14:58:01Z</time>
				<extensions>
					<swisstopo:routepoint_id>1501308350</swisstopo:routepoint_id>
				</extensions>
			</trkpt>
			<trkpt lat="47.1875575431" lon="8.6989072064">
				<ele>614.7</ele>
				<time>2026-05-21T14:58:02Z</time>
				<extensions>
					<swisstopo:routepoint_id>1704069847</swisstopo:routepoint_id>
				</extensions>
			</trkpt>
			<trkpt lat="47.1875634395" lon="8.6989015721">
				<ele>614.1</ele>
				<time>2026-05-21T14:58:03Z</time>
				<extensions>
					<swisstopo:routepoint_id>1460002137</swisstopo:routepoint_id>
				</extensions>
			</trkpt>
			<trkpt lat="47.1875673674" lon="8.6988968730">
				<ele>613.9</ele>
				<time>2026-05-21T14:58:04Z</time>
				<extensions>
					<swisstopo:routepoint_id>1107765937</swisstopo:routepoint_id>
				</extensions>
			</trkpt>
			<trkpt lat="47.1875746351" lon="8.6988915884">
				<ele>614.0</ele>
				<time>2026-05-21T14:58:05Z</time>
				<extensions>
					<swisstopo:routepoint_id>1686367316</swisstopo:routepoint_id>
				</extensions>
			</trkpt>
			<trkpt lat="47.1875764967" lon="8.6988878908">
				<ele>614.0</ele>
				<time>2026-05-21T14:58:06Z</time>
				<extensions>
					<swisstopo:routepoint_id>286306906</swisstopo:routepoint_id>
				</extensions>
			</trkpt>
			<trkpt lat="47.1875791140" lon="8.6988918302">
				<ele>614.0</ele>
				<time>2026-05-21T14:58:07Z</time>
				<extensions>
					<swisstopo:routepoint_id>1596799862</swisstopo:routepoint_id>
				</extensions>
			</trkpt>
			<trkpt lat="47.1875790771" lon="8.6988935705">
				<ele>614.2</ele>
				<time>2026-05-21T14:58:08Z</time>
				<extensions>
					<swisstopo:routepoint_id>312144075</swisstopo:routepoint_id>
				</extensions>
			</trkpt>
			<trkpt lat="47.1875728694" lon="8.6988877206">
				<ele>614.1</ele>
				<time>2026-05-21T14:58:09Z</time>
				<extensions>
					<swisstopo:routepoint_id>2050402551</swisstopo:routepoint_id>
				</extensions>
			</trkpt>
			<trkpt lat="47.1875671673" lon="8.6988826116">
				<ele>614.1</ele>
				<time>2026-05-21T14:58:10Z</time>
				<extensions>
					<swisstopo:routepoint_id>445591248</swisstopo:routepoint_id>
				</extensions>
			</trkpt>
			<trkpt lat="47.1875650695" lon="8.6988947866">
				<ele>613.8</ele>
				<time>2026-05-21T14:58:11Z</time>
				<extensions>
					<swisstopo:routepoint_id>776628047</swisstopo:routepoint_id>
				</extensions>
			</trkpt>
			<trkpt lat="47.1875642662" lon="8.6989154400">
				<ele>613.4</ele>
				<time>2026-05-21T14:58:12Z</time>
				<extensions>
					<swisstopo:routepoint_id>381979463</swisstopo:routepoint_id>
				</extensions>
			</trkpt>
			<trkpt lat="47.1875656518" lon="8.6989391029">
				<ele>613.1</ele>
				<time>2026-05-21T14:58:13Z</time>
				<extensions>
					<swisstopo:routepoint_id>1100213758</swisstopo:routepoint_id>
				</extensions>
			</trkpt>
			<trkpt lat="47.1875671486" lon="8.6989595731">
				<ele>612.9</ele>
				<time>2026-05-21T14:58:14Z</time>
				<extensions>
					<swisstopo:routepoint_id>1458430036</swisstopo:routepoint_id>
				</extensions>
			</trkpt>
			<trkpt lat="47.1875670446" lon="8.6989790988">
				<ele>612.7</ele>
				<time>2026-05-21T14:58:15Z</time>
				<extensions>
					<swisstopo:routepoint_id>455268194</swisstopo:routepoint_id>
				</extensions>
			</trkpt>
			<trkpt lat="47.1875667029" lon="8.6990027119">
				<ele>612.4</ele>
				<time>2026-05-21T14:58:16Z</time>
				<extensions>
					<swisstopo:routepoint_id>208302297</swisstopo:routepoint_id>
				</extensions>
			</trkpt>
			<trkpt lat="47.1875685421" lon="8.6990264340">
				<ele>612.1</ele>
				<time>2026-05-21T14:58:17Z</time>
				<extensions>
					<swisstopo:routepoint_id>538361069</swisstopo:routepoint_id>
				</extensions>
			</trkpt>
			<trkpt lat="47.1875691577" lon="8.6990494596">
				<ele>612.1</ele>
				<time>2026-05-21T14:58:18Z</time>
				<extensions>
					<swisstopo:routepoint_id>885881872</swisstopo:routepoint_id>
				</extensions>
			</trkpt>
			<trkpt lat="47.1875690111" lon="8.6990661886">
				<ele>612.0</ele>
				<time>2026-05-21T14:58:19Z</time>
				<extensions>
					<swisstopo:routepoint_id>512498053</swisstopo:routepoint_id>
				</extensions>
			</trkpt>
			<trkpt lat="47.1875685033" lon="8.6990794789">
				<ele>611.8</ele>
				<time>2026-05-21T14:58:20Z</time>
				<extensions>
					<swisstopo:routepoint_id>2145352301</swisstopo:routepoint_id>
				</extensions>
			</trkpt>
			<trkpt lat="47.1875680017" lon="8.6990959284">
				<ele>611.5</ele>
				<time>2026-05-21T14:58:21Z</time>
				<extensions>
					<swisstopo:routepoint_id>685689777</swisstopo:routepoint_id>
				</extensions>
			</trkpt>
			<trkpt lat="47.1875643195" lon="8.6991101859">
				<ele>611.1</ele>
				<time>2026-05-21T14:58:22Z</time>
				<extensions>
					<swisstopo:routepoint_id>990832237</swisstopo:routepoint_id>
				</extensions>
			</trkpt>
			<trkpt lat="47.1875607701" lon="8.6991214952">
				<ele>610.8</ele>
				<time>2026-05-21T14:58:23Z</time>
				<extensions>
					<swisstopo:routepoint_id>1329208421</swisstopo:routepoint_id>
				</extensions>
			</trkpt>
			<trkpt lat="47.1875565711" lon="8.6991314720">
				<ele>610.5</ele>
				<time>2026-05-21T14:58:24Z</time>
				<extensions>
					<swisstopo:routepoint_id>1881035653</swisstopo:routepoint_id>
				</extensions>
			</trkpt>
			<trkpt lat="47.1875534210" lon="8.6991373416">
				<ele>610.3</ele>
				<time>2026-05-21T14:58:25Z</time>
				<extensions>
					<swisstopo:routepoint_id>1459452484</swisstopo:routepoint_id>
				</extensions>
			</trkpt>
			<trkpt lat="47.1875499131" lon="8.6991435444">
				<ele>610.2</ele>
				<time>2026-05-21T14:58:26Z</time>
				<extensions>
					<swisstopo:routepoint_id>459682554</swisstopo:routepoint_id>
				</extensions>
			</trkpt>
			<trkpt lat="47.1875462924" lon="8.6991497165">
				<ele>610.3</ele>
				<time>2026-05-21T14:58:27Z</time>
				<extensions>
					<swisstopo:routepoint_id>1386006819</swisstopo:routepoint_id>
				</extensions>
			</trkpt>
			<trkpt lat="47.1875416695" lon="8.6991563555">
				<ele>609.8</ele>
				<time>2026-05-21T14:58:28Z</time>
				<extensions>
					<swisstopo:routepoint_id>861487924</swisstopo:routepoint_id>
				</extensions>
			</trkpt>
			<trkpt lat="47.1875412814" lon="8.6991537404">
				<ele>609.8</ele>
				<time>2026-05-21T14:58:29Z</time>
				<extensions>
					<swisstopo:routepoint_id>692790594</swisstopo:routepoint_id>
				</extensions>
			</trkpt>
			<trkpt lat="47.1875407054" lon="8.6991509809">
				<ele>609.8</ele>
				<time>2026-05-21T14:58:30Z</time>
				<extensions>
					<swisstopo:routepoint_id>75179324</swisstopo:routepoint_id>
				</extensions>
			</trkpt>
			<trkpt lat="47.1875392509" lon="8.6991460832">
				<ele>609.7</ele>
				<time>2026-05-21T14:58:31Z</time>
				<extensions>
					<swisstopo:routepoint_id>818514032</swisstopo:routepoint_id>
				</extensions>
			</trkpt>
			<trkpt lat="47.1875390770" lon="8.6991427189">
				<ele>609.6</ele>
				<time>2026-05-21T14:58:32Z</time>
				<extensions>
					<swisstopo:routepoint_id>2132576789</swisstopo:routepoint_id>
				</extensions>
			</trkpt>
			<trkpt lat="47.1875412089" lon="8.6991352333">
				<ele>609.5</ele>
				<time>2026-05-21T14:58:33Z</time>
				<extensions>
					<swisstopo:routepoint_id>716024293</swisstopo:routepoint_id>
				</extensions>
			</trkpt>
			<trkpt lat="47.1875438028" lon="8.6991263286">
				<ele>609.5</ele>
				<time>2026-05-21T14:58:34Z</time>
				<extensions>
					<swisstopo:routepoint_id>1869418310</swisstopo:routepoint_id>
				</extensions>
			</trkpt>
			<trkpt lat="47.1875459572" lon="8.6991193966">
				<ele>609.4</ele>
				<time>2026-05-21T14:58:35Z</time>
				<extensions>
					<swisstopo:routepoint_id>1627780560</swisstopo:routepoint_id>
				</extensions>
			</trkpt>
			<trkpt lat="47.1875448263" lon="8.6991225744">
				<ele>609.7</ele>
				<time>2026-05-21T14:58:36Z</time>
				<extensions>
					<swisstopo:routepoint_id>1313692787</swisstopo:routepoint_id>
				</extensions>
			</trkpt>
			<trkpt lat="47.1875446937" lon="8.6991233009">
				<ele>609.8</ele>
				<time>2026-05-21T14:58:37Z</time>
				<extensions>
					<swisstopo:routepoint_id>955296302</swisstopo:routepoint_id>
				</extensions>
			</trkpt>
			<trkpt lat="47.1875454861" lon="8.6991215871">
				<ele>610.2</ele>
				<time>2026-05-21T14:58:38Z</time>
				<extensions>
					<swisstopo:routepoint_id>1077202742</swisstopo:routepoint_id>
				</extensions>
			</trkpt>
			<trkpt lat="47.1875461957" lon="8.6991216842">
				<ele>610.2</ele>
				<time>2026-05-21T14:58:39Z</time>
				<extensions>
					<swisstopo:routepoint_id>1259340584</swisstopo:routepoint_id>
				</extensions>
			</trkpt>
			<trkpt lat="47.1875485953" lon="8.6991125636">
				<ele>610.5</ele>
				<time>2026-05-21T14:58:40Z</time>
				<extensions>
					<swisstopo:routepoint_id>138370456</swisstopo:routepoint_id>
				</extensions>
			</trkpt>
			<trkpt lat="47.1875517457" lon="8.6990942478">
				<ele>610.2</ele>
				<time>2026-05-21T14:58:41Z</time>
				<extensions>
					<swisstopo:routepoint_id>2014947938</swisstopo:routepoint_id>
				</extensions>
			</trkpt>
			<trkpt lat="47.1875546195" lon="8.6990732304">
				<ele>610.0</ele>
				<time>2026-05-21T14:58:42Z</time>
				<extensions>
					<swisstopo:routepoint_id>1560364423</swisstopo:routepoint_id>
				</extensions>
			</trkpt>
			<trkpt lat="47.1875569692" lon="8.6990529413">
				<ele>610.1</ele>
				<time>2026-05-21T14:58:43Z</time>
				<extensions>
					<swisstopo:routepoint_id>2122043844</swisstopo:routepoint_id>
				</extensions>
			</trkpt>
			<trkpt lat="47.1875587999" lon="8.6990349235">
				<ele>610.4</ele>
				<time>2026-05-21T14:58:44Z</time>
				<extensions>
					<swisstopo:routepoint_id>1929960379</swisstopo:routepoint_id>
				</extensions>
			</trkpt>
			<trkpt lat="47.1875601731" lon="8.6990194085">
				<ele>610.5</ele>
				<time>2026-05-21T14:58:45Z</time>
				<extensions>
					<swisstopo:routepoint_id>1251085565</swisstopo:routepoint_id>
				</extensions>
			</trkpt>
			<trkpt lat="47.1875605575" lon="8.6989988268">
				<ele>610.5</ele>
				<time>2026-05-21T14:58:46Z</time>
				<extensions>
					<swisstopo:routepoint_id>982703178</swisstopo:routepoint_id>
				</extensions>
			</trkpt>
			<trkpt lat="47.1875610516" lon="8.6989846232">
				<ele>610.7</ele>
				<time>2026-05-21T14:58:47Z</time>
				<extensions>
					<swisstopo:routepoint_id>2143067216</swisstopo:routepoint_id>
				</extensions>
			</trkpt>
			<trkpt lat="47.1875615194" lon="8.6989768368">
				<ele>610.9</ele>
				<time>2026-05-21T14:58:48Z</time>
				<extensions>
					<swisstopo:routepoint_id>934971828</swisstopo:routepoint_id>
				</extensions>
			</trkpt>
			<trkpt lat="47.1875617872" lon="8.6989712513">
				<ele>611.0</ele>
				<time>2026-05-21T14:58:49Z</time>
				<extensions>
					<swisstopo:routepoint_id>933668097</swisstopo:routepoint_id>
				</extensions>
			</trkpt>
			<trkpt lat="47.1875618231" lon="8.6989654610">
				<ele>611.0</ele>
				<time>2026-05-21T14:58:50Z</time>
				<extensions>
					<swisstopo:routepoint_id>496697650</swisstopo:routepoint_id>
				</extensions>
			</trkpt>
			<trkpt lat="47.1875617426" lon="8.6989613112">
				<ele>611.0</ele>
				<time>2026-05-21T14:58:51Z</time>
				<extensions>
					<swisstopo:routepoint_id>728467661</swisstopo:routepoint_id>
				</extensions>
			</trkpt>
			<trkpt lat="47.1875615928" lon="8.6989588281">
				<ele>611.1</ele>
				<time>2026-05-21T14:58:52Z</time>
				<extensions>
					<swisstopo:routepoint_id>551706880</swisstopo:routepoint_id>
				</extensions>
			</trkpt>
			<trkpt lat="47.1875608543" lon="8.6989535786">
				<ele>611.2</ele>
				<time>2026-05-21T14:58:53Z</time>
				<extensions>
					<swisstopo:routepoint_id>1850628061</swisstopo:routepoint_id>
				</extensions>
			</trkpt>
			<trkpt lat="47.1875599516" lon="8.6989483028">
				<ele>611.3</ele>
				<time>2026-05-21T14:58:54Z</time>
				<extensions>
					<swisstopo:routepoint_id>1500161726</swisstopo:routepoint_id>
				</extensions>
			</trkpt>
			<trkpt lat="47.1875632157" lon="8.6989434789">
				<ele>611.4</ele>
				<time>2026-05-21T14:58:55Z</time>
				<extensions>
					<swisstopo:routepoint_id>1760113102</swisstopo:routepoint_id>
				</extensions>
			</trkpt>
			<trkpt lat="47.1875679414" lon="8.6989374156">
				<ele>611.4</ele>
				<time>2026-05-21T14:58:56Z</time>
				<extensions>
					<swisstopo:routepoint_id>633667889</swisstopo:routepoint_id>
				</extensions>
			</trkpt>
			<trkpt lat="47.1875754467" lon="8.6989329802">
				<ele>611.5</ele>
				<time>2026-05-21T14:58:57Z</time>
				<extensions>
					<swisstopo:routepoint_id>684804950</swisstopo:routepoint_id>
				</extensions>
			</trkpt>
			<trkpt lat="47.1875783879" lon="8.6989216711">
				<ele>611.6</ele>
				<time>2026-05-21T14:58:58Z</time>
				<extensions>
					<swisstopo:routepoint_id>1151930377</swisstopo:routepoint_id>
				</extensions>
			</trkpt>
			<trkpt lat="47.1875811737" lon="8.6989135439">
				<ele>611.6</ele>
				<time>2026-05-21T14:58:59Z</time>
				<extensions>
					<swisstopo:routepoint_id>928768534</swisstopo:routepoint_id>
				</extensions>
			</trkpt>
			<trkpt lat="47.1875768933" lon="8.6988977063">
				<ele>611.7</ele>
				<time>2026-05-21T14:59:00Z</time>
				<extensions>
					<swisstopo:routepoint_id>1901604542</swisstopo:routepoint_id>
				</extensions>
			</trkpt>
			<trkpt lat="47.1875727111" lon="8.6988848866">
				<ele>611.7</ele>
				<time>2026-05-21T14:59:01Z</time>
				<extensions>
					<swisstopo:routepoint_id>1415902740</swisstopo:routepoint_id>
				</extensions>
			</trkpt>
			<trkpt lat="47.1875692172" lon="8.6988742633">
				<ele>611.7</ele>
				<time>2026-05-21T14:59:02Z</time>
				<extensions>
					<swisstopo:routepoint_id>811058773</swisstopo:routepoint_id>
				</extensions>
			</trkpt>
			<trkpt lat="47.1875662728" lon="8.6988664763">
				<ele>611.7</ele>
				<time>2026-05-21T14:59:03Z</time>
				<extensions>
					<swisstopo:routepoint_id>1386090302</swisstopo:routepoint_id>
				</extensions>
			</trkpt>
			<trkpt lat="47.1875648085" lon="8.6988598953">
				<ele>611.8</ele>
				<time>2026-05-21T14:59:04Z</time>
				<extensions>
					<swisstopo:routepoint_id>117103058</swisstopo:routepoint_id>
				</extensions>
			</trkpt>
			<trkpt lat="47.1875659183" lon="8.6988519308">
				<ele>611.9</ele>
				<time>2026-05-21T14:59:05Z</time>
				<extensions>
					<swisstopo:routepoint_id>1056075154</swisstopo:routepoint_id>
				</extensions>
			</trkpt>
			<trkpt lat="47.1875684180" lon="8.6988478391">
				<ele>611.9</ele>
				<time>2026-05-21T14:59:06Z</time>
				<extensions>
					<swisstopo:routepoint_id>502770823</swisstopo:routepoint_id>
				</extensions>
			</trkpt>
			<trkpt lat="47.1875688226" lon="8.6988477180">
				<ele>612.2</ele>
				<time>2026-05-21T14:59:07Z</time>
				<extensions>
					<swisstopo:routepoint_id>1868554863</swisstopo:routepoint_id>
				</extensions>
			</trkpt>
			<trkpt lat="47.1875645456" lon="8.6988555381">
				<ele>612.1</ele>
				<time>2026-05-21T14:59:08Z</time>
				<extensions>
					<swisstopo:routepoint_id>728713</swisstopo:routepoint_id>
				</extensions>
			</trkpt>
			<trkpt lat="47.1875613689" lon="8.6988597828">
				<ele>612.1</ele>
				<time>2026-05-21T14:59:09Z</time>
				<extensions>
					<swisstopo:routepoint_id>1510061156</swisstopo:routepoint_id>
				</extensions>
			</trkpt>
			<trkpt lat="47.1875571109" lon="8.6988564088">
				<ele>611.9</ele>
				<time>2026-05-21T14:59:10Z</time>
				<extensions>
					<swisstopo:routepoint_id>636108646</swisstopo:routepoint_id>
				</extensions>
			</trkpt>
			<trkpt lat="47.1875535997" lon="8.6988520377">
				<ele>611.9</ele>
				<time>2026-05-21T14:59:11Z</time>
				<extensions>
					<swisstopo:routepoint_id>904418556</swisstopo:routepoint_id>
				</extensions>
			</trkpt>
			<trkpt lat="47.1875544625" lon="8.6988520015">
				<ele>612.0</ele>
				<time>2026-05-21T14:59:12Z</time>
				<extensions>
					<swisstopo:routepoint_id>673417226</swisstopo:routepoint_id>
				</extensions>
			</trkpt>
			<trkpt lat="47.1875560091" lon="8.6988496718">
				<ele>612.2</ele>
				<time>2026-05-21T14:59:13Z</time>
				<extensions>
					<swisstopo:routepoint_id>884497692</swisstopo:routepoint_id>
				</extensions>
			</trkpt>
			<trkpt lat="47.1875581228" lon="8.6988508896">
				<ele>612.3</ele>
				<time>2026-05-21T14:59:14Z</time>
				<extensions>
					<swisstopo:routepoint_id>870904910</swisstopo:routepoint_id>
				</extensions>
			</trkpt>
			<trkpt lat="47.1875617380" lon="8.6988561906">
				<ele>612.4</ele>
				<time>2026-05-21T14:59:15Z</time>
				<extensions>
					<swisstopo:routepoint_id>50284418</swisstopo:routepoint_id>
				</extensions>
			</trkpt>
			<trkpt lat="47.1875655873" lon="8.6988601149">
				<ele>612.6</ele>
				<time>2026-05-21T14:59:16Z</time>
				<extensions>
					<swisstopo:routepoint_id>1169140055</swisstopo:routepoint_id>
				</extensions>
			</trkpt>
			<trkpt lat="47.1875693166" lon="8.6988642479">
				<ele>612.7</ele>
				<time>2026-05-21T14:59:17Z</time>
				<extensions>
					<swisstopo:routepoint_id>261534335</swisstopo:routepoint_id>
				</extensions>
			</trkpt>
			<trkpt lat="47.1875712119" lon="8.6988733728">
				<ele>612.5</ele>
				<time>2026-05-21T14:59:18Z</time>
				<extensions>
					<swisstopo:routepoint_id>1856026583</swisstopo:routepoint_id>
				</extensions>
			</trkpt>
			<trkpt lat="47.1875707312" lon="8.6988885818">
				<ele>612.5</ele>
				<time>2026-05-21T14:59:19Z</time>
				<extensions>
					<swisstopo:routepoint_id>2038807806</swisstopo:routepoint_id>
				</extensions>
			</trkpt>
			<trkpt lat="47.1875685895" lon="8.6989001145">
				<ele>612.9</ele>
				<time>2026-05-21T14:59:20Z</time>
				<extensions>
					<swisstopo:routepoint_id>993723910</swisstopo:routepoint_id>
				</extensions>
			</trkpt>
			<trkpt lat="47.1875702585" lon="8.6989151573">
				<ele>612.9</ele>
				<time>2026-05-21T14:59:21Z</time>
				<extensions>
					<swisstopo:routepoint_id>537432651</swisstopo:routepoint_id>
				</extensions>
			</trkpt>
			<trkpt lat="47.1875690481" lon="8.6989305671">
				<ele>612.6</ele>
				<time>2026-05-21T14:59:22Z</time>
				<extensions>
					<swisstopo:routepoint_id>314346075</swisstopo:routepoint_id>
				</extensions>
			</trkpt>
			<trkpt lat="47.1875721176" lon="8.6989408724">
				<ele>612.5</ele>
				<time>2026-05-21T14:59:23Z</time>
				<extensions>
					<swisstopo:routepoint_id>404710905</swisstopo:routepoint_id>
				</extensions>
			</trkpt>
			<trkpt lat="47.1875731916" lon="8.6989476976">
				<ele>612.4</ele>
				<time>2026-05-21T14:59:24Z</time>
				<extensions>
					<swisstopo:routepoint_id>895470286</swisstopo:routepoint_id>
				</extensions>
			</trkpt>
			<trkpt lat="47.1875739177" lon="8.6989558219">
				<ele>612.3</ele>
				<time>2026-05-21T14:59:25Z</time>
				<extensions>
					<swisstopo:routepoint_id>603698626</swisstopo:routepoint_id>
				</extensions>
			</trkpt>
			<trkpt lat="47.1875706699" lon="8.6989683161">
				<ele>612.1</ele>
				<time>2026-05-21T14:59:26Z</time>
				<extensions>
					<swisstopo:routepoint_id>1650058754</swisstopo:routepoint_id>
				</extensions>
			</trkpt>
			<trkpt lat="47.1875682208" lon="8.6989803572">
				<ele>612.1</ele>
				<time>2026-05-21T14:59:27Z</time>
				<extensions>
					<swisstopo:routepoint_id>2081144767</swisstopo:routepoint_id>
				</extensions>
			</trkpt>
			<trkpt lat="47.1875643168" lon="8.6989943797">
				<ele>611.9</ele>
				<time>2026-05-21T14:59:28Z</time>
				<extensions>
					<swisstopo:routepoint_id>1733940280</swisstopo:routepoint_id>
				</extensions>
			</trkpt>
			<trkpt lat="47.1875597020" lon="8.6990070898">
				<ele>611.8</ele>
				<time>2026-05-21T14:59:29Z</time>
				<extensions>
					<swisstopo:routepoint_id>981196170</swisstopo:routepoint_id>
				</extensions>
			</trkpt>
			<trkpt lat="47.1875538828" lon="8.6990229705">
				<ele>611.1</ele>
				<time>2026-05-21T14:59:30Z</time>
				<extensions>
					<swisstopo:routepoint_id>437103877</swisstopo:routepoint_id>
				</extensions>
			</trkpt>
			<trkpt lat="47.1875503248" lon="8.6990416822">
				<ele>611.2</ele>
				<time>2026-05-21T14:59:31Z</time>
				<extensions>
					<swisstopo:routepoint_id>2010787999</swisstopo:routepoint_id>
				</extensions>
			</trkpt>
			<trkpt lat="47.1875472200" lon="8.6990632952">
				<ele>611.0</ele>
				<time>2026-05-21T14:59:32Z</time>
				<extensions>
					<swisstopo:routepoint_id>363746354</swisstopo:routepoint_id>
				</extensions>
			</trkpt>
			<trkpt lat="47.1875446655" lon="8.6990817559">
				<ele>611.2</ele>
				<time>2026-05-21T14:59:33Z</time>
				<extensions>
					<swisstopo:routepoint_id>1746512316</swisstopo:routepoint_id>
				</extensions>
			</trkpt>
			<trkpt lat="47.1875431833" lon="8.6990987453">
				<ele>611.1</ele>
				<time>2026-05-21T14:59:34Z</time>
				<extensions>
					<swisstopo:routepoint_id>1826007816</swisstopo:routepoint_id>
				</extensions>
			</trkpt>
			<trkpt lat="47.1875388253" lon="8.6991177627">
				<ele>611.2</ele>
				<time>2026-05-21T14:59:35Z</time>
				<extensions>
					<swisstopo:routepoint_id>24564235</swisstopo:routepoint_id>
				</extensions>
			</trkpt>
			<trkpt lat="47.1875339730" lon="8.6991352018">
				<ele>611.3</ele>
				<time>2026-05-21T14:59:36Z</time>
				<extensions>
					<swisstopo:routepoint_id>534237421</swisstopo:routepoint_id>
				</extensions>
			</trkpt>
			<trkpt lat="47.1875289238" lon="8.6991510933">
				<ele>611.2</ele>
				<time>2026-05-21T14:59:37Z</time>
				<extensions>
					<swisstopo:routepoint_id>299206640</swisstopo:routepoint_id>
				</extensions>
			</trkpt>
			<trkpt lat="47.1875237041" lon="8.6991655292">
				<ele>610.6</ele>
				<time>2026-05-21T14:59:38Z</time>
				<extensions>
					<swisstopo:routepoint_id>1506780853</swisstopo:routepoint_id>
				</extensions>
			</trkpt>
			<trkpt lat="47.1875202968" lon="8.6991747982">
				<ele>610.2</ele>
				<time>2026-05-21T14:59:39Z</time>
				<extensions>
					<swisstopo:routepoint_id>1338630947</swisstopo:routepoint_id>
				</extensions>
			</trkpt>
			<trkpt lat="47.1875149045" lon="8.6991861352">
				<ele>609.9</ele>
				<time>2026-05-21T14:59:40Z</time>
				<extensions>
					<swisstopo:routepoint_id>1331640257</swisstopo:routepoint_id>
				</extensions>
			</trkpt>
			<trkpt lat="47.1875109614" lon="8.6991938503">
				<ele>610.0</ele>
				<time>2026-05-21T14:59:41Z</time>
				<extensions>
					<swisstopo:routepoint_id>1950714012</swisstopo:routepoint_id>
				</extensions>
			</trkpt>
			<trkpt lat="47.1875074497" lon="8.6992040326">
				<ele>610.0</ele>
				<time>2026-05-21T14:59:42Z</time>
				<extensions>
					<swisstopo:routepoint_id>17560935</swisstopo:routepoint_id>
				</extensions>
			</trkpt>
			<trkpt lat="47.1875065028" lon="8.6992094165">
				<ele>609.8</ele>
				<time>2026-05-21T14:59:43Z</time>
				<extensions>
					<swisstopo:routepoint_id>941374906</swisstopo:routepoint_id>
				</extensions>
			</trkpt>
			<trkpt lat="47.1875165455" lon="8.6992360794">
				<ele>609.5</ele>
				<time>2026-05-21T14:59:44Z</time>
				<extensions>
					<swisstopo:routepoint_id>1176017693</swisstopo:routepoint_id>
				</extensions>
			</trkpt>
			<trkpt lat="47.1875315355" lon="8.6992656094">
				<ele>609.5</ele>
				<time>2026-05-21T14:59:45Z</time>
				<extensions>
					<swisstopo:routepoint_id>2037362910</swisstopo:routepoint_id>
				</extensions>
			</trkpt>
			<trkpt lat="47.1875478479" lon="8.6992926622">
				<ele>609.8</ele>
				<time>2026-05-21T14:59:46Z</time>
				<extensions>
					<swisstopo:routepoint_id>331676955</swisstopo:routepoint_id>
				</extensions>
			</trkpt>
			<trkpt lat="47.1875679983" lon="8.6993202032">
				<ele>610.2</ele>
				<time>2026-05-21T14:59:47Z</time>
				<extensions>
					<swisstopo:routepoint_id>1774518720</swisstopo:routepoint_id>
				</extensions>
			</trkpt>
			<trkpt lat="47.1875907775" lon="8.6993481318">
				<ele>610.8</ele>
				<time>2026-05-21T14:59:48Z</time>
				<extensions>
					<swisstopo:routepoint_id>83237504</swisstopo:routepoint_id>
				</extensions>
			</trkpt>
			<trkpt lat="47.1876131636" lon="8.6993773678">
				<ele>610.8</ele>
				<time>2026-05-21T14:59:49Z</time>
				<extensions>
					<swisstopo:routepoint_id>960875531</swisstopo:routepoint_id>
				</extensions>
			</trkpt>
			<trkpt lat="47.1876371054" lon="8.6994070917">
				<ele>610.8</ele>
				<time>2026-05-21T14:59:50Z</time>
				<extensions>
					<swisstopo:routepoint_id>358024077</swisstopo:routepoint_id>
				</extensions>
			</trkpt>
			<trkpt lat="47.1876632911" lon="8.6994391744">
				<ele>610.9</ele>
				<time>2026-05-21T14:59:51Z</time>
				<extensions>
					<swisstopo:routepoint_id>61483245</swisstopo:routepoint_id>
				</extensions>
			</trkpt>
			<trkpt lat="47.1876882859" lon="8.6994707152">
				<ele>611.3</ele>
				<time>2026-05-21T14:59:52Z</time>
				<extensions>
					<swisstopo:routepoint_id>409264508</swisstopo:routepoint_id>
				</extensions>
			</trkpt>
			<trkpt lat="47.1877128024" lon="8.6995048782">
				<ele>611.5</ele>
				<time>2026-05-21T14:59:53Z</time>
				<extensions>
					<swisstopo:routepoint_id>118464615</swisstopo:routepoint_id>
				</extensions>
			</trkpt>
			<trkpt lat="47.1877347944" lon="8.6995367645">
				<ele>611.3</ele>
				<time>2026-05-21T14:59:54Z</time>
				<extensions>
					<swisstopo:routepoint_id>317443536</swisstopo:routepoint_id>
				</extensions>
			</trkpt>
			<trkpt lat="47.1877558220" lon="8.6995732948">
				<ele>611.0</ele>
				<time>2026-05-21T14:59:55Z</time>
				<extensions>
					<swisstopo:routepoint_id>924130404</swisstopo:routepoint_id>
				</extensions>
			</trkpt>
			<trkpt lat="47.1877754666" lon="8.6996110129">
				<ele>610.5</ele>
				<time>2026-05-21T14:59:56Z</time>
				<extensions>
					<swisstopo:routepoint_id>1257964924</swisstopo:routepoint_id>
				</extensions>
			</trkpt>
			<trkpt lat="47.1877924291" lon="8.6996480053">
				<ele>610.4</ele>
				<time>2026-05-21T14:59:57Z</time>
				<extensions>
					<swisstopo:routepoint_id>639972953</swisstopo:routepoint_id>
				</extensions>
			</trkpt>
			<trkpt lat="47.1878072179" lon="8.6996840420">
				<ele>610.6</ele>
				<time>2026-05-21T14:59:58Z</time>
				<extensions>
					<swisstopo:routepoint_id>1427316895</swisstopo:routepoint_id>
				</extensions>
			</trkpt>
			<trkpt lat="47.1878210897" lon="8.6997203257">
				<ele>611.0</ele>
				<time>2026-05-21T14:59:59Z</time>
				<extensions>
					<swisstopo:routepoint_id>1522717275</swisstopo:routepoint_id>
				</extensions>
			</trkpt>
			<trkpt lat="47.1878328963" lon="8.6997522382">
				<ele>611.1</ele>
				<time>2026-05-21T15:00:00Z</time>
				<extensions>
					<swisstopo:routepoint_id>746619626</swisstopo:routepoint_id>
				</extensions>
			</trkpt>
			<trkpt lat="47.1878422055" lon="8.6997782989">
				<ele>611.3</ele>
				<time>2026-05-21T15:00:02Z</time>
				<extensions>
					<swisstopo:routepoint_id>689104761</swisstopo:routepoint_id>
				</extensions>
			</trkpt>
			<trkpt lat="47.1878275367" lon="8.6997722921">
				<ele>611.7</ele>
				<time>2026-05-21T15:00:02Z</time>
				<extensions>
					<swisstopo:routepoint_id>404409856</swisstopo:routepoint_id>
				</extensions>
			</trkpt>
			<trkpt lat="47.1878275355" lon="8.6997722898">
				<ele>611.7</ele>
				<time>2026-05-21T15:00:03Z</time>
				<extensions>
					<swisstopo:routepoint_id>130707037</swisstopo:routepoint_id>
				</extensions>
			</trkpt>
			<trkpt lat="47.1878275183" lon="8.6997722447">
				<ele>611.7</ele>
				<time>2026-05-21T15:00:04Z</time>
				<extensions>
					<swisstopo:routepoint_id>2064883625</swisstopo:routepoint_id>
				</extensions>
			</trkpt>
			<trkpt lat="47.1878270627" lon="8.6997711095">
				<ele>611.7</ele>
				<time>2026-05-21T15:00:05Z</time>
				<extensions>
					<swisstopo:routepoint_id>1163349855</swisstopo:routepoint_id>
				</extensions>
			</trkpt>
			<trkpt lat="47.1878257513" lon="8.6997678156">
				<ele>611.6</ele>
				<time>2026-05-21T15:00:06Z</time>
				<extensions>
					<swisstopo:routepoint_id>1729890697</swisstopo:routepoint_id>
				</extensions>
			</trkpt>
			<trkpt lat="47.1878233523" lon="8.6997617793">
				<ele>611.3</ele>
				<time>2026-05-21T15:00:07Z</time>
				<extensions>
					<swisstopo:routepoint_id>1639331393</swisstopo:routepoint_id>
				</extensions>
			</trkpt>
			<trkpt lat="47.1878197793" lon="8.6997527581">
				<ele>610.8</ele>
				<time>2026-05-21T15:00:08Z</time>
				<extensions>
					<swisstopo:routepoint_id>27531141</swisstopo:routepoint_id>
				</extensions>
			</trkpt>
			<trkpt lat="47.1878156039" lon="8.6997422786">
				<ele>610.1</ele>
				<time>2026-05-21T15:00:09Z</time>
				<extensions>
					<swisstopo:routepoint_id>1006902682</swisstopo:routepoint_id>
				</extensions>
			</trkpt>
			<trkpt lat="47.1878109528" lon="8.6997304698">
				<ele>609.4</ele>
				<time>2026-05-21T15:00:10Z</time>
				<extensions>
					<swisstopo:routepoint_id>842238014</swisstopo:routepoint_id>
				</extensions>
			</trkpt>
			<trkpt lat="47.1878062791" lon="8.6997184437">
				<ele>608.6</ele>
				<time>2026-05-21T15:00:11Z</time>
				<extensions>
					<swisstopo:routepoint_id>1429583921</swisstopo:routepoint_id>
				</extensions>
			</trkpt>
			<trkpt lat="47.1878032152" lon="8.6997108727">
				<ele>607.9</ele>
				<time>2026-05-21T15:00:12Z</time>
				<extensions>
					<swisstopo:routepoint_id>969917611</swisstopo:routepoint_id>
				</extensions>
			</trkpt>
			<trkpt lat="47.1878004555" lon="8.6997038770">
				<ele>607.5</ele>
				<time>2026-05-21T15:00:13Z</time>
				<extensions>
					<swisstopo:routepoint_id>2004407347</swisstopo:routepoint_id>
				</extensions>
			</trkpt>
			<trkpt lat="47.1877981830" lon="8.6996980129">
				<ele>607.2</ele>
				<time>2026-05-21T15:00:14Z</time>
				<extensions>
					<swisstopo:routepoint_id>498310540</swisstopo:routepoint_id>
				</extensions>
			</trkpt>
			<trkpt lat="47.1877964229" lon="8.6996933961">
				<ele>607.2</ele>
				<time>2026-05-21T15:00:15Z</time>
				<extensions>
					<swisstopo:routepoint_id>2066506127</swisstopo:routepoint_id>
				</extensions>
			</trkpt>
			<trkpt lat="47.1877957475" lon="8.6996917573">
				<ele>607.3</ele>
				<time>2026-05-21T15:00:16Z</time>
				<extensions>
					<swisstopo:routepoint_id>515453558</swisstopo:routepoint_id>
				</extensions>
			</trkpt>
			<trkpt lat="47.1877954681" lon="8.6996911140">
				<ele>607.4</ele>
				<time>2026-05-21T15:00:17Z</time>
				<extensions>
					<swisstopo:routepoint_id>278917308</swisstopo:routepoint_id>
				</extensions>
			</trkpt>
			<trkpt lat="47.1877954319" lon="8.6996910547">
				<ele>607.5</ele>
				<time>2026-05-21T15:00:18Z</time>
				<extensions>
					<swisstopo:routepoint_id>1953877802</swisstopo:routepoint_id>
				</extensions>
			</trkpt>
			<trkpt lat="47.1877965525" lon="8.6996943000">
				<ele>607.7</ele>
				<time>2026-05-21T15:00:19Z</time>
				<extensions>
					<swisstopo:routepoint_id>1651771937</swisstopo:routepoint_id>
				</extensions>
			</trkpt>
			<trkpt lat="47.1877974100" lon="8.6996966989">
				<ele>607.9</ele>
				<time>2026-05-21T15:00:19Z</time>
				<extensions>
					<swisstopo:routepoint_id>809840390</swisstopo:routepoint_id>
				</extensions>
			</trkpt>
			<trkpt lat="47.1877984915" lon="8.6996997089">
				<ele>608.0</ele>
				<time>2026-05-21T15:00:20Z</time>
				<extensions>
					<swisstopo:routepoint_id>236080044</swisstopo:routepoint_id>
				</extensions>
			</trkpt>
			<trkpt lat="47.1877989325" lon="8.6997008047">
				<ele>608.2</ele>
				<time>2026-05-21T15:00:21Z</time>
				<extensions>
					<swisstopo:routepoint_id>1395003499</swisstopo:routepoint_id>
				</extensions>
			</trkpt>
			<trkpt lat="47.1877987444" lon="8.6997000355">
				<ele>608.3</ele>
				<time>2026-05-21T15:00:22Z</time>
				<extensions>
					<swisstopo:routepoint_id>1744833394</swisstopo:routepoint_id>
				</extensions>
			</trkpt>
			<trkpt lat="47.1877994065" lon="8.6997017655">
				<ele>608.5</ele>
				<time>2026-05-21T15:00:23Z</time>
				<extensions>
					<swisstopo:routepoint_id>1525653173</swisstopo:routepoint_id>
				</extensions>
			</trkpt>
			<trkpt lat="47.1878018395" lon="8.6997087128">
				<ele>608.7</ele>
				<time>2026-05-21T15:00:24Z</time>
				<extensions>
					<swisstopo:routepoint_id>698133431</swisstopo:routepoint_id>
				</extensions>
			</trkpt>
			<trkpt lat="47.1878044603" lon="8.6997162261">
				<ele>608.8</ele>
				<time>2026-05-21T15:00:25Z</time>
				<extensions>
					<swisstopo:routepoint_id>1825411256</swisstopo:routepoint_id>
				</extensions>
			</trkpt>
			<trkpt lat="47.1878067284" lon="8.6997227199">
				<ele>608.9</ele>
				<time>2026-05-21T15:00:26Z</time>
				<extensions>
					<swisstopo:routepoint_id>735598550</swisstopo:routepoint_id>
				</extensions>
			</trkpt>
			<trkpt lat="47.1878086141" lon="8.6997281094">
				<ele>608.9</ele>
				<time>2026-05-21T15:00:27Z</time>
				<extensions>
					<swisstopo:routepoint_id>141474071</swisstopo:routepoint_id>
				</extensions>
			</trkpt>
			<trkpt lat="47.1878120280" lon="8.6997367684">
				<ele>609.0</ele>
				<time>2026-05-21T15:00:28Z</time>
				<extensions>
					<swisstopo:routepoint_id>490314068</swisstopo:routepoint_id>
				</extensions>
			</trkpt>
			<trkpt lat="47.1878121534" lon="8.6997370152">
				<ele>609.1</ele>
				<time>2026-05-21T15:00:29Z</time>
				<extensions>
					<swisstopo:routepoint_id>813787337</swisstopo:routepoint_id>
				</extensions>
			</trkpt>
			<trkpt lat="47.1878116799" lon="8.6997357290">
				<ele>609.3</ele>
				<time>2026-05-21T15:00:30Z</time>
				<extensions>
					<swisstopo:routepoint_id>425216</swisstopo:routepoint_id>
				</extensions>
			</trkpt>
			<trkpt lat="47.1878117319" lon="8.6997359956">
				<ele>609.5</ele>
				<time>2026-05-21T15:00:31Z</time>
				<extensions>
					<swisstopo:routepoint_id>704154371</swisstopo:routepoint_id>
				</extensions>
			</trkpt>
			<trkpt lat="47.1878118588" lon="8.6997364835">
				<ele>609.6</ele>
				<time>2026-05-21T15:00:32Z</time>
				<extensions>
					<swisstopo:routepoint_id>2087618427</swisstopo:routepoint_id>
				</extensions>
			</trkpt>
			<trkpt lat="47.1878121676" lon="8.6997375023">
				<ele>609.8</ele>
				<time>2026-05-21T15:00:33Z</time>
				<extensions>
					<swisstopo:routepoint_id>1015077903</swisstopo:routepoint_id>
				</extensions>
			</trkpt>
			<trkpt lat="47.1878131449" lon="8.6997401837">
				<ele>609.8</ele>
				<time>2026-05-21T15:00:34Z</time>
				<extensions>
					<swisstopo:routepoint_id>804223953</swisstopo:routepoint_id>
				</extensions>
			</trkpt>
			<trkpt lat="47.1878131235" lon="8.6997402128">
				<ele>609.9</ele>
				<time>2026-05-21T15:00:35Z</time>
				<extensions>
					<swisstopo:routepoint_id>329903853</swisstopo:routepoint_id>
				</extensions>
			</trkpt>
			<trkpt lat="47.1878138913" lon="8.6997422416">
				<ele>609.8</ele>
				<time>2026-05-21T15:00:36Z</time>
				<extensions>
					<swisstopo:routepoint_id>2038764464</swisstopo:routepoint_id>
				</extensions>
			</trkpt>
			<trkpt lat="47.1878223511" lon="8.6997363622">
				<ele>609.8</ele>
				<time>2026-05-21T15:00:37Z</time>
				<extensions>
					<swisstopo:routepoint_id>265274916</swisstopo:routepoint_id>
				</extensions>
			</trkpt>
			<trkpt lat="47.1878266269" lon="8.6997286515">
				<ele>609.7</ele>
				<time>2026-05-21T15:00:38Z</time>
				<extensions>
					<swisstopo:routepoint_id>299462040</swisstopo:routepoint_id>
				</extensions>
			</trkpt>
			<trkpt lat="47.1878285570" lon="8.6997200360">
				<ele>609.7</ele>
				<time>2026-05-21T15:00:39Z</time>
				<extensions>
					<swisstopo:routepoint_id>1504321359</swisstopo:routepoint_id>
				</extensions>
			</trkpt>
			<trkpt lat="47.1878298363" lon="8.6997124894">
				<ele>609.7</ele>
				<time>2026-05-21T15:00:40Z</time>
				<extensions>
					<swisstopo:routepoint_id>804104582</swisstopo:routepoint_id>
				</extensions>
			</trkpt>
			<trkpt lat="47.1878307028" lon="8.6997062513">
				<ele>609.7</ele>
				<time>2026-05-21T15:00:41Z</time>
				<extensions>
					<swisstopo:routepoint_id>471119103</swisstopo:routepoint_id>
				</extensions>
			</trkpt>
			<trkpt lat="47.1878317884" lon="8.6997005744">
				<ele>610.1</ele>
				<time>2026-05-21T15:00:42Z</time>
				<extensions>
					<swisstopo:routepoint_id>326557632</swisstopo:routepoint_id>
				</extensions>
			</trkpt>
			<trkpt lat="47.1878310879" lon="8.6996935504">
				<ele>610.6</ele>
				<time>2026-05-21T15:00:43Z</time>
				<extensions>
					<swisstopo:routepoint_id>1633402939</swisstopo:routepoint_id>
				</extensions>
			</trkpt>
			<trkpt lat="47.1878280895" lon="8.6996872866">
				<ele>610.0</ele>
				<time>2026-05-21T15:00:44Z</time>
				<extensions>
					<swisstopo:routepoint_id>1319736172</swisstopo:routepoint_id>
				</extensions>
			</trkpt>
			<trkpt lat="47.1878214396" lon="8.6996769857">
				<ele>608.9</ele>
				<time>2026-05-21T15:00:45Z</time>
				<extensions>
					<swisstopo:routepoint_id>1594736588</swisstopo:routepoint_id>
				</extensions>
			</trkpt>
			<trkpt lat="47.1878102252" lon="8.6996683300">
				<ele>608.3</ele>
				<time>2026-05-21T15:00:46Z</time>
				<extensions>
					<swisstopo:routepoint_id>2141919956</swisstopo:routepoint_id>
				</extensions>
			</trkpt>
			<trkpt lat="47.1877970407" lon="8.6996584431">
				<ele>608.0</ele>
				<time>2026-05-21T15:00:47Z</time>
				<extensions>
					<swisstopo:routepoint_id>980325831</swisstopo:routepoint_id>
				</extensions>
			</trkpt>
			<trkpt lat="47.1877866932" lon="8.6996493040">
				<ele>607.9</ele>
				<time>2026-05-21T15:00:48Z</time>
				<extensions>
					<swisstopo:routepoint_id>841701833</swisstopo:routepoint_id>
				</extensions>
			</trkpt>
			<trkpt lat="47.1877784262" lon="8.6996420532">
				<ele>607.8</ele>
				<time>2026-05-21T15:00:49Z</time>
				<extensions>
					<swisstopo:routepoint_id>1007924442</swisstopo:routepoint_id>
				</extensions>
			</trkpt>
			<trkpt lat="47.1877718747" lon="8.6996365847">
				<ele>607.8</ele>
				<time>2026-05-21T15:00:50Z</time>
				<extensions>
					<swisstopo:routepoint_id>835089158</swisstopo:routepoint_id>
				</extensions>
			</trkpt>
			<trkpt lat="47.1877668448" lon="8.6996326438">
				<ele>607.7</ele>
				<time>2026-05-21T15:00:51Z</time>
				<extensions>
					<swisstopo:routepoint_id>1537845361</swisstopo:routepoint_id>
				</extensions>
			</trkpt>
			<trkpt lat="47.1877631335" lon="8.6996299824">
				<ele>607.7</ele>
				<time>2026-05-21T15:00:52Z</time>
				<extensions>
					<swisstopo:routepoint_id>1601290682</swisstopo:routepoint_id>
				</extensions>
			</trkpt>
			<trkpt lat="47.1877605390" lon="8.6996283674">
				<ele>607.7</ele>
				<time>2026-05-21T15:00:53Z</time>
				<extensions>
					<swisstopo:routepoint_id>627428170</swisstopo:routepoint_id>
				</extensions>
			</trkpt>
			<trkpt lat="47.1877588685" lon="8.6996275858">
				<ele>607.8</ele>
				<time>2026-05-21T15:00:54Z</time>
				<extensions>
					<swisstopo:routepoint_id>1040546420</swisstopo:routepoint_id>
				</extensions>
			</trkpt>
			<trkpt lat="47.1877545496" lon="8.6996331233">
				<ele>608.0</ele>
				<time>2026-05-21T15:00:55Z</time>
				<extensions>
					<swisstopo:routepoint_id>1504343419</swisstopo:routepoint_id>
				</extensions>
			</trkpt>
			<trkpt lat="47.1877508200" lon="8.6996391590">
				<ele>608.3</ele>
				<time>2026-05-21T15:00:56Z</time>
				<extensions>
					<swisstopo:routepoint_id>1174867002</swisstopo:routepoint_id>
				</extensions>
			</trkpt>
			<trkpt lat="47.1877503530" lon="8.6996487974">
				<ele>608.5</ele>
				<time>2026-05-21T15:00:57Z</time>
				<extensions>
					<swisstopo:routepoint_id>2025052096</swisstopo:routepoint_id>
				</extensions>
			</trkpt>
			<trkpt lat="47.1877507794" lon="8.6996578605">
				<ele>608.7</ele>
				<time>2026-05-21T15:00:58Z</time>
				<extensions>
					<swisstopo:routepoint_id>1729739816</swisstopo:routepoint_id>
				</extensions>
			</trkpt>
			<trkpt lat="47.1877515287" lon="8.6996655818">
				<ele>608.8</ele>
				<time>2026-05-21T15:00:59Z</time>
				<extensions>
					<swisstopo:routepoint_id>1250958073</swisstopo:routepoint_id>
				</extensions>
			</trkpt>
			<trkpt lat="47.1877524797" lon="8.6996720036">
				<ele>609.0</ele>
				<time>2026-05-21T15:01:00Z</time>
				<extensions>
					<swisstopo:routepoint_id>987428781</swisstopo:routepoint_id>
				</extensions>
			</trkpt>
			<trkpt lat="47.1877535411" lon="8.6996772149">
				<ele>609.1</ele>
				<time>2026-05-21T15:01:01Z</time>
				<extensions>
					<swisstopo:routepoint_id>2109381898</swisstopo:routepoint_id>
				</extensions>
			</trkpt>
			<trkpt lat="47.1877546415" lon="8.6996813290">
				<ele>609.2</ele>
				<time>2026-05-21T15:01:02Z</time>
				<extensions>
					<swisstopo:routepoint_id>1721515010</swisstopo:routepoint_id>
				</extensions>
			</trkpt>
			<trkpt lat="47.1877557266" lon="8.6996844729">
				<ele>609.2</ele>
				<time>2026-05-21T15:01:03Z</time>
				<extensions>
					<swisstopo:routepoint_id>455597039</swisstopo:routepoint_id>
				</extensions>
			</trkpt>
			<trkpt lat="47.1877567574" lon="8.6996867787">
				<ele>609.2</ele>
				<time>2026-05-21T15:01:04Z</time>
				<extensions>
					<swisstopo:routepoint_id>1440232918</swisstopo:routepoint_id>
				</extensions>
			</trkpt>
			<trkpt lat="47.1877577072" lon="8.6996883767">
				<ele>609.3</ele>
				<time>2026-05-21T15:01:05Z</time>
				<extensions>
					<swisstopo:routepoint_id>1706467489</swisstopo:routepoint_id>
				</extensions>
			</trkpt>
			<trkpt lat="47.1877585597" lon="8.6996893910">
				<ele>609.3</ele>
				<time>2026-05-21T15:01:06Z</time>
				<extensions>
					<swisstopo:routepoint_id>954981938</swisstopo:routepoint_id>
				</extensions>
			</trkpt>
			<trkpt lat="47.1877566703" lon="8.6996788413">
				<ele>609.3</ele>
				<time>2026-05-21T15:01:07Z</time>
				<extensions>
					<swisstopo:routepoint_id>88654288</swisstopo:routepoint_id>
				</extensions>
			</trkpt>
			<trkpt lat="47.1877549792" lon="8.6996680972">
				<ele>609.4</ele>
				<time>2026-05-21T15:01:08Z</time>
				<extensions>
					<swisstopo:routepoint_id>1806451045</swisstopo:routepoint_id>
				</extensions>
			</trkpt>
			<trkpt lat="47.1877531993" lon="8.6996603752">
				<ele>609.5</ele>
				<time>2026-05-21T15:01:09Z</time>
				<extensions>
					<swisstopo:routepoint_id>2046395676</swisstopo:routepoint_id>
				</extensions>
			</trkpt>
			<trkpt lat="47.1877479229" lon="8.6996561986">
				<ele>609.7</ele>
				<time>2026-05-21T15:01:10Z</time>
				<extensions>
					<swisstopo:routepoint_id>1821519827</swisstopo:routepoint_id>
				</extensions>
			</trkpt>
			<trkpt lat="47.1877421547" lon="8.6996537153">
				<ele>609.8</ele>
				<time>2026-05-21T15:01:11Z</time>
				<extensions>
					<swisstopo:routepoint_id>1904344404</swisstopo:routepoint_id>
				</extensions>
			</trkpt>
			<trkpt lat="47.1877372571" lon="8.6996519370">
				<ele>609.9</ele>
				<time>2026-05-21T15:01:12Z</time>
				<extensions>
					<swisstopo:routepoint_id>220123140</swisstopo:routepoint_id>
				</extensions>
			</trkpt>
			<trkpt lat="47.1877332909" lon="8.6996506789">
				<ele>609.9</ele>
				<time>2026-05-21T15:01:13Z</time>
				<extensions>
					<swisstopo:routepoint_id>1642773846</swisstopo:routepoint_id>
				</extensions>
			</trkpt>
			<trkpt lat="47.1877301673" lon="8.6996498533">
				<ele>610.0</ele>
				<time>2026-05-21T15:01:14Z</time>
				<extensions>
					<swisstopo:routepoint_id>2050263890</swisstopo:routepoint_id>
				</extensions>
			</trkpt>
			<trkpt lat="47.1877277873" lon="8.6996493784">
				<ele>610.0</ele>
				<time>2026-05-21T15:01:15Z</time>
				<extensions>
					<swisstopo:routepoint_id>262599468</swisstopo:routepoint_id>
				</extensions>
			</trkpt>
			<trkpt lat="47.1877260484" lon="8.6996491801">
				<ele>610.0</ele>
				<time>2026-05-21T15:01:16Z</time>
				<extensions>
					<swisstopo:routepoint_id>430364091</swisstopo:routepoint_id>
				</extensions>
			</trkpt>
			<trkpt lat="47.1877248500" lon="8.6996491930">
				<ele>610.0</ele>
				<time>2026-05-21T15:01:17Z</time>
				<extensions>
					<swisstopo:routepoint_id>404354341</swisstopo:routepoint_id>
				</extensions>
			</trkpt>
			<trkpt lat="47.1877240965" lon="8.6996493607">
				<ele>610.0</ele>
				<time>2026-05-21T15:01:18Z</time>
				<extensions>
					<swisstopo:routepoint_id>1345150079</swisstopo:routepoint_id>
				</extensions>
			</trkpt>
			<trkpt lat="47.1877237001" lon="8.6996496354">
				<ele>610.0</ele>
				<time>2026-05-21T15:01:19Z</time>
				<extensions>
					<swisstopo:routepoint_id>1377025784</swisstopo:routepoint_id>
				</extensions>
			</trkpt>
			<trkpt lat="47.1877235818" lon="8.6996499778">
				<ele>610.0</ele>
				<time>2026-05-21T15:01:20Z</time>
				<extensions>
					<swisstopo:routepoint_id>241087969</swisstopo:routepoint_id>
				</extensions>
			</trkpt>
			<trkpt lat="47.1877236726" lon="8.6996503565">
				<ele>610.0</ele>
				<time>2026-05-21T15:01:21Z</time>
				<extensions>
					<swisstopo:routepoint_id>1811336741</swisstopo:routepoint_id>
				</extensions>
			</trkpt>
			<trkpt lat="47.1877239136" lon="8.6996507466">
				<ele>610.0</ele>
				<time>2026-05-21T15:01:22Z</time>
				<extensions>
					<swisstopo:routepoint_id>408426115</swisstopo:routepoint_id>
				</extensions>
			</trkpt>
			<trkpt lat="47.1877242552" lon="8.6996511296">
				<ele>610.0</ele>
				<time>2026-05-21T15:01:23Z</time>
				<extensions>
					<swisstopo:routepoint_id>1059978993</swisstopo:routepoint_id>
				</extensions>
			</trkpt>
			<trkpt lat="47.1877289861" lon="8.6996587729">
				<ele>609.8</ele>
				<time>2026-05-21T15:01:24Z</time>
				<extensions>
					<swisstopo:routepoint_id>1690083486</swisstopo:routepoint_id>
				</extensions>
			</trkpt>
			<trkpt lat="47.1877355246" lon="8.6996676057">
				<ele>609.6</ele>
				<time>2026-05-21T15:01:25Z</time>
				<extensions>
					<swisstopo:routepoint_id>466950333</swisstopo:routepoint_id>
				</extensions>
			</trkpt>
			<trkpt lat="47.1877395533" lon="8.6996726349">
				<ele>609.3</ele>
				<time>2026-05-21T15:01:26Z</time>
				<extensions>
					<swisstopo:routepoint_id>1129000593</swisstopo:routepoint_id>
				</extensions>
			</trkpt>
			<trkpt lat="47.1877459257" lon="8.6996765256">
				<ele>608.9</ele>
				<time>2026-05-21T15:01:27Z</time>
				<extensions>
					<swisstopo:routepoint_id>2094945306</swisstopo:routepoint_id>
				</extensions>
			</trkpt>
			<trkpt lat="47.1877540101" lon="8.6996801702">
				<ele>608.8</ele>
				<time>2026-05-21T15:01:28Z</time>
				<extensions>
					<swisstopo:routepoint_id>1751365377</swisstopo:routepoint_id>
				</extensions>
			</trkpt>
			<trkpt lat="47.1877644644" lon="8.6996882907">
				<ele>608.7</ele>
				<time>2026-05-21T15:01:29Z</time>
				<extensions>
					<swisstopo:routepoint_id>1787025457</swisstopo:routepoint_id>
				</extensions>
			</trkpt>
			<trkpt lat="47.1877759408" lon="8.6996965457">
				<ele>608.5</ele>
				<time>2026-05-21T15:01:30Z</time>
				<extensions>
					<swisstopo:routepoint_id>1978052504</swisstopo:routepoint_id>
				</extensions>
			</trkpt>
			<trkpt lat="47.1877883756" lon="8.6997040650">
				<ele>608.5</ele>
				<time>2026-05-21T15:01:31Z</time>
				<extensions>
					<swisstopo:routepoint_id>2081579168</swisstopo:routepoint_id>
				</extensions>
			</trkpt>
			<trkpt lat="47.1877991682" lon="8.6997142699">
				<ele>608.4</ele>
				<time>2026-05-21T15:01:32Z</time>
				<extensions>
					<swisstopo:routepoint_id>444983299</swisstopo:routepoint_id>
				</extensions>
			</trkpt>
			<trkpt lat="47.1878081087" lon="8.6997213818">
				<ele>608.3</ele>
				<time>2026-05-21T15:01:33Z</time>
				<extensions>
					<swisstopo:routepoint_id>1296247439</swisstopo:routepoint_id>
				</extensions>
			</trkpt>
			<trkpt lat="47.1878123485" lon="8.6997189053">
				<ele>608.2</ele>
				<time>2026-05-21T15:01:34Z</time>
				<extensions>
					<swisstopo:routepoint_id>1956592105</swisstopo:routepoint_id>
				</extensions>
			</trkpt>
			<trkpt lat="47.1878177082" lon="8.6997160388">
				<ele>608.1</ele>
				<time>2026-05-21T15:01:35Z</time>
				<extensions>
					<swisstopo:routepoint_id>26422224</swisstopo:routepoint_id>
				</extensions>
			</trkpt>
			<trkpt lat="47.1878230482" lon="8.6997141218">
				<ele>608.1</ele>
				<time>2026-05-21T15:01:36Z</time>
				<extensions>
					<swisstopo:routepoint_id>1696687486</swisstopo:routepoint_id>
				</extensions>
			</trkpt>
			<trkpt lat="47.1878221680" lon="8.6996997603">
				<ele>608.4</ele>
				<time>2026-05-21T15:01:36Z</time>
				<extensions>
					<swisstopo:routepoint_id>1938712336</swisstopo:routepoint_id>
				</extensions>
			</trkpt>
			<trkpt lat="47.1878221708" lon="8.6996997579">
				<ele>608.4</ele>
				<time>2026-05-21T15:01:37Z</time>
				<extensions>
					<swisstopo:routepoint_id>168855221</swisstopo:routepoint_id>
				</extensions>
			</trkpt>
			<trkpt lat="47.1878221549" lon="8.6996997765">
				<ele>608.4</ele>
				<time>2026-05-21T15:01:38Z</time>
				<extensions>
					<swisstopo:routepoint_id>1123801660</swisstopo:routepoint_id>
				</extensions>
			</trkpt>
			<trkpt lat="47.1878222517" lon="8.6996997767">
				<ele>608.4</ele>
				<time>2026-05-21T15:01:39Z</time>
				<extensions>
					<swisstopo:routepoint_id>615824255</swisstopo:routepoint_id>
				</extensions>
			</trkpt>
			<trkpt lat="47.1878225653" lon="8.6996994890">
				<ele>608.4</ele>
				<time>2026-05-21T15:01:40Z</time>
				<extensions>
					<swisstopo:routepoint_id>1434558892</swisstopo:routepoint_id>
				</extensions>
			</trkpt>
			<trkpt lat="47.1878229803" lon="8.6996987943">
				<ele>608.3</ele>
				<time>2026-05-21T15:01:41Z</time>
				<extensions>
					<swisstopo:routepoint_id>832392975</swisstopo:routepoint_id>
				</extensions>
			</trkpt>
			<trkpt lat="47.1878235566" lon="8.6996977026">
				<ele>608.3</ele>
				<time>2026-05-21T15:01:42Z</time>
				<extensions>
					<swisstopo:routepoint_id>1320254267</swisstopo:routepoint_id>
				</extensions>
			</trkpt>
			<trkpt lat="47.1878231576" lon="8.6996945882">
				<ele>608.5</ele>
				<time>2026-05-21T15:01:43Z</time>
				<extensions>
					<swisstopo:routepoint_id>1712424665</swisstopo:routepoint_id>
				</extensions>
			</trkpt>
			<trkpt lat="47.1878221060" lon="8.6996906341">
				<ele>608.7</ele>
				<time>2026-05-21T15:01:44Z</time>
				<extensions>
					<swisstopo:routepoint_id>145507561</swisstopo:routepoint_id>
				</extensions>
			</trkpt>
			<trkpt lat="47.1878207216" lon="8.6996863608">
				<ele>609.0</ele>
				<time>2026-05-21T15:01:45Z</time>
				<extensions>
					<swisstopo:routepoint_id>1709187441</swisstopo:routepoint_id>
				</extensions>
			</trkpt>
			<trkpt lat="47.1878196725" lon="8.6996830711">
				<ele>609.3</ele>
				<time>2026-05-21T15:01:46Z</time>
				<extensions>
					<swisstopo:routepoint_id>1572058615</swisstopo:routepoint_id>
				</extensions>
			</trkpt>
			<trkpt lat="47.1878190486" lon="8.6996808866">
				<ele>609.6</ele>
				<time>2026-05-21T15:01:47Z</time>
				<extensions>
					<swisstopo:routepoint_id>1097833264</swisstopo:routepoint_id>
				</extensions>
			</trkpt>
			<trkpt lat="47.1878185931" lon="8.6996793270">
				<ele>609.8</ele>
				<time>2026-05-21T15:01:48Z</time>
				<extensions>
					<swisstopo:routepoint_id>104173024</swisstopo:routepoint_id>
				</extensions>
			</trkpt>
			<trkpt lat="47.1878179410" lon="8.6996788572">
				<ele>609.9</ele>
				<time>2026-05-21T15:01:49Z</time>
				<extensions>
					<swisstopo:routepoint_id>636842063</swisstopo:routepoint_id>
				</extensions>
			</trkpt>
			<trkpt lat="47.1878167071" lon="8.6996785988">
				<ele>610.1</ele>
				<time>2026-05-21T15:01:50Z</time>
				<extensions>
					<swisstopo:routepoint_id>346056193</swisstopo:routepoint_id>
				</extensions>
			</trkpt>
			<trkpt lat="47.1878161427" lon="8.6996779944">
				<ele>610.3</ele>
				<time>2026-05-21T15:01:51Z</time>
				<extensions>
					<swisstopo:routepoint_id>780719675</swisstopo:routepoint_id>
				</extensions>
			</trkpt>
			<trkpt lat="47.1878163786" lon="8.6996756872">
				<ele>610.5</ele>
				<time>2026-05-21T15:01:52Z</time>
				<extensions>
					<swisstopo:routepoint_id>430494555</swisstopo:routepoint_id>
				</extensions>
			</trkpt>
			<trkpt lat="47.1878167299" lon="8.6996735918">
				<ele>610.7</ele>
				<time>2026-05-21T15:01:53Z</time>
				<extensions>
					<swisstopo:routepoint_id>449579142</swisstopo:routepoint_id>
				</extensions>
			</trkpt>
			<trkpt lat="47.1878170821" lon="8.6996719680">
				<ele>610.9</ele>
				<time>2026-05-21T15:01:54Z</time>
				<extensions>
					<swisstopo:routepoint_id>1229169448</swisstopo:routepoint_id>
				</extensions>
			</trkpt>
			<trkpt lat="47.1878191380" lon="8.6996676703">
				<ele>611.3</ele>
				<time>2026-05-21T15:01:55Z</time>
				<extensions>
					<swisstopo:routepoint_id>2005712043</swisstopo:routepoint_id>
				</extensions>
			</trkpt>
			<trkpt lat="47.1878215275" lon="8.6996647099">
				<ele>611.7</ele>
				<time>2026-05-21T15:01:56Z</time>
				<extensions>
					<swisstopo:routepoint_id>951499742</swisstopo:routepoint_id>
				</extensions>
			</trkpt>
			<trkpt lat="47.1878232968" lon="8.6996634372">
				<ele>612.1</ele>
				<time>2026-05-21T15:01:57Z</time>
				<extensions>
					<swisstopo:routepoint_id>1692928232</swisstopo:routepoint_id>
				</extensions>
			</trkpt>
			<trkpt lat="47.1878279739" lon="8.6996651203">
				<ele>612.5</ele>
				<time>2026-05-21T15:01:58Z</time>
				<extensions>
					<swisstopo:routepoint_id>1033956121</swisstopo:routepoint_id>
				</extensions>
			</trkpt>
			<trkpt lat="47.1878331947" lon="8.6996680071">
				<ele>612.8</ele>
				<time>2026-05-21T15:01:59Z</time>
				<extensions>
					<swisstopo:routepoint_id>262854123</swisstopo:routepoint_id>
				</extensions>
			</trkpt>
			<trkpt lat="47.1878361234" lon="8.6996698700">
				<ele>612.8</ele>
				<time>2026-05-21T15:02:00Z</time>
				<extensions>
					<swisstopo:routepoint_id>415383382</swisstopo:routepoint_id>
				</extensions>
			</trkpt>
			<trkpt lat="47.1878389710" lon="8.6996720307">
				<ele>612.8</ele>
				<time>2026-05-21T15:02:01Z</time>
				<extensions>
					<swisstopo:routepoint_id>2026648524</swisstopo:routepoint_id>
				</extensions>
			</trkpt>
			<trkpt lat="47.1878416062" lon="8.6996756047">
				<ele>612.7</ele>
				<time>2026-05-21T15:02:02Z</time>
				<extensions>
					<swisstopo:routepoint_id>643617801</swisstopo:routepoint_id>
				</extensions>
			</trkpt>
			<trkpt lat="47.1878429324" lon="8.6996791109">
				<ele>612.4</ele>
				<time>2026-05-21T15:02:03Z</time>
				<extensions>
					<swisstopo:routepoint_id>409251468</swisstopo:routepoint_id>
				</extensions>
			</trkpt>
			<trkpt lat="47.1878431821" lon="8.6996829063">
				<ele>612.1</ele>
				<time>2026-05-21T15:02:04Z</time>
				<extensions>
					<swisstopo:routepoint_id>2046784982</swisstopo:routepoint_id>
				</extensions>
			</trkpt>
			<trkpt lat="47.1878432753" lon="8.6996850614">
				<ele>611.8</ele>
				<time>2026-05-21T15:02:05Z</time>
				<extensions>
					<swisstopo:routepoint_id>1922134828</swisstopo:routepoint_id>
				</extensions>
			</trkpt>
			<trkpt lat="47.1878424355" lon="8.6996865869">
				<ele>611.5</ele>
				<time>2026-05-21T15:02:06Z</time>
				<extensions>
					<swisstopo:routepoint_id>723552375</swisstopo:routepoint_id>
				</extensions>
			</trkpt>
			<trkpt lat="47.1878394708" lon="8.6996882632">
				<ele>611.1</ele>
				<time>2026-05-21T15:02:07Z</time>
				<extensions>
					<swisstopo:routepoint_id>1692357311</swisstopo:routepoint_id>
				</extensions>
			</trkpt>
			<trkpt lat="47.1878361391" lon="8.6996896066">
				<ele>610.8</ele>
				<time>2026-05-21T15:02:09Z</time>
				<extensions>
					<swisstopo:routepoint_id>28421462</swisstopo:routepoint_id>
				</extensions>
			</trkpt>
			<trkpt lat="47.1878331807" lon="8.6996905858">
				<ele>610.6</ele>
				<time>2026-05-21T15:02:09Z</time>
				<extensions>
					<swisstopo:routepoint_id>938142200</swisstopo:routepoint_id>
				</extensions>
			</trkpt>
			<trkpt lat="47.1878310258" lon="8.6996912915">
				<ele>610.5</ele>
				<time>2026-05-21T15:02:10Z</time>
				<extensions>
					<swisstopo:routepoint_id>531019126</swisstopo:routepoint_id>
				</extensions>
			</trkpt>
			<trkpt lat="47.1878293594" lon="8.6996907901">
				<ele>610.3</ele>
				<time>2026-05-21T15:02:11Z</time>
				<extensions>
					<swisstopo:routepoint_id>2043897397</swisstopo:routepoint_id>
				</extensions>
			</trkpt>
			<trkpt lat="47.1878282309" lon="8.6996896737">
				<ele>610.2</ele>
				<time>2026-05-21T15:02:12Z</time>
				<extensions>
					<swisstopo:routepoint_id>635133967</swisstopo:routepoint_id>
				</extensions>
			</trkpt>
			<trkpt lat="47.1878278318" lon="8.6996891530">
				<ele>610.1</ele>
				<time>2026-05-21T15:02:13Z</time>
				<extensions>
					<swisstopo:routepoint_id>1702857779</swisstopo:routepoint_id>
				</extensions>
			</trkpt>
			<trkpt lat="47.1878272821" lon="8.6996916867">
				<ele>610.2</ele>
				<time>2026-05-21T15:02:14Z</time>
				<extensions>
					<swisstopo:routepoint_id>416128084</swisstopo:routepoint_id>
				</extensions>
			</trkpt>
			<trkpt lat="47.1878281410" lon="8.6996931208">
				<ele>610.2</ele>
				<time>2026-05-21T15:02:15Z</time>
				<extensions>
					<swisstopo:routepoint_id>1657953156</swisstopo:routepoint_id>
				</extensions>
			</trkpt>
			<trkpt lat="47.1878286831" lon="8.6996908122">
				<ele>610.1</ele>
				<time>2026-05-21T15:02:16Z</time>
				<extensions>
					<swisstopo:routepoint_id>1618373067</swisstopo:routepoint_id>
				</extensions>
			</trkpt>
			<trkpt lat="47.1878318429" lon="8.6996862121">
				<ele>610.1</ele>
				<time>2026-05-21T15:02:17Z</time>
				<extensions>
					<swisstopo:routepoint_id>2115747814</swisstopo:routepoint_id>
				</extensions>
			</trkpt>
			<trkpt lat="47.1878366608" lon="8.6996790273">
				<ele>610.0</ele>
				<time>2026-05-21T15:02:18Z</time>
				<extensions>
					<swisstopo:routepoint_id>1339282872</swisstopo:routepoint_id>
				</extensions>
			</trkpt>
			<trkpt lat="47.1878406584" lon="8.6996729598">
				<ele>609.9</ele>
				<time>2026-05-21T15:02:19Z</time>
				<extensions>
					<swisstopo:routepoint_id>1551125497</swisstopo:routepoint_id>
				</extensions>
			</trkpt>
			<trkpt lat="47.1878444004" lon="8.6996691704">
				<ele>609.9</ele>
				<time>2026-05-21T15:02:20Z</time>
				<extensions>
					<swisstopo:routepoint_id>1462237146</swisstopo:routepoint_id>
				</extensions>
			</trkpt>
			<trkpt lat="47.1878479138" lon="8.6996670886">
				<ele>609.8</ele>
				<time>2026-05-21T15:02:21Z</time>
				<extensions>
					<swisstopo:routepoint_id>16856554</swisstopo:routepoint_id>
				</extensions>
			</trkpt>
			<trkpt lat="47.1878512951" lon="8.6996649562">
				<ele>609.5</ele>
				<time>2026-05-21T15:02:22Z</time>
				<extensions>
					<swisstopo:routepoint_id>1987745321</swisstopo:routepoint_id>
				</extensions>
			</trkpt>
			<trkpt lat="47.1878564536" lon="8.6996696672">
				<ele>609.1</ele>
				<time>2026-05-21T15:02:23Z</time>
				<extensions>
					<swisstopo:routepoint_id>1779997315</swisstopo:routepoint_id>
				</extensions>
			</trkpt>
			<trkpt lat="47.1878555999" lon="8.6996738764">
				<ele>608.6</ele>
				<time>2026-05-21T15:02:24Z</time>
				<extensions>
					<swisstopo:routepoint_id>1967670495</swisstopo:routepoint_id>
				</extensions>
			</trkpt>
			<trkpt lat="47.1878414302" lon="8.6996673868">
				<ele>609.1</ele>
				<time>2026-05-21T15:02:25Z</time>
				<extensions>
					<swisstopo:routepoint_id>1537329312</swisstopo:routepoint_id>
				</extensions>
			</trkpt>
			<trkpt lat="47.1878255692" lon="8.6996582319">
				<ele>609.9</ele>
				<time>2026-05-21T15:02:26Z</time>
				<extensions>
					<swisstopo:routepoint_id>1517989727</swisstopo:routepoint_id>
				</extensions>
			</trkpt>
			<trkpt lat="47.1878050816" lon="8.6996455043">
				<ele>611.6</ele>
				<time>2026-05-21T15:02:27Z</time>
				<extensions>
					<swisstopo:routepoint_id>747615329</swisstopo:routepoint_id>
				</extensions>
			</trkpt>
			<trkpt lat="47.1877837519" lon="8.6996372639">
				<ele>612.6</ele>
				<time>2026-05-21T15:02:28Z</time>
				<extensions>
					<swisstopo:routepoint_id>244015906</swisstopo:routepoint_id>
				</extensions>
			</trkpt>
			<trkpt lat="47.1877580212" lon="8.6996277874">
				<ele>613.2</ele>
				<time>2026-05-21T15:02:29Z</time>
				<extensions>
					<swisstopo:routepoint_id>1629050019</swisstopo:routepoint_id>
				</extensions>
			</trkpt>
			<trkpt lat="47.1877366658" lon="8.6996238643">
				<ele>613.5</ele>
				<time>2026-05-21T15:02:30Z</time>
				<extensions>
					<swisstopo:routepoint_id>1174653730</swisstopo:routepoint_id>
				</extensions>
			</trkpt>
			<trkpt lat="47.1877240833" lon="8.6996256114">
				<ele>613.6</ele>
				<time>2026-05-21T15:02:31Z</time>
				<extensions>
					<swisstopo:routepoint_id>588073239</swisstopo:routepoint_id>
				</extensions>
			</trkpt>
			<trkpt lat="47.1877158430" lon="8.6996266590">
				<ele>613.6</ele>
				<time>2026-05-21T15:02:32Z</time>
				<extensions>
					<swisstopo:routepoint_id>1027184379</swisstopo:routepoint_id>
				</extensions>
			</trkpt>
			<trkpt lat="47.1877136660" lon="8.6996291955">
				<ele>613.5</ele>
				<time>2026-05-21T15:02:33Z</time>
				<extensions>
					<swisstopo:routepoint_id>266819620</swisstopo:routepoint_id>
				</extensions>
			</trkpt>
			<trkpt lat="47.1877127649" lon="8.6996362648">
				<ele>613.3</ele>
				<time>2026-05-21T15:02:34Z</time>
				<extensions>
					<swisstopo:routepoint_id>491498404</swisstopo:routepoint_id>
				</extensions>
			</trkpt>
			<trkpt lat="47.1877137155" lon="8.6996444287">
				<ele>613.0</ele>
				<time>2026-05-21T15:02:35Z</time>
				<extensions>
					<swisstopo:routepoint_id>1391569666</swisstopo:routepoint_id>
				</extensions>
			</trkpt>
			<trkpt lat="47.1877171406" lon="8.6996549811">
				<ele>612.7</ele>
				<time>2026-05-21T15:02:36Z</time>
				<extensions>
					<swisstopo:routepoint_id>2014460632</swisstopo:routepoint_id>
				</extensions>
			</trkpt>
			<trkpt lat="47.1877212266" lon="8.6996644088">
				<ele>612.5</ele>
				<time>2026-05-21T15:02:37Z</time>
				<extensions>
					<swisstopo:routepoint_id>1960147069</swisstopo:routepoint_id>
				</extensions>
			</trkpt>
			<trkpt lat="47.1877253256" lon="8.6996722438">
				<ele>612.3</ele>
				<time>2026-05-21T15:02:38Z</time>
				<extensions>
					<swisstopo:routepoint_id>1792643703</swisstopo:routepoint_id>
				</extensions>
			</trkpt>
			<trkpt lat="47.1877292503" lon="8.6996786006">
				<ele>612.1</ele>
				<time>2026-05-21T15:02:39Z</time>
				<extensions>
					<swisstopo:routepoint_id>1914632558</swisstopo:routepoint_id>
				</extensions>
			</trkpt>
			<trkpt lat="47.1877328910" lon="8.6996836180">
				<ele>611.9</ele>
				<time>2026-05-21T15:02:40Z</time>
				<extensions>
					<swisstopo:routepoint_id>1334435658</swisstopo:routepoint_id>
				</extensions>
			</trkpt>
			<trkpt lat="47.1877361778" lon="8.6996874512">
				<ele>611.8</ele>
				<time>2026-05-21T15:02:41Z</time>
				<extensions>
					<swisstopo:routepoint_id>1688378385</swisstopo:routepoint_id>
				</extensions>
			</trkpt>
			<trkpt lat="47.1877422316" lon="8.6996907760">
				<ele>611.4</ele>
				<time>2026-05-21T15:02:42Z</time>
				<extensions>
					<swisstopo:routepoint_id>1874088884</swisstopo:routepoint_id>
				</extensions>
			</trkpt>
			<trkpt lat="47.1877487350" lon="8.6996940616">
				<ele>611.1</ele>
				<time>2026-05-21T15:02:43Z</time>
				<extensions>
					<swisstopo:routepoint_id>669222839</swisstopo:routepoint_id>
				</extensions>
			</trkpt>
			<trkpt lat="47.1877525208" lon="8.6996974069">
				<ele>610.8</ele>
				<time>2026-05-21T15:02:44Z</time>
				<extensions>
					<swisstopo:routepoint_id>1256395734</swisstopo:routepoint_id>
				</extensions>
			</trkpt>
			<trkpt lat="47.1877544503" lon="8.6997017001">
				<ele>610.6</ele>
				<time>2026-05-21T15:02:45Z</time>
				<extensions>
					<swisstopo:routepoint_id>36400387</swisstopo:routepoint_id>
				</extensions>
			</trkpt>
			<trkpt lat="47.1877583132" lon="8.6996965314">
				<ele>610.3</ele>
				<time>2026-05-21T15:02:46Z</time>
				<extensions>
					<swisstopo:routepoint_id>1895948561</swisstopo:routepoint_id>
				</extensions>
			</trkpt>
			<trkpt lat="47.1877627594" lon="8.6996926042">
				<ele>610.2</ele>
				<time>2026-05-21T15:02:47Z</time>
				<extensions>
					<swisstopo:routepoint_id>845110541</swisstopo:routepoint_id>
				</extensions>
			</trkpt>
			<trkpt lat="47.1877624487" lon="8.6996855227">
				<ele>610.0</ele>
				<time>2026-05-21T15:02:48Z</time>
				<extensions>
					<swisstopo:routepoint_id>316021329</swisstopo:routepoint_id>
				</extensions>
			</trkpt>
			<trkpt lat="47.1877613612" lon="8.6996774586">
				<ele>609.8</ele>
				<time>2026-05-21T15:02:49Z</time>
				<extensions>
					<swisstopo:routepoint_id>643417472</swisstopo:routepoint_id>
				</extensions>
			</trkpt>
			<trkpt lat="47.1877621033" lon="8.6996743260">
				<ele>609.7</ele>
				<time>2026-05-21T15:02:50Z</time>
				<extensions>
					<swisstopo:routepoint_id>1337289259</swisstopo:routepoint_id>
				</extensions>
			</trkpt>
			<trkpt lat="47.1877631954" lon="8.6996722390">
				<ele>609.7</ele>
				<time>2026-05-21T15:02:51Z</time>
				<extensions>
					<swisstopo:routepoint_id>256726511</swisstopo:routepoint_id>
				</extensions>
			</trkpt>
			<trkpt lat="47.1877663570" lon="8.6996739491">
				<ele>609.6</ele>
				<time>2026-05-21T15:02:52Z</time>
				<extensions>
					<swisstopo:routepoint_id>507823554</swisstopo:routepoint_id>
				</extensions>
			</trkpt>
			<trkpt lat="47.1877689084" lon="8.6996736303">
				<ele>609.5</ele>
				<time>2026-05-21T15:02:53Z</time>
				<extensions>
					<swisstopo:routepoint_id>890458900</swisstopo:routepoint_id>
				</extensions>
			</trkpt>
			<trkpt lat="47.1877708588" lon="8.6996731013">
				<ele>609.5</ele>
				<time>2026-05-21T15:02:54Z</time>
				<extensions>
					<swisstopo:routepoint_id>129196357</swisstopo:routepoint_id>
				</extensions>
			</trkpt>
			<trkpt lat="47.1877723340" lon="8.6996727465">
				<ele>609.4</ele>
				<time>2026-05-21T15:02:55Z</time>
				<extensions>
					<swisstopo:routepoint_id>297204982</swisstopo:routepoint_id>
				</extensions>
			</trkpt>
			<trkpt lat="47.1877734013" lon="8.6996725340">
				<ele>609.4</ele>
				<time>2026-05-21T15:02:56Z</time>
				<extensions>
					<swisstopo:routepoint_id>77169552</swisstopo:routepoint_id>
				</extensions>
			</trkpt>
			<trkpt lat="47.1877741262" lon="8.6996724344">
				<ele>609.4</ele>
				<time>2026-05-21T15:02:57Z</time>
				<extensions>
					<swisstopo:routepoint_id>2056021323</swisstopo:routepoint_id>
				</extensions>
			</trkpt>
			<trkpt lat="47.1877745708" lon="8.6996724219">
				<ele>609.4</ele>
				<time>2026-05-21T15:02:58Z</time>
				<extensions>
					<swisstopo:routepoint_id>391011784</swisstopo:routepoint_id>
				</extensions>
			</trkpt>
			<trkpt lat="47.1877747915" lon="8.6996724738">
				<ele>609.4</ele>
				<time>2026-05-21T15:02:59Z</time>
				<extensions>
					<swisstopo:routepoint_id>435093868</swisstopo:routepoint_id>
				</extensions>
			</trkpt>
			<trkpt lat="47.1877732438" lon="8.6996737128">
				<ele>609.3</ele>
				<time>2026-05-21T15:03:00Z</time>
				<extensions>
					<swisstopo:routepoint_id>440821441</swisstopo:routepoint_id>
				</extensions>
			</trkpt>
			<trkpt lat="47.1877723335" lon="8.6996759528">
				<ele>609.2</ele>
				<time>2026-05-21T15:03:01Z</time>
				<extensions>
					<swisstopo:routepoint_id>67376737</swisstopo:routepoint_id>
				</extensions>
			</trkpt>
			<trkpt lat="47.1877704613" lon="8.6996766793">
				<ele>609.2</ele>
				<time>2026-05-21T15:03:02Z</time>
				<extensions>
					<swisstopo:routepoint_id>676936790</swisstopo:routepoint_id>
				</extensions>
			</trkpt>
			<trkpt lat="47.1877708603" lon="8.6996791003">
				<ele>609.3</ele>
				<time>2026-05-21T15:03:03Z</time>
				<extensions>
					<swisstopo:routepoint_id>2055751371</swisstopo:routepoint_id>
				</extensions>
			</trkpt>
			<trkpt lat="47.1877706220" lon="8.6996812795">
				<ele>609.3</ele>
				<time>2026-05-21T15:03:04Z</time>
				<extensions>
					<swisstopo:routepoint_id>148895814</swisstopo:routepoint_id>
				</extensions>
			</trkpt>
			<trkpt lat="47.1877708528" lon="8.6996837460">
				<ele>609.4</ele>
				<time>2026-05-21T15:03:05Z</time>
				<extensions>
					<swisstopo:routepoint_id>673497143</swisstopo:routepoint_id>
				</extensions>
			</trkpt>
			<trkpt lat="47.1877729596" lon="8.6996842362">
				<ele>609.5</ele>
				<time>2026-05-21T15:03:06Z</time>
				<extensions>
					<swisstopo:routepoint_id>80179064</swisstopo:routepoint_id>
				</extensions>
			</trkpt>
			<trkpt lat="47.1877714816" lon="8.6996870115">
				<ele>609.5</ele>
				<time>2026-05-21T15:03:07Z</time>
				<extensions>
					<swisstopo:routepoint_id>1097281979</swisstopo:routepoint_id>
				</extensions>
			</trkpt>
			<trkpt lat="47.1877693069" lon="8.6996892212">
				<ele>609.7</ele>
				<time>2026-05-21T15:03:08Z</time>
				<extensions>
					<swisstopo:routepoint_id>1576144264</swisstopo:routepoint_id>
				</extensions>
			</trkpt>
			<trkpt lat="47.1877703970" lon="8.6996942094">
				<ele>609.7</ele>
				<time>2026-05-21T15:03:09Z</time>
				<extensions>
					<swisstopo:routepoint_id>1045859303</swisstopo:routepoint_id>
				</extensions>
			</trkpt>
			<trkpt lat="47.1877712124" lon="8.6996990361">
				<ele>609.8</ele>
				<time>2026-05-21T15:03:10Z</time>
				<extensions>
					<swisstopo:routepoint_id>603654826</swisstopo:routepoint_id>
				</extensions>
			</trkpt>
			<trkpt lat="47.1877718242" lon="8.6997029868">
				<ele>609.8</ele>
				<time>2026-05-21T15:03:11Z</time>
				<extensions>
					<swisstopo:routepoint_id>913912154</swisstopo:routepoint_id>
				</extensions>
			</trkpt>
			<trkpt lat="47.1877723366" lon="8.6997061092">
				<ele>609.8</ele>
				<time>2026-05-21T15:03:12Z</time>
				<extensions>
					<swisstopo:routepoint_id>1318528934</swisstopo:routepoint_id>
				</extensions>
			</trkpt>
			<trkpt lat="47.1877727555" lon="8.6997084985">
				<ele>609.8</ele>
				<time>2026-05-21T15:03:13Z</time>
				<extensions>
					<swisstopo:routepoint_id>632040345</swisstopo:routepoint_id>
				</extensions>
			</trkpt>
			<trkpt lat="47.1877730891" lon="8.6997102539">
				<ele>609.8</ele>
				<time>2026-05-21T15:03:14Z</time>
				<extensions>
					<swisstopo:routepoint_id>1247960353</swisstopo:routepoint_id>
				</extensions>
			</trkpt>
			<trkpt lat="47.1877733467" lon="8.6997114735">
				<ele>609.9</ele>
				<time>2026-05-21T15:03:15Z</time>
				<extensions>
					<swisstopo:routepoint_id>2144356269</swisstopo:routepoint_id>
				</extensions>
			</trkpt>
			<trkpt lat="47.1877735381" lon="8.6997122508">
				<ele>609.9</ele>
				<time>2026-05-21T15:03:16Z</time>
				<extensions>
					<swisstopo:routepoint_id>1125249129</swisstopo:routepoint_id>
				</extensions>
			</trkpt>
			<trkpt lat="47.1877736734" lon="8.6997126721">
				<ele>609.9</ele>
				<time>2026-05-21T15:03:17Z</time>
				<extensions>
					<swisstopo:routepoint_id>1321115621</swisstopo:routepoint_id>
				</extensions>
			</trkpt>
			<trkpt lat="47.1877737619" lon="8.6997128150">
				<ele>609.9</ele>
				<time>2026-05-21T15:03:18Z</time>
				<extensions>
					<swisstopo:routepoint_id>1156815814</swisstopo:routepoint_id>
				</extensions>
			</trkpt>
			<trkpt lat="47.1877738126" lon="8.6997127475">
				<ele>609.8</ele>
				<time>2026-05-21T15:03:19Z</time>
				<extensions>
					<swisstopo:routepoint_id>1433929607</swisstopo:routepoint_id>
				</extensions>
			</trkpt>
			<trkpt lat="47.1877738335" lon="8.6997125281">
				<ele>609.8</ele>
				<time>2026-05-21T15:03:20Z</time>
				<extensions>
					<swisstopo:routepoint_id>993418215</swisstopo:routepoint_id>
				</extensions>
			</trkpt>
			<trkpt lat="47.1877738316" lon="8.6997122059">
				<ele>609.8</ele>
				<time>2026-05-21T15:03:21Z</time>
				<extensions>
					<swisstopo:routepoint_id>1842067727</swisstopo:routepoint_id>
				</extensions>
			</trkpt>
			<trkpt lat="47.1877738130" lon="8.6997118208">
				<ele>609.8</ele>
				<time>2026-05-21T15:03:22Z</time>
				<extensions>
					<swisstopo:routepoint_id>1508032537</swisstopo:routepoint_id>
				</extensions>
			</trkpt>
			<trkpt lat="47.1877737830" lon="8.6997114048">
				<ele>609.8</ele>
				<time>2026-05-21T15:03:23Z</time>
				<extensions>
					<swisstopo:routepoint_id>900847465</swisstopo:routepoint_id>
				</extensions>
			</trkpt>
			<trkpt lat="47.1877737457" lon="8.6997109828">
				<ele>609.8</ele>
				<time>2026-05-21T15:03:24Z</time>
				<extensions>
					<swisstopo:routepoint_id>783632905</swisstopo:routepoint_id>
				</extensions>
			</trkpt>
			<trkpt lat="47.1877737045" lon="8.6997105731">
				<ele>609.8</ele>
				<time>2026-05-21T15:03:25Z</time>
				<extensions>
					<swisstopo:routepoint_id>1027284</swisstopo:routepoint_id>
				</extensions>
			</trkpt>
			<trkpt lat="47.1877736622" lon="8.6997101887">
				<ele>609.8</ele>
				<time>2026-05-21T15:03:26Z</time>
				<extensions>
					<swisstopo:routepoint_id>85693012</swisstopo:routepoint_id>
				</extensions>
			</trkpt>
			<trkpt lat="47.1877736207" lon="8.6997098382">
				<ele>609.8</ele>
				<time>2026-05-21T15:03:27Z</time>
				<extensions>
					<swisstopo:routepoint_id>1428409194</swisstopo:routepoint_id>
				</extensions>
			</trkpt>
			<trkpt lat="47.1877735814" lon="8.6997095267">
				<ele>609.8</ele>
				<time>2026-05-21T15:03:28Z</time>
				<extensions>
					<swisstopo:routepoint_id>553633745</swisstopo:routepoint_id>
				</extensions>
			</trkpt>
			<trkpt lat="47.1877815871" lon="8.6997000721">
				<ele>609.7</ele>
				<time>2026-05-21T15:03:29Z</time>
				<extensions>
					<swisstopo:routepoint_id>2023193411</swisstopo:routepoint_id>
				</extensions>
			</trkpt>
			<trkpt lat="47.1877890590" lon="8.6996914123">
				<ele>609.6</ele>
				<time>2026-05-21T15:03:30Z</time>
				<extensions>
					<swisstopo:routepoint_id>555592079</swisstopo:routepoint_id>
				</extensions>
			</trkpt>
			<trkpt lat="47.1877943572" lon="8.6996874247">
				<ele>609.6</ele>
				<time>2026-05-21T15:03:31Z</time>
				<extensions>
					<swisstopo:routepoint_id>577174597</swisstopo:routepoint_id>
				</extensions>
			</trkpt>
			<trkpt lat="47.1877981095" lon="8.6996835255">
				<ele>609.5</ele>
				<time>2026-05-21T15:03:32Z</time>
				<extensions>
					<swisstopo:routepoint_id>389818280</swisstopo:routepoint_id>
				</extensions>
			</trkpt>
			<trkpt lat="47.1878014293" lon="8.6996801406">
				<ele>609.5</ele>
				<time>2026-05-21T15:03:33Z</time>
				<extensions>
					<swisstopo:routepoint_id>1850708610</swisstopo:routepoint_id>
				</extensions>
			</trkpt>
			<trkpt lat="47.1878040341" lon="8.6996775368">
				<ele>609.5</ele>
				<time>2026-05-21T15:03:34Z</time>
				<extensions>
					<swisstopo:routepoint_id>706465122</swisstopo:routepoint_id>
				</extensions>
			</trkpt>
			<trkpt lat="47.1878059519" lon="8.6996756314">
				<ele>609.4</ele>
				<time>2026-05-21T15:03:35Z</time>
				<extensions>
					<swisstopo:routepoint_id>122221191</swisstopo:routepoint_id>
				</extensions>
			</trkpt>
			<trkpt lat="47.1878072886" lon="8.6996743152">
				<ele>609.4</ele>
				<time>2026-05-21T15:03:36Z</time>
				<extensions>
					<swisstopo:routepoint_id>1177190605</swisstopo:routepoint_id>
				</extensions>
			</trkpt>
			<trkpt lat="47.1878081448" lon="8.6996734844">
				<ele>609.4</ele>
				<time>2026-05-21T15:03:37Z</time>
				<extensions>
					<swisstopo:routepoint_id>275658424</swisstopo:routepoint_id>
				</extensions>
			</trkpt>
			<trkpt lat="47.1878086139" lon="8.6996730434">
				<ele>609.4</ele>
				<time>2026-05-21T15:03:38Z</time>
				<extensions>
					<swisstopo:routepoint_id>868905589</swisstopo:routepoint_id>
				</extensions>
			</trkpt>
			<trkpt lat="47.1878087798" lon="8.6996729064">
				<ele>609.4</ele>
				<time>2026-05-21T15:03:39Z</time>
				<extensions>
					<swisstopo:routepoint_id>807434723</swisstopo:routepoint_id>
				</extensions>
			</trkpt>
			<trkpt lat="47.1878087162" lon="8.6996729984">
				<ele>609.4</ele>
				<time>2026-05-21T15:03:40Z</time>
				<extensions>
					<swisstopo:routepoint_id>606224068</swisstopo:routepoint_id>
				</extensions>
			</trkpt>
			<trkpt lat="47.1878084864" lon="8.6996732550">
				<ele>609.4</ele>
				<time>2026-05-21T15:03:41Z</time>
				<extensions>
					<swisstopo:routepoint_id>1145489508</swisstopo:routepoint_id>
				</extensions>
			</trkpt>
			<trkpt lat="47.1878081437" lon="8.6996736224">
				<ele>609.4</ele>
				<time>2026-05-21T15:03:42Z</time>
				<extensions>
					<swisstopo:routepoint_id>51265601</swisstopo:routepoint_id>
				</extensions>
			</trkpt>
			<trkpt lat="47.1878077317" lon="8.6996740565">
				<ele>609.4</ele>
				<time>2026-05-21T15:03:43Z</time>
				<extensions>
					<swisstopo:routepoint_id>480013560</swisstopo:routepoint_id>
				</extensions>
			</trkpt>
			<trkpt lat="47.1878072850" lon="8.6996745225">
				<ele>609.4</ele>
				<time>2026-05-21T15:03:44Z</time>
				<extensions>
					<swisstopo:routepoint_id>1639324788</swisstopo:routepoint_id>
				</extensions>
			</trkpt>
			<trkpt lat="47.1877974713" lon="8.6996908663">
				<ele>609.4</ele>
				<time>2026-05-21T15:03:45Z</time>
				<extensions>
					<swisstopo:routepoint_id>2064004553</swisstopo:routepoint_id>
				</extensions>
			</trkpt>
			<trkpt lat="47.1877886783" lon="8.6997076138">
				<ele>609.3</ele>
				<time>2026-05-21T15:03:46Z</time>
				<extensions>
					<swisstopo:routepoint_id>1421172280</swisstopo:routepoint_id>
				</extensions>
			</trkpt>
			<trkpt lat="47.1877815117" lon="8.6997150662">
				<ele>609.2</ele>
				<time>2026-05-21T15:03:47Z</time>
				<extensions>
					<swisstopo:routepoint_id>1329388026</swisstopo:routepoint_id>
				</extensions>
			</trkpt>
			<trkpt lat="47.1877757214" lon="8.6997166640">
				<ele>609.2</ele>
				<time>2026-05-21T15:03:48Z</time>
				<extensions>
					<swisstopo:routepoint_id>604689594</swisstopo:routepoint_id>
				</extensions>
			</trkpt>
			<trkpt lat="47.1877682575" lon="8.6997244943">
				<ele>609.1</ele>
				<time>2026-05-21T15:03:49Z</time>
				<extensions>
					<swisstopo:routepoint_id>1125388754</swisstopo:routepoint_id>
				</extensions>
			</trkpt>
			<trkpt lat="47.1877622568" lon="8.6997341119">
				<ele>609.0</ele>
				<time>2026-05-21T15:03:50Z</time>
				<extensions>
					<swisstopo:routepoint_id>1520309349</swisstopo:routepoint_id>
				</extensions>
			</trkpt>
			<trkpt lat="47.1877641145" lon="8.6997382374">
				<ele>609.0</ele>
				<time>2026-05-21T15:03:51Z</time>
				<extensions>
					<swisstopo:routepoint_id>1078796637</swisstopo:routepoint_id>
				</extensions>
			</trkpt>
			<trkpt lat="47.1877673310" lon="8.6997400692">
				<ele>608.9</ele>
				<time>2026-05-21T15:03:52Z</time>
				<extensions>
					<swisstopo:routepoint_id>130646438</swisstopo:routepoint_id>
				</extensions>
			</trkpt>
			<trkpt lat="47.1877704705" lon="8.6997409907">
				<ele>608.9</ele>
				<time>2026-05-21T15:03:53Z</time>
				<extensions>
					<swisstopo:routepoint_id>1046396232</swisstopo:routepoint_id>
				</extensions>
			</trkpt>
			<trkpt lat="47.1877734042" lon="8.6997412711">
				<ele>608.8</ele>
				<time>2026-05-21T15:03:54Z</time>
				<extensions>
					<swisstopo:routepoint_id>1037885941</swisstopo:routepoint_id>
				</extensions>
			</trkpt>
			<trkpt lat="47.1877760699" lon="8.6997410693">
				<ele>608.8</ele>
				<time>2026-05-21T15:03:55Z</time>
				<extensions>
					<swisstopo:routepoint_id>1886829453</swisstopo:routepoint_id>
				</extensions>
			</trkpt>
			<trkpt lat="47.1877784326" lon="8.6997405210">
				<ele>608.8</ele>
				<time>2026-05-21T15:03:56Z</time>
				<extensions>
					<swisstopo:routepoint_id>51601322</swisstopo:routepoint_id>
				</extensions>
			</trkpt>
			<trkpt lat="47.1877804785" lon="8.6997397400">
				<ele>608.8</ele>
				<time>2026-05-21T15:03:57Z</time>
				<extensions>
					<swisstopo:routepoint_id>1827509113</swisstopo:routepoint_id>
				</extensions>
			</trkpt>
			<trkpt lat="47.1877822102" lon="8.6997388189">
				<ele>608.8</ele>
				<time>2026-05-21T15:03:58Z</time>
				<extensions>
					<swisstopo:routepoint_id>1634542797</swisstopo:routepoint_id>
				</extensions>
			</trkpt>
			<trkpt lat="47.1877836421" lon="8.6997378316">
				<ele>608.8</ele>
				<time>2026-05-21T15:03:59Z</time>
				<extensions>
					<swisstopo:routepoint_id>1149976755</swisstopo:routepoint_id>
				</extensions>
			</trkpt>
			<trkpt lat="47.1877847965" lon="8.6997368349">
				<ele>608.8</ele>
				<time>2026-05-21T15:04:00Z</time>
				<extensions>
					<swisstopo:routepoint_id>306498285</swisstopo:routepoint_id>
				</extensions>
			</trkpt>
			<trkpt lat="47.1877857011" lon="8.6997358710">
				<ele>608.8</ele>
				<time>2026-05-21T15:04:01Z</time>
				<extensions>
					<swisstopo:routepoint_id>1650890489</swisstopo:routepoint_id>
				</extensions>
			</trkpt>
			<trkpt lat="47.1877863861" lon="8.6997349695">
				<ele>608.8</ele>
				<time>2026-05-21T15:04:02Z</time>
				<extensions>
					<swisstopo:routepoint_id>1027729383</swisstopo:routepoint_id>
				</extensions>
			</trkpt>
			<trkpt lat="47.1877868824" lon="8.6997341498">
				<ele>608.8</ele>
				<time>2026-05-21T15:04:03Z</time>
				<extensions>
					<swisstopo:routepoint_id>836767260</swisstopo:routepoint_id>
				</extensions>
			</trkpt>
			<trkpt lat="47.1877872203" lon="8.6997334228">
				<ele>608.8</ele>
				<time>2026-05-21T15:04:04Z</time>
				<extensions>
					<swisstopo:routepoint_id>1824418264</swisstopo:routepoint_id>
				</extensions>
			</trkpt>
			<trkpt lat="47.1877874284" lon="8.6997327928">
				<ele>608.8</ele>
				<time>2026-05-21T15:04:05Z</time>
				<extensions>
					<swisstopo:routepoint_id>1226251182</swisstopo:routepoint_id>
				</extensions>
			</trkpt>
			<trkpt lat="47.1877875327" lon="8.6997322594">
				<ele>608.8</ele>
				<time>2026-05-21T15:04:06Z</time>
				<extensions>
					<swisstopo:routepoint_id>203055615</swisstopo:routepoint_id>
				</extensions>
			</trkpt>
			<trkpt lat="47.1877875565" lon="8.6997318180">
				<ele>608.8</ele>
				<time>2026-05-21T15:04:07Z</time>
				<extensions>
					<swisstopo:routepoint_id>404206222</swisstopo:routepoint_id>
				</extensions>
			</trkpt>
			<trkpt lat="47.1877875204" lon="8.6997314618">
				<ele>608.8</ele>
				<time>2026-05-21T15:04:08Z</time>
				<extensions>
					<swisstopo:routepoint_id>1003197693</swisstopo:routepoint_id>
				</extensions>
			</trkpt>
			<trkpt lat="47.1877874415" lon="8.6997311826">
				<ele>608.8</ele>
				<time>2026-05-21T15:04:09Z</time>
				<extensions>
					<swisstopo:routepoint_id>849513654</swisstopo:routepoint_id>
				</extensions>
			</trkpt>
			<trkpt lat="47.1877873344" lon="8.6997309709">
				<ele>608.9</ele>
				<time>2026-05-21T15:04:10Z</time>
				<extensions>
					<swisstopo:routepoint_id>1304697522</swisstopo:routepoint_id>
				</extensions>
			</trkpt>
			<trkpt lat="47.1877872109" lon="8.6997308173">
				<ele>608.9</ele>
				<time>2026-05-21T15:04:11Z</time>
				<extensions>
					<swisstopo:routepoint_id>95732737</swisstopo:routepoint_id>
				</extensions>
			</trkpt>
			<trkpt lat="47.1877870801" lon="8.6997307125">
				<ele>608.9</ele>
				<time>2026-05-21T15:04:12Z</time>
				<extensions>
					<swisstopo:routepoint_id>514859156</swisstopo:routepoint_id>
				</extensions>
			</trkpt>
			<trkpt lat="47.1877869493" lon="8.6997306475">
				<ele>608.9</ele>
				<time>2026-05-21T15:04:14Z</time>
				<extensions>
					<swisstopo:routepoint_id>1026221129</swisstopo:routepoint_id>
				</extensions>
			</trkpt>
			<trkpt lat="47.1877973110" lon="8.6997103486">
				<ele>608.8</ele>
				<time>2026-05-21T15:04:15Z</time>
				<extensions>
					<swisstopo:routepoint_id>1257346046</swisstopo:routepoint_id>
				</extensions>
			</trkpt>
			<trkpt lat="47.1878076706" lon="8.6996910407">
				<ele>608.7</ele>
				<time>2026-05-21T15:04:16Z</time>
				<extensions>
					<swisstopo:routepoint_id>975908642</swisstopo:routepoint_id>
				</extensions>
			</trkpt>
			<trkpt lat="47.1878149030" lon="8.6996752765">
				<ele>608.5</ele>
				<time>2026-05-21T15:04:17Z</time>
				<extensions>
					<swisstopo:routepoint_id>1763933955</swisstopo:routepoint_id>
				</extensions>
			</trkpt>
			<trkpt lat="47.1878205751" lon="8.6996620911">
				<ele>608.4</ele>
				<time>2026-05-21T15:04:18Z</time>
				<extensions>
					<swisstopo:routepoint_id>426234850</swisstopo:routepoint_id>
				</extensions>
			</trkpt>
			<trkpt lat="47.1878250383" lon="8.6996515419">
				<ele>608.4</ele>
				<time>2026-05-21T15:04:19Z</time>
				<extensions>
					<swisstopo:routepoint_id>1871161205</swisstopo:routepoint_id>
				</extensions>
			</trkpt>
			<trkpt lat="47.1878284322" lon="8.6996433946">
				<ele>608.3</ele>
				<time>2026-05-21T15:04:20Z</time>
				<extensions>
					<swisstopo:routepoint_id>855845767</swisstopo:routepoint_id>
				</extensions>
			</trkpt>
			<trkpt lat="47.1878309053" lon="8.6996373369">
				<ele>608.3</ele>
				<time>2026-05-21T15:04:21Z</time>
				<extensions>
					<swisstopo:routepoint_id>354338363</swisstopo:routepoint_id>
				</extensions>
			</trkpt>
			<trkpt lat="47.1878326031" lon="8.6996330560">
				<ele>608.2</ele>
				<time>2026-05-21T15:04:22Z</time>
				<extensions>
					<swisstopo:routepoint_id>392713810</swisstopo:routepoint_id>
				</extensions>
			</trkpt>
			<trkpt lat="47.1878336635" lon="8.6996302513">
				<ele>608.2</ele>
				<time>2026-05-21T15:04:23Z</time>
				<extensions>
					<swisstopo:routepoint_id>1123757439</swisstopo:routepoint_id>
				</extensions>
			</trkpt>
			<trkpt lat="47.1878342134" lon="8.6996286432">
				<ele>608.2</ele>
				<time>2026-05-21T15:04:24Z</time>
				<extensions>
					<swisstopo:routepoint_id>2020085555</swisstopo:routepoint_id>
				</extensions>
			</trkpt>
			<trkpt lat="47.1878343661" lon="8.6996279785">
				<ele>608.2</ele>
				<time>2026-05-21T15:04:25Z</time>
				<extensions>
					<swisstopo:routepoint_id>2008947462</swisstopo:routepoint_id>
				</extensions>
			</trkpt>
			<trkpt lat="47.1878342207" lon="8.6996280338">
				<ele>608.2</ele>
				<time>2026-05-21T15:04:26Z</time>
				<extensions>
					<swisstopo:routepoint_id>1642095700</swisstopo:routepoint_id>
				</extensions>
			</trkpt>
			<trkpt lat="47.1878338622" lon="8.6996286159">
				<ele>608.2</ele>
				<time>2026-05-21T15:04:27Z</time>
				<extensions>
					<swisstopo:routepoint_id>1390082303</swisstopo:routepoint_id>
				</extensions>
			</trkpt>
			<trkpt lat="47.1878333612" lon="8.6996295621">
				<ele>608.2</ele>
				<time>2026-05-21T15:04:28Z</time>
				<extensions>
					<swisstopo:routepoint_id>638670808</swisstopo:routepoint_id>
				</extensions>
			</trkpt>
			<trkpt lat="47.1878327754" lon="8.6996307382">
				<ele>608.2</ele>
				<time>2026-05-21T15:04:29Z</time>
				<extensions>
					<swisstopo:routepoint_id>1017002350</swisstopo:routepoint_id>
				</extensions>
			</trkpt>
			<trkpt lat="47.1878321506" lon="8.6996320366">
				<ele>608.2</ele>
				<time>2026-05-21T15:04:30Z</time>
				<extensions>
					<swisstopo:routepoint_id>936149977</swisstopo:routepoint_id>
				</extensions>
			</trkpt>
			<trkpt lat="47.1878315221" lon="8.6996333730">
				<ele>608.2</ele>
				<time>2026-05-21T15:04:31Z</time>
				<extensions>
					<swisstopo:routepoint_id>1407465517</swisstopo:routepoint_id>
				</extensions>
			</trkpt>
			<trkpt lat="47.1878278201" lon="8.6996383088">
				<ele>608.4</ele>
				<time>2026-05-21T15:04:31Z</time>
				<extensions>
					<swisstopo:routepoint_id>740572514</swisstopo:routepoint_id>
				</extensions>
			</trkpt>
			<trkpt lat="47.1878236219" lon="8.6996444172">
				<ele>608.7</ele>
				<time>2026-05-21T15:04:32Z</time>
				<extensions>
					<swisstopo:routepoint_id>2134508433</swisstopo:routepoint_id>
				</extensions>
			</trkpt>
			<trkpt lat="47.1878219631" lon="8.6996502145">
				<ele>608.9</ele>
				<time>2026-05-21T15:04:33Z</time>
				<extensions>
					<swisstopo:routepoint_id>968910296</swisstopo:routepoint_id>
				</extensions>
			</trkpt>
			<trkpt lat="47.1878194045" lon="8.6996575323">
				<ele>609.1</ele>
				<time>2026-05-21T15:04:34Z</time>
				<extensions>
					<swisstopo:routepoint_id>106849671</swisstopo:routepoint_id>
				</extensions>
			</trkpt>
			<trkpt lat="47.1878177441" lon="8.6996673134">
				<ele>609.3</ele>
				<time>2026-05-21T15:04:35Z</time>
				<extensions>
					<swisstopo:routepoint_id>526091605</swisstopo:routepoint_id>
				</extensions>
			</trkpt>
			<trkpt lat="47.1878154786" lon="8.6996775820">
				<ele>609.4</ele>
				<time>2026-05-21T15:04:36Z</time>
				<extensions>
					<swisstopo:routepoint_id>831430536</swisstopo:routepoint_id>
				</extensions>
			</trkpt>
			<trkpt lat="47.1878160832" lon="8.6996926817">
				<ele>609.6</ele>
				<time>2026-05-21T15:04:37Z</time>
				<extensions>
					<swisstopo:routepoint_id>176927523</swisstopo:routepoint_id>
				</extensions>
			</trkpt>
			<trkpt lat="47.1878208234" lon="8.6997086103">
				<ele>609.7</ele>
				<time>2026-05-21T15:04:38Z</time>
				<extensions>
					<swisstopo:routepoint_id>1503511613</swisstopo:routepoint_id>
				</extensions>
			</trkpt>
			<trkpt lat="47.1878234201" lon="8.6997190153">
				<ele>609.3</ele>
				<time>2026-05-21T15:04:39Z</time>
				<extensions>
					<swisstopo:routepoint_id>79605442</swisstopo:routepoint_id>
				</extensions>
			</trkpt>
			<trkpt lat="47.1878246686" lon="8.6997169516">
				<ele>609.4</ele>
				<time>2026-05-21T15:04:40Z</time>
				<extensions>
					<swisstopo:routepoint_id>46351613</swisstopo:routepoint_id>
				</extensions>
			</trkpt>
			<trkpt lat="47.1878271626" lon="8.6997168996">
				<ele>609.3</ele>
				<time>2026-05-21T15:04:41Z</time>
				<extensions>
					<swisstopo:routepoint_id>1642479477</swisstopo:routepoint_id>
				</extensions>
			</trkpt>
			<trkpt lat="47.1878248233" lon="8.6997139361">
				<ele>609.3</ele>
				<time>2026-05-21T15:04:42Z</time>
				<extensions>
					<swisstopo:routepoint_id>1397771401</swisstopo:routepoint_id>
				</extensions>
			</trkpt>
			<trkpt lat="47.1878214203" lon="8.6997124076">
				<ele>609.1</ele>
				<time>2026-05-21T15:04:43Z</time>
				<extensions>
					<swisstopo:routepoint_id>1020322074</swisstopo:routepoint_id>
				</extensions>
			</trkpt>
			<trkpt lat="47.1878182653" lon="8.6997112177">
				<ele>609.0</ele>
				<time>2026-05-21T15:04:44Z</time>
				<extensions>
					<swisstopo:routepoint_id>896176423</swisstopo:routepoint_id>
				</extensions>
			</trkpt>
			<trkpt lat="47.1878152966" lon="8.6997063108">
				<ele>608.9</ele>
				<time>2026-05-21T15:04:45Z</time>
				<extensions>
					<swisstopo:routepoint_id>1734324950</swisstopo:routepoint_id>
				</extensions>
			</trkpt>
			<trkpt lat="47.1878083843" lon="8.6997087002">
				<ele>608.9</ele>
				<time>2026-05-21T15:04:46Z</time>
				<extensions>
					<swisstopo:routepoint_id>1003893919</swisstopo:routepoint_id>
				</extensions>
			</trkpt>
			<trkpt lat="47.1878014103" lon="8.6997072655">
				<ele>608.8</ele>
				<time>2026-05-21T15:04:47Z</time>
				<extensions>
					<swisstopo:routepoint_id>1813565801</swisstopo:routepoint_id>
				</extensions>
			</trkpt>
			<trkpt lat="47.1877984930" lon="8.6997044469">
				<ele>608.8</ele>
				<time>2026-05-21T15:04:48Z</time>
				<extensions>
					<swisstopo:routepoint_id>1365015536</swisstopo:routepoint_id>
				</extensions>
			</trkpt>
			<trkpt lat="47.1877976867" lon="8.6997020614">
				<ele>608.9</ele>
				<time>2026-05-21T15:04:49Z</time>
				<extensions>
					<swisstopo:routepoint_id>248312651</swisstopo:routepoint_id>
				</extensions>
			</trkpt>
			<trkpt lat="47.1877993912" lon="8.6997033451">
				<ele>608.9</ele>
				<time>2026-05-21T15:04:50Z</time>
				<extensions>
					<swisstopo:routepoint_id>829999236</swisstopo:routepoint_id>
				</extensions>
			</trkpt>
			<trkpt lat="47.1877970030" lon="8.6997022325">
				<ele>608.9</ele>
				<time>2026-05-21T15:04:51Z</time>
				<extensions>
					<swisstopo:routepoint_id>1890872187</swisstopo:routepoint_id>
				</extensions>
			</trkpt>
			<trkpt lat="47.1877940358" lon="8.6997080730">
				<ele>608.9</ele>
				<time>2026-05-21T15:04:52Z</time>
				<extensions>
					<swisstopo:routepoint_id>1425838603</swisstopo:routepoint_id>
				</extensions>
			</trkpt>
			<trkpt lat="47.1877952562" lon="8.6997214227">
				<ele>609.0</ele>
				<time>2026-05-21T15:04:53Z</time>
				<extensions>
					<swisstopo:routepoint_id>299383748</swisstopo:routepoint_id>
				</extensions>
			</trkpt>
			<trkpt lat="47.1877979622" lon="8.6997323192">
				<ele>609.0</ele>
				<time>2026-05-21T15:04:54Z</time>
				<extensions>
					<swisstopo:routepoint_id>188467715</swisstopo:routepoint_id>
				</extensions>
			</trkpt>
			<trkpt lat="47.1878019779" lon="8.6997393891">
				<ele>609.0</ele>
				<time>2026-05-21T15:04:55Z</time>
				<extensions>
					<swisstopo:routepoint_id>38506680</swisstopo:routepoint_id>
				</extensions>
			</trkpt>
			<trkpt lat="47.1878093696" lon="8.6997419646">
				<ele>609.0</ele>
				<time>2026-05-21T15:04:56Z</time>
				<extensions>
					<swisstopo:routepoint_id>789193013</swisstopo:routepoint_id>
				</extensions>
			</trkpt>
			<trkpt lat="47.1878155493" lon="8.6997441225">
				<ele>609.0</ele>
				<time>2026-05-21T15:04:57Z</time>
				<extensions>
					<swisstopo:routepoint_id>1107965619</swisstopo:routepoint_id>
				</extensions>
			</trkpt>
			<trkpt lat="47.1878162664" lon="8.6997463653">
				<ele>609.0</ele>
				<time>2026-05-21T15:04:58Z</time>
				<extensions>
					<swisstopo:routepoint_id>747455396</swisstopo:routepoint_id>
				</extensions>
			</trkpt>
			<trkpt lat="47.1878144349" lon="8.6997527671">
				<ele>609.0</ele>
				<time>2026-05-21T15:04:59Z</time>
				<extensions>
					<swisstopo:routepoint_id>1850989269</swisstopo:routepoint_id>
				</extensions>
			</trkpt>
			<trkpt lat="47.1878128520" lon="8.6997619958">
				<ele>609.0</ele>
				<time>2026-05-21T15:05:00Z</time>
				<extensions>
					<swisstopo:routepoint_id>1128533641</swisstopo:routepoint_id>
				</extensions>
			</trkpt>
			<trkpt lat="47.1878134841" lon="8.6997659791">
				<ele>608.9</ele>
				<time>2026-05-21T15:05:01Z</time>
				<extensions>
					<swisstopo:routepoint_id>689333983</swisstopo:routepoint_id>
				</extensions>
			</trkpt>
			<trkpt lat="47.1878116637" lon="8.6997643161">
				<ele>608.8</ele>
				<time>2026-05-21T15:05:02Z</time>
				<extensions>
					<swisstopo:routepoint_id>2109460363</swisstopo:routepoint_id>
				</extensions>
			</trkpt>
			<trkpt lat="47.1878115216" lon="8.6997580784">
				<ele>608.7</ele>
				<time>2026-05-21T15:05:03Z</time>
				<extensions>
					<swisstopo:routepoint_id>892792618</swisstopo:routepoint_id>
				</extensions>
			</trkpt>
			<trkpt lat="47.1878063761" lon="8.6997470609">
				<ele>608.7</ele>
				<time>2026-05-21T15:05:04Z</time>
				<extensions>
					<swisstopo:routepoint_id>697289137</swisstopo:routepoint_id>
				</extensions>
			</trkpt>
			<trkpt lat="47.1878097477" lon="8.6997386613">
				<ele>608.7</ele>
				<time>2026-05-21T15:05:05Z</time>
				<extensions>
					<swisstopo:routepoint_id>520263880</swisstopo:routepoint_id>
				</extensions>
			</trkpt>
			<trkpt lat="47.1878145270" lon="8.6997355353">
				<ele>608.7</ele>
				<time>2026-05-21T15:05:06Z</time>
				<extensions>
					<swisstopo:routepoint_id>1669104223</swisstopo:routepoint_id>
				</extensions>
			</trkpt>
			<trkpt lat="47.1878206844" lon="8.6997354601">
				<ele>608.7</ele>
				<time>2026-05-21T15:05:07Z</time>
				<extensions>
					<swisstopo:routepoint_id>55795200</swisstopo:routepoint_id>
				</extensions>
			</trkpt>
			<trkpt lat="47.1878261093" lon="8.6997362420">
				<ele>608.8</ele>
				<time>2026-05-21T15:05:08Z</time>
				<extensions>
					<swisstopo:routepoint_id>1447056308</swisstopo:routepoint_id>
				</extensions>
			</trkpt>
			<trkpt lat="47.1878314675" lon="8.6997390052">
				<ele>608.8</ele>
				<time>2026-05-21T15:05:09Z</time>
				<extensions>
					<swisstopo:routepoint_id>423066281</swisstopo:routepoint_id>
				</extensions>
			</trkpt>
			<trkpt lat="47.1878337896" lon="8.6997490756">
				<ele>608.9</ele>
				<time>2026-05-21T15:05:10Z</time>
				<extensions>
					<swisstopo:routepoint_id>156629550</swisstopo:routepoint_id>
				</extensions>
			</trkpt>
			<trkpt lat="47.1878370155" lon="8.6997597857">
				<ele>608.9</ele>
				<time>2026-05-21T15:05:11Z</time>
				<extensions>
					<swisstopo:routepoint_id>1805379275</swisstopo:routepoint_id>
				</extensions>
			</trkpt>
			<trkpt lat="47.1878369878" lon="8.6997664529">
				<ele>608.8</ele>
				<time>2026-05-21T15:05:12Z</time>
				<extensions>
					<swisstopo:routepoint_id>1213026462</swisstopo:routepoint_id>
				</extensions>
			</trkpt>
			<trkpt lat="47.1878386723" lon="8.6997722442">
				<ele>608.8</ele>
				<time>2026-05-21T15:05:13Z</time>
				<extensions>
					<swisstopo:routepoint_id>1273485863</swisstopo:routepoint_id>
				</extensions>
			</trkpt>
			<trkpt lat="47.1878397519" lon="8.6997800631">
				<ele>608.8</ele>
				<time>2026-05-21T15:05:14Z</time>
				<extensions>
					<swisstopo:routepoint_id>1654873439</swisstopo:routepoint_id>
				</extensions>
			</trkpt>
			<trkpt lat="47.1878389601" lon="8.6997819509">
				<ele>608.7</ele>
				<time>2026-05-21T15:05:15Z</time>
				<extensions>
					<swisstopo:routepoint_id>1397176976</swisstopo:routepoint_id>
				</extensions>
			</trkpt>
			<trkpt lat="47.1878388181" lon="8.6997791360">
				<ele>608.7</ele>
				<time>2026-05-21T15:05:16Z</time>
				<extensions>
					<swisstopo:routepoint_id>1767239334</swisstopo:routepoint_id>
				</extensions>
			</trkpt>
			<trkpt lat="47.1878369895" lon="8.6997739041">
				<ele>608.7</ele>
				<time>2026-05-21T15:05:17Z</time>
				<extensions>
					<swisstopo:routepoint_id>145164881</swisstopo:routepoint_id>
				</extensions>
			</trkpt>
			<trkpt lat="47.1878332658" lon="8.6997714474">
				<ele>608.6</ele>
				<time>2026-05-21T15:05:18Z</time>
				<extensions>
					<swisstopo:routepoint_id>244731975</swisstopo:routepoint_id>
				</extensions>
			</trkpt>
			<trkpt lat="47.1878285557" lon="8.6997707898">
				<ele>608.6</ele>
				<time>2026-05-21T15:05:19Z</time>
				<extensions>
					<swisstopo:routepoint_id>779119820</swisstopo:routepoint_id>
				</extensions>
			</trkpt>
			<trkpt lat="47.1878243139" lon="8.6997710703">
				<ele>608.6</ele>
				<time>2026-05-21T15:05:20Z</time>
				<extensions>
					<swisstopo:routepoint_id>1459018981</swisstopo:routepoint_id>
				</extensions>
			</trkpt>
			<trkpt lat="47.1878205953" lon="8.6997702322">
				<ele>608.6</ele>
				<time>2026-05-21T15:05:21Z</time>
				<extensions>
					<swisstopo:routepoint_id>1763732221</swisstopo:routepoint_id>
				</extensions>
			</trkpt>
			<trkpt lat="47.1878178504" lon="8.6997665206">
				<ele>608.5</ele>
				<time>2026-05-21T15:05:22Z</time>
				<extensions>
					<swisstopo:routepoint_id>1330658806</swisstopo:routepoint_id>
				</extensions>
			</trkpt>
			<trkpt lat="47.1878163934" lon="8.6997667940">
				<ele>608.5</ele>
				<time>2026-05-21T15:05:23Z</time>
				<extensions>
					<swisstopo:routepoint_id>487852584</swisstopo:routepoint_id>
				</extensions>
			</trkpt>
			<trkpt lat="47.1878157173" lon="8.6997661022">
				<ele>608.4</ele>
				<time>2026-05-21T15:05:24Z</time>
				<extensions>
					<swisstopo:routepoint_id>245815042</swisstopo:routepoint_id>
				</extensions>
			</trkpt>
			<trkpt lat="47.1878140248" lon="8.6997700590">
				<ele>608.4</ele>
				<time>2026-05-21T15:05:25Z</time>
				<extensions>
					<swisstopo:routepoint_id>1802357713</swisstopo:routepoint_id>
				</extensions>
			</trkpt>
			<trkpt lat="47.1878122773" lon="8.6997731679">
				<ele>608.4</ele>
				<time>2026-05-21T15:05:26Z</time>
				<extensions>
					<swisstopo:routepoint_id>1969241456</swisstopo:routepoint_id>
				</extensions>
			</trkpt>
			<trkpt lat="47.1878118157" lon="8.6997733081">
				<ele>608.4</ele>
				<time>2026-05-21T15:05:27Z</time>
				<extensions>
					<swisstopo:routepoint_id>23183428</swisstopo:routepoint_id>
				</extensions>
			</trkpt>
			<trkpt lat="47.1878131948" lon="8.6997774549">
				<ele>608.4</ele>
				<time>2026-05-21T15:05:28Z</time>
				<extensions>
					<swisstopo:routepoint_id>949334289</swisstopo:routepoint_id>
				</extensions>
			</trkpt>
			<trkpt lat="47.1878159411" lon="8.6997806507">
				<ele>608.4</ele>
				<time>2026-05-21T15:05:29Z</time>
				<extensions>
					<swisstopo:routepoint_id>1805381660</swisstopo:routepoint_id>
				</extensions>
			</trkpt>
			<trkpt lat="47.1878212959" lon="8.6997835981">
				<ele>608.3</ele>
				<time>2026-05-21T15:05:30Z</time>
				<extensions>
					<swisstopo:routepoint_id>1253111157</swisstopo:routepoint_id>
				</extensions>
			</trkpt>
			<trkpt lat="47.1878248087" lon="8.6997853854">
				<ele>608.3</ele>
				<time>2026-05-21T15:05:31Z</time>
				<extensions>
					<swisstopo:routepoint_id>667089570</swisstopo:routepoint_id>
				</extensions>
			</trkpt>
			<trkpt lat="47.1878277429" lon="8.6997860189">
				<ele>608.3</ele>
				<time>2026-05-21T15:05:32Z</time>
				<extensions>
					<swisstopo:routepoint_id>1909765650</swisstopo:routepoint_id>
				</extensions>
			</trkpt>
			<trkpt lat="47.1878293586" lon="8.6997858938">
				<ele>608.2</ele>
				<time>2026-05-21T15:05:33Z</time>
				<extensions>
					<swisstopo:routepoint_id>1140691488</swisstopo:routepoint_id>
				</extensions>
			</trkpt>
			<trkpt lat="47.1878308599" lon="8.6997859136">
				<ele>608.2</ele>
				<time>2026-05-21T15:05:34Z</time>
				<extensions>
					<swisstopo:routepoint_id>1015322047</swisstopo:routepoint_id>
				</extensions>
			</trkpt>
			<trkpt lat="47.1878323777" lon="8.6997805033">
				<ele>608.1</ele>
				<time>2026-05-21T15:05:35Z</time>
				<extensions>
					<swisstopo:routepoint_id>612584867</swisstopo:routepoint_id>
				</extensions>
			</trkpt>
			<trkpt lat="47.1878323975" lon="8.6997752167">
				<ele>608.0</ele>
				<time>2026-05-21T15:05:36Z</time>
				<extensions>
					<swisstopo:routepoint_id>677255951</swisstopo:routepoint_id>
				</extensions>
			</trkpt>
			<trkpt lat="47.1878314911" lon="8.6997726894">
				<ele>607.9</ele>
				<time>2026-05-21T15:05:37Z</time>
				<extensions>
					<swisstopo:routepoint_id>977439357</swisstopo:routepoint_id>
				</extensions>
			</trkpt>
			<trkpt lat="47.1878335598" lon="8.6997711197">
				<ele>607.9</ele>
				<time>2026-05-21T15:05:38Z</time>
				<extensions>
					<swisstopo:routepoint_id>1720857196</swisstopo:routepoint_id>
				</extensions>
			</trkpt>
			<trkpt lat="47.1878360496" lon="8.6997704032">
				<ele>607.8</ele>
				<time>2026-05-21T15:05:39Z</time>
				<extensions>
					<swisstopo:routepoint_id>137135376</swisstopo:routepoint_id>
				</extensions>
			</trkpt>
			<trkpt lat="47.1878345160" lon="8.6997700013">
				<ele>607.7</ele>
				<time>2026-05-21T15:05:40Z</time>
				<extensions>
					<swisstopo:routepoint_id>584311201</swisstopo:routepoint_id>
				</extensions>
			</trkpt>
			<trkpt lat="47.1878313724" lon="8.6997692873">
				<ele>607.6</ele>
				<time>2026-05-21T15:05:41Z</time>
				<extensions>
					<swisstopo:routepoint_id>75637476</swisstopo:routepoint_id>
				</extensions>
			</trkpt>
			<trkpt lat="47.1878284141" lon="8.6997687821">
				<ele>607.6</ele>
				<time>2026-05-21T15:05:42Z</time>
				<extensions>
					<swisstopo:routepoint_id>2076223755</swisstopo:routepoint_id>
				</extensions>
			</trkpt>
			<trkpt lat="47.1878230513" lon="8.6997641636">
				<ele>607.5</ele>
				<time>2026-05-21T15:05:43Z</time>
				<extensions>
					<swisstopo:routepoint_id>630870182</swisstopo:routepoint_id>
				</extensions>
			</trkpt>
			<trkpt lat="47.1878175808" lon="8.6997608248">
				<ele>607.5</ele>
				<time>2026-05-21T15:05:44Z</time>
				<extensions>
					<swisstopo:routepoint_id>908383635</swisstopo:routepoint_id>
				</extensions>
			</trkpt>
			<trkpt lat="47.1878153607" lon="8.6997575721">
				<ele>607.5</ele>
				<time>2026-05-21T15:05:45Z</time>
				<extensions>
					<swisstopo:routepoint_id>742506922</swisstopo:routepoint_id>
				</extensions>
			</trkpt>
			<trkpt lat="47.1878150822" lon="8.6997488509">
				<ele>607.5</ele>
				<time>2026-05-21T15:05:46Z</time>
				<extensions>
					<swisstopo:routepoint_id>286365337</swisstopo:routepoint_id>
				</extensions>
			</trkpt>
			<trkpt lat="47.1878149474" lon="8.6997359112">
				<ele>607.6</ele>
				<time>2026-05-21T15:05:47Z</time>
				<extensions>
					<swisstopo:routepoint_id>431366032</swisstopo:routepoint_id>
				</extensions>
			</trkpt>
			<trkpt lat="47.1878156372" lon="8.6997301167">
				<ele>607.6</ele>
				<time>2026-05-21T15:05:48Z</time>
				<extensions>
					<swisstopo:routepoint_id>64107552</swisstopo:routepoint_id>
				</extensions>
			</trkpt>
			<trkpt lat="47.1878161617" lon="8.6997282806">
				<ele>607.7</ele>
				<time>2026-05-21T15:05:49Z</time>
				<extensions>
					<swisstopo:routepoint_id>1566319317</swisstopo:routepoint_id>
				</extensions>
			</trkpt>
			<trkpt lat="47.1878143512" lon="8.6997244863">
				<ele>607.7</ele>
				<time>2026-05-21T15:05:50Z</time>
				<extensions>
					<swisstopo:routepoint_id>1274215893</swisstopo:routepoint_id>
				</extensions>
			</trkpt>
			<trkpt lat="47.1878103715" lon="8.6997208924">
				<ele>607.7</ele>
				<time>2026-05-21T15:05:51Z</time>
				<extensions>
					<swisstopo:routepoint_id>1039585767</swisstopo:routepoint_id>
				</extensions>
			</trkpt>
			<trkpt lat="47.1878083636" lon="8.6997175235">
				<ele>607.7</ele>
				<time>2026-05-21T15:05:52Z</time>
				<extensions>
					<swisstopo:routepoint_id>391033977</swisstopo:routepoint_id>
				</extensions>
			</trkpt>
			<trkpt lat="47.1878069206" lon="8.6997149589">
				<ele>607.8</ele>
				<time>2026-05-21T15:05:53Z</time>
				<extensions>
					<swisstopo:routepoint_id>808091619</swisstopo:routepoint_id>
				</extensions>
			</trkpt>
			<trkpt lat="47.1878064976" lon="8.6997094738">
				<ele>607.9</ele>
				<time>2026-05-21T15:05:54Z</time>
				<extensions>
					<swisstopo:routepoint_id>909256905</swisstopo:routepoint_id>
				</extensions>
			</trkpt>
			<trkpt lat="47.1878059898" lon="8.6997047853">
				<ele>608.1</ele>
				<time>2026-05-21T15:05:55Z</time>
				<extensions>
					<swisstopo:routepoint_id>387170283</swisstopo:routepoint_id>
				</extensions>
			</trkpt>
			<trkpt lat="47.1878030105" lon="8.6997045859">
				<ele>608.1</ele>
				<time>2026-05-21T15:05:56Z</time>
				<extensions>
					<swisstopo:routepoint_id>295495971</swisstopo:routepoint_id>
				</extensions>
			</trkpt>
			<trkpt lat="47.1877973792" lon="8.6997054205">
				<ele>608.1</ele>
				<time>2026-05-21T15:05:57Z</time>
				<extensions>
					<swisstopo:routepoint_id>1418592733</swisstopo:routepoint_id>
				</extensions>
			</trkpt>
			<trkpt lat="47.1877954015" lon="8.6997045450">
				<ele>608.1</ele>
				<time>2026-05-21T15:05:58Z</time>
				<extensions>
					<swisstopo:routepoint_id>924614537</swisstopo:routepoint_id>
				</extensions>
			</trkpt>
			<trkpt lat="47.1877968699" lon="8.6997025149">
				<ele>608.1</ele>
				<time>2026-05-21T15:05:59Z</time>
				<extensions>
					<swisstopo:routepoint_id>804853667</swisstopo:routepoint_id>
				</extensions>
			</trkpt>
			<trkpt lat="47.1877996523" lon="8.6997059936">
				<ele>608.1</ele>
				<time>2026-05-21T15:06:00Z</time>
				<extensions>
					<swisstopo:routepoint_id>176088816</swisstopo:routepoint_id>
				</extensions>
			</trkpt>
			<trkpt lat="47.1878026003" lon="8.6997173328">
				<ele>608.1</ele>
				<time>2026-05-21T15:06:01Z</time>
				<extensions>
					<swisstopo:routepoint_id>292264946</swisstopo:routepoint_id>
				</extensions>
			</trkpt>
			<trkpt lat="47.1878051105" lon="8.6997294608">
				<ele>608.1</ele>
				<time>2026-05-21T15:06:02Z</time>
				<extensions>
					<swisstopo:routepoint_id>801846733</swisstopo:routepoint_id>
				</extensions>
			</trkpt>
			<trkpt lat="47.1878102829" lon="8.6997403634">
				<ele>608.1</ele>
				<time>2026-05-21T15:06:03Z</time>
				<extensions>
					<swisstopo:routepoint_id>1178156606</swisstopo:routepoint_id>
				</extensions>
			</trkpt>
			<trkpt lat="47.1878159006" lon="8.6997507864">
				<ele>608.1</ele>
				<time>2026-05-21T15:06:04Z</time>
				<extensions>
					<swisstopo:routepoint_id>1478851702</swisstopo:routepoint_id>
				</extensions>
			</trkpt>
			<trkpt lat="47.1878168112" lon="8.6997591947">
				<ele>608.1</ele>
				<time>2026-05-21T15:06:05Z</time>
				<extensions>
					<swisstopo:routepoint_id>84825136</swisstopo:routepoint_id>
				</extensions>
			</trkpt>
			<trkpt lat="47.1878162002" lon="8.6997681042">
				<ele>608.1</ele>
				<time>2026-05-21T15:06:06Z</time>
				<extensions>
					<swisstopo:routepoint_id>1874402791</swisstopo:routepoint_id>
				</extensions>
			</trkpt>
			<trkpt lat="47.1878149551" lon="8.6997765724">
				<ele>608.1</ele>
				<time>2026-05-21T15:06:07Z</time>
				<extensions>
					<swisstopo:routepoint_id>1650090494</swisstopo:routepoint_id>
				</extensions>
			</trkpt>
			<trkpt lat="47.1878153597" lon="8.6997798265">
				<ele>608.2</ele>
				<time>2026-05-21T15:06:08Z</time>
				<extensions>
					<swisstopo:routepoint_id>467115300</swisstopo:routepoint_id>
				</extensions>
			</trkpt>
			<trkpt lat="47.1878173662" lon="8.6997784460">
				<ele>608.2</ele>
				<time>2026-05-21T15:06:09Z</time>
				<extensions>
					<swisstopo:routepoint_id>1754117315</swisstopo:routepoint_id>
				</extensions>
			</trkpt>
			<trkpt lat="47.1878178249" lon="8.6997747078">
				<ele>608.3</ele>
				<time>2026-05-21T15:06:10Z</time>
				<extensions>
					<swisstopo:routepoint_id>794207189</swisstopo:routepoint_id>
				</extensions>
			</trkpt>
			<trkpt lat="47.1878173147" lon="8.6997709410">
				<ele>608.3</ele>
				<time>2026-05-21T15:06:11Z</time>
				<extensions>
					<swisstopo:routepoint_id>1629359418</swisstopo:routepoint_id>
				</extensions>
			</trkpt>
			<trkpt lat="47.1878183123" lon="8.6997681037">
				<ele>608.3</ele>
				<time>2026-05-21T15:06:12Z</time>
				<extensions>
					<swisstopo:routepoint_id>2079755429</swisstopo:routepoint_id>
				</extensions>
			</trkpt>
			<trkpt lat="47.1878198139" lon="8.6997668458">
				<ele>608.3</ele>
				<time>2026-05-21T15:06:13Z</time>
				<extensions>
					<swisstopo:routepoint_id>2005656631</swisstopo:routepoint_id>
				</extensions>
			</trkpt>
			<trkpt lat="47.1878210834" lon="8.6997684796">
				<ele>608.3</ele>
				<time>2026-05-21T15:06:14Z</time>
				<extensions>
					<swisstopo:routepoint_id>20190258</swisstopo:routepoint_id>
				</extensions>
			</trkpt>
			<trkpt lat="47.1878228441" lon="8.6997711655">
				<ele>608.3</ele>
				<time>2026-05-21T15:06:15Z</time>
				<extensions>
					<swisstopo:routepoint_id>35249980</swisstopo:routepoint_id>
				</extensions>
			</trkpt>
			<trkpt lat="47.1878279624" lon="8.6997725221">
				<ele>608.3</ele>
				<time>2026-05-21T15:06:16Z</time>
				<extensions>
					<swisstopo:routepoint_id>1888410935</swisstopo:routepoint_id>
				</extensions>
			</trkpt>
			<trkpt lat="47.1878330265" lon="8.6997734845">
				<ele>608.3</ele>
				<time>2026-05-21T15:06:17Z</time>
				<extensions>
					<swisstopo:routepoint_id>861765532</swisstopo:routepoint_id>
				</extensions>
			</trkpt>
			<trkpt lat="47.1878393770" lon="8.6997733622">
				<ele>608.3</ele>
				<time>2026-05-21T15:06:18Z</time>
				<extensions>
					<swisstopo:routepoint_id>1063580956</swisstopo:routepoint_id>
				</extensions>
			</trkpt>
			<trkpt lat="47.1878426972" lon="8.6997726283">
				<ele>608.2</ele>
				<time>2026-05-21T15:06:20Z</time>
				<extensions>
					<swisstopo:routepoint_id>2098733511</swisstopo:routepoint_id>
				</extensions>
			</trkpt>
			<trkpt lat="47.1878427028" lon="8.6997720812">
				<ele>608.2</ele>
				<time>2026-05-21T15:06:21Z</time>
				<extensions>
					<swisstopo:routepoint_id>995217402</swisstopo:routepoint_id>
				</extensions>
			</trkpt>
			<trkpt lat="47.1878369052" lon="8.6997718047">
				<ele>608.1</ele>
				<time>2026-05-21T15:06:22Z</time>
				<extensions>
					<swisstopo:routepoint_id>2016232578</swisstopo:routepoint_id>
				</extensions>
			</trkpt>
			<trkpt lat="47.1878348551" lon="8.6997687557">
				<ele>608.1</ele>
				<time>2026-05-21T15:06:23Z</time>
				<extensions>
					<swisstopo:routepoint_id>1676472433</swisstopo:routepoint_id>
				</extensions>
			</trkpt>
			<trkpt lat="47.1878344728" lon="8.6997667188">
				<ele>608.0</ele>
				<time>2026-05-21T15:06:24Z</time>
				<extensions>
					<swisstopo:routepoint_id>1486732791</swisstopo:routepoint_id>
				</extensions>
			</trkpt>
			<trkpt lat="47.1878337904" lon="8.6997650157">
				<ele>608.0</ele>
				<time>2026-05-21T15:06:25Z</time>
				<extensions>
					<swisstopo:routepoint_id>1545785492</swisstopo:routepoint_id>
				</extensions>
			</trkpt>
			<trkpt lat="47.1878345081" lon="8.6997626510">
				<ele>608.0</ele>
				<time>2026-05-21T15:06:26Z</time>
				<extensions>
					<swisstopo:routepoint_id>1907086285</swisstopo:routepoint_id>
				</extensions>
			</trkpt>
			<trkpt lat="47.1878350956" lon="8.6997592712">
				<ele>607.9</ele>
				<time>2026-05-21T15:06:27Z</time>
				<extensions>
					<swisstopo:routepoint_id>1205760520</swisstopo:routepoint_id>
				</extensions>
			</trkpt>
			<trkpt lat="47.1878336121" lon="8.6997579369">
				<ele>607.8</ele>
				<time>2026-05-21T15:06:28Z</time>
				<extensions>
					<swisstopo:routepoint_id>1561366548</swisstopo:routepoint_id>
				</extensions>
			</trkpt>
			<trkpt lat="47.1878315098" lon="8.6997568598">
				<ele>607.7</ele>
				<time>2026-05-21T15:06:29Z</time>
				<extensions>
					<swisstopo:routepoint_id>1784889543</swisstopo:routepoint_id>
				</extensions>
			</trkpt>
			<trkpt lat="47.1878294515" lon="8.6997559624">
				<ele>607.7</ele>
				<time>2026-05-21T15:06:30Z</time>
				<extensions>
					<swisstopo:routepoint_id>439484258</swisstopo:routepoint_id>
				</extensions>
			</trkpt>
			<trkpt lat="47.1878276913" lon="8.6997553176">
				<ele>607.6</ele>
				<time>2026-05-21T15:06:31Z</time>
				<extensions>
					<swisstopo:routepoint_id>1215662173</swisstopo:routepoint_id>
				</extensions>
			</trkpt>
			<trkpt lat="47.1878262421" lon="8.6997548922">
				<ele>607.6</ele>
				<time>2026-05-21T15:06:32Z</time>
				<extensions>
					<swisstopo:routepoint_id>474724053</swisstopo:routepoint_id>
				</extensions>
			</trkpt>
			<trkpt lat="47.1878232820" lon="8.6997541020">
				<ele>607.5</ele>
				<time>2026-05-21T15:06:33Z</time>
				<extensions>
					<swisstopo:routepoint_id>785410166</swisstopo:routepoint_id>
				</extensions>
			</trkpt>
			<trkpt lat="47.1878188310" lon="8.6997532236">
				<ele>607.3</ele>
				<time>2026-05-21T15:06:34Z</time>
				<extensions>
					<swisstopo:routepoint_id>1954165500</swisstopo:routepoint_id>
				</extensions>
			</trkpt>
			<trkpt lat="47.1878150296" lon="8.6997535157">
				<ele>607.2</ele>
				<time>2026-05-21T15:06:35Z</time>
				<extensions>
					<swisstopo:routepoint_id>44661282</swisstopo:routepoint_id>
				</extensions>
			</trkpt>
			<trkpt lat="47.1878134630" lon="8.6997499519">
				<ele>607.1</ele>
				<time>2026-05-21T15:06:36Z</time>
				<extensions>
					<swisstopo:routepoint_id>1150373771</swisstopo:routepoint_id>
				</extensions>
			</trkpt>
			<trkpt lat="47.1878105855" lon="8.6997473916">
				<ele>607.1</ele>
				<time>2026-05-21T15:06:37Z</time>
				<extensions>
					<swisstopo:routepoint_id>536695256</swisstopo:routepoint_id>
				</extensions>
			</trkpt>
			<trkpt lat="47.1878079020" lon="8.6997467634">
				<ele>606.9</ele>
				<time>2026-05-21T15:06:37Z</time>
				<extensions>
					<swisstopo:routepoint_id>805850192</swisstopo:routepoint_id>
				</extensions>
			</trkpt>
			<trkpt lat="47.1878045825" lon="8.6997434772">
				<ele>606.9</ele>
				<time>2026-05-21T15:06:38Z</time>
				<extensions>
					<swisstopo:routepoint_id>1892298962</swisstopo:routepoint_id>
				</extensions>
			</trkpt>
			<trkpt lat="47.1878011875" lon="8.6997395471">
				<ele>606.8</ele>
				<time>2026-05-21T15:06:39Z</time>
				<extensions>
					<swisstopo:routepoint_id>1783325911</swisstopo:routepoint_id>
				</extensions>
			</trkpt>
			<trkpt lat="47.1877975659" lon="8.6997341948">
				<ele>606.8</ele>
				<time>2026-05-21T15:06:40Z</time>
				<extensions>
					<swisstopo:routepoint_id>2076808645</swisstopo:routepoint_id>
				</extensions>
			</trkpt>
			<trkpt lat="47.1877950578" lon="8.6997286892">
				<ele>606.8</ele>
				<time>2026-05-21T15:06:41Z</time>
				<extensions>
					<swisstopo:routepoint_id>1871181824</swisstopo:routepoint_id>
				</extensions>
			</trkpt>
			<trkpt lat="47.1877925950" lon="8.6997239262">
				<ele>606.8</ele>
				<time>2026-05-21T15:06:42Z</time>
				<extensions>
					<swisstopo:routepoint_id>1202389300</swisstopo:routepoint_id>
				</extensions>
			</trkpt>
			<trkpt lat="47.1877925742" lon="8.6997204261">
				<ele>606.8</ele>
				<time>2026-05-21T15:06:43Z</time>
				<extensions>
					<swisstopo:routepoint_id>735846830</swisstopo:routepoint_id>
				</extensions>
			</trkpt>
			<trkpt lat="47.1877941768" lon="8.6997161356">
				<ele>606.9</ele>
				<time>2026-05-21T15:06:44Z</time>
				<extensions>
					<swisstopo:routepoint_id>19348737</swisstopo:routepoint_id>
				</extensions>
			</trkpt>
			<trkpt lat="47.1877943496" lon="8.6997130313">
				<ele>607.0</ele>
				<time>2026-05-21T15:06:45Z</time>
				<extensions>
					<swisstopo:routepoint_id>924192062</swisstopo:routepoint_id>
				</extensions>
			</trkpt>
			<trkpt lat="47.1877947604" lon="8.6997131001">
				<ele>607.1</ele>
				<time>2026-05-21T15:06:46Z</time>
				<extensions>
					<swisstopo:routepoint_id>146767283</swisstopo:routepoint_id>
				</extensions>
			</trkpt>
			<trkpt lat="47.1877952995" lon="8.6997138566">
				<ele>607.1</ele>
				<time>2026-05-21T15:06:47Z</time>
				<extensions>
					<swisstopo:routepoint_id>1406498625</swisstopo:routepoint_id>
				</extensions>
			</trkpt>
			<trkpt lat="47.1877958696" lon="8.6997148005">
				<ele>607.2</ele>
				<time>2026-05-21T15:06:48Z</time>
				<extensions>
					<swisstopo:routepoint_id>1669887846</swisstopo:routepoint_id>
				</extensions>
			</trkpt>
			<trkpt lat="47.1877951380" lon="8.6997165314">
				<ele>607.3</ele>
				<time>2026-05-21T15:06:49Z</time>
				<extensions>
					<swisstopo:routepoint_id>341245079</swisstopo:routepoint_id>
				</extensions>
			</trkpt>
			<trkpt lat="47.1877943773" lon="8.6997182978">
				<ele>607.4</ele>
				<time>2026-05-21T15:06:50Z</time>
				<extensions>
					<swisstopo:routepoint_id>1524705263</swisstopo:routepoint_id>
				</extensions>
			</trkpt>
			<trkpt lat="47.1877936962" lon="8.6997207114">
				<ele>607.5</ele>
				<time>2026-05-21T15:06:51Z</time>
				<extensions>
					<swisstopo:routepoint_id>1946479237</swisstopo:routepoint_id>
				</extensions>
			</trkpt>
			<trkpt lat="47.1877927274" lon="8.6997222453">
				<ele>607.7</ele>
				<time>2026-05-21T15:06:52Z</time>
				<extensions>
					<swisstopo:routepoint_id>1858141508</swisstopo:routepoint_id>
				</extensions>
			</trkpt>
			<trkpt lat="47.1877918993" lon="8.6997234726">
				<ele>607.8</ele>
				<time>2026-05-21T15:06:53Z</time>
				<extensions>
					<swisstopo:routepoint_id>1077130282</swisstopo:routepoint_id>
				</extensions>
			</trkpt>
			<trkpt lat="47.1877912625" lon="8.6997245163">
				<ele>607.9</ele>
				<time>2026-05-21T15:06:54Z</time>
				<extensions>
					<swisstopo:routepoint_id>41505364</swisstopo:routepoint_id>
				</extensions>
			</trkpt>
			<trkpt lat="47.1877907917" lon="8.6997253837">
				<ele>608.0</ele>
				<time>2026-05-21T15:06:55Z</time>
				<extensions>
					<swisstopo:routepoint_id>1795951120</swisstopo:routepoint_id>
				</extensions>
			</trkpt>
			<trkpt lat="47.1877904615" lon="8.6997260869">
				<ele>608.1</ele>
				<time>2026-05-21T15:06:56Z</time>
				<extensions>
					<swisstopo:routepoint_id>1667815255</swisstopo:routepoint_id>
				</extensions>
			</trkpt>
			<trkpt lat="47.1877902479" lon="8.6997266414">
				<ele>608.2</ele>
				<time>2026-05-21T15:06:57Z</time>
				<extensions>
					<swisstopo:routepoint_id>2014430141</swisstopo:routepoint_id>
				</extensions>
			</trkpt>
			<trkpt lat="47.1877907013" lon="8.6997257111">
				<ele>608.2</ele>
				<time>2026-05-21T15:06:58Z</time>
				<extensions>
					<swisstopo:routepoint_id>1447684832</swisstopo:routepoint_id>
				</extensions>
			</trkpt>
			<trkpt lat="47.1877921354" lon="8.6997252031">
				<ele>608.2</ele>
				<time>2026-05-21T15:06:59Z</time>
				<extensions>
					<swisstopo:routepoint_id>249250914</swisstopo:routepoint_id>
				</extensions>
			</trkpt>
			<trkpt lat="47.1877942144" lon="8.6997256998">
				<ele>608.1</ele>
				<time>2026-05-21T15:07:00Z</time>
				<extensions>
					<swisstopo:routepoint_id>1566999948</swisstopo:routepoint_id>
				</extensions>
			</trkpt>
			<trkpt lat="47.1877964698" lon="8.6997252670">
				<ele>608.2</ele>
				<time>2026-05-21T15:07:01Z</time>
				<extensions>
					<swisstopo:routepoint_id>1976162875</swisstopo:routepoint_id>
				</extensions>
			</trkpt>
			<trkpt lat="47.1878019716" lon="8.6997314654">
				<ele>608.4</ele>
				<time>2026-05-21T15:07:02Z</time>
				<extensions>
					<swisstopo:routepoint_id>387355623</swisstopo:routepoint_id>
				</extensions>
			</trkpt>
			<trkpt lat="47.1878037540" lon="8.6997382739">
				<ele>608.4</ele>
				<time>2026-05-21T15:07:03Z</time>
				<extensions>
					<swisstopo:routepoint_id>1263021704</swisstopo:routepoint_id>
				</extensions>
			</trkpt>
			<trkpt lat="47.1878055387" lon="8.6997453951">
				<ele>608.5</ele>
				<time>2026-05-21T15:07:04Z</time>
				<extensions>
					<swisstopo:routepoint_id>1877412180</swisstopo:routepoint_id>
				</extensions>
			</trkpt>
			<trkpt lat="47.1878067292" lon="8.6997477770">
				<ele>608.3</ele>
				<time>2026-05-21T15:07:05Z</time>
				<extensions>
					<swisstopo:routepoint_id>689283889</swisstopo:routepoint_id>
				</extensions>
			</trkpt>
			<trkpt lat="47.1878075056" lon="8.6997481504">
				<ele>608.1</ele>
				<time>2026-05-21T15:07:06Z</time>
				<extensions>
					<swisstopo:routepoint_id>1267530505</swisstopo:routepoint_id>
				</extensions>
			</trkpt>
			<trkpt lat="47.1878085808" lon="8.6997480758">
				<ele>608.0</ele>
				<time>2026-05-21T15:07:07Z</time>
				<extensions>
					<swisstopo:routepoint_id>347419295</swisstopo:routepoint_id>
				</extensions>
			</trkpt>
			<trkpt lat="47.1878094330" lon="8.6997480551">
				<ele>607.9</ele>
				<time>2026-05-21T15:07:08Z</time>
				<extensions>
					<swisstopo:routepoint_id>68054872</swisstopo:routepoint_id>
				</extensions>
			</trkpt>
			<trkpt lat="47.1878155620" lon="8.6997592703">
				<ele>607.6</ele>
				<time>2026-05-21T15:07:09Z</time>
				<extensions>
					<swisstopo:routepoint_id>1336933500</swisstopo:routepoint_id>
				</extensions>
			</trkpt>
			<trkpt lat="47.1878166572" lon="8.6997663227">
				<ele>607.2</ele>
				<time>2026-05-21T15:07:10Z</time>
				<extensions>
					<swisstopo:routepoint_id>719935939</swisstopo:routepoint_id>
				</extensions>
			</trkpt>
			<trkpt lat="47.1878175772" lon="8.6997702497">
				<ele>606.7</ele>
				<time>2026-05-21T15:07:11Z</time>
				<extensions>
					<swisstopo:routepoint_id>1040459575</swisstopo:routepoint_id>
				</extensions>
			</trkpt>
			<trkpt lat="47.1878193403" lon="8.6997735223">
				<ele>606.3</ele>
				<time>2026-05-21T15:07:12Z</time>
				<extensions>
					<swisstopo:routepoint_id>44739504</swisstopo:routepoint_id>
				</extensions>
			</trkpt>
			<trkpt lat="47.1878187957" lon="8.6997760892">
				<ele>606.0</ele>
				<time>2026-05-21T15:07:13Z</time>
				<extensions>
					<swisstopo:routepoint_id>317567278</swisstopo:routepoint_id>
				</extensions>
			</trkpt>
			<trkpt lat="47.1878201915" lon="8.6997736778">
				<ele>605.8</ele>
				<time>2026-05-21T15:07:14Z</time>
				<extensions>
					<swisstopo:routepoint_id>856378551</swisstopo:routepoint_id>
				</extensions>
			</trkpt>
			<trkpt lat="47.1878193869" lon="8.6997727765">
				<ele>605.6</ele>
				<time>2026-05-21T15:07:15Z</time>
				<extensions>
					<swisstopo:routepoint_id>718904463</swisstopo:routepoint_id>
				</extensions>
			</trkpt>
			<trkpt lat="47.1878160154" lon="8.6997707518">
				<ele>605.4</ele>
				<time>2026-05-21T15:07:16Z</time>
				<extensions>
					<swisstopo:routepoint_id>884311619</swisstopo:routepoint_id>
				</extensions>
			</trkpt>
			<trkpt lat="47.1878112229" lon="8.6997671248">
				<ele>605.4</ele>
				<time>2026-05-21T15:07:17Z</time>
				<extensions>
					<swisstopo:routepoint_id>2038543293</swisstopo:routepoint_id>
				</extensions>
			</trkpt>
			<trkpt lat="47.1878079237" lon="8.6997627033">
				<ele>605.5</ele>
				<time>2026-05-21T15:07:18Z</time>
				<extensions>
					<swisstopo:routepoint_id>843021213</swisstopo:routepoint_id>
				</extensions>
			</trkpt>
			<trkpt lat="47.1878069891" lon="8.6997587352">
				<ele>605.8</ele>
				<time>2026-05-21T15:07:19Z</time>
				<extensions>
					<swisstopo:routepoint_id>1707907632</swisstopo:routepoint_id>
				</extensions>
			</trkpt>
			<trkpt lat="47.1878066500" lon="8.6997553549">
				<ele>606.0</ele>
				<time>2026-05-21T15:07:20Z</time>
				<extensions>
					<swisstopo:routepoint_id>1537145222</swisstopo:routepoint_id>
				</extensions>
			</trkpt>
			<trkpt lat="47.1878064750" lon="8.6997525470">
				<ele>606.2</ele>
				<time>2026-05-21T15:07:21Z</time>
				<extensions>
					<swisstopo:routepoint_id>571472744</swisstopo:routepoint_id>
				</extensions>
			</trkpt>
			<trkpt lat="47.1878064138" lon="8.6997502729">
				<ele>606.4</ele>
				<time>2026-05-21T15:07:22Z</time>
				<extensions>
					<swisstopo:routepoint_id>1195539024</swisstopo:routepoint_id>
				</extensions>
			</trkpt>
			<trkpt lat="47.1878064387" lon="8.6997484817">
				<ele>606.5</ele>
				<time>2026-05-21T15:07:23Z</time>
				<extensions>
					<swisstopo:routepoint_id>1567375036</swisstopo:routepoint_id>
				</extensions>
			</trkpt>
			<trkpt lat="47.1878080787" lon="8.6997443136">
				<ele>606.8</ele>
				<time>2026-05-21T15:07:24Z</time>
				<extensions>
					<swisstopo:routepoint_id>1837815950</swisstopo:routepoint_id>
				</extensions>
			</trkpt>
			<trkpt lat="47.1878109623" lon="8.6997392918">
				<ele>607.2</ele>
				<time>2026-05-21T15:07:25Z</time>
				<extensions>
					<swisstopo:routepoint_id>915376849</swisstopo:routepoint_id>
				</extensions>
			</trkpt>
			<trkpt lat="47.1878140749" lon="8.6997362373">
				<ele>607.6</ele>
				<time>2026-05-21T15:07:26Z</time>
				<extensions>
					<swisstopo:routepoint_id>165854035</swisstopo:routepoint_id>
				</extensions>
			</trkpt>
			<trkpt lat="47.1878163794" lon="8.6997342811">
				<ele>607.8</ele>
				<time>2026-05-21T15:07:27Z</time>
				<extensions>
					<swisstopo:routepoint_id>74992439</swisstopo:routepoint_id>
				</extensions>
			</trkpt>
			<trkpt lat="47.1878184854" lon="8.6997388707">
				<ele>607.9</ele>
				<time>2026-05-21T15:07:28Z</time>
				<extensions>
					<swisstopo:routepoint_id>1972505131</swisstopo:routepoint_id>
				</extensions>
			</trkpt>
			<trkpt lat="47.1878178607" lon="8.6997454203">
				<ele>607.7</ele>
				<time>2026-05-21T15:07:29Z</time>
				<extensions>
					<swisstopo:routepoint_id>1188677978</swisstopo:routepoint_id>
				</extensions>
			</trkpt>
			<trkpt lat="47.1878165951" lon="8.6997534580">
				<ele>607.5</ele>
				<time>2026-05-21T15:07:30Z</time>
				<extensions>
					<swisstopo:routepoint_id>70408205</swisstopo:routepoint_id>
				</extensions>
			</trkpt>
			<trkpt lat="47.1878170278" lon="8.6997603112">
				<ele>607.3</ele>
				<time>2026-05-21T15:07:31Z</time>
				<extensions>
					<swisstopo:routepoint_id>87211938</swisstopo:routepoint_id>
				</extensions>
			</trkpt>
			<trkpt lat="47.1878175874" lon="8.6997659967">
				<ele>607.2</ele>
				<time>2026-05-21T15:07:32Z</time>
				<extensions>
					<swisstopo:routepoint_id>1187194712</swisstopo:routepoint_id>
				</extensions>
			</trkpt>
			<trkpt lat="47.1878179006" lon="8.6997776907">
				<ele>606.7</ele>
				<time>2026-05-21T15:07:32Z</time>
				<extensions>
					<swisstopo:routepoint_id>910960307</swisstopo:routepoint_id>
				</extensions>
			</trkpt>
			<trkpt lat="47.1878178835" lon="8.6997776832">
				<ele>606.7</ele>
				<time>2026-05-21T15:07:33Z</time>
				<extensions>
					<swisstopo:routepoint_id>1098960286</swisstopo:routepoint_id>
				</extensions>
			</trkpt>
			<trkpt lat="47.1878180221" lon="8.6997777385">
				<ele>606.7</ele>
				<time>2026-05-21T15:07:34Z</time>
				<extensions>
					<swisstopo:routepoint_id>1866162602</swisstopo:routepoint_id>
				</extensions>
			</trkpt>
			<trkpt lat="47.1878187475" lon="8.6997779638">
				<ele>606.7</ele>
				<time>2026-05-21T15:07:35Z</time>
				<extensions>
					<swisstopo:routepoint_id>596187379</swisstopo:routepoint_id>
				</extensions>
			</trkpt>
			<trkpt lat="47.1878197930" lon="8.6997787744">
				<ele>606.7</ele>
				<time>2026-05-21T15:07:36Z</time>
				<extensions>
					<swisstopo:routepoint_id>2110065598</swisstopo:routepoint_id>
				</extensions>
			</trkpt>
			<trkpt lat="47.1878205728" lon="8.6997805272">
				<ele>606.6</ele>
				<time>2026-05-21T15:07:37Z</time>
				<extensions>
					<swisstopo:routepoint_id>327559028</swisstopo:routepoint_id>
				</extensions>
			</trkpt>
			<trkpt lat="47.1878212395" lon="8.6997831327">
				<ele>606.6</ele>
				<time>2026-05-21T15:07:38Z</time>
				<extensions>
					<swisstopo:routepoint_id>1283996335</swisstopo:routepoint_id>
				</extensions>
			</trkpt>
			<trkpt lat="47.1878210123" lon="8.6997882776">
				<ele>606.5</ele>
				<time>2026-05-21T15:07:39Z</time>
				<extensions>
					<swisstopo:routepoint_id>63233642</swisstopo:routepoint_id>
				</extensions>
			</trkpt>
			<trkpt lat="47.1878201227" lon="8.6997963321">
				<ele>606.6</ele>
				<time>2026-05-21T15:07:40Z</time>
				<extensions>
					<swisstopo:routepoint_id>1910899476</swisstopo:routepoint_id>
				</extensions>
			</trkpt>
			<trkpt lat="47.1878196332" lon="8.6998039170">
				<ele>606.7</ele>
				<time>2026-05-21T15:07:41Z</time>
				<extensions>
					<swisstopo:routepoint_id>869552247</swisstopo:routepoint_id>
				</extensions>
			</trkpt>
			<trkpt lat="47.1878189521" lon="8.6998095007">
				<ele>606.7</ele>
				<time>2026-05-21T15:07:42Z</time>
				<extensions>
					<swisstopo:routepoint_id>938397494</swisstopo:routepoint_id>
				</extensions>
			</trkpt>
			<trkpt lat="47.1878182521" lon="8.6998138046">
				<ele>606.7</ele>
				<time>2026-05-21T15:07:43Z</time>
				<extensions>
					<swisstopo:routepoint_id>526778090</swisstopo:routepoint_id>
				</extensions>
			</trkpt>
			<trkpt lat="47.1878176330" lon="8.6998170406">
				<ele>606.7</ele>
				<time>2026-05-21T15:07:44Z</time>
				<extensions>
					<swisstopo:routepoint_id>1631765696</swisstopo:routepoint_id>
				</extensions>
			</trkpt>
			<trkpt lat="47.1878171108" lon="8.6998193318">
				<ele>606.7</ele>
				<time>2026-05-21T15:07:45Z</time>
				<extensions>
					<swisstopo:routepoint_id>1719880482</swisstopo:routepoint_id>
				</extensions>
			</trkpt>
			<trkpt lat="47.1878146453" lon="8.6998248588">
				<ele>606.8</ele>
				<time>2026-05-21T15:07:46Z</time>
				<extensions>
					<swisstopo:routepoint_id>901372354</swisstopo:routepoint_id>
				</extensions>
			</trkpt>
			<trkpt lat="47.1878144171" lon="8.6998289019">
				<ele>607.2</ele>
				<time>2026-05-21T15:07:47Z</time>
				<extensions>
					<swisstopo:routepoint_id>1015507740</swisstopo:routepoint_id>
				</extensions>
			</trkpt>
			<trkpt lat="47.1878141767" lon="8.6998317497">
				<ele>607.5</ele>
				<time>2026-05-21T15:07:48Z</time>
				<extensions>
					<swisstopo:routepoint_id>1586043471</swisstopo:routepoint_id>
				</extensions>
			</trkpt>
			<trkpt lat="47.1878139655" lon="8.6998337452">
				<ele>607.8</ele>
				<time>2026-05-21T15:07:49Z</time>
				<extensions>
					<swisstopo:routepoint_id>2065590533</swisstopo:routepoint_id>
				</extensions>
			</trkpt>
			<trkpt lat="47.1878146900" lon="8.6998291156">
				<ele>608.3</ele>
				<time>2026-05-21T15:07:49Z</time>
				<extensions>
					<swisstopo:routepoint_id>159450729</swisstopo:routepoint_id>
				</extensions>
			</trkpt>
			<trkpt lat="47.1878146900" lon="8.6998291156">
				<ele>608.3</ele>
				<time>2026-05-21T15:07:50Z</time>
				<extensions>
					<swisstopo:routepoint_id>1976294494</swisstopo:routepoint_id>
				</extensions>
			</trkpt>
			<trkpt lat="47.1878146900" lon="8.6998291156">
				<ele>608.3</ele>
				<time>2026-05-21T15:07:51Z</time>
				<extensions>
					<swisstopo:routepoint_id>451992509</swisstopo:routepoint_id>
				</extensions>
			</trkpt>
			<trkpt lat="47.1878146900" lon="8.6998291156">
				<ele>608.3</ele>
				<time>2026-05-21T15:07:52Z</time>
				<extensions>
					<swisstopo:routepoint_id>988439324</swisstopo:routepoint_id>
				</extensions>
			</trkpt>
			<trkpt lat="47.1878146900" lon="8.6998291156">
				<ele>608.3</ele>
				<time>2026-05-21T15:07:53Z</time>
				<extensions>
					<swisstopo:routepoint_id>1913708923</swisstopo:routepoint_id>
				</extensions>
			</trkpt>
			<trkpt lat="47.1878146900" lon="8.6998291156">
				<ele>608.3</ele>
				<time>2026-05-21T15:07:54Z</time>
				<extensions>
					<swisstopo:routepoint_id>843287742</swisstopo:routepoint_id>
				</extensions>
			</trkpt>
			<trkpt lat="47.1878146900" lon="8.6998291156">
				<ele>608.3</ele>
				<time>2026-05-21T15:07:55Z</time>
				<extensions>
					<swisstopo:routepoint_id>1892493241</swisstopo:routepoint_id>
				</extensions>
			</trkpt>
			<trkpt lat="47.1878146900" lon="8.6998291156">
				<ele>608.3</ele>
				<time>2026-05-21T15:07:56Z</time>
				<extensions>
					<swisstopo:routepoint_id>753605770</swisstopo:routepoint_id>
				</extensions>
			</trkpt>
			<trkpt lat="47.1878146900" lon="8.6998291156">
				<ele>608.3</ele>
				<time>2026-05-21T15:07:57Z</time>
				<extensions>
					<swisstopo:routepoint_id>2141110031</swisstopo:routepoint_id>
				</extensions>
			</trkpt>
			<trkpt lat="47.1878135601" lon="8.6998261530">
				<ele>608.3</ele>
				<time>2026-05-21T15:07:58Z</time>
				<extensions>
					<swisstopo:routepoint_id>252818238</swisstopo:routepoint_id>
				</extensions>
			</trkpt>
			<trkpt lat="47.1878137882" lon="8.6998219164">
				<ele>608.3</ele>
				<time>2026-05-21T15:07:59Z</time>
				<extensions>
					<swisstopo:routepoint_id>1393472300</swisstopo:routepoint_id>
				</extensions>
			</trkpt>
			<trkpt lat="47.1878133300" lon="8.6998184090">
				<ele>608.3</ele>
				<time>2026-05-21T15:08:00Z</time>
				<extensions>
					<swisstopo:routepoint_id>1779775565</swisstopo:routepoint_id>
				</extensions>
			</trkpt>
			<trkpt lat="47.1878130648" lon="8.6998157148">
				<ele>608.4</ele>
				<time>2026-05-21T15:08:01Z</time>
				<extensions>
					<swisstopo:routepoint_id>388201892</swisstopo:routepoint_id>
				</extensions>
			</trkpt>
			<trkpt lat="47.1878128169" lon="8.6998137547">
				<ele>608.4</ele>
				<time>2026-05-21T15:08:02Z</time>
				<extensions>
					<swisstopo:routepoint_id>453879258</swisstopo:routepoint_id>
				</extensions>
			</trkpt>
			<trkpt lat="47.1878114491" lon="8.6998129151">
				<ele>608.3</ele>
				<time>2026-05-21T15:08:03Z</time>
				<extensions>
					<swisstopo:routepoint_id>486775062</swisstopo:routepoint_id>
				</extensions>
			</trkpt>
			<trkpt lat="47.1878130038" lon="8.6998107634">
				<ele>608.4</ele>
				<time>2026-05-21T15:08:04Z</time>
				<extensions>
					<swisstopo:routepoint_id>1463255611</swisstopo:routepoint_id>
				</extensions>
			</trkpt>
			<trkpt lat="47.1878147778" lon="8.6998091823">
				<ele>608.8</ele>
				<time>2026-05-21T15:08:05Z</time>
				<extensions>
					<swisstopo:routepoint_id>2101812280</swisstopo:routepoint_id>
				</extensions>
			</trkpt>
			<trkpt lat="47.1878146788" lon="8.6998083131">
				<ele>609.1</ele>
				<time>2026-05-21T15:08:06Z</time>
				<extensions>
					<swisstopo:routepoint_id>1200480457</swisstopo:routepoint_id>
				</extensions>
			</trkpt>
			<trkpt lat="47.1878146504" lon="8.6998076557">
				<ele>609.3</ele>
				<time>2026-05-21T15:08:07Z</time>
				<extensions>
					<swisstopo:routepoint_id>866177234</swisstopo:routepoint_id>
				</extensions>
			</trkpt>
			<trkpt lat="47.1878150205" lon="8.6998076190">
				<ele>609.5</ele>
				<time>2026-05-21T15:08:08Z</time>
				<extensions>
					<swisstopo:routepoint_id>49128825</swisstopo:routepoint_id>
				</extensions>
			</trkpt>
			<trkpt lat="47.1878151533" lon="8.6998091626">
				<ele>609.6</ele>
				<time>2026-05-21T15:08:09Z</time>
				<extensions>
					<swisstopo:routepoint_id>1074441327</swisstopo:routepoint_id>
				</extensions>
			</trkpt>
			<trkpt lat="47.1878141186" lon="8.6998120281">
				<ele>609.8</ele>
				<time>2026-05-21T15:08:10Z</time>
				<extensions>
					<swisstopo:routepoint_id>2092878913</swisstopo:routepoint_id>
				</extensions>
			</trkpt>
			<trkpt lat="47.1878128585" lon="8.6998162191">
				<ele>609.9</ele>
				<time>2026-05-21T15:08:11Z</time>
				<extensions>
					<swisstopo:routepoint_id>1381236578</swisstopo:routepoint_id>
				</extensions>
			</trkpt>
			<trkpt lat="47.1878116399" lon="8.6998179292">
				<ele>609.8</ele>
				<time>2026-05-21T15:08:12Z</time>
				<extensions>
					<swisstopo:routepoint_id>144942376</swisstopo:routepoint_id>
				</extensions>
			</trkpt>
			<trkpt lat="47.1878107569" lon="8.6998159524">
				<ele>609.4</ele>
				<time>2026-05-21T15:08:13Z</time>
				<extensions>
					<swisstopo:routepoint_id>800057734</swisstopo:routepoint_id>
				</extensions>
			</trkpt>
			<trkpt lat="47.1878107721" lon="8.6998117872">
				<ele>608.9</ele>
				<time>2026-05-21T15:08:14Z</time>
				<extensions>
					<swisstopo:routepoint_id>1175221471</swisstopo:routepoint_id>
				</extensions>
			</trkpt>
			<trkpt lat="47.1878124656" lon="8.6997972773">
				<ele>607.3</ele>
				<time>2026-05-21T15:08:14Z</time>
				<extensions>
					<swisstopo:routepoint_id>1540161638</swisstopo:routepoint_id>
				</extensions>
			</trkpt>
			<trkpt lat="47.1878124673" lon="8.6997972810">
				<ele>607.3</ele>
				<time>2026-05-21T15:08:15Z</time>
				<extensions>
					<swisstopo:routepoint_id>1876252575</swisstopo:routepoint_id>
				</extensions>
			</trkpt>
			<trkpt lat="47.1878124625" lon="8.6997972457">
				<ele>607.3</ele>
				<time>2026-05-21T15:08:16Z</time>
				<extensions>
					<swisstopo:routepoint_id>527155477</swisstopo:routepoint_id>
				</extensions>
			</trkpt>
			<trkpt lat="47.1878124326" lon="8.6997970783">
				<ele>607.3</ele>
				<time>2026-05-21T15:08:17Z</time>
				<extensions>
					<swisstopo:routepoint_id>1532058064</swisstopo:routepoint_id>
				</extensions>
			</trkpt>
			<trkpt lat="47.1878117928" lon="8.6997969499">
				<ele>607.2</ele>
				<time>2026-05-21T15:08:18Z</time>
				<extensions>
					<swisstopo:routepoint_id>970954118</swisstopo:routepoint_id>
				</extensions>
			</trkpt>
			<trkpt lat="47.1878105742" lon="8.6997956161">
				<ele>607.2</ele>
				<time>2026-05-21T15:08:19Z</time>
				<extensions>
					<swisstopo:routepoint_id>97627673</swisstopo:routepoint_id>
				</extensions>
			</trkpt>
			<trkpt lat="47.1878091522" lon="8.6997921635">
				<ele>607.0</ele>
				<time>2026-05-21T15:08:20Z</time>
				<extensions>
					<swisstopo:routepoint_id>150793803</swisstopo:routepoint_id>
				</extensions>
			</trkpt>
			<trkpt lat="47.1878073767" lon="8.6997866653">
				<ele>606.8</ele>
				<time>2026-05-21T15:08:21Z</time>
				<extensions>
					<swisstopo:routepoint_id>360743561</swisstopo:routepoint_id>
				</extensions>
			</trkpt>
			<trkpt lat="47.1878059647" lon="8.6997793523">
				<ele>606.7</ele>
				<time>2026-05-21T15:08:22Z</time>
				<extensions>
					<swisstopo:routepoint_id>670694246</swisstopo:routepoint_id>
				</extensions>
			</trkpt>
			<trkpt lat="47.1878055893" lon="8.6997716704">
				<ele>606.5</ele>
				<time>2026-05-21T15:08:23Z</time>
				<extensions>
					<swisstopo:routepoint_id>216529419</swisstopo:routepoint_id>
				</extensions>
			</trkpt>
			<trkpt lat="47.1878058254" lon="8.6997640349">
				<ele>606.5</ele>
				<time>2026-05-21T15:08:24Z</time>
				<extensions>
					<swisstopo:routepoint_id>1372647115</swisstopo:routepoint_id>
				</extensions>
			</trkpt>
			<trkpt lat="47.1878076783" lon="8.6997582385">
				<ele>606.6</ele>
				<time>2026-05-21T15:08:25Z</time>
				<extensions>
					<swisstopo:routepoint_id>1810725731</swisstopo:routepoint_id>
				</extensions>
			</trkpt>
			<trkpt lat="47.1878097149" lon="8.6997571252">
				<ele>606.8</ele>
				<time>2026-05-21T15:08:26Z</time>
				<extensions>
					<swisstopo:routepoint_id>876599280</swisstopo:routepoint_id>
				</extensions>
			</trkpt>
			<trkpt lat="47.1878105748" lon="8.6997586027">
				<ele>607.0</ele>
				<time>2026-05-21T15:08:27Z</time>
				<extensions>
					<swisstopo:routepoint_id>1266280540</swisstopo:routepoint_id>
				</extensions>
			</trkpt>
			<trkpt lat="47.1878119713" lon="8.6997578741">
				<ele>607.2</ele>
				<time>2026-05-21T15:08:28Z</time>
				<extensions>
					<swisstopo:routepoint_id>814094010</swisstopo:routepoint_id>
				</extensions>
			</trkpt>
			<trkpt lat="47.1878145302" lon="8.6997522106">
				<ele>607.4</ele>
				<time>2026-05-21T15:08:29Z</time>
				<extensions>
					<swisstopo:routepoint_id>859711033</swisstopo:routepoint_id>
				</extensions>
			</trkpt>
			<trkpt lat="47.1878179451" lon="8.6997469532">
				<ele>607.6</ele>
				<time>2026-05-21T15:08:30Z</time>
				<extensions>
					<swisstopo:routepoint_id>893354615</swisstopo:routepoint_id>
				</extensions>
			</trkpt>
			<trkpt lat="47.1878213072" lon="8.6997431271">
				<ele>607.7</ele>
				<time>2026-05-21T15:08:31Z</time>
				<extensions>
					<swisstopo:routepoint_id>1552838128</swisstopo:routepoint_id>
				</extensions>
			</trkpt>
			<trkpt lat="47.1878227808" lon="8.6997407826">
				<ele>607.7</ele>
				<time>2026-05-21T15:08:32Z</time>
				<extensions>
					<swisstopo:routepoint_id>181655305</swisstopo:routepoint_id>
				</extensions>
			</trkpt>
			<trkpt lat="47.1878230242" lon="8.6997401261">
				<ele>607.7</ele>
				<time>2026-05-21T15:08:33Z</time>
				<extensions>
					<swisstopo:routepoint_id>1506448748</swisstopo:routepoint_id>
				</extensions>
			</trkpt>
			<trkpt lat="47.1878224597" lon="8.6997392518">
				<ele>607.7</ele>
				<time>2026-05-21T15:08:34Z</time>
				<extensions>
					<swisstopo:routepoint_id>51909506</swisstopo:routepoint_id>
				</extensions>
			</trkpt>
			<trkpt lat="47.1878217119" lon="8.6997372213">
				<ele>607.7</ele>
				<time>2026-05-21T15:08:35Z</time>
				<extensions>
					<swisstopo:routepoint_id>564706660</swisstopo:routepoint_id>
				</extensions>
			</trkpt>
			<trkpt lat="47.1878212369" lon="8.6997369049">
				<ele>607.7</ele>
				<time>2026-05-21T15:08:36Z</time>
				<extensions>
					<swisstopo:routepoint_id>1294598527</swisstopo:routepoint_id>
				</extensions>
			</trkpt>
			<trkpt lat="47.1878208835" lon="8.6997389078">
				<ele>607.7</ele>
				<time>2026-05-21T15:08:37Z</time>
				<extensions>
					<swisstopo:routepoint_id>13131885</swisstopo:routepoint_id>
				</extensions>
			</trkpt>
			<trkpt lat="47.1878206199" lon="8.6997418892">
				<ele>607.7</ele>
				<time>2026-05-21T15:08:38Z</time>
				<extensions>
					<swisstopo:routepoint_id>1664259201</swisstopo:routepoint_id>
				</extensions>
			</trkpt>
			<trkpt lat="47.1878211231" lon="8.6997446693">
				<ele>607.7</ele>
				<time>2026-05-21T15:08:39Z</time>
				<extensions>
					<swisstopo:routepoint_id>229889032</swisstopo:routepoint_id>
				</extensions>
			</trkpt>
			<trkpt lat="47.1878206611" lon="8.6997471640">
				<ele>607.7</ele>
				<time>2026-05-21T15:08:40Z</time>
				<extensions>
					<swisstopo:routepoint_id>421879871</swisstopo:routepoint_id>
				</extensions>
			</trkpt>
			<trkpt lat="47.1878178379" lon="8.6997554411">
				<ele>607.4</ele>
				<time>2026-05-21T15:08:40Z</time>
				<extensions>
					<swisstopo:routepoint_id>1691473150</swisstopo:routepoint_id>
				</extensions>
			</trkpt>
			<trkpt lat="47.1878178394" lon="8.6997554416">
				<ele>607.4</ele>
				<time>2026-05-21T15:08:41Z</time>
				<extensions>
					<swisstopo:routepoint_id>200713064</swisstopo:routepoint_id>
				</extensions>
			</trkpt>
			<trkpt lat="47.1878178313" lon="8.6997554267">
				<ele>607.4</ele>
				<time>2026-05-21T15:08:42Z</time>
				<extensions>
					<swisstopo:routepoint_id>1835140858</swisstopo:routepoint_id>
				</extensions>
			</trkpt>
			<trkpt lat="47.1878178329" lon="8.6997552235">
				<ele>607.4</ele>
				<time>2026-05-21T15:08:43Z</time>
				<extensions>
					<swisstopo:routepoint_id>1052262192</swisstopo:routepoint_id>
				</extensions>
			</trkpt>
			<trkpt lat="47.1878178528" lon="8.6997546740">
				<ele>607.4</ele>
				<time>2026-05-21T15:08:44Z</time>
				<extensions>
					<swisstopo:routepoint_id>842827899</swisstopo:routepoint_id>
				</extensions>
			</trkpt>
			<trkpt lat="47.1878178980" lon="8.6997536548">
				<ele>607.4</ele>
				<time>2026-05-21T15:08:45Z</time>
				<extensions>
					<swisstopo:routepoint_id>606362881</swisstopo:routepoint_id>
				</extensions>
			</trkpt>
			<trkpt lat="47.1878179693" lon="8.6997521641">
				<ele>607.4</ele>
				<time>2026-05-21T15:08:46Z</time>
				<extensions>
					<swisstopo:routepoint_id>1331035952</swisstopo:routepoint_id>
				</extensions>
			</trkpt>
			<trkpt lat="47.1878180594" lon="8.6997503568">
				<ele>607.3</ele>
				<time>2026-05-21T15:08:47Z</time>
				<extensions>
					<swisstopo:routepoint_id>384094465</swisstopo:routepoint_id>
				</extensions>
			</trkpt>
			<trkpt lat="47.1878181554" lon="8.6997484780">
				<ele>607.3</ele>
				<time>2026-05-21T15:08:48Z</time>
				<extensions>
					<swisstopo:routepoint_id>139830373</swisstopo:routepoint_id>
				</extensions>
			</trkpt>
			<trkpt lat="47.1878179887" lon="8.6997432729">
				<ele>606.9</ele>
				<time>2026-05-21T15:08:49Z</time>
				<extensions>
					<swisstopo:routepoint_id>781969193</swisstopo:routepoint_id>
				</extensions>
			</trkpt>
			<trkpt lat="47.1878177044" lon="8.6997415790">
				<ele>606.5</ele>
				<time>2026-05-21T15:08:50Z</time>
				<extensions>
					<swisstopo:routepoint_id>2103790758</swisstopo:routepoint_id>
				</extensions>
			</trkpt>
			<trkpt lat="47.1878182310" lon="8.6997399655">
				<ele>606.2</ele>
				<time>2026-05-21T15:08:51Z</time>
				<extensions>
					<swisstopo:routepoint_id>93021851</swisstopo:routepoint_id>
				</extensions>
			</trkpt>
			<trkpt lat="47.1878202932" lon="8.6997421170">
				<ele>606.1</ele>
				<time>2026-05-21T15:08:52Z</time>
				<extensions>
					<swisstopo:routepoint_id>50154741</swisstopo:routepoint_id>
				</extensions>
			</trkpt>
			<trkpt lat="47.1878231456" lon="8.6997479253">
				<ele>605.8</ele>
				<time>2026-05-21T15:08:53Z</time>
				<extensions>
					<swisstopo:routepoint_id>1137142363</swisstopo:routepoint_id>
				</extensions>
			</trkpt>
			<trkpt lat="47.1878278794" lon="8.6997571736">
				<ele>605.7</ele>
				<time>2026-05-21T15:08:54Z</time>
				<extensions>
					<swisstopo:routepoint_id>1494720288</swisstopo:routepoint_id>
				</extensions>
			</trkpt>
			<trkpt lat="47.1878355735" lon="8.6997726245">
				<ele>606.0</ele>
				<time>2026-05-21T15:08:55Z</time>
				<extensions>
					<swisstopo:routepoint_id>500177810</swisstopo:routepoint_id>
				</extensions>
			</trkpt>
			<trkpt lat="47.1878423198" lon="8.6997880870">
				<ele>606.4</ele>
				<time>2026-05-21T15:08:56Z</time>
				<extensions>
					<swisstopo:routepoint_id>1237458312</swisstopo:routepoint_id>
				</extensions>
			</trkpt>
			<trkpt lat="47.1878499064" lon="8.6998053037">
				<ele>606.5</ele>
				<time>2026-05-21T15:08:57Z</time>
				<extensions>
					<swisstopo:routepoint_id>1730212236</swisstopo:routepoint_id>
				</extensions>
			</trkpt>
			<trkpt lat="47.1878582945" lon="8.6998267363">
				<ele>606.2</ele>
				<time>2026-05-21T15:08:58Z</time>
				<extensions>
					<swisstopo:routepoint_id>600986425</swisstopo:routepoint_id>
				</extensions>
			</trkpt>
			<trkpt lat="47.1878670460" lon="8.6998511079">
				<ele>606.0</ele>
				<time>2026-05-21T15:08:59Z</time>
				<extensions>
					<swisstopo:routepoint_id>1163253134</swisstopo:routepoint_id>
				</extensions>
			</trkpt>
			<trkpt lat="47.1878758182" lon="8.6998769475">
				<ele>605.7</ele>
				<time>2026-05-21T15:09:00Z</time>
				<extensions>
					<swisstopo:routepoint_id>104300850</swisstopo:routepoint_id>
				</extensions>
			</trkpt>
			<trkpt lat="47.1878826341" lon="8.6999058857">
				<ele>605.4</ele>
				<time>2026-05-21T15:09:01Z</time>
				<extensions>
					<swisstopo:routepoint_id>637729998</swisstopo:routepoint_id>
				</extensions>
			</trkpt>
			<trkpt lat="47.1878889635" lon="8.6999346606">
				<ele>605.2</ele>
				<time>2026-05-21T15:09:02Z</time>
				<extensions>
					<swisstopo:routepoint_id>237194209</swisstopo:routepoint_id>
				</extensions>
			</trkpt>
			<trkpt lat="47.1878958348" lon="8.6999645167">
				<ele>604.9</ele>
				<time>2026-05-21T15:09:03Z</time>
				<extensions>
					<swisstopo:routepoint_id>793421831</swisstopo:routepoint_id>
				</extensions>
			</trkpt>
			<trkpt lat="47.1879008270" lon="8.6999968388">
				<ele>604.6</ele>
				<time>2026-05-21T15:09:04Z</time>
				<extensions>
					<swisstopo:routepoint_id>1314749394</swisstopo:routepoint_id>
				</extensions>
			</trkpt>
			<trkpt lat="47.1879068412" lon="8.7000293160">
				<ele>604.2</ele>
				<time>2026-05-21T15:09:05Z</time>
				<extensions>
					<swisstopo:routepoint_id>1533820975</swisstopo:routepoint_id>
				</extensions>
			</trkpt>
			<trkpt lat="47.1879154309" lon="8.7000589722">
				<ele>603.8</ele>
				<time>2026-05-21T15:09:06Z</time>
				<extensions>
					<swisstopo:routepoint_id>535428237</swisstopo:routepoint_id>
				</extensions>
			</trkpt>
			<trkpt lat="47.1879244573" lon="8.7000880977">
				<ele>603.6</ele>
				<time>2026-05-21T15:09:07Z</time>
				<extensions>
					<swisstopo:routepoint_id>985898329</swisstopo:routepoint_id>
				</extensions>
			</trkpt>
			<trkpt lat="47.1879337453" lon="8.7001162359">
				<ele>603.2</ele>
				<time>2026-05-21T15:09:08Z</time>
				<extensions>
					<swisstopo:routepoint_id>9395251</swisstopo:routepoint_id>
				</extensions>
			</trkpt>
			<trkpt lat="47.1879451969" lon="8.7001436102">
				<ele>602.8</ele>
				<time>2026-05-21T15:09:09Z</time>
				<extensions>
					<swisstopo:routepoint_id>1139677326</swisstopo:routepoint_id>
				</extensions>
			</trkpt>
			<trkpt lat="47.1879578050" lon="8.7001672708">
				<ele>602.6</ele>
				<time>2026-05-21T15:09:10Z</time>
				<extensions>
					<swisstopo:routepoint_id>1150170489</swisstopo:routepoint_id>
				</extensions>
			</trkpt>
			<trkpt lat="47.1879675820" lon="8.7001856469">
				<ele>602.5</ele>
				<time>2026-05-21T15:09:11Z</time>
				<extensions>
					<swisstopo:routepoint_id>1415101976</swisstopo:routepoint_id>
				</extensions>
			</trkpt>
			<trkpt lat="47.1879729908" lon="8.7001986836">
				<ele>602.5</ele>
				<time>2026-05-21T15:09:12Z</time>
				<extensions>
					<swisstopo:routepoint_id>237520107</swisstopo:routepoint_id>
				</extensions>
			</trkpt>
			<trkpt lat="47.1879733760" lon="8.7002053413">
				<ele>602.5</ele>
				<time>2026-05-21T15:09:13Z</time>
				<extensions>
					<swisstopo:routepoint_id>1975822223</swisstopo:routepoint_id>
				</extensions>
			</trkpt>
			<trkpt lat="47.1879646451" lon="8.7002061638">
				<ele>602.6</ele>
				<time>2026-05-21T15:09:14Z</time>
				<extensions>
					<swisstopo:routepoint_id>1104468400</swisstopo:routepoint_id>
				</extensions>
			</trkpt>
			<trkpt lat="47.1879512394" lon="8.7002022819">
				<ele>602.7</ele>
				<time>2026-05-21T15:09:15Z</time>
				<extensions>
					<swisstopo:routepoint_id>2099237779</swisstopo:routepoint_id>
				</extensions>
			</trkpt>
			<trkpt lat="47.1879350528" lon="8.7001947551">
				<ele>602.8</ele>
				<time>2026-05-21T15:09:16Z</time>
				<extensions>
					<swisstopo:routepoint_id>880515090</swisstopo:routepoint_id>
				</extensions>
			</trkpt>
			<trkpt lat="47.1879168266" lon="8.7001850673">
				<ele>602.9</ele>
				<time>2026-05-21T15:09:17Z</time>
				<extensions>
					<swisstopo:routepoint_id>507306153</swisstopo:routepoint_id>
				</extensions>
			</trkpt>
			<trkpt lat="47.1878967705" lon="8.7001749226">
				<ele>603.1</ele>
				<time>2026-05-21T15:09:18Z</time>
				<extensions>
					<swisstopo:routepoint_id>784434881</swisstopo:routepoint_id>
				</extensions>
			</trkpt>
			<trkpt lat="47.1878760566" lon="8.7001656116">
				<ele>603.1</ele>
				<time>2026-05-21T15:09:19Z</time>
				<extensions>
					<swisstopo:routepoint_id>594936034</swisstopo:routepoint_id>
				</extensions>
			</trkpt>
		</trkseg>
	</trk>
</gpx>
